﻿<?xml version="1.0" encoding="utf-8"?>
<Product xmlns:xsd="http://www.w3.org/2001/XMLSchema" xmlns:xsi="http://www.w3.org/2001/XMLSchema-instance" name="HomeCreatePolicyPublic" lastChanged="2020-05-18T08:30:24.0994901Z" implementationClass=" " versionUuid=" " modelType="process" subModelType="" skyeEditorVersion="7.26.1.50">
  <UUID>44c137a8-e0f4-4429-b1ce-f0f4038d7360</UUID>
  <SortOrder>0</SortOrder>
  <BusinessUnit> </BusinessUnit>
  <Section> </Section>
  <ProductTextList>
    <ProductText name="header" language="en" country="US">
      <UUID>3f2c4ccb-f527-4c17-a4e9-72ee555ceea5</UUID>
      <Text />
    </ProductText>
    <ProductText name="header" language="en" country="US">
      <UUID>1573079d-f7d6-4f8a-b6a1-a3489edccdc6</UUID>
      <Text>Quick quote</Text>
    </ProductText>
    <ProductText name="label" language="en" country="US">
      <UUID>c5a6134a-1722-4a41-8bdd-8a794d590619</UUID>
      <Text>Process Exit</Text>
    </ProductText>
    <ProductText name="header" language="en" country="US">
      <UUID>4a7426f2-a609-42ad-88c9-673668b68dd2</UUID>
      <Text>Confirmation</Text>
    </ProductText>
    <ProductText name="label" language="en" country="US">
      <UUID>2d9ca171-fa8d-4e53-848b-c50275bc4bd9</UUID>
      <Text>Create quote</Text>
    </ProductText>
    <ProductText name="label" language="en" country="US">
      <UUID>39e01f4b-07b9-4a81-b45b-1e3156e47918</UUID>
      <Text>Back</Text>
    </ProductText>
  </ProductTextList>
  <ProductValueRangeList>
    <ProductValueRange name="Action.targetUpdateMapVR" type="fix">
      <UUID>37535056-77d4-45b7-a7a8-173d2e2d2726</UUID>
    </ProductValueRange>
    <ProductValueRange name="Reference.referencedModelsVR" type="fix">
      <UUID>31f2ae15-6163-4fbf-9ebb-63776365aa7a</UUID>
      <DefinitionValueRelation>
        <UUID>75006ff7-1364-4875-8862-24509745f979</UUID>
        <DefinitionValueUUID>ff27fceb-e8dd-436b-8418-83ba7628f0b1</DefinitionValueUUID>
      </DefinitionValueRelation>
    </ProductValueRange>
    <ProductValueRange name="Action.targetUpdateMapVR" type="fix">
      <UUID>8a9dc96c-b298-491f-9114-a712574edcf3</UUID>
    </ProductValueRange>
    <ProductValueRange name="Reference.referencedModelsVR" type="fix">
      <UUID>668a6ad8-4c21-4f1c-a67c-70336e445d90</UUID>
      <DefinitionValueRelation>
        <UUID>1cdcf94c-49f3-4d1c-9c76-068716b8084d</UUID>
        <DefinitionValueUUID>18319705-2166-4c09-9b65-4af43262ca20</DefinitionValueUUID>
      </DefinitionValueRelation>
    </ProductValueRange>
    <ProductValueRange name="Reference.referencedModelsVR" type="fix">
      <UUID>686e782e-bb71-484c-8a50-9fa46b22c955</UUID>
      <DefinitionValueRelation>
        <UUID>a3068440-9391-4f5c-969e-c1de1bee4878</UUID>
        <DefinitionValueUUID>16dd3e3e-3ef7-493c-9f8d-1ada6db81ecb</DefinitionValueUUID>
      </DefinitionValueRelation>
    </ProductValueRange>
    <ProductValueRange name="Action.targetUpdateMapVR" type="fix">
      <UUID>04a597c2-3705-4369-9695-d2b232a89eef</UUID>
    </ProductValueRange>
    <ProductValueRange name="Reference.referencedModelsVR" type="fix">
      <UUID>37b16453-49b4-4149-8ad8-30ab7a6cc26a</UUID>
      <DefinitionValueRelation>
        <UUID>a632742f-1641-48c9-bda3-784f7212c6e3</UUID>
        <DefinitionValueUUID>8bf661f0-73c7-40f9-8528-27f41ee31f60</DefinitionValueUUID>
      </DefinitionValueRelation>
    </ProductValueRange>
  </ProductValueRangeList>
  <DefinitionBusinessObjectContextList>
    <DefinitionBusinessObjectContext name="default-callcenter-callcenter">
      <UUID>7083491b-9a80-4004-ad5f-9bac8ca64754</UUID>
      <SubclassId>visibilityLevelContext</SubclassId>
      <ValueField>2</ValueField>
    </DefinitionBusinessObjectContext>
    <DefinitionBusinessObjectContext name="default-callcenter-callcenter">
      <UUID>bceefdc1-ec7f-4365-b62b-bf069f5a5e1a</UUID>
      <SubclassId>visibilityLevelContext</SubclassId>
      <ValueField>4</ValueField>
    </DefinitionBusinessObjectContext>
    <DefinitionBusinessObjectContext name="default-callcenter-callcenter">
      <UUID>459c32c5-4e38-4a13-8651-f5e883fe0cd7</UUID>
      <SubclassId>sortOrderContext</SubclassId>
      <ValueField>1</ValueField>
    </DefinitionBusinessObjectContext>
    <DefinitionBusinessObjectContext name="default-callcenter-callcenter">
      <UUID>2e183e3a-b609-4413-8d2d-2361fac8c44a</UUID>
      <SubclassId>visibilityLevelContext</SubclassId>
      <ValueField>0</ValueField>
    </DefinitionBusinessObjectContext>
    <DefinitionBusinessObjectContext name="default-callcenter-callcenter">
      <UUID>d854932e-993f-4e48-b231-76631c027813</UUID>
      <SubclassId>sortOrderContext</SubclassId>
      <ValueField>0</ValueField>
    </DefinitionBusinessObjectContext>
    <DefinitionBusinessObjectContext name="default-public-anonymous">
      <UUID>bd5c72e0-0ba4-4727-a3d0-c04bc5585671</UUID>
      <SubclassId>visibilityLevelContext</SubclassId>
      <ValueField>2</ValueField>
    </DefinitionBusinessObjectContext>
    <DefinitionBusinessObjectContext name="default-public-anonymous">
      <UUID>a9b342a5-c590-4aaf-8c77-196a211f9abc</UUID>
      <SubclassId>visibilityLevelContext</SubclassId>
      <ValueField>4</ValueField>
    </DefinitionBusinessObjectContext>
    <DefinitionBusinessObjectContext name="default-public-anonymous">
      <UUID>a05db148-deaf-410e-adf9-87ef7a9177ba</UUID>
      <SubclassId>visibilityLevelContext</SubclassId>
      <ValueField>0</ValueField>
    </DefinitionBusinessObjectContext>
    <DefinitionBusinessObjectContext name="default-public-anonymous">
      <UUID>d542dbb6-d38e-4741-b865-924a4ab19ac5</UUID>
      <SubclassId>sortOrderContext</SubclassId>
      <ValueField>1</ValueField>
    </DefinitionBusinessObjectContext>
    <DefinitionBusinessObjectContext name="default-public-anonymous">
      <UUID>726331c9-b5ff-4660-8b4e-2d6d76e45e66</UUID>
      <SubclassId>sortOrderContext</SubclassId>
      <ValueField>0</ValueField>
    </DefinitionBusinessObjectContext>
  </DefinitionBusinessObjectContextList>
  <DefinitionResourceList />
  <AbstractProductBrickList />
  <ProductValueList>
    <ProductValue name=" " type="value">
      <UUID>bdd092f3-2c03-472e-8f93-a01d92b01a54</UUID>
      <SortOrder>0</SortOrder>
      <Value />
    </ProductValue>
    <ProductValue name=" " type="value">
      <UUID>aeea43c1-74f1-4821-aa82-35c80a6131d0</UUID>
      <SortOrder>0</SortOrder>
      <Value />
    </ProductValue>
    <ProductValue name="" type="value">
      <UUID>4559a2d4-240c-4085-98ef-9120cf48a8b0</UUID>
      <SortOrder>0</SortOrder>
      <Value />
    </ProductValue>
    <ProductValue name="Home" type="value">
      <UUID>ff27fceb-e8dd-436b-8418-83ba7628f0b1</UUID>
      <SortOrder>0</SortOrder>
      <Value />
    </ProductValue>
    <ProductValue name=" " type="value">
      <UUID>2234ed46-925d-4fef-abcc-8f29adba74fa</UUID>
      <SortOrder>0</SortOrder>
      <Value />
    </ProductValue>
    <ProductValue name="" type="value">
      <UUID>68d42cff-6876-474d-ab2b-dd8aa21dc41b</UUID>
      <SortOrder>0</SortOrder>
      <Value />
    </ProductValue>
    <ProductValue name="" type="value">
      <UUID>a0495ebd-bec1-42d0-b02e-f3f2e1c2b0a8</UUID>
      <SortOrder>0</SortOrder>
      <Value />
    </ProductValue>
    <ProductValue name="HomeCreatePolicyPublicQuickQuoteUIDef" type="value">
      <UUID>18319705-2166-4c09-9b65-4af43262ca20</UUID>
      <SortOrder>0</SortOrder>
      <Value />
    </ProductValue>
    <ProductValue name="" type="value">
      <UUID>edf84c9a-3eee-49fa-9210-771dd984f5ae</UUID>
      <SortOrder>0</SortOrder>
      <Value />
    </ProductValue>
    <ProductValue name="HomeCreatePolicyConfirmationUIDef" type="value">
      <UUID>16dd3e3e-3ef7-493c-9f8d-1ada6db81ecb</UUID>
      <SortOrder>0</SortOrder>
      <Value />
    </ProductValue>
    <ProductValue name="" type="value">
      <UUID>46c6cf9a-3482-4324-bb91-eab0411e5fb5</UUID>
      <SortOrder>0</SortOrder>
      <Value />
    </ProductValue>
    <ProductValue name="" type="value">
      <UUID>4994f6fe-a669-45d0-8f56-38b6f8831622</UUID>
      <SortOrder>0</SortOrder>
      <Value />
    </ProductValue>
    <ProductValue name="HomeCreatePolicyPublicQuickQuoteUIDef" type="value">
      <UUID>8bf661f0-73c7-40f9-8528-27f41ee31f60</UUID>
      <SortOrder>0</SortOrder>
      <Value />
    </ProductValue>
  </ProductValueList>
  <ProductPolicyAttribute name="@CurrentProcessStep" visibilityLevel="2" mandatory="false" unit="" format="" numberOfDecimals="0" attributeClass=" " type="Standard">
    <UUID>0addcdb8-ddb0-4df2-82b9-c4ed9f98fbc9</UUID>
    <SortOrder>99</SortOrder>
    <InputType>Textbox</InputType>
    <DataType>String</DataType>
    <MaxLength>4000</MaxLength>
    <MinLength>0</MinLength>
    <ProductBackendInfo name="Skye.AttributeAlias">
      <UUID>2b6744dd-48c3-48a4-a931-b88d3c158301</UUID>
      <Info />
    </ProductBackendInfo>
    <ProductBackendInfo name="Skye.AllowValueSetViaUnencryptedURL">
      <UUID>8ff403a1-1127-4976-9b95-60240dc54b00</UUID>
      <Info>False</Info>
    </ProductBackendInfo>
    <ProductBackendInfo name="Skye.Core.DataSecurity">
      <UUID>5b11c760-a7bb-4516-94f6-63bf61874aa5</UUID>
      <Info>Standard</Info>
    </ProductBackendInfo>
    <DefinitionValueRelation>
      <UUID>01261622-9b85-410a-82fe-6b85621179dc</UUID>
      <DefinitionValueUUID>bdd092f3-2c03-472e-8f93-a01d92b01a54</DefinitionValueUUID>
    </DefinitionValueRelation>
  </ProductPolicyAttribute>
  <ProductPolicyAttribute name="@CurrentProcessObject" visibilityLevel="2" mandatory="false" unit="" format="" numberOfDecimals="0" attributeClass=" " type="Reference">
    <UUID>853ef1fe-6ff3-4e5a-b2d8-310580eef251</UUID>
    <SortOrder>99</SortOrder>
    <InputType>Textbox</InputType>
    <DataType>String</DataType>
    <MaxLength>4000</MaxLength>
    <MinLength>0</MinLength>
    <ProductValueRangeRelation>
      <UUID>88d1d1f6-4ac2-49fa-8ba7-afab5f9818cf</UUID>
      <SortOrder>99</SortOrder>
      <ProductValueRangeUUID>31f2ae15-6163-4fbf-9ebb-63776365aa7a</ProductValueRangeUUID>
    </ProductValueRangeRelation>
    <ProductBackendInfo name="Skye.AllowValueSetViaUnencryptedURL">
      <UUID>a75f1377-dba8-4662-9605-84a61100c45f</UUID>
      <Info>False</Info>
    </ProductBackendInfo>
    <ProductBackendInfo name="Skye.Reference.ModelType">
      <UUID>8bf2669c-0544-4951-8201-30cacf4d00f8</UUID>
      <Info>product</Info>
    </ProductBackendInfo>
    <ProductBackendInfo name="Skye.AttributeAlias">
      <UUID>a1598a07-c96f-4979-aa83-dc8914f271d9</UUID>
      <Info />
    </ProductBackendInfo>
    <ProductBackendInfo name="Skye.Core.DataSecurity">
      <UUID>fa9de55e-b306-4041-8cbd-f1e70c5c6d4a</UUID>
      <Info>Standard</Info>
    </ProductBackendInfo>
    <DefinitionValueRelation>
      <UUID>9cdf8786-3283-43d8-8d77-232100d26b80</UUID>
      <DefinitionValueUUID>2234ed46-925d-4fef-abcc-8f29adba74fa</DefinitionValueUUID>
    </DefinitionValueRelation>
  </ProductPolicyAttribute>
  <ProductTextRelation>
    <ProductTextUUID>3f2c4ccb-f527-4c17-a4e9-72ee555ceea5</ProductTextUUID>
  </ProductTextRelation>
  <ProductBrick name="HomeCreatePolicyPublic:QuickQuote" visibilityLevel="2" brickClass=" " isAbstract="false" typeId="0">
    <UUID>b4a7d8ae-072e-48c9-8af5-63529a0d54a6</UUID>
    <SortOrder>10</SortOrder>
    <MinimumUsage>1</MinimumUsage>
    <MaximumUsage>1</MaximumUsage>
    <InitialUsage>1</InitialUsage>
    <ProductTextRelation>
      <ProductTextUUID>1573079d-f7d6-4f8a-b6a1-a3489edccdc6</ProductTextUUID>
    </ProductTextRelation>
    <ProductPolicyAttribute name="ProcessExit" visibilityLevel="4" mandatory="false" unit="" format="" numberOfDecimals="0" attributeClass=" " type="Action">
      <UUID>160ee144-6ca1-436d-94a9-48edeb54e1fd</UUID>
      <SortOrder>0</SortOrder>
      <InputType>Textbox</InputType>
      <DataType>String</DataType>
      <MaxLength>4000</MaxLength>
      <MinLength>0</MinLength>
      <ProductTextRelation>
        <ProductTextUUID>c5a6134a-1722-4a41-8bdd-8a794d590619</ProductTextUUID>
      </ProductTextRelation>
      <ProductValueRangeRelation>
        <UUID>ae0eea5e-7857-475d-b556-03f50aa6f10b</UUID>
        <SortOrder>99</SortOrder>
        <ProductValueRangeUUID>37535056-77d4-45b7-a7a8-173d2e2d2726</ProductValueRangeUUID>
      </ProductValueRangeRelation>
      <ProductBackendInfo name="Skye.sendEventWithValidationErrorsAnalytics">
        <UUID>534ba2ba-d2a5-4944-b8bb-3ecfe21792b6</UUID>
        <Info>False</Info>
      </ProductBackendInfo>
      <ProductBackendInfo name="Skye.ValidateOnAction">
        <UUID>c7dda255-b682-4a52-9dbc-d2f21e35f70b</UUID>
        <Info>False</Info>
      </ProductBackendInfo>
      <ProductBackendInfo name="Skye.UpdateProcessOnAction">
        <UUID>750546f6-1839-4918-98c2-4d85b976ce09</UUID>
        <Info>False</Info>
      </ProductBackendInfo>
      <ProductBackendInfo name="Skye.ControllerActionName">
        <UUID>5658000e-3425-4144-a5dd-79773528e618</UUID>
        <Info>ProcessExit</Info>
      </ProductBackendInfo>
      <ProductBackendInfo name="Skye.AllowValueSetViaUnencryptedURL">
        <UUID>ce0f9ef8-5a64-4f6a-b7c4-52feb784b290</UUID>
        <Info>False</Info>
      </ProductBackendInfo>
      <ProductBackendInfo name="Skye.TransitionProcessStep">
        <UUID>ca3f7fac-c668-4d0e-a9f4-879c0deb040a</UUID>
        <Info />
      </ProductBackendInfo>
      <ProductBackendInfo name="Skye.ActionAttribute.BindInvisibleCaptchaChallenge">
        <UUID>64ec84b3-2616-4c88-a089-18553ea81d45</UUID>
        <Info>False</Info>
      </ProductBackendInfo>
      <ProductBackendInfo name="Skye.StyleClass">
        <UUID>ea1d6f07-28c0-4544-86f5-625455df0008</UUID>
        <Info>next</Info>
      </ProductBackendInfo>
      <ProductBackendInfo name="Skye.PersistOnAction">
        <UUID>8126c27d-2d4d-4fd2-9e98-4407c7901500</UUID>
        <Info>False</Info>
      </ProductBackendInfo>
      <ProductBackendInfo name="Skye.ProcessExitPoint">
        <UUID>707fecaf-4fc6-4b55-9b3a-ad51f2d1a0a4</UUID>
        <Info>True</Info>
      </ProductBackendInfo>
      <ProductBackendInfo name="Skye.Core.DataSecurity">
        <UUID>51954c0a-085f-424d-9505-2442a7df6bd8</UUID>
        <Info>Standard</Info>
      </ProductBackendInfo>
      <ProductBackendInfo name="Skye.AttributeAlias">
        <UUID>9d666be9-cc34-428c-876c-658ee72fc713</UUID>
        <Info />
      </ProductBackendInfo>
      <DefinitionValueRelation>
        <UUID>9599a7fc-4056-4efb-85be-2a0bb0d996fc</UUID>
        <DefinitionValueUUID>aeea43c1-74f1-4821-aa82-35c80a6131d0</DefinitionValueUUID>
      </DefinitionValueRelation>
      <DefinitionBusinessObjectContextRelation>
        <ContextUUID>2e183e3a-b609-4413-8d2d-2361fac8c44a</ContextUUID>
        <DefinitionObjectUUID>160ee144-6ca1-436d-94a9-48edeb54e1fd</DefinitionObjectUUID>
      </DefinitionBusinessObjectContextRelation>
      <DefinitionBusinessObjectContextRelation>
        <ContextUUID>d854932e-993f-4e48-b231-76631c027813</ContextUUID>
        <DefinitionObjectUUID>160ee144-6ca1-436d-94a9-48edeb54e1fd</DefinitionObjectUUID>
      </DefinitionBusinessObjectContextRelation>
      <DefinitionBusinessObjectContextRelation>
        <ContextUUID>a05db148-deaf-410e-adf9-87ef7a9177ba</ContextUUID>
        <DefinitionObjectUUID>160ee144-6ca1-436d-94a9-48edeb54e1fd</DefinitionObjectUUID>
      </DefinitionBusinessObjectContextRelation>
      <DefinitionBusinessObjectContextRelation>
        <ContextUUID>726331c9-b5ff-4660-8b4e-2d6d76e45e66</ContextUUID>
        <DefinitionObjectUUID>160ee144-6ca1-436d-94a9-48edeb54e1fd</DefinitionObjectUUID>
      </DefinitionBusinessObjectContextRelation>
    </ProductPolicyAttribute>
    <ProductPolicyAttribute name="@RedirectUrl" visibilityLevel="0" mandatory="false" unit="" format="" numberOfDecimals="0" attributeClass=" " type="Standard">
      <UUID>996cb96b-1d19-4fd3-98e3-57d27e465127</UUID>
      <SortOrder>99</SortOrder>
      <InputType>Textbox</InputType>
      <DataType>String</DataType>
      <MaxLength>4000</MaxLength>
      <MinLength>0</MinLength>
      <ProductBackendInfo name="Skye.AttributeAlias">
        <UUID>bdd3a829-a279-4f8b-812b-8252b17a2584</UUID>
        <Info />
      </ProductBackendInfo>
      <ProductBackendInfo name="Skye.Core.DataSecurity">
        <UUID>5cdc5eac-d776-478a-83e5-4522027d8abd</UUID>
        <Info>Standard</Info>
      </ProductBackendInfo>
      <ProductBackendInfo name="Skye.AllowValueSetViaUnencryptedURL">
        <UUID>9188b029-0700-4635-945e-64cc7410945c</UUID>
        <Info>False</Info>
      </ProductBackendInfo>
      <DefinitionValueRelation>
        <UUID>3155e3f9-2199-4e98-9217-f3f147b3def2</UUID>
        <DefinitionValueUUID>4559a2d4-240c-4085-98ef-9120cf48a8b0</DefinitionValueUUID>
      </DefinitionValueRelation>
    </ProductPolicyAttribute>
    <ProductPolicyAttribute name="CreateQuote" visibilityLevel="0" mandatory="false" unit="" format="" numberOfDecimals="0" attributeClass="" type="Action">
      <UUID>d0ff5dcf-7664-4800-9afd-0659b40f162b</UUID>
      <SortOrder>99</SortOrder>
      <InputType>Textbox</InputType>
      <DataType>String</DataType>
      <MaxLength>4000</MaxLength>
      <MinLength>0</MinLength>
      <ProductTextRelation>
        <UUID>a0a8d999-a1f7-4da6-8945-b59092586019</UUID>
        <ProductTextUUID>2d9ca171-fa8d-4e53-848b-c50275bc4bd9</ProductTextUUID>
      </ProductTextRelation>
      <ProductValueRangeRelation>
        <UUID>19dce982-fd95-4673-a47c-09b44d285028</UUID>
        <SortOrder>99</SortOrder>
        <ProductValueRangeUUID>8a9dc96c-b298-491f-9114-a712574edcf3</ProductValueRangeUUID>
      </ProductValueRangeRelation>
      <ProductBackendInfo name="Skye.AttributeAlias">
        <UUID>6934a09d-ac90-4e7b-8e9f-8f6b317ac396</UUID>
        <Info />
      </ProductBackendInfo>
      <ProductBackendInfo name="Skye.Core.DataSecurity">
        <UUID>c40da698-54ec-4a8d-b028-0f8379abdee0</UUID>
        <Info>Standard</Info>
      </ProductBackendInfo>
      <ProductBackendInfo name="Skye.AllowValueSetViaUnencryptedURL">
        <UUID>69296e1c-4b67-49e0-9aef-0a50da2d8012</UUID>
        <Info>False</Info>
      </ProductBackendInfo>
      <ProductBackendInfo name="Skye.ControllerActionName">
        <UUID>da48b724-285c-4ab8-839d-26f0cb11bf4c</UUID>
        <Info>CreateQuote</Info>
      </ProductBackendInfo>
      <ProductBackendInfo name="Skye.StyleClass">
        <UUID>b150229f-61ab-447b-820f-4312e7af7274</UUID>
        <Info>next</Info>
      </ProductBackendInfo>
      <ProductBackendInfo name="Skye.TransitionProcessStep">
        <UUID>b7ba1db6-1573-49a1-9be8-07bff689fa1b</UUID>
        <Info>HomeCreatePolicyPublic:Confirmation</Info>
      </ProductBackendInfo>
      <ProductBackendInfo name="Skye.sendEventWithValidationErrorsAnalytics">
        <UUID>b232a848-192d-47cb-adad-82b6b47f49df</UUID>
        <Info>False</Info>
      </ProductBackendInfo>
      <ProductBackendInfo name="Skye.ValidateOnAction">
        <UUID>25438cef-123f-46ea-bc52-f8a6db8d934b</UUID>
        <Info>False</Info>
      </ProductBackendInfo>
      <ProductBackendInfo name="Skye.UpdateProcessOnAction">
        <UUID>5a6d16d5-da9d-4211-9153-38db9362cf52</UUID>
        <Info>True</Info>
      </ProductBackendInfo>
      <ProductBackendInfo name="Skye.ProcessExitPoint">
        <UUID>afd4c4b2-808e-4bd7-b395-5fb0d7d9dfbf</UUID>
        <Info>False</Info>
      </ProductBackendInfo>
      <ProductBackendInfo name="Skye.PersistOnAction">
        <UUID>494dc804-2501-4f7f-8e52-82a531d6a3ec</UUID>
        <Info>True</Info>
      </ProductBackendInfo>
      <ProductBackendInfo name="Skye.ActionAttribute.BindInvisibleCaptchaChallenge">
        <UUID>9e01c8c3-baad-4b20-abba-f65a562b2cfe</UUID>
        <Info>False</Info>
      </ProductBackendInfo>
      <DefinitionValueRelation>
        <DefinitionValueUUID>68d42cff-6876-474d-ab2b-dd8aa21dc41b</DefinitionValueUUID>
      </DefinitionValueRelation>
      <DefinitionBusinessObjectContextRelation>
        <ContextUUID>bceefdc1-ec7f-4365-b62b-bf069f5a5e1a</ContextUUID>
        <DefinitionObjectUUID>d0ff5dcf-7664-4800-9afd-0659b40f162b</DefinitionObjectUUID>
      </DefinitionBusinessObjectContextRelation>
      <DefinitionBusinessObjectContextRelation>
        <ContextUUID>459c32c5-4e38-4a13-8651-f5e883fe0cd7</ContextUUID>
        <DefinitionObjectUUID>d0ff5dcf-7664-4800-9afd-0659b40f162b</DefinitionObjectUUID>
      </DefinitionBusinessObjectContextRelation>
      <DefinitionBusinessObjectContextRelation>
        <ContextUUID>a9b342a5-c590-4aaf-8c77-196a211f9abc</ContextUUID>
        <DefinitionObjectUUID>d0ff5dcf-7664-4800-9afd-0659b40f162b</DefinitionObjectUUID>
      </DefinitionBusinessObjectContextRelation>
      <DefinitionBusinessObjectContextRelation>
        <ContextUUID>d542dbb6-d38e-4741-b865-924a4ab19ac5</ContextUUID>
        <DefinitionObjectUUID>d0ff5dcf-7664-4800-9afd-0659b40f162b</DefinitionObjectUUID>
      </DefinitionBusinessObjectContextRelation>
    </ProductPolicyAttribute>
    <ProductPolicyAttribute name="HomeCreatePolicy:QuickQuoteUIDefRef1" visibilityLevel="0" mandatory="false" unit="" format="" numberOfDecimals="0" attributeClass="" type="DefinitionReference">
      <UUID>bc44dd50-0676-440d-8585-34bc1dfd59af</UUID>
      <SortOrder>99</SortOrder>
      <InputType>ReferenceAutoComplete</InputType>
      <DataType>String</DataType>
      <MaxLength>4000</MaxLength>
      <MinLength>0</MinLength>
      <ProductValueRangeRelation>
        <UUID>462e0338-3284-4112-9b74-f7874427e8eb</UUID>
        <SortOrder>99</SortOrder>
        <ProductValueRangeUUID>668a6ad8-4c21-4f1c-a67c-70336e445d90</ProductValueRangeUUID>
      </ProductValueRangeRelation>
      <ProductBackendInfo name="Skye.AttributeAlias">
        <UUID>9f4451d3-65e6-42cc-a60f-d877a53f5d4f</UUID>
        <Info />
      </ProductBackendInfo>
      <ProductBackendInfo name="Skye.Core.DataSecurity">
        <UUID>877ed3a1-d020-4499-b7f0-5059d4e8b6ce</UUID>
        <Info>Standard</Info>
      </ProductBackendInfo>
      <ProductBackendInfo name="Skye.AllowValueSetViaUnencryptedURL">
        <UUID>c5b0fa07-d5bd-4a38-a47d-c94b8bf45577</UUID>
        <Info>False</Info>
      </ProductBackendInfo>
      <ProductBackendInfo name="Skye.Reference.ModelType">
        <UUID>7b51ccea-f926-4b31-8ef1-beaf4fafe9f7</UUID>
        <Info>uidefinition</Info>
      </ProductBackendInfo>
      <DefinitionValueRelation>
        <DefinitionValueUUID>a0495ebd-bec1-42d0-b02e-f3f2e1c2b0a8</DefinitionValueUUID>
      </DefinitionValueRelation>
      <DefinitionBusinessObjectContextRelation>
        <ContextUUID>7083491b-9a80-4004-ad5f-9bac8ca64754</ContextUUID>
        <DefinitionObjectUUID>bc44dd50-0676-440d-8585-34bc1dfd59af</DefinitionObjectUUID>
      </DefinitionBusinessObjectContextRelation>
    </ProductPolicyAttribute>
    <ProductPolicyAttribute name="HomeCreatePolicyPublic:QuickQuoteUIDefRef1" visibilityLevel="0" mandatory="false" unit="" format="" numberOfDecimals="0" attributeClass="" type="DefinitionReference">
      <UUID>5377cf2a-26bf-48b7-a40d-cab7b39db50a</UUID>
      <SortOrder>99</SortOrder>
      <InputType>ReferenceAutoComplete</InputType>
      <DataType>String</DataType>
      <MaxLength>4000</MaxLength>
      <MinLength>0</MinLength>
      <ProductValueRangeRelation>
        <UUID>bcd06be9-4fe5-4c0b-8eaf-abf2f1a6f66e</UUID>
        <SortOrder>99</SortOrder>
        <ProductValueRangeUUID>37b16453-49b4-4149-8ad8-30ab7a6cc26a</ProductValueRangeUUID>
      </ProductValueRangeRelation>
      <ProductBackendInfo name="Skye.AttributeAlias">
        <UUID>d70dd70d-31cc-4b11-bdd2-defe1f6a8380</UUID>
        <Info />
      </ProductBackendInfo>
      <ProductBackendInfo name="Skye.Core.DataSecurity">
        <UUID>7df209e4-2c24-42a0-b25c-b15d79bad2df</UUID>
        <Info>Standard</Info>
      </ProductBackendInfo>
      <ProductBackendInfo name="Skye.AllowValueSetViaUnencryptedURL">
        <UUID>b5bd8d65-13ac-4429-8e3a-1458035c1be7</UUID>
        <Info>False</Info>
      </ProductBackendInfo>
      <ProductBackendInfo name="Skye.Reference.ModelType">
        <UUID>e21212a8-fa30-4521-b902-3d5ab8e5d603</UUID>
        <Info>uidefinition</Info>
      </ProductBackendInfo>
      <DefinitionValueRelation>
        <DefinitionValueUUID>4994f6fe-a669-45d0-8f56-38b6f8831622</DefinitionValueUUID>
      </DefinitionValueRelation>
      <DefinitionBusinessObjectContextRelation>
        <ContextUUID>a9b342a5-c590-4aaf-8c77-196a211f9abc</ContextUUID>
        <DefinitionObjectUUID>5377cf2a-26bf-48b7-a40d-cab7b39db50a</DefinitionObjectUUID>
      </DefinitionBusinessObjectContextRelation>
    </ProductPolicyAttribute>
    <ProductBackendInfo name="Skye.MultibrickType">
      <UUID>52cdca5b-848b-4814-85f5-8bb5bb2bd5b8</UUID>
      <Info />
    </ProductBackendInfo>
    <DefinitionBusinessObjectContextRelation>
      <ContextUUID>7083491b-9a80-4004-ad5f-9bac8ca64754</ContextUUID>
      <DefinitionObjectUUID>b4a7d8ae-072e-48c9-8af5-63529a0d54a6</DefinitionObjectUUID>
    </DefinitionBusinessObjectContextRelation>
    <DefinitionBusinessObjectContextRelation>
      <ContextUUID>bd5c72e0-0ba4-4727-a3d0-c04bc5585671</ContextUUID>
      <DefinitionObjectUUID>b4a7d8ae-072e-48c9-8af5-63529a0d54a6</DefinitionObjectUUID>
    </DefinitionBusinessObjectContextRelation>
  </ProductBrick>
  <ProductBrick name="HomeCreatePolicyPublic:Confirmation" visibilityLevel="2" brickClass="" isAbstract="false" typeId="0">
    <UUID>42c52195-ce26-456d-b28f-95abd404a295</UUID>
    <SortOrder>40</SortOrder>
    <MinimumUsage>1</MinimumUsage>
    <MaximumUsage>1</MaximumUsage>
    <InitialUsage>1</InitialUsage>
    <ProductTextRelation>
      <UUID>240724c9-7135-4fb2-95ab-6b0cf56cbbe6</UUID>
      <ProductTextUUID>4a7426f2-a609-42ad-88c9-673668b68dd2</ProductTextUUID>
    </ProductTextRelation>
    <ProductPolicyAttribute name="HomeCreatePolicy:ConfirmationUIDefRef1" visibilityLevel="0" mandatory="false" unit="" format="" numberOfDecimals="0" attributeClass="" type="DefinitionReference">
      <UUID>5b79e0f8-9027-45df-b899-c5f4774b3e3d</UUID>
      <SortOrder>99</SortOrder>
      <InputType>ReferenceAutoComplete</InputType>
      <DataType>String</DataType>
      <MaxLength>4000</MaxLength>
      <MinLength>0</MinLength>
      <ProductValueRangeRelation>
        <UUID>42935cee-f833-491c-938d-0dae13d832f0</UUID>
        <SortOrder>99</SortOrder>
        <ProductValueRangeUUID>686e782e-bb71-484c-8a50-9fa46b22c955</ProductValueRangeUUID>
      </ProductValueRangeRelation>
      <ProductBackendInfo name="Skye.AttributeAlias">
        <UUID>72f5a867-f660-44c2-bc78-c026712a78cb</UUID>
        <Info />
      </ProductBackendInfo>
      <ProductBackendInfo name="Skye.Core.DataSecurity">
        <UUID>36336717-a19d-43a2-b7f3-e600c13ef8dc</UUID>
        <Info>Standard</Info>
      </ProductBackendInfo>
      <ProductBackendInfo name="Skye.AllowValueSetViaUnencryptedURL">
        <UUID>69574931-7c5a-4246-8218-6411990504d5</UUID>
        <Info>False</Info>
      </ProductBackendInfo>
      <ProductBackendInfo name="Skye.Reference.ModelType">
        <UUID>8e613621-3183-4855-af57-e4fec3242a3f</UUID>
        <Info>uidefinition</Info>
      </ProductBackendInfo>
      <DefinitionValueRelation>
        <DefinitionValueUUID>edf84c9a-3eee-49fa-9210-771dd984f5ae</DefinitionValueUUID>
      </DefinitionValueRelation>
      <DefinitionBusinessObjectContextRelation>
        <ContextUUID>bceefdc1-ec7f-4365-b62b-bf069f5a5e1a</ContextUUID>
        <DefinitionObjectUUID>5b79e0f8-9027-45df-b899-c5f4774b3e3d</DefinitionObjectUUID>
      </DefinitionBusinessObjectContextRelation>
      <DefinitionBusinessObjectContextRelation>
        <ContextUUID>a9b342a5-c590-4aaf-8c77-196a211f9abc</ContextUUID>
        <DefinitionObjectUUID>5b79e0f8-9027-45df-b899-c5f4774b3e3d</DefinitionObjectUUID>
      </DefinitionBusinessObjectContextRelation>
    </ProductPolicyAttribute>
    <ProductPolicyAttribute name="Back" visibilityLevel="4" mandatory="false" unit="" format="" numberOfDecimals="0" attributeClass="" type="Action">
      <UUID>714ec447-7c3e-491a-bba7-f3080c9e66b1</UUID>
      <SortOrder>99</SortOrder>
      <InputType>Textbox</InputType>
      <DataType>String</DataType>
      <MaxLength>4000</MaxLength>
      <MinLength>0</MinLength>
      <ProductTextRelation>
        <UUID>e4d85328-396c-4612-b724-ba116012bd0c</UUID>
        <ProductTextUUID>39e01f4b-07b9-4a81-b45b-1e3156e47918</ProductTextUUID>
      </ProductTextRelation>
      <ProductValueRangeRelation>
        <UUID>9bbc65a4-7da1-4d7e-b2c3-ad72b7dbf075</UUID>
        <SortOrder>99</SortOrder>
        <ProductValueRangeUUID>04a597c2-3705-4369-9695-d2b232a89eef</ProductValueRangeUUID>
      </ProductValueRangeRelation>
      <ProductBackendInfo name="Skye.AttributeAlias">
        <UUID>2b9287c5-c7dc-4816-bdb6-b1bfdd70076d</UUID>
        <Info />
      </ProductBackendInfo>
      <ProductBackendInfo name="Skye.Core.DataSecurity">
        <UUID>ecd4bcf8-7bd3-4dc6-b4ed-8f7cf1528103</UUID>
        <Info>Standard</Info>
      </ProductBackendInfo>
      <ProductBackendInfo name="Skye.AllowValueSetViaUnencryptedURL">
        <UUID>3c683118-cc39-430d-bf7f-509e66cfe5f0</UUID>
        <Info>False</Info>
      </ProductBackendInfo>
      <ProductBackendInfo name="Skye.ControllerActionName">
        <UUID>262f2bd5-cb36-4f99-8f4c-afc1dfffdd58</UUID>
        <Info>Back</Info>
      </ProductBackendInfo>
      <ProductBackendInfo name="Skye.StyleClass">
        <UUID>7b858b7d-817d-4f53-91a0-e286dbb1a28d</UUID>
        <Info>back</Info>
      </ProductBackendInfo>
      <ProductBackendInfo name="Skye.TransitionProcessStep">
        <UUID>d80451e8-f340-4b63-8c12-3fa3f064ee1d</UUID>
        <Info>HomeCreatePolicyPublic:QuickQuote</Info>
      </ProductBackendInfo>
      <ProductBackendInfo name="Skye.sendEventWithValidationErrorsAnalytics">
        <UUID>a13297f3-5c51-498e-8f50-57c9041b9c39</UUID>
        <Info>False</Info>
      </ProductBackendInfo>
      <ProductBackendInfo name="Skye.ValidateOnAction">
        <UUID>9a9efe8e-26d6-41b1-8cbe-f55db1491116</UUID>
        <Info>False</Info>
      </ProductBackendInfo>
      <ProductBackendInfo name="Skye.UpdateProcessOnAction">
        <UUID>b400560d-6332-431f-a653-a01b46141a8c</UUID>
        <Info>True</Info>
      </ProductBackendInfo>
      <ProductBackendInfo name="Skye.ProcessExitPoint">
        <UUID>1f2c44cd-d361-4168-80d4-9445b98b61ea</UUID>
        <Info>False</Info>
      </ProductBackendInfo>
      <ProductBackendInfo name="Skye.PersistOnAction">
        <UUID>01139539-8f08-4522-b710-75b482b94e48</UUID>
        <Info>True</Info>
      </ProductBackendInfo>
      <ProductBackendInfo name="Skye.ActionAttribute.BindInvisibleCaptchaChallenge">
        <UUID>2d9fa5fa-82c6-46ba-acf5-869f2a9da98d</UUID>
        <Info>False</Info>
      </ProductBackendInfo>
      <DefinitionValueRelation>
        <DefinitionValueUUID>46c6cf9a-3482-4324-bb91-eab0411e5fb5</DefinitionValueUUID>
      </DefinitionValueRelation>
      <DefinitionBusinessObjectContextRelation>
        <ContextUUID>bceefdc1-ec7f-4365-b62b-bf069f5a5e1a</ContextUUID>
        <DefinitionObjectUUID>714ec447-7c3e-491a-bba7-f3080c9e66b1</DefinitionObjectUUID>
      </DefinitionBusinessObjectContextRelation>
      <DefinitionBusinessObjectContextRelation>
        <ContextUUID>a9b342a5-c590-4aaf-8c77-196a211f9abc</ContextUUID>
        <DefinitionObjectUUID>714ec447-7c3e-491a-bba7-f3080c9e66b1</DefinitionObjectUUID>
      </DefinitionBusinessObjectContextRelation>
    </ProductPolicyAttribute>
    <ProductBackendInfo name="Skye.MultibrickType">
      <UUID>d7cc813d-c4f5-47db-8974-73687a287528</UUID>
      <Info />
    </ProductBackendInfo>
    <DefinitionBusinessObjectContextRelation>
      <ContextUUID>7083491b-9a80-4004-ad5f-9bac8ca64754</ContextUUID>
      <DefinitionObjectUUID>42c52195-ce26-456d-b28f-95abd404a295</DefinitionObjectUUID>
    </DefinitionBusinessObjectContextRelation>
    <DefinitionBusinessObjectContextRelation>
      <ContextUUID>bd5c72e0-0ba4-4727-a3d0-c04bc5585671</ContextUUID>
      <DefinitionObjectUUID>42c52195-ce26-456d-b28f-95abd404a295</DefinitionObjectUUID>
    </DefinitionBusinessObjectContextRelation>
  </ProductBrick>
  <DefinitionDependentLists>
    <DefinitionDependencyDefaultValueList />
    <DefinitionDependencyValueRangeList />
    <DefinitionDependencyVisibilityList />
    <DefinitionDependencyMandatoryList />
    <DefinitionDependencyToDependencyList />
    <DefinitionDependencyValueRangeFilterValuesList />
    <DefinitionDependencyDataSourceAttributeList />
  </DefinitionDependentLists>
</Product>