﻿<?xml version="1.0" encoding="utf-8"?>
<Product xmlns:xsd="http://www.w3.org/2001/XMLSchema" xmlns:xsi="http://www.w3.org/2001/XMLSchema-instance" name="FamilyInsuranceCreatePolicyConfirmationUIDefinition" lastChanged="2020-04-02T08:19:25.215Z" implementationClass=" " versionUuid=" " modelType="uidefinition" subModelType="ProcessLayout" skyeEditorVersion="7.26.1.50">
  <UUID>4c2641b8-82ab-469f-a72c-8c3ec2032fcb</UUID>
  <SortOrder>0</SortOrder>
  <BusinessUnit> </BusinessUnit>
  <Section> </Section>
  <ProductTextList />
  <ProductValueRangeList />
  <DefinitionBusinessObjectContextList />
  <DefinitionResourceList />
  <AbstractProductBrickList />
  <ProductValueList />
  <ProductBrick name="NoStyleFieldsetGroup" visibilityLevel="3" brickClass=" " isAbstract="false" typeId="0">
    <UUID>011e89a8-5114-41f7-b395-a94be964aad5</UUID>
    <SortOrder>99</SortOrder>
    <MinimumUsage>1</MinimumUsage>
    <MaximumUsage>1</MaximumUsage>
    <InitialUsage>1</InitialUsage>
    <ProductBackendInfo name="Skye.MultibrickType">
      <UUID>2fb94ada-1f18-4706-94b3-83402602e906</UUID>
      <Info />
    </ProductBackendInfo>
    <ProductBackendInfo name="Skye.VerticalAlignmentUIType">
      <UUID>3cccf00f-f373-4220-98f3-202212444dca</UUID>
      <Info>top</Info>
    </ProductBackendInfo>
    <ProductBackendInfo name="Skye.ProcessStepUIType">
      <UUID>4b68e63c-e4fa-4a5b-b7f9-ddf263ed92ff</UUID>
      <Info>NoStyleFieldsetGroup</Info>
    </ProductBackendInfo>
    <ProductBackendInfo name="Skye.OrientationUIType">
      <UUID>84522ece-d20d-45cb-a68e-2d6286757e28</UUID>
      <Info>vertical</Info>
    </ProductBackendInfo>
    <ProductBackendInfo name="Skye.StyleClass">
      <UUID>b722be9d-2388-477d-a4b6-c9a237ecd76d</UUID>
      <Info />
    </ProductBackendInfo>
    <ProductBackendInfo name="Skye.PreCalculatedWidths">
      <UUID>c29f0ae9-9fc4-4087-8ba7-bb24a0cb3112</UUID>
      <Info>False</Info>
    </ProductBackendInfo>
  </ProductBrick>
  <DefinitionDependentLists>
    <DefinitionDependencyDefaultValueList />
    <DefinitionDependencyValueRangeList />
    <DefinitionDependencyVisibilityList />
    <DefinitionDependencyMandatoryList />
    <DefinitionDependencyToDependencyList />
    <DefinitionDependencyValueRangeFilterValuesList />
    <DefinitionDependencyDataSourceAttributeList />
  </DefinitionDependentLists>
</Product>