﻿<?xml version="1.0" encoding="utf-8"?>
<Product xmlns:xsd="http://www.w3.org/2001/XMLSchema" xmlns:xsi="http://www.w3.org/2001/XMLSchema-instance" name="HomeAutomaticSearch" lastChanged="2019-11-15T14:07:00Z" implementationClass=" " versionUuid=" " modelType="search" subModelType="automatic" skyeEditorVersion="7.15.0.16">
  <UUID>e5921196-dee6-43db-b646-7f911f3053a5</UUID>
  <SortOrder>0</SortOrder>
  <BusinessUnit> </BusinessUnit>
  <Section> </Section>
  <ProductTextList>
    <ProductText name="defaultSortingFieldLabel" language="en" country="US">
      <UUID>5259496a-5a45-4b18-b9fe-cb46b94e277a</UUID>
      <Text />
    </ProductText>
    <ProductText name="searchInfo" language="en" country="US">
      <UUID>6363a102-1973-4e97-95f5-f01538047646</UUID>
      <Text />
    </ProductText>
    <ProductText name="header" language="en" country="US">
      <UUID>7fba6300-097c-4b99-9f1f-91de898c23d4</UUID>
      <Text>All quotes</Text>
    </ProductText>
    <ProductText name="short" language="en" country="US">
      <UUID>8bd52bc1-9291-4102-9ca2-70f849974dd2</UUID>
      <Text />
    </ProductText>
    <ProductText name="short" language="en" country="US">
      <UUID>a577b0d7-60a2-4fbe-b20e-ae2aca247f24</UUID>
      <Text />
    </ProductText>
    <ProductText name="header" language="en" country="US">
      <UUID>c2f241df-9bf6-4c03-b42b-cff29d7785c2</UUID>
      <Text>Home</Text>
    </ProductText>
    <ProductText name="defaultSortingFieldLabel" language="en" country="US">
      <UUID>cec76760-1fbf-48c0-b083-9a74004a84d3</UUID>
      <Text />
    </ProductText>
    <ProductText name="searchNoRecords" language="en" country="US">
      <UUID>eff188bf-9681-4400-a878-514e8c1d6240</UUID>
      <Text />
    </ProductText>
    <ProductText name="header" language="en" country="US">
      <UUID>fcfacc4f-4bb6-4d64-82ec-fa3ba971d57b</UUID>
      <Text>My quotes</Text>
    </ProductText>
  </ProductTextList>
  <ProductValueRangeList>
    <ProductValueRange name="Reference.referencedModelsVR" type="fix">
      <UUID>73049c2d-08d3-4512-9cb1-044e6da7d5d9</UUID>
    </ProductValueRange>
  </ProductValueRangeList>
  <DefinitionBusinessObjectContextList />
  <DefinitionResourceList />
  <AbstractProductBrickList />
  <ProductValueList>
    <ProductValue name="HomeAutoSearchResult" type="value">
      <UUID>283ca292-b435-4c18-b947-9ce35e925c76</UUID>
      <SortOrder>0</SortOrder>
      <Value>HomeAutoSearchResult</Value>
    </ProductValue>
    <ProductValue name="LastModified" type="value">
      <UUID>39b3f0d9-e6ec-4b4d-ae57-3c95a88206c1</UUID>
      <SortOrder>0</SortOrder>
      <Value>LastModified</Value>
    </ProductValue>
    <ProductValue name="QUERY:(*)" type="value">
      <UUID>4ed56289-9f60-491a-8428-c058ffebb7ba</UUID>
      <SortOrder>0</SortOrder>
      <Value>QUERY:(*)</Value>
    </ProductValue>
    <ProductValue name="7" type="value">
      <UUID>515c77ee-546b-468f-ba57-3d701421442b</UUID>
      <SortOrder>0</SortOrder>
      <Value>7</Value>
    </ProductValue>
    <ProductValue name="QUERY:(UserCreated%{UserContext['username']})" type="value">
      <UUID>6736e597-1d88-4d61-8206-2cc1c4d5b85e</UUID>
      <SortOrder>0</SortOrder>
      <Value>QUERY:(UserCreated%{UserContext['username']})</Value>
    </ProductValue>
    <ProductValue name="5" type="value">
      <UUID>78b81aa2-f4d3-4f44-8008-eb47972519b7</UUID>
      <SortOrder>0</SortOrder>
      <Value>5</Value>
    </ProductValue>
    <ProductValue name=" " type="value">
      <UUID>7abf04b8-0870-4ccf-9dac-c41113f8e044</UUID>
      <SortOrder>0</SortOrder>
      <Value />
    </ProductValue>
    <ProductValue name="LastModified" type="value">
      <UUID>85d3d22a-a175-4464-ab47-f9bdf8f469b3</UUID>
      <SortOrder>0</SortOrder>
      <Value>LastModified</Value>
    </ProductValue>
    <ProductValue name=" " type="value">
      <UUID>8ec2f24e-adfe-41e9-9766-b0887892a20c</UUID>
      <SortOrder>0</SortOrder>
      <Value />
    </ProductValue>
    <ProductValue name="Home" type="value">
      <UUID>bd9f3f5c-67b1-4bef-bebd-51924086c80f</UUID>
      <SortOrder>0</SortOrder>
      <Value>Home</Value>
    </ProductValue>
    <ProductValue name=" " type="value">
      <UUID>c594c356-f797-4faa-9f5d-f7b3443e273a</UUID>
      <SortOrder>0</SortOrder>
      <Value />
    </ProductValue>
    <ProductValue name="Home" type="value">
      <UUID>dca4f715-7428-4576-9237-23a27850d565</UUID>
      <SortOrder>0</SortOrder>
      <Value>Home</Value>
    </ProductValue>
    <ProductValue name="HomeAutoSearchResult" type="value">
      <UUID>df5f11a7-1311-438b-9ed3-d882baca8285</UUID>
      <SortOrder>0</SortOrder>
      <Value>HomeAutoSearchResult</Value>
    </ProductValue>
  </ProductValueList>
  <ProductPolicyAttribute name="@ComponentOwner" visibilityLevel="0" mandatory="false" unit="" format="" numberOfDecimals="0" attributeClass=" " type="Reference">
    <UUID>51c153bb-e7ee-44b8-aeb4-06d97c9a848b</UUID>
    <SortOrder>99</SortOrder>
    <InputType>Textbox</InputType>
    <DataType>product</DataType>
    <MaxLength>4000</MaxLength>
    <MinLength>0</MinLength>
    <ProductValueRangeRelation>
      <UUID>830fd0ca-9c63-4ee7-9bf4-7b377aa48c8c</UUID>
      <SortOrder>99</SortOrder>
      <ProductValueRangeUUID>73049c2d-08d3-4512-9cb1-044e6da7d5d9</ProductValueRangeUUID>
    </ProductValueRangeRelation>
    <ProductBackendInfo name="Skye.AttributeAlias">
      <UUID>687895aa-39b8-448f-bb6c-643cc62714cc</UUID>
      <Info />
    </ProductBackendInfo>
    <ProductBackendInfo name="Skye.Core.DataSecurity">
      <UUID>8b08a85d-2a8a-4fde-8de0-3021856b55c6</UUID>
      <Info>Standard</Info>
    </ProductBackendInfo>
    <ProductBackendInfo name="Skye.AllowValueSetViaUnencryptedURL">
      <UUID>f2c862a7-0a3f-4315-b143-321a52d805ed</UUID>
      <Info>False</Info>
    </ProductBackendInfo>
    <DefinitionValueRelation>
      <UUID>11ea11e6-74d8-b1dd-9bb3-63709490e9be</UUID>
      <DefinitionValueUUID>c594c356-f797-4faa-9f5d-f7b3443e273a</DefinitionValueUUID>
    </DefinitionValueRelation>
  </ProductPolicyAttribute>
  <ProductTextRelation>
    <ProductTextUUID>c2f241df-9bf6-4c03-b42b-cff29d7785c2</ProductTextUUID>
  </ProductTextRelation>
  <ProductTextRelation>
    <ProductTextUUID>6363a102-1973-4e97-95f5-f01538047646</ProductTextUUID>
  </ProductTextRelation>
  <ProductTextRelation>
    <ProductTextUUID>eff188bf-9681-4400-a878-514e8c1d6240</ProductTextUUID>
  </ProductTextRelation>
  <ProductBrick name="AllQuotes" visibilityLevel="3" brickClass=" " isAbstract="false" typeId="0">
    <UUID>f4514998-db26-4f73-9f39-25dbf2eb2751</UUID>
    <SortOrder>1</SortOrder>
    <MinimumUsage>1</MinimumUsage>
    <MaximumUsage>1</MaximumUsage>
    <InitialUsage>1</InitialUsage>
    <PredecessorBrickUUID />
    <PredecessorBrickName />
    <ProductTextRelation>
      <ProductTextUUID>7fba6300-097c-4b99-9f1f-91de898c23d4</ProductTextUUID>
    </ProductTextRelation>
    <ProductPolicyAttribute name="@SearchTextType" visibilityLevel="1" mandatory="false" unit="" format="" numberOfDecimals="0" attributeClass=" " type="Standard">
      <UUID>5432110e-c2a3-44e9-958c-90856b441f4f</UUID>
      <SortOrder>99</SortOrder>
      <InputType>Textbox</InputType>
      <DataType>String</DataType>
      <MaxLength>4000</MaxLength>
      <MinLength>0</MinLength>
      <ProductBackendInfo name="Skye.AttributeAlias">
        <UUID>22592c6d-52c2-4db5-9ca9-895ceae07209</UUID>
        <Info />
      </ProductBackendInfo>
      <ProductBackendInfo name="Skye.AllowValueSetViaUnencryptedURL">
        <UUID>34a69efb-0f2f-4f19-8065-b4b71d99354d</UUID>
        <Info>False</Info>
      </ProductBackendInfo>
      <ProductBackendInfo name="Skye.Core.DataSecurity">
        <UUID>eed6208e-724f-4df6-a25e-ed32aa4db8dc</UUID>
        <Info>Standard</Info>
      </ProductBackendInfo>
      <DefinitionValueRelation>
        <UUID>11ea11e6-74d8-b1d4-9bb3-63709490e9be</UUID>
        <DefinitionValueUUID>283ca292-b435-4c18-b947-9ce35e925c76</DefinitionValueUUID>
      </DefinitionValueRelation>
    </ProductPolicyAttribute>
    <ProductPolicyAttribute name="@SearchQuery" visibilityLevel="1" mandatory="false" unit="" format="" numberOfDecimals="0" attributeClass=" " type="Standard">
      <UUID>78d089dd-f474-4df2-bba8-7e2f36df596c</UUID>
      <SortOrder>99</SortOrder>
      <InputType>Textbox</InputType>
      <DataType>String</DataType>
      <MaxLength>4000</MaxLength>
      <MinLength>0</MinLength>
      <ProductBackendInfo name="Skye.AllowValueSetViaUnencryptedURL">
        <UUID>508bb847-7693-4e0d-9884-ee8e90328009</UUID>
        <Info>False</Info>
      </ProductBackendInfo>
      <ProductBackendInfo name="Skye.AttributeAlias">
        <UUID>6f96ce3c-0e30-4791-8fd8-39698053fe87</UUID>
        <Info />
      </ProductBackendInfo>
      <ProductBackendInfo name="Skye.Core.DataSecurity">
        <UUID>d8028bec-5e12-4a0f-bb0e-03a97035e436</UUID>
        <Info>Standard</Info>
      </ProductBackendInfo>
      <DefinitionValueRelation>
        <UUID>11ea11e6-74d8-b1de-9bb3-63709490e9be</UUID>
        <DefinitionValueUUID>4ed56289-9f60-491a-8428-c058ffebb7ba</DefinitionValueUUID>
      </DefinitionValueRelation>
    </ProductPolicyAttribute>
    <ProductPolicyAttribute name="@SearchForModelTextIds" visibilityLevel="1" mandatory="false" unit="" format="" numberOfDecimals="0" attributeClass=" " type="Standard">
      <UUID>9704f8c1-4dd4-47ec-8526-47daf4e483e4</UUID>
      <SortOrder>99</SortOrder>
      <InputType>Textbox</InputType>
      <DataType>String</DataType>
      <MaxLength>4000</MaxLength>
      <MinLength>0</MinLength>
      <ProductBackendInfo name="Skye.Core.DataSecurity">
        <UUID>bb758f7a-43f4-46d0-8321-a6179d5681ff</UUID>
        <Info>Standard</Info>
      </ProductBackendInfo>
      <ProductBackendInfo name="Skye.AllowValueSetViaUnencryptedURL">
        <UUID>e67421df-2670-4f5d-95da-0fc713acd0c7</UUID>
        <Info>False</Info>
      </ProductBackendInfo>
      <ProductBackendInfo name="Skye.AttributeAlias">
        <UUID>f8040dce-6582-4347-af07-650ca913dd11</UUID>
        <Info />
      </ProductBackendInfo>
      <DefinitionValueRelation>
        <UUID>11ea11e6-74d8-b1d9-9bb3-63709490e9be</UUID>
        <DefinitionValueUUID>bd9f3f5c-67b1-4bef-bebd-51924086c80f</DefinitionValueUUID>
      </DefinitionValueRelation>
    </ProductPolicyAttribute>
    <ProductPolicyAttribute name="@SearchForModelTypes" visibilityLevel="1" mandatory="false" unit="" format="" numberOfDecimals="0" attributeClass=" " type="Standard">
      <UUID>9b0fd230-c127-4bb2-b3fb-0b8ce73d3801</UUID>
      <SortOrder>99</SortOrder>
      <InputType>Textbox</InputType>
      <DataType>String</DataType>
      <MaxLength>4000</MaxLength>
      <MinLength>0</MinLength>
      <ProductBackendInfo name="Skye.AttributeAlias">
        <UUID>82394c25-38a2-4075-8019-980a7d8e10f3</UUID>
        <Info />
      </ProductBackendInfo>
      <ProductBackendInfo name="Skye.Core.DataSecurity">
        <UUID>a8278f36-3519-43d6-ae27-02cbcd5d03bf</UUID>
        <Info>Standard</Info>
      </ProductBackendInfo>
      <ProductBackendInfo name="Skye.AllowValueSetViaUnencryptedURL">
        <UUID>fec0e09f-3e58-4737-8a64-5a5b4d7cdfab</UUID>
        <Info>False</Info>
      </ProductBackendInfo>
      <DefinitionValueRelation>
        <UUID>11ea11e6-74d8-b1dc-9bb3-63709490e9be</UUID>
        <DefinitionValueUUID>7abf04b8-0870-4ccf-9dac-c41113f8e044</DefinitionValueUUID>
      </DefinitionValueRelation>
    </ProductPolicyAttribute>
    <ProductPolicyAttribute name="@SearchSorting" visibilityLevel="0" mandatory="false" unit="" format="" numberOfDecimals="0" attributeClass=" " type="Standard">
      <UUID>bb49d15f-226c-47a0-ab8d-97f1fff74819</UUID>
      <SortOrder>99</SortOrder>
      <InputType>Textbox</InputType>
      <DataType>String</DataType>
      <MaxLength>4000</MaxLength>
      <MinLength>0</MinLength>
      <ProductTextRelation>
        <ProductTextUUID>5259496a-5a45-4b18-b9fe-cb46b94e277a</ProductTextUUID>
      </ProductTextRelation>
      <ProductTextRelation>
        <ProductTextUUID>a577b0d7-60a2-4fbe-b20e-ae2aca247f24</ProductTextUUID>
      </ProductTextRelation>
      <ProductBackendInfo name="Skye.AttributeAlias">
        <UUID>94bcf904-2785-46f0-8fd7-eb2bc176d074</UUID>
        <Info />
      </ProductBackendInfo>
      <ProductBackendInfo name="Skye.search.sortingOrder">
        <UUID>ac44cef5-6327-4859-8675-fda9fd10d25e</UUID>
        <Info>Descending</Info>
      </ProductBackendInfo>
      <ProductBackendInfo name="Skye.Core.DataSecurity">
        <UUID>c39e329c-e9a4-4c2c-9726-811a862d81e1</UUID>
        <Info>Standard</Info>
      </ProductBackendInfo>
      <ProductBackendInfo name="Skye.AllowValueSetViaUnencryptedURL">
        <UUID>e25454f0-8aff-462c-b99e-24f439ea6777</UUID>
        <Info>False</Info>
      </ProductBackendInfo>
      <DefinitionValueRelation>
        <UUID>11ea11e6-74d8-b1d2-9bb3-63709490e9be</UUID>
        <DefinitionValueUUID>39b3f0d9-e6ec-4b4d-ae57-3c95a88206c1</DefinitionValueUUID>
      </DefinitionValueRelation>
    </ProductPolicyAttribute>
    <ProductPolicyAttribute name="@NumberOfSearchResultsPerPage" visibilityLevel="1" mandatory="false" unit="" format="" numberOfDecimals="0" attributeClass=" " type="Standard">
      <UUID>cdc78361-25fb-4d7d-8169-5008845c6e86</UUID>
      <SortOrder>99</SortOrder>
      <InputType>Textbox</InputType>
      <DataType>String</DataType>
      <MaxLength>4000</MaxLength>
      <MinLength>0</MinLength>
      <ProductBackendInfo name="Skye.AllowValueSetViaUnencryptedURL">
        <UUID>0198dcfd-8dc6-42c7-a4c9-ce45084e0570</UUID>
        <Info>False</Info>
      </ProductBackendInfo>
      <ProductBackendInfo name="Skye.AttributeAlias">
        <UUID>26f26071-5047-4cbb-aa82-dca1e47aa0ce</UUID>
        <Info />
      </ProductBackendInfo>
      <ProductBackendInfo name="Skye.Core.DataSecurity">
        <UUID>81bd6c16-9687-4627-a08a-c74f38279914</UUID>
        <Info>Standard</Info>
      </ProductBackendInfo>
      <DefinitionValueRelation>
        <UUID>11ea11e6-74d8-b1d5-9bb3-63709490e9be</UUID>
        <DefinitionValueUUID>515c77ee-546b-468f-ba57-3d701421442b</DefinitionValueUUID>
      </DefinitionValueRelation>
    </ProductPolicyAttribute>
    <ProductBackendInfo name="Skye.MultibrickType">
      <UUID>a657651e-e280-4d75-a36f-889be0184f0b</UUID>
      <Info />
    </ProductBackendInfo>
  </ProductBrick>
  <ProductBrick name="MyQuotes" visibilityLevel="3" brickClass=" " isAbstract="false" typeId="0">
    <UUID>796543f0-63b3-4d74-a490-1484e4e586fd</UUID>
    <SortOrder>2</SortOrder>
    <MinimumUsage>1</MinimumUsage>
    <MaximumUsage>1</MaximumUsage>
    <InitialUsage>1</InitialUsage>
    <PredecessorBrickUUID />
    <PredecessorBrickName />
    <ProductTextRelation>
      <ProductTextUUID>fcfacc4f-4bb6-4d64-82ec-fa3ba971d57b</ProductTextUUID>
    </ProductTextRelation>
    <ProductPolicyAttribute name="@SearchForModelTextIds" visibilityLevel="1" mandatory="false" unit="" format="" numberOfDecimals="0" attributeClass=" " type="Standard">
      <UUID>286473b4-68cf-4998-b9af-307ce3270540</UUID>
      <SortOrder>99</SortOrder>
      <InputType>Textbox</InputType>
      <DataType>String</DataType>
      <MaxLength>4000</MaxLength>
      <MinLength>0</MinLength>
      <ProductBackendInfo name="Skye.Core.DataSecurity">
        <UUID>0e034220-ae0e-4d7b-a930-861c44ccd69a</UUID>
        <Info>Standard</Info>
      </ProductBackendInfo>
      <ProductBackendInfo name="Skye.AttributeAlias">
        <UUID>c2c7360a-251a-4bcd-8abc-36863be98112</UUID>
        <Info />
      </ProductBackendInfo>
      <ProductBackendInfo name="Skye.AllowValueSetViaUnencryptedURL">
        <UUID>eda04751-ead0-4657-88cd-d337df5ebd95</UUID>
        <Info>False</Info>
      </ProductBackendInfo>
      <DefinitionValueRelation>
        <UUID>11ea11e6-74d8-b1d8-9bb3-63709490e9be</UUID>
        <DefinitionValueUUID>dca4f715-7428-4576-9237-23a27850d565</DefinitionValueUUID>
      </DefinitionValueRelation>
    </ProductPolicyAttribute>
    <ProductPolicyAttribute name="@SearchTextType" visibilityLevel="1" mandatory="false" unit="" format="" numberOfDecimals="0" attributeClass=" " type="Standard">
      <UUID>50422abd-7662-4968-986d-af73dab1b0a5</UUID>
      <SortOrder>99</SortOrder>
      <InputType>Textbox</InputType>
      <DataType>String</DataType>
      <MaxLength>4000</MaxLength>
      <MinLength>0</MinLength>
      <ProductBackendInfo name="Skye.Core.DataSecurity">
        <UUID>02a27d64-443f-47f9-82c4-7349d841bda4</UUID>
        <Info>Standard</Info>
      </ProductBackendInfo>
      <ProductBackendInfo name="Skye.AttributeAlias">
        <UUID>94e0aa35-8c73-467e-be5f-ed428a039f67</UUID>
        <Info />
      </ProductBackendInfo>
      <ProductBackendInfo name="Skye.AllowValueSetViaUnencryptedURL">
        <UUID>9e02b2f0-1a92-4227-83b7-39476e6d7da2</UUID>
        <Info>False</Info>
      </ProductBackendInfo>
      <DefinitionValueRelation>
        <UUID>11ea11e6-74d8-b1db-9bb3-63709490e9be</UUID>
        <DefinitionValueUUID>df5f11a7-1311-438b-9ed3-d882baca8285</DefinitionValueUUID>
      </DefinitionValueRelation>
    </ProductPolicyAttribute>
    <ProductPolicyAttribute name="@SearchQuery" visibilityLevel="1" mandatory="false" unit="" format="" numberOfDecimals="0" attributeClass=" " type="Standard">
      <UUID>a525b41d-55d0-4e6d-a125-3f0d0a935ccb</UUID>
      <SortOrder>99</SortOrder>
      <InputType>Textbox</InputType>
      <DataType>String</DataType>
      <MaxLength>4000</MaxLength>
      <MinLength>0</MinLength>
      <ProductBackendInfo name="Skye.Core.DataSecurity">
        <UUID>c1a28ee5-3381-4179-9a17-4c3683967b5b</UUID>
        <Info>Standard</Info>
      </ProductBackendInfo>
      <ProductBackendInfo name="Skye.AllowValueSetViaUnencryptedURL">
        <UUID>cb88717e-685a-42d8-9241-605f81945f5a</UUID>
        <Info>False</Info>
      </ProductBackendInfo>
      <ProductBackendInfo name="Skye.AttributeAlias">
        <UUID>f0da0968-4aff-4ed0-8e7b-62dc413f287b</UUID>
        <Info />
      </ProductBackendInfo>
      <DefinitionValueRelation>
        <UUID>11ea11e6-74d8-b1da-9bb3-63709490e9be</UUID>
        <DefinitionValueUUID>6736e597-1d88-4d61-8206-2cc1c4d5b85e</DefinitionValueUUID>
      </DefinitionValueRelation>
    </ProductPolicyAttribute>
    <ProductPolicyAttribute name="@SearchSorting" visibilityLevel="0" mandatory="false" unit="" format="" numberOfDecimals="0" attributeClass=" " type="Standard">
      <UUID>b58980c1-83fa-48ed-8016-02758b361b99</UUID>
      <SortOrder>99</SortOrder>
      <InputType>Textbox</InputType>
      <DataType>String</DataType>
      <MaxLength>4000</MaxLength>
      <MinLength>0</MinLength>
      <ProductTextRelation>
        <ProductTextUUID>cec76760-1fbf-48c0-b083-9a74004a84d3</ProductTextUUID>
      </ProductTextRelation>
      <ProductTextRelation>
        <ProductTextUUID>8bd52bc1-9291-4102-9ca2-70f849974dd2</ProductTextUUID>
      </ProductTextRelation>
      <ProductBackendInfo name="Skye.AttributeAlias">
        <UUID>80036179-6609-49b1-8af8-136a6fbdb7e5</UUID>
        <Info />
      </ProductBackendInfo>
      <ProductBackendInfo name="Skye.AllowValueSetViaUnencryptedURL">
        <UUID>8d3d5d08-5107-468b-9545-68af7eb6d202</UUID>
        <Info>False</Info>
      </ProductBackendInfo>
      <ProductBackendInfo name="Skye.Core.DataSecurity">
        <UUID>bf1c4ad8-7292-42dc-ba6a-76502b8f8a07</UUID>
        <Info>Standard</Info>
      </ProductBackendInfo>
      <ProductBackendInfo name="Skye.search.sortingOrder">
        <UUID>c16f8f12-d094-4209-8c65-833f2d4b4fbc</UUID>
        <Info>Descending</Info>
      </ProductBackendInfo>
      <DefinitionValueRelation>
        <UUID>11ea11e6-74d8-b1d7-9bb3-63709490e9be</UUID>
        <DefinitionValueUUID>85d3d22a-a175-4464-ab47-f9bdf8f469b3</DefinitionValueUUID>
      </DefinitionValueRelation>
    </ProductPolicyAttribute>
    <ProductPolicyAttribute name="@SearchForModelTypes" visibilityLevel="1" mandatory="false" unit="" format="" numberOfDecimals="0" attributeClass=" " type="Standard">
      <UUID>d25b7977-0f7f-4273-ab39-ce07de809a20</UUID>
      <SortOrder>99</SortOrder>
      <InputType>Textbox</InputType>
      <DataType>String</DataType>
      <MaxLength>4000</MaxLength>
      <MinLength>0</MinLength>
      <ProductBackendInfo name="Skye.AttributeAlias">
        <UUID>1b8e3d6f-d74c-46a1-b013-04269c244258</UUID>
        <Info />
      </ProductBackendInfo>
      <ProductBackendInfo name="Skye.Core.DataSecurity">
        <UUID>a8d86152-8b72-4641-a908-217de58d4b3d</UUID>
        <Info>Standard</Info>
      </ProductBackendInfo>
      <ProductBackendInfo name="Skye.AllowValueSetViaUnencryptedURL">
        <UUID>d55819eb-35ee-43fc-9f4d-48ce929492bc</UUID>
        <Info>False</Info>
      </ProductBackendInfo>
      <DefinitionValueRelation>
        <UUID>11ea11e6-74d8-b1d3-9bb3-63709490e9be</UUID>
        <DefinitionValueUUID>8ec2f24e-adfe-41e9-9766-b0887892a20c</DefinitionValueUUID>
      </DefinitionValueRelation>
    </ProductPolicyAttribute>
    <ProductPolicyAttribute name="@NumberOfSearchResultsPerPage" visibilityLevel="1" mandatory="false" unit="" format="" numberOfDecimals="0" attributeClass=" " type="Standard">
      <UUID>f870061a-6a3b-4e79-a5f6-aa0981199fb6</UUID>
      <SortOrder>99</SortOrder>
      <InputType>Textbox</InputType>
      <DataType>String</DataType>
      <MaxLength>4000</MaxLength>
      <MinLength>0</MinLength>
      <ProductBackendInfo name="Skye.Core.DataSecurity">
        <UUID>23c126a9-b6db-4965-b21a-dc61ba1714f7</UUID>
        <Info>Standard</Info>
      </ProductBackendInfo>
      <ProductBackendInfo name="Skye.AllowValueSetViaUnencryptedURL">
        <UUID>2ec7f635-3e39-4d0b-94cb-a9c66cfd16b2</UUID>
        <Info>False</Info>
      </ProductBackendInfo>
      <ProductBackendInfo name="Skye.AttributeAlias">
        <UUID>8a5dba3f-5db6-4db7-b0b1-f8f9bc3840d5</UUID>
        <Info />
      </ProductBackendInfo>
      <DefinitionValueRelation>
        <UUID>11ea11e6-74d8-b1d6-9bb3-63709490e9be</UUID>
        <DefinitionValueUUID>78b81aa2-f4d3-4f44-8008-eb47972519b7</DefinitionValueUUID>
      </DefinitionValueRelation>
    </ProductPolicyAttribute>
    <ProductBackendInfo name="Skye.MultibrickType">
      <UUID>3a07bacc-de46-4865-b2a1-90b022fb7478</UUID>
      <Info />
    </ProductBackendInfo>
  </ProductBrick>
  <DefinitionDependentLists>
    <DefinitionDependencyDefaultValueList />
    <DefinitionDependencyValueRangeList />
    <DefinitionDependencyVisibilityList />
    <DefinitionDependencyMandatoryList />
    <DefinitionDependencyToDependencyList />
    <DefinitionDependencyValueRangeFilterValuesList />
    <DefinitionDependencyDataSourceAttributeList />
  </DefinitionDependentLists>
</Product>