<?xml version="1.0"?>
<scxml xmlns="http://www.w3.org/2005/07/scxml" xmlns:skye="http://www.innoveo.com/skye/actions"
    version="1.0" initialstate="Initial">
    
    <state id="Initial">
        <transition event="CaptureQuoteData" target="CaptureQuoteData"/>
        <transition event="MakePayment" target="MakePayment"/>
        <transition event="PolicyIssued" target="PolicyIssued"/>
    </state>
   
    <state id="CaptureQuoteData">
        <transition event="makePayment" target="MakePayment">
        </transition>
    </state>
       
    <state id="MakePayment">
        <transition event="AutoEvent" target="MakePayment">
            <skye:executeDelegatedAction handler="ImplementationRootCreationActionHandler"
                serviceParams="definitionTextId:Customer;setReferenceFromCurrentObject:true;propagateAttributes:true;referenceAttributeTextIdPath:Customer.customerRef;isTransient:true"
            />
        </transition>
        <transition event="paymentAccepted" target="PolicyIssued"/>
    </state>

    
    <state id="PolicyIssued">
    </state>
    
 



</scxml>