﻿<?xml version="1.0" encoding="utf-8"?>
<Product xmlns:xsd="http://www.w3.org/2001/XMLSchema" xmlns:xsi="http://www.w3.org/2001/XMLSchema-instance" name="ProductCategorization" lastChanged="2019-10-15T13:59:01Z" implementationClass=" " versionUuid=" " modelType="productcategorization" subModelType="" skyeEditorVersion="7.15.0.16">
  <UUID>c709c728-28d4-4353-a323-5f272f5c42ac</UUID>
  <SortOrder>0</SortOrder>
  <BusinessUnit> </BusinessUnit>
  <Section> </Section>
  <ProductTextList>
    <ProductText name="short" language="en" country="US">
      <UUID>66377793-b78c-4bba-8723-5beb166319af</UUID>
      <Text>channel</Text>
    </ProductText>
  </ProductTextList>
  <ProductValueRangeList>
    <ProductValueRange name="Reference.referencedModelsVR" type="fix">
      <UUID>22b87777-fea3-4c1a-a671-49412315be27</UUID>
      <DefinitionValueRelation>
        <UUID>11e9f0dd-8478-5dac-8a2d-1f914ab48f5c</UUID>
        <DefinitionValueUUID>d462221a-1c8f-4393-b33b-0e609133618e</DefinitionValueUUID>
      </DefinitionValueRelation>
    </ProductValueRange>
    <ProductValueRange name="Reference.referencedModelsVR" type="fix">
      <UUID>dd779202-4d90-49b8-9590-bc91f86330e2</UUID>
      <DefinitionValueRelation>
        <UUID>11e9f0dd-8478-5dad-8a2d-1f914ab48f5c</UUID>
        <DefinitionValueUUID>91afa010-aee1-4839-8032-e646948578aa</DefinitionValueUUID>
      </DefinitionValueRelation>
    </ProductValueRange>
  </ProductValueRangeList>
  <DefinitionBusinessObjectContextList>
    <DefinitionBusinessObjectContext name="en_us-public-anonymous">
      <UUID>300da5de-c6af-4a4c-aac0-4c3eeefd4b01</UUID>
      <SubclassId>visibilityLevelContext</SubclassId>
      <ValueField>2</ValueField>
    </DefinitionBusinessObjectContext>
    <DefinitionBusinessObjectContext name="Zone-callcenter-callcenter">
      <UUID>399fd355-0241-4601-bbb2-d7ce494e910b</UUID>
      <SubclassId>visibilityLevelContext</SubclassId>
      <ValueField>4</ValueField>
    </DefinitionBusinessObjectContext>
    <DefinitionBusinessObjectContext name="en_us-callcenter-callcenter">
      <UUID>413b5958-00aa-4934-bd67-62fce4ae2f31</UUID>
      <SubclassId>visibilityLevelContext</SubclassId>
      <ValueField>2</ValueField>
    </DefinitionBusinessObjectContext>
    <DefinitionBusinessObjectContext name="Product-public-anonymous">
      <UUID>530e0f18-078f-4e58-88e6-8fe19e8eb375</UUID>
      <SubclassId>visibilityLevelContext</SubclassId>
      <ValueField>2</ValueField>
    </DefinitionBusinessObjectContext>
    <DefinitionBusinessObjectContext name="en_us-callcenter-callcenter">
      <UUID>91ef318b-eba1-4df1-9d0b-5e69c017cefc</UUID>
      <SubclassId>visibilityLevelContext</SubclassId>
      <ValueField>4</ValueField>
    </DefinitionBusinessObjectContext>
    <DefinitionBusinessObjectContext name="Product-callcenter-callcenter">
      <UUID>a0d9c911-f640-42f6-9d05-1fc8ce31695f</UUID>
      <SubclassId>visibilityLevelContext</SubclassId>
      <ValueField>4</ValueField>
    </DefinitionBusinessObjectContext>
    <DefinitionBusinessObjectContext name="Product-callcenter-callcenter">
      <UUID>af9787b1-00c1-40e3-b47e-eab7b12f3790</UUID>
      <SubclassId>visibilityLevelContext</SubclassId>
      <ValueField>2</ValueField>
    </DefinitionBusinessObjectContext>
    <DefinitionBusinessObjectContext name="Zone-callcenter-callcenter">
      <UUID>d9fcffcd-399b-4ad2-ad43-17910066a5b8</UUID>
      <SubclassId>visibilityLevelContext</SubclassId>
      <ValueField>2</ValueField>
    </DefinitionBusinessObjectContext>
  </DefinitionBusinessObjectContextList>
  <DefinitionResourceList />
  <AbstractProductBrickList />
  <ProductValueList>
    <ProductValue name=" " type="value">
      <UUID>6b0665ab-b8e9-42b0-bb02-655d1772a9ce</UUID>
      <SortOrder>0</SortOrder>
      <Value />
    </ProductValue>
    <ProductValue name="%{SkyeContext['channel']}" type="value">
      <UUID>824d4ef6-df5f-4c58-8322-539ff7e540f8</UUID>
      <SortOrder>0</SortOrder>
      <Value>%{SkyeContext['channel']}</Value>
    </ProductValue>
    <ProductValue name="Home" type="value">
      <UUID>91afa010-aee1-4839-8032-e646948578aa</UUID>
      <SortOrder>0</SortOrder>
      <Value />
    </ProductValue>
    <ProductValue name="FamilyInsurance" type="value">
      <UUID>d462221a-1c8f-4393-b33b-0e609133618e</UUID>
      <SortOrder>0</SortOrder>
      <Value />
    </ProductValue>
    <ProductValue name=" " type="value">
      <UUID>d7d01a11-0c45-4b48-b3f5-3f93a15d1969</UUID>
      <SortOrder>0</SortOrder>
      <Value />
    </ProductValue>
  </ProductValueList>
  <ProductPolicyAttribute name="channel" visibilityLevel="0" mandatory="false" unit="" format="" numberOfDecimals="0" attributeClass=" " type="Standard">
    <UUID>a3ec0b19-dd44-41cc-aa5e-a834f2f3305d</UUID>
    <SortOrder>99</SortOrder>
    <InputType>Textbox</InputType>
    <DataType>String</DataType>
    <MaxLength>4000</MaxLength>
    <MinLength>0</MinLength>
    <ProductTextRelation>
      <ProductTextUUID>66377793-b78c-4bba-8723-5beb166319af</ProductTextUUID>
    </ProductTextRelation>
    <ProductBackendInfo name="Skye.Core.DataSecurity">
      <UUID>236c049a-9f16-48d3-9a77-631cededc26b</UUID>
      <Info>Standard</Info>
    </ProductBackendInfo>
    <ProductBackendInfo name="Skye.AttributeAlias">
      <UUID>8add15bd-b727-4131-ad89-dbd813a6cc69</UUID>
      <Info />
    </ProductBackendInfo>
    <ProductBackendInfo name="Skye.AllowValueSetViaUnencryptedURL">
      <UUID>b9646bc9-997b-4a52-83b5-3c6eee0f0e8e</UUID>
      <Info>False</Info>
    </ProductBackendInfo>
    <DefinitionValueRelation>
      <UUID>11e9f0dd-8478-5daa-8a2d-1f914ab48f5c</UUID>
      <DefinitionValueUUID>824d4ef6-df5f-4c58-8322-539ff7e540f8</DefinitionValueUUID>
    </DefinitionValueRelation>
  </ProductPolicyAttribute>
  <ProductBrick name="default" visibilityLevel="3" brickClass=" " isAbstract="false" typeId="0">
    <UUID>48234d77-1d79-4e6e-94b4-b68a5f4cd26d</UUID>
    <SortOrder>99</SortOrder>
    <MinimumUsage>1</MinimumUsage>
    <MaximumUsage>1</MaximumUsage>
    <InitialUsage>1</InitialUsage>
    <PredecessorBrickUUID />
    <PredecessorBrickName />
    <ProductPolicyAttribute name="HomeDefRef" visibilityLevel="0" mandatory="false" unit="" format="" numberOfDecimals="0" attributeClass=" " type="DefinitionReference">
      <UUID>694fc3f7-769c-465d-952d-fb65e9936e7f</UUID>
      <SortOrder>2</SortOrder>
      <InputType>ReferenceAutoComplete</InputType>
      <DataType>product</DataType>
      <MaxLength>4000</MaxLength>
      <MinLength>0</MinLength>
      <ProductValueRangeRelation>
        <UUID>4cc4032f-a69c-4d8f-91fe-57c0b56a15b8</UUID>
        <SortOrder>99</SortOrder>
        <ProductValueRangeUUID>dd779202-4d90-49b8-9590-bc91f86330e2</ProductValueRangeUUID>
      </ProductValueRangeRelation>
      <ProductBackendInfo name="Skye.AttributeAlias">
        <UUID>44ceaa7a-e224-4ae7-8d92-722f28cf5b5b</UUID>
        <Info />
      </ProductBackendInfo>
      <ProductBackendInfo name="Skye.Core.DataSecurity">
        <UUID>afa9b6d1-15c7-4181-a340-9414bc926a95</UUID>
        <Info>Standard</Info>
      </ProductBackendInfo>
      <ProductBackendInfo name="Skye.AllowValueSetViaUnencryptedURL">
        <UUID>da28f9b9-6c5f-4dfd-8805-dc8d0d0b7d9b</UUID>
        <Info>False</Info>
      </ProductBackendInfo>
      <DefinitionValueRelation>
        <UUID>11e9f0dd-8478-5da9-8a2d-1f914ab48f5c</UUID>
        <DefinitionValueUUID>6b0665ab-b8e9-42b0-bb02-655d1772a9ce</DefinitionValueUUID>
      </DefinitionValueRelation>
      <DefinitionBusinessObjectContextRelation>
        <ContextUUID>413b5958-00aa-4934-bd67-62fce4ae2f31</ContextUUID>
        <DefinitionObjectUUID>694fc3f7-769c-465d-952d-fb65e9936e7f</DefinitionObjectUUID>
        <ValueField>2</ValueField>
      </DefinitionBusinessObjectContextRelation>
      <DefinitionBusinessObjectContextRelation>
        <ContextUUID>300da5de-c6af-4a4c-aac0-4c3eeefd4b01</ContextUUID>
        <DefinitionObjectUUID>694fc3f7-769c-465d-952d-fb65e9936e7f</DefinitionObjectUUID>
        <ValueField>2</ValueField>
      </DefinitionBusinessObjectContextRelation>
      <DefinitionBusinessObjectContextRelation>
        <ContextUUID>d9fcffcd-399b-4ad2-ad43-17910066a5b8</ContextUUID>
        <DefinitionObjectUUID>694fc3f7-769c-465d-952d-fb65e9936e7f</DefinitionObjectUUID>
        <ValueField>2</ValueField>
      </DefinitionBusinessObjectContextRelation>
      <DefinitionBusinessObjectContextRelation>
        <ContextUUID>530e0f18-078f-4e58-88e6-8fe19e8eb375</ContextUUID>
        <DefinitionObjectUUID>694fc3f7-769c-465d-952d-fb65e9936e7f</DefinitionObjectUUID>
        <ValueField>2</ValueField>
      </DefinitionBusinessObjectContextRelation>
      <DefinitionBusinessObjectContextRelation>
        <ContextUUID>af9787b1-00c1-40e3-b47e-eab7b12f3790</ContextUUID>
        <DefinitionObjectUUID>694fc3f7-769c-465d-952d-fb65e9936e7f</DefinitionObjectUUID>
        <ValueField>2</ValueField>
      </DefinitionBusinessObjectContextRelation>
    </ProductPolicyAttribute>
    <ProductPolicyAttribute name="FamilyInsuranceDefRef" visibilityLevel="0" mandatory="false" unit="" format="" numberOfDecimals="0" attributeClass=" " type="DefinitionReference">
      <UUID>d2b359fb-34f8-4db6-909a-6522b4a2ac50</UUID>
      <SortOrder>99</SortOrder>
      <InputType>ReferenceAutoComplete</InputType>
      <DataType>product</DataType>
      <MaxLength>4000</MaxLength>
      <MinLength>0</MinLength>
      <ProductValueRangeRelation>
        <UUID>c963d8be-2de3-419c-9e9e-d4ab221cf7ac</UUID>
        <SortOrder>99</SortOrder>
        <ProductValueRangeUUID>22b87777-fea3-4c1a-a671-49412315be27</ProductValueRangeUUID>
      </ProductValueRangeRelation>
      <ProductBackendInfo name="Skye.Core.DataSecurity">
        <UUID>397c6924-b2f8-4353-b1cd-34008dc41f23</UUID>
        <Info>Standard</Info>
      </ProductBackendInfo>
      <ProductBackendInfo name="Skye.AllowValueSetViaUnencryptedURL">
        <UUID>75ae04b3-af2a-486d-b4e8-428dc8848d1d</UUID>
        <Info>False</Info>
      </ProductBackendInfo>
      <ProductBackendInfo name="Skye.AttributeAlias">
        <UUID>c2b6c308-53fa-4eda-ac9f-59cfc0aa3a3e</UUID>
        <Info />
      </ProductBackendInfo>
      <DefinitionValueRelation>
        <UUID>11e9f0dd-8478-5dab-8a2d-1f914ab48f5c</UUID>
        <DefinitionValueUUID>d7d01a11-0c45-4b48-b3f5-3f93a15d1969</DefinitionValueUUID>
      </DefinitionValueRelation>
      <DefinitionBusinessObjectContextRelation>
        <ContextUUID>a0d9c911-f640-42f6-9d05-1fc8ce31695f</ContextUUID>
        <DefinitionObjectUUID>d2b359fb-34f8-4db6-909a-6522b4a2ac50</DefinitionObjectUUID>
        <ValueField>4</ValueField>
      </DefinitionBusinessObjectContextRelation>
      <DefinitionBusinessObjectContextRelation>
        <ContextUUID>399fd355-0241-4601-bbb2-d7ce494e910b</ContextUUID>
        <DefinitionObjectUUID>d2b359fb-34f8-4db6-909a-6522b4a2ac50</DefinitionObjectUUID>
        <ValueField>4</ValueField>
      </DefinitionBusinessObjectContextRelation>
      <DefinitionBusinessObjectContextRelation>
        <ContextUUID>91ef318b-eba1-4df1-9d0b-5e69c017cefc</ContextUUID>
        <DefinitionObjectUUID>d2b359fb-34f8-4db6-909a-6522b4a2ac50</DefinitionObjectUUID>
        <ValueField>4</ValueField>
      </DefinitionBusinessObjectContextRelation>
    </ProductPolicyAttribute>
    <ProductBackendInfo name="Skye.MultibrickType">
      <UUID>4a16e716-5dbc-48c7-a93e-d3a03a41fa50</UUID>
      <Info />
    </ProductBackendInfo>
  </ProductBrick>
  <DefinitionDependentLists>
    <DefinitionDependencyDefaultValueList />
    <DefinitionDependencyValueRangeList />
    <DefinitionDependencyVisibilityList />
    <DefinitionDependencyMandatoryList />
    <DefinitionDependencyToDependencyList />
    <DefinitionDependencyValueRangeFilterValuesList />
    <DefinitionDependencyDataSourceAttributeList />
  </DefinitionDependentLists>
</Product>