﻿<?xml version="1.0" encoding="utf-8"?>
<Product xmlns:xsd="http://www.w3.org/2001/XMLSchema" xmlns:xsi="http://www.w3.org/2001/XMLSchema-instance" name="MotorCreatePolicySummaryUIDefinition" lastChanged="2019-10-25T12:55:12.5699672Z" implementationClass="" modelType="uidefinition" subModelType="ProcessLayout" skyeEditorVersion="7.15.0.16">
  <UUID>a45c2be3-d490-4ca9-a3e9-1955c3d79749</UUID>
  <BusinessUnit> </BusinessUnit>
  <Section> </Section>
  <ProductTextList>
    <ProductText name="header" language="en" country="US">
      <UUID>f605aac7-2f8b-435d-99ec-d7a30fbab23e</UUID>
      <Text />
    </ProductText>
    <ProductText name="header" language="en" country="US">
      <UUID>74265634-e101-4918-97ac-812244f9c3a4</UUID>
      <Text />
    </ProductText>
  </ProductTextList>
  <ProductValueRangeList />
  <DefinitionBusinessObjectContextList />
  <DefinitionResourceList />
  <AbstractProductBrickList />
  <ProductValueList />
  <ProductBrick name="NoStyleGroup" visibilityLevel="3" brickClass="" isAbstract="false" typeId="0">
    <UUID>c22f16b6-cca9-41d1-8847-82cc6cf16547</UUID>
    <SortOrder>10</SortOrder>
    <MinimumUsage>1</MinimumUsage>
    <MaximumUsage>1</MaximumUsage>
    <InitialUsage>1</InitialUsage>
    <ProductBrick name="Summary" visibilityLevel="3" brickClass="" isAbstract="false" typeId="0">
      <UUID>0bcd2889-ffd1-4930-9008-65597f889980</UUID>
      <SortOrder>10</SortOrder>
      <MinimumUsage>1</MinimumUsage>
      <MaximumUsage>1</MaximumUsage>
      <InitialUsage>1</InitialUsage>
      <ProductTextRelation>
        <UUID>78361ca2-71bf-4126-b0f5-e3e61ec20690</UUID>
        <ProductTextUUID>f605aac7-2f8b-435d-99ec-d7a30fbab23e</ProductTextUUID>
      </ProductTextRelation>
      <ProductBackendInfo name="Skye.NumberOfColumns">
        <UUID>c5600159-6fe6-42ce-a41c-1dcc0665eac0</UUID>
        <Info>1</Info>
      </ProductBackendInfo>
      <ProductBackendInfo name="Skye.DisplayControlWithEmptyContent">
        <UUID>cecda850-a8b1-4bba-b773-71cc6d680e97</UUID>
        <Info>True</Info>
      </ProductBackendInfo>
      <ProductBackendInfo name="Skye.StyleClass">
        <UUID>7ccce788-6000-4ffd-be40-0d41fc723d5e</UUID>
        <Info />
      </ProductBackendInfo>
      <ProductBackendInfo name="Skye.MultibrickType">
        <UUID>848bf41c-8f70-4269-844a-6950f3f651d3</UUID>
        <Info />
      </ProductBackendInfo>
    </ProductBrick>
    <ProductBrick name="Email" visibilityLevel="3" brickClass="" isAbstract="false" typeId="0">
      <UUID>740d3e42-fcbc-4062-9528-cf649485192c</UUID>
      <SortOrder>20</SortOrder>
      <MinimumUsage>1</MinimumUsage>
      <MaximumUsage>1</MaximumUsage>
      <InitialUsage>1</InitialUsage>
      <ProductTextRelation>
        <UUID>63e04780-fa59-4929-b3d0-59110d4b3b87</UUID>
        <ProductTextUUID>74265634-e101-4918-97ac-812244f9c3a4</ProductTextUUID>
      </ProductTextRelation>
      <ProductBackendInfo name="Skye.NumberOfColumns">
        <UUID>158e0da8-6822-48c8-a120-6a3867eaf0a9</UUID>
        <Info>2</Info>
      </ProductBackendInfo>
      <ProductBackendInfo name="Skye.DisplayControlWithEmptyContent">
        <UUID>27b6f6e2-9367-4b0d-b5c9-d834ee3c7491</UUID>
        <Info>False</Info>
      </ProductBackendInfo>
      <ProductBackendInfo name="Skye.StyleClass">
        <UUID>2e24e199-2b9c-42bf-a7fc-c9d9c43e154f</UUID>
        <Info />
      </ProductBackendInfo>
      <ProductBackendInfo name="Skye.MultibrickType">
        <UUID>687681da-50c5-4590-9e98-b9defcdbcb63</UUID>
        <Info />
      </ProductBackendInfo>
    </ProductBrick>
    <ProductBackendInfo name="Skye.ProcessStepUIType">
      <UUID>9397427b-d1ae-430c-8e14-4ca2780f261c</UUID>
      <Info>NoStyleFieldsetGroup</Info>
    </ProductBackendInfo>
    <ProductBackendInfo name="Skye.StyleClass">
      <UUID>d830f6f9-e379-418f-a74d-0067530dbb95</UUID>
      <Info />
    </ProductBackendInfo>
    <ProductBackendInfo name="Skye.MultibrickType">
      <UUID>f1078096-5c23-4993-a6db-cbcc9c3d325b</UUID>
      <Info />
    </ProductBackendInfo>
  </ProductBrick>
  <DefinitionDependentLists>
    <DefinitionDependencyDefaultValueList />
    <DefinitionDependencyValueRangeList />
    <DefinitionDependencyVisibilityList />
    <DefinitionDependencyMandatoryList />
    <DefinitionDependencyToDependencyList />
    <DefinitionDependencyValueRangeFilterValuesList />
    <DefinitionDependencyDataSourceAttributeList />
  </DefinitionDependentLists>
</Product>