﻿<?xml version="1.0" encoding="utf-8"?>
<Product xmlns:xsd="http://www.w3.org/2001/XMLSchema" xmlns:xsi="http://www.w3.org/2001/XMLSchema-instance" name="ZoneDefinition" lastChanged="2019-05-08T07:33:02Z" implementationClass=" " versionUuid=" " modelType="zonedefinition" subModelType="ZonePrivate" skyeEditorVersion="7.15.0.16">
  <UUID>9cd307cb-603c-4280-b891-425a1d0e7c95</UUID>
  <SortOrder>0</SortOrder>
  <BusinessUnit> </BusinessUnit>
  <Section> </Section>
  <ProductTextList>
    <ProductText name="header" language="en" country="US">
      <UUID>42ca4f9f-eacf-4c74-b0ed-7be57b3b822d</UUID>
      <Text>My products</Text>
    </ProductText>
    <ProductText name="header" language="en" country="US">
      <UUID>a0a05436-42d9-4d0d-be65-be2ba85ef954</UUID>
      <Text>My zone</Text>
    </ProductText>
  </ProductTextList>
  <ProductValueRangeList>
    <ProductValueRange name="Reference.referencedModelsVR" type="fix">
      <UUID>23b4169b-7d59-4ab9-a17f-1527acd9aac2</UUID>
      <DefinitionValueRelation>
        <UUID>11e9e9c5-02f5-9a98-a9dd-7da03dde1994</UUID>
        <DefinitionValueUUID>c18c4322-6724-42b4-886b-bdb0a9fc1989</DefinitionValueUUID>
      </DefinitionValueRelation>
    </ProductValueRange>
  </ProductValueRangeList>
  <DefinitionBusinessObjectContextList>
    <DefinitionBusinessObjectContext name="default-callcenter-callcenter">
      <UUID>9ac74a58-3ce8-4b54-8394-677a7ada25f5</UUID>
      <SubclassId>visibilityLevelContext</SubclassId>
      <ValueField>4</ValueField>
    </DefinitionBusinessObjectContext>
  </DefinitionBusinessObjectContextList>
  <DefinitionResourceList />
  <AbstractProductBrickList />
  <ProductValueList>
    <ProductValue name="/dashboard" type="value">
      <UUID>0f9e4553-480a-4a47-a8ce-a96ef410b308</UUID>
      <SortOrder>0</SortOrder>
      <Value>/componentZone</Value>
    </ProductValue>
    <ProductValue name=" " type="value">
      <UUID>3a2c055c-ed14-4127-b232-d207a56bf255</UUID>
      <SortOrder>0</SortOrder>
      <Value />
    </ProductValue>
    <ProductValue name="MyZone" type="value">
      <UUID>456ebba2-1fd5-4fb0-b3f5-379c8f33f9f4</UUID>
      <SortOrder>0</SortOrder>
      <Value>MyZone</Value>
    </ProductValue>
    <ProductValue name=" " type="value">
      <UUID>4c6dc79a-a2b8-4881-a321-d746d93d68ea</UUID>
      <SortOrder>0</SortOrder>
      <Value />
    </ProductValue>
    <ProductValue name=" " type="value">
      <UUID>59144fe9-2582-4f70-b5d0-c47b711fd51c</UUID>
      <SortOrder>0</SortOrder>
      <Value />
    </ProductValue>
    <ProductValue name="false" type="value">
      <UUID>6b741056-f80a-4cd6-9cc9-f71c5d35af15</UUID>
      <SortOrder>0</SortOrder>
      <Value>false</Value>
    </ProductValue>
    <ProductValue name=" " type="value">
      <UUID>772563f0-e158-4b89-8039-60c47ff73a60</UUID>
      <SortOrder>0</SortOrder>
      <Value />
    </ProductValue>
    <ProductValue name="%{{SkyeContext['channel']}}" type="value">
      <UUID>854630eb-9190-48ac-a3e1-18f92cb7ca1b</UUID>
      <SortOrder>0</SortOrder>
      <Value>%{{SkyeContext['channel']}}</Value>
    </ProductValue>
    <ProductValue name=" " type="value">
      <UUID>8cc46023-f76e-4ff9-9d70-64f7938ea377</UUID>
      <SortOrder>0</SortOrder>
      <Value />
    </ProductValue>
    <ProductValue name="true" type="value">
      <UUID>8d1aecf5-1627-4393-995b-d3999d51e49e</UUID>
      <SortOrder>0</SortOrder>
      <Value>true</Value>
    </ProductValue>
    <ProductValue name="MyZoneUIDefinition" type="value">
      <UUID>c18c4322-6724-42b4-886b-bdb0a9fc1989</UUID>
      <SortOrder>0</SortOrder>
      <Value />
    </ProductValue>
    <ProductValue name="/process/start/ProductNameProcessName?productId=ProductName" type="value">
      <UUID>ea6232c2-198e-43b4-b8f5-14dd403d10b0</UUID>
      <SortOrder>0</SortOrder>
      <Value>/componentZone</Value>
    </ProductValue>
  </ProductValueList>
  <ProductPolicyAttribute name="channel" visibilityLevel="0" mandatory="false" unit="" format="" numberOfDecimals="0" attributeClass=" " type="Standard">
    <UUID>4160942e-9936-43ea-bcb2-9944634431a0</UUID>
    <SortOrder>99</SortOrder>
    <InputType>Textbox</InputType>
    <DataType>String</DataType>
    <MaxLength>4000</MaxLength>
    <MinLength>0</MinLength>
    <ProductBackendInfo name="Skye.Core.DataSecurity">
      <UUID>1b61113b-1ff7-4950-ba6a-f7c1935153e5</UUID>
      <Info>Standard</Info>
    </ProductBackendInfo>
    <ProductBackendInfo name="Skye.AttributeAlias">
      <UUID>59030bd7-22bb-4fd6-a386-0ed9620845e3</UUID>
      <Info />
    </ProductBackendInfo>
    <ProductBackendInfo name="Skye.AllowValueSetViaUnencryptedURL">
      <UUID>ace6a91f-564c-43c1-8836-25267b2a7ca6</UUID>
      <Info>False</Info>
    </ProductBackendInfo>
    <DefinitionValueRelation>
      <UUID>11e9e9c5-02f5-9a96-a9dd-7da03dde1994</UUID>
      <DefinitionValueUUID>854630eb-9190-48ac-a3e1-18f92cb7ca1b</DefinitionValueUUID>
    </DefinitionValueRelation>
  </ProductPolicyAttribute>
  <ProductPolicyAttribute name="@DefaultZone" visibilityLevel="0" mandatory="false" unit=" " format=" " numberOfDecimals="0" attributeClass=" " type="Standard">
    <UUID>a0bfac08-903d-4b1b-ac85-d74086de8c77</UUID>
    <SortOrder>99</SortOrder>
    <InputType>Textbox</InputType>
    <DataType>String</DataType>
    <MaxLength>4000</MaxLength>
    <MinLength>0</MinLength>
    <ProductBackendInfo name="Skye.Core.DataSecurity">
      <UUID>75ff4448-12ed-4244-9965-eb3e299c306a</UUID>
      <Info>Standard</Info>
    </ProductBackendInfo>
    <ProductBackendInfo name="Skye.AllowValueSetViaUnencryptedURL">
      <UUID>948a2ff2-7616-4f22-96bb-c22bc2f31c95</UUID>
      <Info>False</Info>
    </ProductBackendInfo>
    <ProductBackendInfo name="Skye.AttributeAlias">
      <UUID>c3215ffc-01fe-40bf-bdad-fd9f17fc2250</UUID>
      <Info />
    </ProductBackendInfo>
    <DefinitionValueRelation>
      <UUID>11e9e9c5-02f5-9a92-a9dd-7da03dde1994</UUID>
      <DefinitionValueUUID>456ebba2-1fd5-4fb0-b3f5-379c8f33f9f4</DefinitionValueUUID>
    </DefinitionValueRelation>
  </ProductPolicyAttribute>
  <ProductBrick name="MyZone" visibilityLevel="4" brickClass=" " isAbstract="false" typeId="0">
    <UUID>9d0f5be6-029c-4a8e-aba2-0f4a31c82f23</UUID>
    <SortOrder>1</SortOrder>
    <MinimumUsage>1</MinimumUsage>
    <MaximumUsage>1</MaximumUsage>
    <InitialUsage>1</InitialUsage>
    <PredecessorBrickUUID />
    <PredecessorBrickName />
    <ProductTextRelation>
      <ProductTextUUID>a0a05436-42d9-4d0d-be65-be2ba85ef954</ProductTextUUID>
    </ProductTextRelation>
    <ProductPolicyAttribute name="DashboardSection1" visibilityLevel="0" mandatory="false" unit="" format="" numberOfDecimals="0" attributeClass=" " type="UIComponent">
      <UUID>f5ce1004-2f42-4a4b-8a28-4a472a04efef</UUID>
      <SortOrder>0</SortOrder>
      <InputType>Textbox</InputType>
      <DataType>String</DataType>
      <MaxLength>4000</MaxLength>
      <MinLength>0</MinLength>
      <ProductBackendInfo name="Skye.Component.ModelTextId">
        <UUID>0b0d4acc-c3e5-4ea2-8f89-4b79c4aa2fbc</UUID>
        <Info>DashboardSection1HTMLComponent</Info>
      </ProductBackendInfo>
      <ProductBackendInfo name="Skye.Core.DataSecurity">
        <UUID>1abb6985-7535-4a59-b280-90fc63b6eff2</UUID>
        <Info>Standard</Info>
      </ProductBackendInfo>
      <ProductBackendInfo name="Skye.AllowValueSetViaUnencryptedURL">
        <UUID>28c73cef-8730-4015-ac7a-18292427a603</UUID>
        <Info>False</Info>
      </ProductBackendInfo>
      <ProductBackendInfo name="Skye.DisplayGroups">
        <UUID>38a2c6ff-3721-4445-b087-60cf6956af39</UUID>
        <Info>Row1</Info>
      </ProductBackendInfo>
      <ProductBackendInfo name="Skye.Component.ContextPage">
        <UUID>61bf6ca1-c993-4e51-a0bc-8b1da5ca6e3d</UUID>
        <Info />
      </ProductBackendInfo>
      <ProductBackendInfo name="Skye.Component.ModelType">
        <UUID>9fe3758f-c069-435a-ad7f-42c751205739</UUID>
        <Info>htmlcomponent</Info>
      </ProductBackendInfo>
      <ProductBackendInfo name="Skye.AttributeAlias">
        <UUID>ea3825ee-0f2e-4d42-ab62-3f7fe9b5e781</UUID>
        <Info />
      </ProductBackendInfo>
      <DefinitionValueRelation>
        <UUID>11e9e9c5-02f5-9a9c-a9dd-7da03dde1994</UUID>
        <DefinitionValueUUID>3a2c055c-ed14-4127-b232-d207a56bf255</DefinitionValueUUID>
      </DefinitionValueRelation>
      <DefinitionBusinessObjectContextRelation>
        <ContextUUID>9ac74a58-3ce8-4b54-8394-677a7ada25f5</ContextUUID>
        <DefinitionObjectUUID>f5ce1004-2f42-4a4b-8a28-4a472a04efef</DefinitionObjectUUID>
        <ValueField>4</ValueField>
      </DefinitionBusinessObjectContextRelation>
    </ProductPolicyAttribute>
    <ProductPolicyAttribute name="MyProductSelectorZoneComponent" visibilityLevel="0" mandatory="false" unit="" format="" numberOfDecimals="0" attributeClass=" " type="UIComponent">
      <UUID>b31ca80f-f588-47ab-a8f7-264dde519119</UUID>
      <SortOrder>1</SortOrder>
      <InputType>Textbox</InputType>
      <DataType>String</DataType>
      <MaxLength>4000</MaxLength>
      <MinLength>0</MinLength>
      <ProductBackendInfo name="Skye.AllowValueSetViaUnencryptedURL">
        <UUID>04564238-a5e9-4dd9-93df-69fea7c03fcb</UUID>
        <Info>False</Info>
      </ProductBackendInfo>
      <ProductBackendInfo name="Skye.Core.DataSecurity">
        <UUID>3f852b04-dd05-4f1e-983e-8090816c976e</UUID>
        <Info>Standard</Info>
      </ProductBackendInfo>
      <ProductBackendInfo name="Skye.AttributeAlias">
        <UUID>51015227-bd9b-45c6-a834-e610c20c9eac</UUID>
        <Info />
      </ProductBackendInfo>
      <ProductBackendInfo name="Skye.DisplayGroups">
        <UUID>5af83918-68a1-4d7f-881c-b4d7674b1abe</UUID>
        <Info>Row1</Info>
      </ProductBackendInfo>
      <ProductBackendInfo name="Skye.Component.ModelTextId">
        <UUID>899357f3-bf32-42bd-9ac4-f353457ce854</UUID>
        <Info>MyProductSelectorZoneComponent</Info>
      </ProductBackendInfo>
      <ProductBackendInfo name="Skye.Component.ContextPage">
        <UUID>dd55c6dd-ad29-4c1d-a18e-90edb8ff47f6</UUID>
        <Info>Zone</Info>
      </ProductBackendInfo>
      <ProductBackendInfo name="Skye.Component.ModelType">
        <UUID>e6deb020-2d92-453e-bd8c-ac130c3b2c39</UUID>
        <Info>modelselectorcomponent</Info>
      </ProductBackendInfo>
      <DefinitionValueRelation>
        <UUID>11e9e9c5-02f5-9a91-a9dd-7da03dde1994</UUID>
        <DefinitionValueUUID>59144fe9-2582-4f70-b5d0-c47b711fd51c</DefinitionValueUUID>
      </DefinitionValueRelation>
      <DefinitionBusinessObjectContextRelation>
        <ContextUUID>9ac74a58-3ce8-4b54-8394-677a7ada25f5</ContextUUID>
        <DefinitionObjectUUID>b31ca80f-f588-47ab-a8f7-264dde519119</DefinitionObjectUUID>
        <ValueField>4</ValueField>
      </DefinitionBusinessObjectContextRelation>
    </ProductPolicyAttribute>
    <ProductPolicyAttribute name="DashboardSection2" visibilityLevel="0" mandatory="false" unit="" format="" numberOfDecimals="0" attributeClass=" " type="UIComponent">
      <UUID>05d7cbea-0f75-4e2b-adc6-0e4653e010f2</UUID>
      <SortOrder>2</SortOrder>
      <InputType>Textbox</InputType>
      <DataType>String</DataType>
      <MaxLength>4000</MaxLength>
      <MinLength>0</MinLength>
      <ProductBackendInfo name="Skye.Component.ModelTextId">
        <UUID>1f5f7923-9d75-4a82-94d9-b33f11012c7f</UUID>
        <Info>DashboardSection2HTMLComponent</Info>
      </ProductBackendInfo>
      <ProductBackendInfo name="Skye.AllowValueSetViaUnencryptedURL">
        <UUID>70eac49d-b3c6-4251-9d42-dd7a4ed0e197</UUID>
        <Info>False</Info>
      </ProductBackendInfo>
      <ProductBackendInfo name="Skye.Core.DataSecurity">
        <UUID>8a7edf40-dd3c-44bf-8bc3-b7f88314bde5</UUID>
        <Info>Standard</Info>
      </ProductBackendInfo>
      <ProductBackendInfo name="Skye.Component.ModelType">
        <UUID>a56bd50c-0827-45f9-ad78-31713f032743</UUID>
        <Info>htmlcomponent</Info>
      </ProductBackendInfo>
      <ProductBackendInfo name="Skye.DisplayGroups">
        <UUID>aaec9a82-0c6b-4dd1-9a95-910f7db865ed</UUID>
        <Info>Row2</Info>
      </ProductBackendInfo>
      <ProductBackendInfo name="Skye.AttributeAlias">
        <UUID>f8d7ed70-074d-4213-82bb-11b99e06dbcd</UUID>
        <Info />
      </ProductBackendInfo>
      <ProductBackendInfo name="Skye.Component.ContextPage">
        <UUID>fb535af6-8724-4ef9-a0fa-3920e03474b7</UUID>
        <Info />
      </ProductBackendInfo>
      <DefinitionValueRelation>
        <UUID>11e9e9c5-02f5-9a9b-a9dd-7da03dde1994</UUID>
        <DefinitionValueUUID>772563f0-e158-4b89-8039-60c47ff73a60</DefinitionValueUUID>
      </DefinitionValueRelation>
      <DefinitionBusinessObjectContextRelation>
        <ContextUUID>9ac74a58-3ce8-4b54-8394-677a7ada25f5</ContextUUID>
        <DefinitionObjectUUID>05d7cbea-0f75-4e2b-adc6-0e4653e010f2</DefinitionObjectUUID>
        <ValueField>4</ValueField>
      </DefinitionBusinessObjectContextRelation>
    </ProductPolicyAttribute>
    <ProductPolicyAttribute name="@RefreshZoneOnSwitch" visibilityLevel="0" mandatory="false" unit=" " format=" " numberOfDecimals="0" attributeClass=" " type="Standard">
      <UUID>04459c15-1806-42ff-908b-e42db771fdba</UUID>
      <SortOrder>99</SortOrder>
      <InputType>Textbox</InputType>
      <DataType>String</DataType>
      <MaxLength>4000</MaxLength>
      <MinLength>0</MinLength>
      <ProductBackendInfo name="Skye.Core.DataSecurity">
        <UUID>851af9e5-daf4-4a0c-8de3-181d1f390609</UUID>
        <Info>Standard</Info>
      </ProductBackendInfo>
      <ProductBackendInfo name="Skye.AllowValueSetViaUnencryptedURL">
        <UUID>8abe37db-ed23-41b7-8682-bee6704ca15b</UUID>
        <Info>False</Info>
      </ProductBackendInfo>
      <ProductBackendInfo name="Skye.AttributeAlias">
        <UUID>a4391384-7405-4dc3-ad86-0b6a1b2e258a</UUID>
        <Info />
      </ProductBackendInfo>
      <DefinitionValueRelation>
        <UUID>11e9e9c5-02f5-9a9a-a9dd-7da03dde1994</UUID>
        <DefinitionValueUUID>8d1aecf5-1627-4393-995b-d3999d51e49e</DefinitionValueUUID>
      </DefinitionValueRelation>
    </ProductPolicyAttribute>
    <ProductPolicyAttribute name="MyZoneUIDefRef" visibilityLevel="0" mandatory="false" unit="" format="" numberOfDecimals="0" attributeClass=" " type="DefinitionReference">
      <UUID>09aabf10-6870-448e-b50a-f1984bc3aeb3</UUID>
      <SortOrder>99</SortOrder>
      <InputType>ReferenceAutoComplete</InputType>
      <DataType>uidefinition</DataType>
      <MaxLength>4000</MaxLength>
      <MinLength>0</MinLength>
      <ProductValueRangeRelation>
        <UUID>5f4c2978-25fa-4b4e-87be-58eefe0c3cd1</UUID>
        <SortOrder>99</SortOrder>
        <ProductValueRangeUUID>23b4169b-7d59-4ab9-a17f-1527acd9aac2</ProductValueRangeUUID>
      </ProductValueRangeRelation>
      <ProductBackendInfo name="Skye.AttributeAlias">
        <UUID>8aeffe0d-6245-4cdc-8663-edcd58ecf6bc</UUID>
        <Info />
      </ProductBackendInfo>
      <ProductBackendInfo name="Skye.AllowValueSetViaUnencryptedURL">
        <UUID>ac91a37c-2b75-4027-8569-b553d753e2b5</UUID>
        <Info>False</Info>
      </ProductBackendInfo>
      <ProductBackendInfo name="Skye.Core.DataSecurity">
        <UUID>d72279cf-7c4c-4099-88ea-c33caa584080</UUID>
        <Info>Standard</Info>
      </ProductBackendInfo>
      <DefinitionValueRelation>
        <UUID>11e9e9c5-02f5-9a99-a9dd-7da03dde1994</UUID>
        <DefinitionValueUUID>8cc46023-f76e-4ff9-9d70-64f7938ea377</DefinitionValueUUID>
      </DefinitionValueRelation>
      <DefinitionBusinessObjectContextRelation>
        <ContextUUID>9ac74a58-3ce8-4b54-8394-677a7ada25f5</ContextUUID>
        <DefinitionObjectUUID>09aabf10-6870-448e-b50a-f1984bc3aeb3</DefinitionObjectUUID>
        <ValueField>4</ValueField>
      </DefinitionBusinessObjectContextRelation>
    </ProductPolicyAttribute>
    <ProductPolicyAttribute name="@ZoneContentUrl" visibilityLevel="0" mandatory="false" unit=" " format=" " numberOfDecimals="0" attributeClass=" " type="Standard">
      <UUID>7cf7f82d-9952-4041-ab15-30417370e584</UUID>
      <SortOrder>99</SortOrder>
      <InputType>Textbox</InputType>
      <DataType>String</DataType>
      <MaxLength>4000</MaxLength>
      <MinLength>0</MinLength>
      <ProductBackendInfo name="Skye.Core.DataSecurity">
        <UUID>05b3f01d-b135-45e1-bb9c-148e58846828</UUID>
        <Info>Standard</Info>
      </ProductBackendInfo>
      <ProductBackendInfo name="Skye.AllowValueSetViaUnencryptedURL">
        <UUID>90741ee2-4056-403f-b36c-ed1bf6077262</UUID>
        <Info>False</Info>
      </ProductBackendInfo>
      <ProductBackendInfo name="Skye.AttributeAlias">
        <UUID>d395cbdc-3fb8-42b2-87b4-85d188296d5d</UUID>
        <Info />
      </ProductBackendInfo>
      <DefinitionValueRelation>
        <UUID>11e9e9c5-02f5-9a93-a9dd-7da03dde1994</UUID>
        <DefinitionValueUUID>0f9e4553-480a-4a47-a8ce-a96ef410b308</DefinitionValueUUID>
      </DefinitionValueRelation>
    </ProductPolicyAttribute>
    <ProductBackendInfo name="Skye.MultibrickType">
      <UUID>1084625a-9f0f-4d11-bb48-9a48fa128c2d</UUID>
      <Info />
    </ProductBackendInfo>
  </ProductBrick>
  <ProductBrick name="myproduct" visibilityLevel="4" brickClass=" " isAbstract="false" typeId="0">
    <UUID>e32aeb16-6f56-4951-a633-5ef848f81070</UUID>
    <SortOrder>2</SortOrder>
    <MinimumUsage>1</MinimumUsage>
    <MaximumUsage>1</MaximumUsage>
    <InitialUsage>1</InitialUsage>
    <PredecessorBrickUUID />
    <PredecessorBrickName />
    <ProductTextRelation>
      <ProductTextUUID>42ca4f9f-eacf-4c74-b0ed-7be57b3b822d</ProductTextUUID>
    </ProductTextRelation>
    <ProductPolicyAttribute name="MyProductSelectorProductComponent" visibilityLevel="0" mandatory="false" unit="" format="" numberOfDecimals="0" attributeClass=" " type="UIComponent">
      <UUID>6cb8e7df-06fa-4d5e-9a2f-c96b92884996</UUID>
      <SortOrder>99</SortOrder>
      <InputType>Textbox</InputType>
      <DataType>String</DataType>
      <MaxLength>4000</MaxLength>
      <MinLength>0</MinLength>
      <ProductBackendInfo name="Skye.AttributeAlias">
        <UUID>14fbef57-48dc-4fd1-a7fd-5366aa4b0134</UUID>
        <Info />
      </ProductBackendInfo>
      <ProductBackendInfo name="Skye.Core.DataSecurity">
        <UUID>44e62ee2-68b5-4e7c-a9c7-8122751ec3eb</UUID>
        <Info>Standard</Info>
      </ProductBackendInfo>
      <ProductBackendInfo name="Skye.AllowValueSetViaUnencryptedURL">
        <UUID>4d569637-54f5-442b-9efc-d836b5e9c70a</UUID>
        <Info>False</Info>
      </ProductBackendInfo>
      <ProductBackendInfo name="Skye.Component.ContextPage">
        <UUID>6069bef8-125d-4eb5-96ce-f62e1ee53da5</UUID>
        <Info>Product</Info>
      </ProductBackendInfo>
      <ProductBackendInfo name="Skye.Component.ModelType">
        <UUID>77dfc520-c088-4fae-9557-dc82dd0a0d93</UUID>
        <Info>modelselectorcomponent</Info>
      </ProductBackendInfo>
      <ProductBackendInfo name="Skye.Component.ModelTextId">
        <UUID>98844302-7fbd-4d21-a242-fd7a58290b13</UUID>
        <Info>MyProductSelectorProductComponent</Info>
      </ProductBackendInfo>
      <DefinitionValueRelation>
        <UUID>11e9e9c5-02f5-9a97-a9dd-7da03dde1994</UUID>
        <DefinitionValueUUID>4c6dc79a-a2b8-4881-a321-d746d93d68ea</DefinitionValueUUID>
      </DefinitionValueRelation>
      <DefinitionBusinessObjectContextRelation>
        <ContextUUID>9ac74a58-3ce8-4b54-8394-677a7ada25f5</ContextUUID>
        <DefinitionObjectUUID>6cb8e7df-06fa-4d5e-9a2f-c96b92884996</DefinitionObjectUUID>
        <ValueField>4</ValueField>
      </DefinitionBusinessObjectContextRelation>
    </ProductPolicyAttribute>
    <ProductPolicyAttribute name="@ZoneContentUrl" visibilityLevel="0" mandatory="false" unit=" " format=" " numberOfDecimals="0" attributeClass=" " type="Standard">
      <UUID>d009bd24-0338-4214-b3b0-3455874f1808</UUID>
      <SortOrder>99</SortOrder>
      <InputType>Textbox</InputType>
      <DataType>String</DataType>
      <MaxLength>4000</MaxLength>
      <MinLength>0</MinLength>
      <ProductBackendInfo name="Skye.AttributeAlias">
        <UUID>2299fbd0-badb-4322-9bf4-11749162aec7</UUID>
        <Info />
      </ProductBackendInfo>
      <ProductBackendInfo name="Skye.AllowValueSetViaUnencryptedURL">
        <UUID>28d6801a-48dd-4b06-b0fe-e398af1910ce</UUID>
        <Info>False</Info>
      </ProductBackendInfo>
      <ProductBackendInfo name="Skye.Core.DataSecurity">
        <UUID>a7f2c44c-5290-41a5-8125-94a33cada6a4</UUID>
        <Info>Standard</Info>
      </ProductBackendInfo>
      <DefinitionValueRelation>
        <UUID>11e9e9c5-02f5-9a95-a9dd-7da03dde1994</UUID>
        <DefinitionValueUUID>ea6232c2-198e-43b4-b8f5-14dd403d10b0</DefinitionValueUUID>
      </DefinitionValueRelation>
    </ProductPolicyAttribute>
    <ProductPolicyAttribute name="@RefreshZoneOnSwitch" visibilityLevel="0" mandatory="false" unit=" " format=" " numberOfDecimals="0" attributeClass=" " type="Standard">
      <UUID>e6b480ba-5a2c-426a-8708-c060e2d50a37</UUID>
      <SortOrder>99</SortOrder>
      <InputType>Textbox</InputType>
      <DataType>String</DataType>
      <MaxLength>4000</MaxLength>
      <MinLength>0</MinLength>
      <ProductBackendInfo name="Skye.Core.DataSecurity">
        <UUID>01d8636b-84e0-4668-97e2-1516545ef1d0</UUID>
        <Info>Standard</Info>
      </ProductBackendInfo>
      <ProductBackendInfo name="Skye.AllowValueSetViaUnencryptedURL">
        <UUID>1ab7f8ed-35c6-4ba5-af6a-d7cc9cf75b42</UUID>
        <Info>False</Info>
      </ProductBackendInfo>
      <ProductBackendInfo name="Skye.AttributeAlias">
        <UUID>afe15ad0-5010-46a3-b68a-1280d00d9d66</UUID>
        <Info />
      </ProductBackendInfo>
      <DefinitionValueRelation>
        <UUID>11e9e9c5-02f5-9a94-a9dd-7da03dde1994</UUID>
        <DefinitionValueUUID>6b741056-f80a-4cd6-9cc9-f71c5d35af15</DefinitionValueUUID>
      </DefinitionValueRelation>
    </ProductPolicyAttribute>
    <ProductBackendInfo name="Skye.MultibrickType">
      <UUID>eb54a31c-e659-49c1-83d2-6be3a519877d</UUID>
      <Info />
    </ProductBackendInfo>
  </ProductBrick>
  <DefinitionDependentLists>
    <DefinitionDependencyDefaultValueList />
    <DefinitionDependencyValueRangeList />
    <DefinitionDependencyVisibilityList />
    <DefinitionDependencyMandatoryList />
    <DefinitionDependencyToDependencyList />
    <DefinitionDependencyValueRangeFilterValuesList />
    <DefinitionDependencyDataSourceAttributeList />
  </DefinitionDependentLists>
</Product>