﻿<?xml version="1.0" encoding="utf-8"?>
<Product xmlns:xsd="http://www.w3.org/2001/XMLSchema" xmlns:xsi="http://www.w3.org/2001/XMLSchema-instance" name="ZonePublicDefinition" lastChanged="2019-10-15T13:57:09.7615304Z" implementationClass="" modelType="zonedefinition" subModelType="ZonePublic" skyeEditorVersion="7.15.0.16">
  <UUID>6e47b9a8-1f5c-4cf6-8447-d5b3f3da4968</UUID>
  <BusinessUnit> </BusinessUnit>
  <Section> </Section>
  <ProductTextList>
    <ProductText name="leftZoneMenuCollapsedImage" language="en" country="US">
      <UUID>39a495d5-be0c-4152-8c1a-96237d57229c</UUID>
      <Text />
    </ProductText>
    <ProductText name="leftZoneMenuExpandedImage" language="en" country="US">
      <UUID>97f504db-d846-4af7-b17f-a7a78699a2dd</UUID>
      <Text />
    </ProductText>
    <ProductText name="header" language="en" country="US">
      <UUID>acb95e85-6adc-475d-b6aa-1a3dfc67e607</UUID>
      <Text>My zone</Text>
    </ProductText>
    <ProductText name="icon" language="en" country="US">
      <UUID>10992eac-92c1-4292-a4eb-6fd4a1f782d9</UUID>
      <Text />
    </ProductText>
    <ProductText name="zoneMenuHeader" language="en" country="US">
      <UUID>98b2c8e4-6ebd-4926-a85e-296ee98d73b1</UUID>
      <Text />
    </ProductText>
  </ProductTextList>
  <ProductValueRangeList />
  <DefinitionBusinessObjectContextList />
  <DefinitionResourceList />
  <ProductValueList>
    <ProductValue name="MyZone" type="value">
      <UUID>94721b37-9b0e-446e-b4dd-418f49585705</UUID>
      <SortOrder>0</SortOrder>
      <Value>MyZone</Value>
    </ProductValue>
    <ProductValue name="/componentZone" type="value">
      <UUID>6db6fb7b-b20b-4318-9fc5-8b7a9a5f9187</UUID>
      <SortOrder>0</SortOrder>
      <Value>/componentZone</Value>
    </ProductValue>
    <ProductValue name="true" type="value">
      <UUID>7812a1d8-b09c-4773-a8fd-3c48fb4062b9</UUID>
      <SortOrder>0</SortOrder>
      <Value>true</Value>
    </ProductValue>
    <ProductValue name="" type="value">
      <UUID>35c18b52-635f-4146-86ca-5c766ba19b5c</UUID>
      <SortOrder>0</SortOrder>
      <Value />
    </ProductValue>
  </ProductValueList>
  <ProductPolicyAttribute name="@DefaultZone" visibilityLevel="0" mandatory="false" unit="" format="" numberOfDecimals="0" attributeClass="" type="Standard">
    <UUID>9774f120-9f5f-414c-8e87-937a69c79686</UUID>
    <SortOrder>99</SortOrder>
    <InputType>Textbox</InputType>
    <DataType>String</DataType>
    <MaxLength>4000</MaxLength>
    <MinLength>0</MinLength>
    <ProductBackendInfo name="Skye.AttributeAlias">
      <UUID>9ccc079b-29c1-4786-8b3d-f3b7581ac4d3</UUID>
      <Info />
    </ProductBackendInfo>
    <ProductBackendInfo name="Skye.Core.DataSecurity">
      <UUID>21f1d13d-eef9-471c-9c1f-4304ed6ee498</UUID>
      <Info>Standard</Info>
    </ProductBackendInfo>
    <ProductBackendInfo name="Skye.AllowValueSetViaUnencryptedURL">
      <UUID>cb785300-cf62-46bb-95dd-e4dedd6b22f9</UUID>
      <Info>False</Info>
    </ProductBackendInfo>
    <DefinitionValueRelation>
      <DefinitionValueUUID>94721b37-9b0e-446e-b4dd-418f49585705</DefinitionValueUUID>
    </DefinitionValueRelation>
  </ProductPolicyAttribute>
  <ProductTextRelation>
    <UUID>f8d0803e-6fd0-4946-9ec0-daad011223a0</UUID>
    <ProductTextUUID>39a495d5-be0c-4152-8c1a-96237d57229c</ProductTextUUID>
  </ProductTextRelation>
  <ProductTextRelation>
    <UUID>31f96c50-0e2d-499c-baf6-33ea91844455</UUID>
    <ProductTextUUID>97f504db-d846-4af7-b17f-a7a78699a2dd</ProductTextUUID>
  </ProductTextRelation>
  <ProductBrick name="MyZone" visibilityLevel="4" brickClass="" isAbstract="false" typeId="0">
    <UUID>bc1645b4-a020-4842-9259-10fe789b27e2</UUID>
    <SortOrder>1</SortOrder>
    <MinimumUsage>1</MinimumUsage>
    <MaximumUsage>1</MaximumUsage>
    <InitialUsage>1</InitialUsage>
    <ProductTextRelation>
      <UUID>e9a5d4e6-7f54-4a6d-a307-f0a814ebadec</UUID>
      <ProductTextUUID>acb95e85-6adc-475d-b6aa-1a3dfc67e607</ProductTextUUID>
    </ProductTextRelation>
    <ProductTextRelation>
      <UUID>4e8f17ef-72e7-4898-a7e9-74e41f7093b1</UUID>
      <ProductTextUUID>10992eac-92c1-4292-a4eb-6fd4a1f782d9</ProductTextUUID>
    </ProductTextRelation>
    <ProductPolicyAttribute name="@ZoneContentUrl" visibilityLevel="0" mandatory="false" unit="" format="" numberOfDecimals="0" attributeClass="" type="Standard">
      <UUID>b5f1eadb-2397-4077-b2a0-5cbb37f2ab15</UUID>
      <SortOrder>99</SortOrder>
      <InputType>Textbox</InputType>
      <DataType>String</DataType>
      <MaxLength>4000</MaxLength>
      <MinLength>0</MinLength>
      <ProductBackendInfo name="Skye.AttributeAlias">
        <UUID>2769bec7-1345-4373-922b-b0b73a6452ac</UUID>
        <Info />
      </ProductBackendInfo>
      <ProductBackendInfo name="Skye.Core.DataSecurity">
        <UUID>d5bb0281-73ff-465d-89e0-2f4482022814</UUID>
        <Info>Standard</Info>
      </ProductBackendInfo>
      <ProductBackendInfo name="Skye.AllowValueSetViaUnencryptedURL">
        <UUID>10e971fb-e694-49cd-8f5b-4203c5d492b8</UUID>
        <Info>False</Info>
      </ProductBackendInfo>
      <DefinitionValueRelation>
        <DefinitionValueUUID>6db6fb7b-b20b-4318-9fc5-8b7a9a5f9187</DefinitionValueUUID>
      </DefinitionValueRelation>
    </ProductPolicyAttribute>
    <ProductPolicyAttribute name="@RefreshZoneOnSwitch" visibilityLevel="0" mandatory="false" unit="" format="" numberOfDecimals="0" attributeClass="" type="Standard">
      <UUID>759e815e-d0bc-4dc6-a986-1b984a1f60fe</UUID>
      <SortOrder>99</SortOrder>
      <InputType>Textbox</InputType>
      <DataType>String</DataType>
      <MaxLength>4000</MaxLength>
      <MinLength>0</MinLength>
      <ProductBackendInfo name="Skye.AttributeAlias">
        <UUID>8ef04518-c67e-4316-b321-e4b390f0a458</UUID>
        <Info />
      </ProductBackendInfo>
      <ProductBackendInfo name="Skye.Core.DataSecurity">
        <UUID>c1f5c02d-a63a-4fff-a387-52fe2557f2e7</UUID>
        <Info>Standard</Info>
      </ProductBackendInfo>
      <ProductBackendInfo name="Skye.AllowValueSetViaUnencryptedURL">
        <UUID>51d7e2b7-6bee-4bdc-81b2-9544fc40a2eb</UUID>
        <Info>False</Info>
      </ProductBackendInfo>
      <DefinitionValueRelation>
        <DefinitionValueUUID>7812a1d8-b09c-4773-a8fd-3c48fb4062b9</DefinitionValueUUID>
      </DefinitionValueRelation>
    </ProductPolicyAttribute>
    <ProductPolicyAttribute name="ProductSelectorComponent" visibilityLevel="4" mandatory="false" unit="" format="" numberOfDecimals="0" attributeClass="" type="UIComponent">
      <UUID>223d4025-7a74-4c8e-ab90-beede25a306f</UUID>
      <SortOrder>99</SortOrder>
      <InputType>Textbox</InputType>
      <DataType>String</DataType>
      <MaxLength>4000</MaxLength>
      <MinLength>0</MinLength>
      <ProductTextRelation>
        <UUID>03df7adf-e360-48a1-988a-08947f4a1bf2</UUID>
        <ProductTextUUID>98b2c8e4-6ebd-4926-a85e-296ee98d73b1</ProductTextUUID>
      </ProductTextRelation>
      <ProductBackendInfo name="Skye.AttributeAlias">
        <UUID>6c864d82-baa8-4145-afd2-acb558d43da8</UUID>
        <Info />
      </ProductBackendInfo>
      <ProductBackendInfo name="Skye.Core.DataSecurity">
        <UUID>ff21aafb-124b-4927-aa11-2f5a9f438815</UUID>
        <Info>Standard</Info>
      </ProductBackendInfo>
      <ProductBackendInfo name="Skye.AllowValueSetViaUnencryptedURL">
        <UUID>a57aa63f-ee10-4dbe-b631-3cca42dbb8f7</UUID>
        <Info>False</Info>
      </ProductBackendInfo>
      <ProductBackendInfo name="Skye.Component.ModelType">
        <UUID>9bdf9e2a-aa7b-4fa7-b013-8104df44be50</UUID>
        <Info>modelselectorcomponent</Info>
      </ProductBackendInfo>
      <ProductBackendInfo name="Skye.Component.ModelTextId">
        <UUID>0a784688-3af9-4ba6-a456-a1644cb3f564</UUID>
        <Info>MyProductSelectorProductComponent</Info>
      </ProductBackendInfo>
      <ProductBackendInfo name="Skye.Component.ContextPage">
        <UUID>84d32ae5-b462-4cac-9f7d-91141fbc232d</UUID>
        <Info>Product</Info>
      </ProductBackendInfo>
      <DefinitionValueRelation>
        <DefinitionValueUUID>35c18b52-635f-4146-86ca-5c766ba19b5c</DefinitionValueUUID>
      </DefinitionValueRelation>
    </ProductPolicyAttribute>
    <ProductBackendInfo name="Skye.MultibrickType">
      <UUID>24608fb4-b6ba-44a2-bbf9-f8e00d8857f3</UUID>
      <Info />
    </ProductBackendInfo>
  </ProductBrick>
  <DefinitionDependentLists>
    <DefinitionDependencyDefaultValueList />
    <DefinitionDependencyValueRangeList />
    <DefinitionDependencyVisibilityList />
    <DefinitionDependencyMandatoryList />
    <DefinitionDependencyToDependencyList />
    <DefinitionDependencyValueRangeFilterValuesList />
    <DefinitionDependencyDataSourceAttributeList />
  </DefinitionDependentLists>
</Product>