﻿<?xml version="1.0" encoding="utf-8"?>
<Product xmlns:xsd="http://www.w3.org/2001/XMLSchema" xmlns:xsi="http://www.w3.org/2001/XMLSchema-instance" name="HomeCreatePolicyQuoteUIDef" lastChanged="2019-10-11T09:02:02Z" implementationClass=" " versionUuid=" " modelType="uidefinition" subModelType="ProcessLayout" skyeEditorVersion="7.15.0.16">
  <UUID>4e569b73-cbac-480d-832c-6d8b77ce4b0a</UUID>
  <SortOrder>0</SortOrder>
  <BusinessUnit> </BusinessUnit>
  <Section> </Section>
  <ProductTextList>
    <ProductText name="header" language="en" country="US">
      <UUID>0e7eddaf-eb04-47da-90ae-ed005c2171b7</UUID>
      <Text>Basic Information</Text>
    </ProductText>
    <ProductText name="header" language="en" country="US">
      <UUID>2d936c3c-6b35-4fa8-957d-77c057167860</UUID>
      <Text>Optional Covers</Text>
    </ProductText>
  </ProductTextList>
  <ProductValueRangeList />
  <DefinitionBusinessObjectContextList />
  <DefinitionResourceList />
  <AbstractProductBrickList />
  <ProductValueList />
  <ProductBrick name="PanelGroup" visibilityLevel="3" brickClass=" " isAbstract="false" typeId="0">
    <UUID>304050a9-4570-4057-8673-8bff053fe6fa</UUID>
    <SortOrder>10</SortOrder>
    <MinimumUsage>1</MinimumUsage>
    <MaximumUsage>1</MaximumUsage>
    <InitialUsage>1</InitialUsage>
    <PredecessorBrickUUID />
    <PredecessorBrickName />
    <ProductBrick name="BasicInformation" visibilityLevel="3" brickClass=" " isAbstract="false" typeId="0">
      <UUID>c085c7ef-2592-458b-94ae-352bc92286ba</UUID>
      <SortOrder>10</SortOrder>
      <MinimumUsage>1</MinimumUsage>
      <MaximumUsage>1</MaximumUsage>
      <InitialUsage>1</InitialUsage>
      <PredecessorBrickUUID>304050a9-4570-4057-8673-8bff053fe6fa</PredecessorBrickUUID>
      <PredecessorBrickName>PanelGroup</PredecessorBrickName>
      <ProductTextRelation>
        <ProductTextUUID>0e7eddaf-eb04-47da-90ae-ed005c2171b7</ProductTextUUID>
      </ProductTextRelation>
      <ProductBackendInfo name="Skye.MultibrickType">
        <UUID>1094e977-428a-4827-bad7-87f80dd4bd02</UUID>
        <Info />
      </ProductBackendInfo>
      <ProductBackendInfo name="Skye.DisplayControlWithEmptyContent">
        <UUID>4cab0881-269f-49fd-99e7-5113b86baf15</UUID>
        <Info>False</Info>
      </ProductBackendInfo>
      <ProductBackendInfo name="Skye.StyleClass">
        <UUID>5595a5d4-3212-4ddb-8d68-dc39893c4cef</UUID>
        <Info />
      </ProductBackendInfo>
      <ProductBackendInfo name="Skye.NumberOfColumns">
        <UUID>86d6afd8-5356-43fa-bdbe-957572d38d1c</UUID>
        <Info>2</Info>
      </ProductBackendInfo>
    </ProductBrick>
    <ProductBrick name="OptionalCovers" visibilityLevel="3" brickClass=" " isAbstract="false" typeId="0">
      <UUID>f583c133-7ca9-4d0a-ae7e-5d34f8d470b7</UUID>
      <SortOrder>20</SortOrder>
      <MinimumUsage>1</MinimumUsage>
      <MaximumUsage>1</MaximumUsage>
      <InitialUsage>1</InitialUsage>
      <PredecessorBrickUUID>304050a9-4570-4057-8673-8bff053fe6fa</PredecessorBrickUUID>
      <PredecessorBrickName>PanelGroup</PredecessorBrickName>
      <ProductTextRelation>
        <ProductTextUUID>2d936c3c-6b35-4fa8-957d-77c057167860</ProductTextUUID>
      </ProductTextRelation>
      <ProductBackendInfo name="Skye.StyleClass">
        <UUID>7d9b047d-a42e-48cd-b154-1e8813d86042</UUID>
        <Info />
      </ProductBackendInfo>
      <ProductBackendInfo name="Skye.NumberOfColumns">
        <UUID>937b54e8-a71c-4212-8d4a-c8e8cd929034</UUID>
        <Info>2</Info>
      </ProductBackendInfo>
      <ProductBackendInfo name="Skye.MultibrickType">
        <UUID>d015e024-9e34-46ee-a637-ecd680b26831</UUID>
        <Info />
      </ProductBackendInfo>
      <ProductBackendInfo name="Skye.DisplayControlWithEmptyContent">
        <UUID>dba5243b-fcb8-4035-bf73-8964316a27c7</UUID>
        <Info>False</Info>
      </ProductBackendInfo>
    </ProductBrick>
    <ProductBackendInfo name="Skye.StyleClass">
      <UUID>23e7a32f-89b4-4478-b837-8d4e50d5e5bf</UUID>
      <Info />
    </ProductBackendInfo>
    <ProductBackendInfo name="Skye.MultibrickType">
      <UUID>581601aa-e280-4d38-b2cf-d7fdfa38d9c8</UUID>
      <Info />
    </ProductBackendInfo>
    <ProductBackendInfo name="Skye.ProcessStepUIType">
      <UUID>9caff17e-6517-4c42-9a33-fa1338334564</UUID>
      <Info>PanelGroup</Info>
    </ProductBackendInfo>
  </ProductBrick>
  <DefinitionDependentLists>
    <DefinitionDependencyDefaultValueList />
    <DefinitionDependencyValueRangeList />
    <DefinitionDependencyVisibilityList />
    <DefinitionDependencyMandatoryList />
    <DefinitionDependencyToDependencyList />
    <DefinitionDependencyValueRangeFilterValuesList />
    <DefinitionDependencyDataSourceAttributeList />
  </DefinitionDependentLists>
</Product>