﻿<?xml version="1.0" encoding="utf-8"?>
<Product xmlns:xsd="http://www.w3.org/2001/XMLSchema" xmlns:xsi="http://www.w3.org/2001/XMLSchema-instance" name="HomeCreatePolicy" lastChanged="2020-05-15T13:10:40.9118214Z" implementationClass="" modelType="process" subModelType="" skyeEditorVersion="7.26.1.50">
  <UUID>199f858f-8054-4456-a61b-770c478349ad</UUID>
  <BusinessUnit> </BusinessUnit>
  <Section> </Section>
  <ProductTextList>
    <ProductText name="header" language="en" country="US">
      <UUID>de800c85-2096-4c47-b179-dbb63ca4b2cf</UUID>
      <Text />
    </ProductText>
    <ProductText name="header" language="en" country="US">
      <UUID>139f61e1-d87b-4902-a492-2973d67106ab</UUID>
      <Text>Quick quote</Text>
    </ProductText>
    <ProductText name="header" language="en" country="US">
      <UUID>986b235d-880c-4cd6-8ed4-593610b07bb1</UUID>
      <Text>Details</Text>
    </ProductText>
    <ProductText name="header" language="en" country="US">
      <UUID>48c3dea4-e983-4598-832d-efc256cdac9a</UUID>
      <Text>Payment</Text>
    </ProductText>
    <ProductText name="header" language="en" country="US">
      <UUID>2697d39f-7a32-4c39-b0ac-72b22ab02dfa</UUID>
      <Text>Confirmation</Text>
    </ProductText>
    <ProductText name="label" language="en" country="US">
      <UUID>328cc7a8-e160-419e-8cba-c13dc901a432</UUID>
      <Text>Create quote</Text>
    </ProductText>
    <ProductText name="label" language="en" country="US">
      <UUID>42a9a8b9-4301-4037-a948-4434c12dd595</UUID>
      <Text>Next</Text>
    </ProductText>
    <ProductText name="label" language="en" country="US">
      <UUID>39ac479a-41e5-400e-b767-3c1530f1b70c</UUID>
      <Text>Back</Text>
    </ProductText>
    <ProductText name="label" language="en" country="US">
      <UUID>fdcb1eda-29ce-4135-b0ae-6b37452e152c</UUID>
      <Text>Next</Text>
    </ProductText>
    <ProductText name="label" language="en" country="US">
      <UUID>911d54d7-f0bf-4e59-bcee-0101dac48043</UUID>
      <Text>Back</Text>
    </ProductText>
  </ProductTextList>
  <ProductValueRangeList>
    <ProductValueRange name="Reference.referencedModelsVR" type="fix">
      <UUID>329a1e3d-057a-47cf-85dd-ad97ba1bcf3f</UUID>
      <DefinitionValueRelation>
        <UUID>23eaade1-f120-43ae-a3bf-9253b373192e</UUID>
        <DefinitionValueUUID>e601fd66-1650-4c5c-a7b6-b6ac887017f6</DefinitionValueUUID>
      </DefinitionValueRelation>
    </ProductValueRange>
    <ProductValueRange name="Action.targetUpdateMapVR" type="fix">
      <UUID>9cfdfbca-5133-4075-a2b1-ad1006f45f25</UUID>
    </ProductValueRange>
    <ProductValueRange name="Action.targetUpdateMapVR" type="fix">
      <UUID>bab6b72f-d36f-449e-8700-7c7d21245a60</UUID>
    </ProductValueRange>
    <ProductValueRange name="Action.targetUpdateMapVR" type="fix">
      <UUID>2bb60b79-026c-469e-95c5-0ce518e9a94e</UUID>
    </ProductValueRange>
    <ProductValueRange name="Action.targetUpdateMapVR" type="fix">
      <UUID>4ac02772-5193-4a40-9526-817bc03ff886</UUID>
    </ProductValueRange>
    <ProductValueRange name="Action.targetUpdateMapVR" type="fix">
      <UUID>fd5e501b-2601-4a75-9068-74412e561ea3</UUID>
    </ProductValueRange>
    <ProductValueRange name="Reference.referencedModelsVR" type="fix">
      <UUID>7e6ca34e-3a5c-41c9-b474-5919f09d5498</UUID>
      <DefinitionValueRelation>
        <UUID>2b937616-b641-4eb8-b57e-45a7ffba0e57</UUID>
        <DefinitionValueUUID>ba8e76fa-2282-445a-8351-7439c3e80696</DefinitionValueUUID>
      </DefinitionValueRelation>
    </ProductValueRange>
    <ProductValueRange name="Reference.referencedModelsVR" type="fix">
      <UUID>73657a03-1fe0-4943-a49a-1ec2fe93900f</UUID>
      <DefinitionValueRelation>
        <UUID>7dea19b1-ee2b-4d6c-9fc7-a180702697ea</UUID>
        <DefinitionValueUUID>139b9889-f4b8-4e59-9bdb-e901e2c391b8</DefinitionValueUUID>
      </DefinitionValueRelation>
    </ProductValueRange>
    <ProductValueRange name="Reference.referencedModelsVR" type="fix">
      <UUID>02fbea7c-77fa-4aa5-81d9-f3d643e60328</UUID>
      <DefinitionValueRelation>
        <UUID>b247d059-12a6-49e7-b385-c71e624b8d51</UUID>
        <DefinitionValueUUID>39af2fe5-8c08-494e-870f-c17c613cd2ac</DefinitionValueUUID>
      </DefinitionValueRelation>
    </ProductValueRange>
  </ProductValueRangeList>
  <DefinitionBusinessObjectContextList>
    <DefinitionBusinessObjectContext name="default-callcenter-callcenter">
      <UUID>6478bf39-e23f-4442-b81c-e6294ee16d2c</UUID>
      <SubclassId>visibilityLevelContext</SubclassId>
      <ValueField>2</ValueField>
    </DefinitionBusinessObjectContext>
    <DefinitionBusinessObjectContext name="default-callcenter-callcenter">
      <UUID>5754967d-7248-46b6-b009-a963d114dfa1</UUID>
      <SubclassId>visibilityLevelContext</SubclassId>
      <ValueField>4</ValueField>
    </DefinitionBusinessObjectContext>
    <DefinitionBusinessObjectContext name="default-callcenter-callcenter">
      <UUID>8716e8a1-19be-45f1-abb8-fc05cc9e9a01</UUID>
      <SubclassId>sortOrderContext</SubclassId>
      <ValueField>100</ValueField>
    </DefinitionBusinessObjectContext>
    <DefinitionBusinessObjectContext name="default-public-anonymous">
      <UUID>89b90beb-9e17-44a6-9fda-bee893624fea</UUID>
      <SubclassId>visibilityLevelContext</SubclassId>
      <ValueField>2</ValueField>
    </DefinitionBusinessObjectContext>
    <DefinitionBusinessObjectContext name="default-public-anonymous">
      <UUID>833a99d3-1807-4ddc-9496-3d5007e49b6a</UUID>
      <SubclassId>visibilityLevelContext</SubclassId>
      <ValueField>4</ValueField>
    </DefinitionBusinessObjectContext>
    <DefinitionBusinessObjectContext name="default-public-anonymous">
      <UUID>10b2ac49-5c28-409e-8a6d-2188e30a80b0</UUID>
      <SubclassId>sortOrderContext</SubclassId>
      <ValueField>100</ValueField>
    </DefinitionBusinessObjectContext>
  </DefinitionBusinessObjectContextList>
  <DefinitionResourceList />
  <AbstractProductBrickList />
  <ProductValueList>
    <ProductValue name="" type="value">
      <UUID>604a060e-dc56-4972-b30f-763648d09fdd</UUID>
      <SortOrder>0</SortOrder>
      <Value />
    </ProductValue>
    <ProductValue name="" type="value">
      <UUID>54ae025c-29ad-4a76-93b3-4e7ef4cea8e2</UUID>
      <SortOrder>0</SortOrder>
      <Value />
    </ProductValue>
    <ProductValue name="Home" type="value">
      <UUID>e601fd66-1650-4c5c-a7b6-b6ac887017f6</UUID>
      <SortOrder>0</SortOrder>
      <Value />
    </ProductValue>
    <ProductValue name="" type="value">
      <UUID>7044a209-c7ff-4d3d-8e71-c4728f5c67a1</UUID>
      <SortOrder>0</SortOrder>
      <Value />
    </ProductValue>
    <ProductValue name="" type="value">
      <UUID>a3408cb7-2cd3-4fea-8ac2-d5e6155fe6d9</UUID>
      <SortOrder>0</SortOrder>
      <Value />
    </ProductValue>
    <ProductValue name="" type="value">
      <UUID>10f12595-c4e1-4e6e-ba18-e1d2d8d21195</UUID>
      <SortOrder>0</SortOrder>
      <Value />
    </ProductValue>
    <ProductValue name="" type="value">
      <UUID>4976f63c-cfe3-4289-8866-e080cf283183</UUID>
      <SortOrder>0</SortOrder>
      <Value />
    </ProductValue>
    <ProductValue name="" type="value">
      <UUID>fd087726-4d08-46fe-94b3-aac000a963f1</UUID>
      <SortOrder>0</SortOrder>
      <Value />
    </ProductValue>
    <ProductValue name="" type="value">
      <UUID>729474a7-cd98-4434-a0b1-fc7261d80c3e</UUID>
      <SortOrder>0</SortOrder>
      <Value />
    </ProductValue>
    <ProductValue name="HomeCreatePolicyQuickQuoteUIDef" type="value">
      <UUID>ba8e76fa-2282-445a-8351-7439c3e80696</UUID>
      <SortOrder>0</SortOrder>
      <Value />
    </ProductValue>
    <ProductValue name="" type="value">
      <UUID>fa216277-edb6-452c-9dff-900995f81c36</UUID>
      <SortOrder>0</SortOrder>
      <Value />
    </ProductValue>
    <ProductValue name="HomeCreatePolicyDetailsUI1" type="value">
      <UUID>139b9889-f4b8-4e59-9bdb-e901e2c391b8</UUID>
      <SortOrder>0</SortOrder>
      <Value />
    </ProductValue>
    <ProductValue name="" type="value">
      <UUID>24a5e1a9-412f-4c4f-a0c1-b57a132839bc</UUID>
      <SortOrder>0</SortOrder>
      <Value />
    </ProductValue>
    <ProductValue name="HomeCreatePolicyConfirmationUI1" type="value">
      <UUID>39af2fe5-8c08-494e-870f-c17c613cd2ac</UUID>
      <SortOrder>0</SortOrder>
      <Value />
    </ProductValue>
  </ProductValueList>
  <ProductPolicyAttribute name="@CurrentProcessObject" visibilityLevel="2" mandatory="false" unit="" format="" numberOfDecimals="0" attributeClass="" type="Reference">
    <UUID>2ce177a5-9e91-4c5f-bdc7-34e006597c11</UUID>
    <SortOrder>99</SortOrder>
    <InputType>Textbox</InputType>
    <DataType>String</DataType>
    <MaxLength>4000</MaxLength>
    <MinLength>0</MinLength>
    <ProductValueRangeRelation>
      <UUID>a064949d-6362-4124-8ad0-5203a05187f4</UUID>
      <SortOrder>99</SortOrder>
      <ProductValueRangeUUID>329a1e3d-057a-47cf-85dd-ad97ba1bcf3f</ProductValueRangeUUID>
    </ProductValueRangeRelation>
    <ProductBackendInfo name="Skye.AttributeAlias">
      <UUID>c1b6515f-ee44-43cc-a546-2f4321f47512</UUID>
      <Info />
    </ProductBackendInfo>
    <ProductBackendInfo name="Skye.Core.DataSecurity">
      <UUID>ceb2d2bc-2cd6-4b35-8a2f-37e7a7046fab</UUID>
      <Info>Standard</Info>
    </ProductBackendInfo>
    <ProductBackendInfo name="Skye.AllowValueSetViaUnencryptedURL">
      <UUID>6d4129b1-52b0-4147-8a09-097690c95726</UUID>
      <Info>False</Info>
    </ProductBackendInfo>
    <ProductBackendInfo name="Skye.Reference.ModelType">
      <UUID>1aadbd16-9c9c-4fac-802f-3e7e787c0b40</UUID>
      <Info>product</Info>
    </ProductBackendInfo>
    <DefinitionValueRelation>
      <DefinitionValueUUID>604a060e-dc56-4972-b30f-763648d09fdd</DefinitionValueUUID>
    </DefinitionValueRelation>
  </ProductPolicyAttribute>
  <ProductPolicyAttribute name="@CurrentProcessStep" visibilityLevel="2" mandatory="false" unit="" format="" numberOfDecimals="0" attributeClass="" type="Standard">
    <UUID>a90629eb-c866-48c5-a306-d088d82989d1</UUID>
    <SortOrder>99</SortOrder>
    <InputType>Textbox</InputType>
    <DataType>String</DataType>
    <MaxLength>4000</MaxLength>
    <MinLength>0</MinLength>
    <ProductBackendInfo name="Skye.AttributeAlias">
      <UUID>87f9ac4a-2019-4766-a993-6e41aa29de79</UUID>
      <Info />
    </ProductBackendInfo>
    <ProductBackendInfo name="Skye.Core.DataSecurity">
      <UUID>72e3aeca-479e-4489-83a7-183e4d9c5152</UUID>
      <Info>Standard</Info>
    </ProductBackendInfo>
    <ProductBackendInfo name="Skye.AllowValueSetViaUnencryptedURL">
      <UUID>efac2aa0-0673-4224-9d20-c1ff639c82bd</UUID>
      <Info>False</Info>
    </ProductBackendInfo>
    <DefinitionValueRelation>
      <DefinitionValueUUID>54ae025c-29ad-4a76-93b3-4e7ef4cea8e2</DefinitionValueUUID>
    </DefinitionValueRelation>
  </ProductPolicyAttribute>
  <ProductTextRelation>
    <UUID>4255ddee-b2f5-460d-a9d0-0277e3e630b6</UUID>
    <ProductTextUUID>de800c85-2096-4c47-b179-dbb63ca4b2cf</ProductTextUUID>
  </ProductTextRelation>
  <ProductBrick name="HomeCreatePolicy:QuickQuote" visibilityLevel="2" brickClass="" isAbstract="false" typeId="0">
    <UUID>0af1073e-f555-47be-96d6-973bd2265d90</UUID>
    <SortOrder>10</SortOrder>
    <MinimumUsage>1</MinimumUsage>
    <MaximumUsage>1</MaximumUsage>
    <InitialUsage>1</InitialUsage>
    <ProductTextRelation>
      <UUID>9a37b9d4-1a50-486c-be15-f9cd15ca195f</UUID>
      <ProductTextUUID>139f61e1-d87b-4902-a492-2973d67106ab</ProductTextUUID>
    </ProductTextRelation>
    <ProductPolicyAttribute name="CreateQuote" visibilityLevel="0" mandatory="false" unit="" format="" numberOfDecimals="0" attributeClass="" type="Action">
      <UUID>e7780efb-c602-459d-8e42-8d2bf80cbfcc</UUID>
      <SortOrder>99</SortOrder>
      <InputType>Textbox</InputType>
      <DataType>String</DataType>
      <MaxLength>4000</MaxLength>
      <MinLength>0</MinLength>
      <ProductTextRelation>
        <UUID>deab7ec7-43dd-4645-8ac6-9c64b420a5bb</UUID>
        <ProductTextUUID>328cc7a8-e160-419e-8cba-c13dc901a432</ProductTextUUID>
      </ProductTextRelation>
      <ProductValueRangeRelation>
        <UUID>27c8dfa4-67bc-4f87-8c07-bf66e7fcb8f4</UUID>
        <SortOrder>99</SortOrder>
        <ProductValueRangeUUID>9cfdfbca-5133-4075-a2b1-ad1006f45f25</ProductValueRangeUUID>
      </ProductValueRangeRelation>
      <ProductBackendInfo name="Skye.AttributeAlias">
        <UUID>3babf666-812f-4341-bc72-913c307627fa</UUID>
        <Info />
      </ProductBackendInfo>
      <ProductBackendInfo name="Skye.Core.DataSecurity">
        <UUID>53b762a0-63c4-43f5-abac-291345cb4628</UUID>
        <Info>Standard</Info>
      </ProductBackendInfo>
      <ProductBackendInfo name="Skye.AllowValueSetViaUnencryptedURL">
        <UUID>9a92439c-f451-44cf-aefa-c2374ae4d616</UUID>
        <Info>False</Info>
      </ProductBackendInfo>
      <ProductBackendInfo name="Skye.ControllerActionName">
        <UUID>76105cb3-7520-433d-907a-43c0ca7ecef4</UUID>
        <Info>CreateQuote</Info>
      </ProductBackendInfo>
      <ProductBackendInfo name="Skye.StyleClass">
        <UUID>3c619803-1faf-4827-b5c6-ed8ce461ec1e</UUID>
        <Info>next</Info>
      </ProductBackendInfo>
      <ProductBackendInfo name="Skye.TransitionProcessStep">
        <UUID>56687d41-6043-434f-a382-c25d4d315ab6</UUID>
        <Info>HomeCreatePolicy:Details</Info>
      </ProductBackendInfo>
      <ProductBackendInfo name="Skye.sendEventWithValidationErrorsAnalytics">
        <UUID>fdc25e3d-b66f-42a7-b87a-6c37fdd382e8</UUID>
        <Info>False</Info>
      </ProductBackendInfo>
      <ProductBackendInfo name="Skye.ValidateOnAction">
        <UUID>fdae7807-fc23-45ca-b2b2-9a343d5be5ed</UUID>
        <Info>True</Info>
      </ProductBackendInfo>
      <ProductBackendInfo name="Skye.UpdateProcessOnAction">
        <UUID>aa631a41-2fb3-4242-ba59-63594c245ade</UUID>
        <Info>True</Info>
      </ProductBackendInfo>
      <ProductBackendInfo name="Skye.ProcessExitPoint">
        <UUID>a2a5d460-2d51-4f3e-a480-42f9263d7060</UUID>
        <Info>False</Info>
      </ProductBackendInfo>
      <ProductBackendInfo name="Skye.PersistOnAction">
        <UUID>bbfd6c43-9d05-4e3f-a15d-3300feed100a</UUID>
        <Info>True</Info>
      </ProductBackendInfo>
      <ProductBackendInfo name="Skye.ActionAttribute.BindInvisibleCaptchaChallenge">
        <UUID>2fb88b16-89c5-49db-b368-73026e6cc642</UUID>
        <Info>False</Info>
      </ProductBackendInfo>
      <DefinitionValueRelation>
        <DefinitionValueUUID>7044a209-c7ff-4d3d-8e71-c4728f5c67a1</DefinitionValueUUID>
      </DefinitionValueRelation>
      <DefinitionBusinessObjectContextRelation>
        <ContextUUID>5754967d-7248-46b6-b009-a963d114dfa1</ContextUUID>
        <DefinitionObjectUUID>e7780efb-c602-459d-8e42-8d2bf80cbfcc</DefinitionObjectUUID>
      </DefinitionBusinessObjectContextRelation>
      <DefinitionBusinessObjectContextRelation>
        <ContextUUID>833a99d3-1807-4ddc-9496-3d5007e49b6a</ContextUUID>
        <DefinitionObjectUUID>e7780efb-c602-459d-8e42-8d2bf80cbfcc</DefinitionObjectUUID>
      </DefinitionBusinessObjectContextRelation>
    </ProductPolicyAttribute>
    <ProductPolicyAttribute name="HomeCreatePolicy:QuickQuoteUIDefRef1" visibilityLevel="0" mandatory="false" unit="" format="" numberOfDecimals="0" attributeClass="" type="DefinitionReference">
      <UUID>51a29d37-e7d5-4b69-8ab2-f2d02c7428a0</UUID>
      <SortOrder>99</SortOrder>
      <InputType>ReferenceAutoComplete</InputType>
      <DataType>String</DataType>
      <MaxLength>4000</MaxLength>
      <MinLength>0</MinLength>
      <ProductValueRangeRelation>
        <UUID>196c288a-17ef-4a6b-97cd-a09bfa12396f</UUID>
        <SortOrder>99</SortOrder>
        <ProductValueRangeUUID>7e6ca34e-3a5c-41c9-b474-5919f09d5498</ProductValueRangeUUID>
      </ProductValueRangeRelation>
      <ProductBackendInfo name="Skye.AttributeAlias">
        <UUID>037edaf8-cfbc-4b79-b420-c3e46e6290ca</UUID>
        <Info />
      </ProductBackendInfo>
      <ProductBackendInfo name="Skye.Core.DataSecurity">
        <UUID>9f7232eb-f8c9-4700-9b69-a273ec99e94f</UUID>
        <Info>Standard</Info>
      </ProductBackendInfo>
      <ProductBackendInfo name="Skye.AllowValueSetViaUnencryptedURL">
        <UUID>89d62031-7649-4d73-a4d6-9e0125e27137</UUID>
        <Info>False</Info>
      </ProductBackendInfo>
      <ProductBackendInfo name="Skye.Reference.ModelType">
        <UUID>927a536f-ee35-4b6f-b5d4-2f8648296b2d</UUID>
        <Info>uidefinition</Info>
      </ProductBackendInfo>
      <DefinitionValueRelation>
        <DefinitionValueUUID>729474a7-cd98-4434-a0b1-fc7261d80c3e</DefinitionValueUUID>
      </DefinitionValueRelation>
      <DefinitionBusinessObjectContextRelation>
        <ContextUUID>6478bf39-e23f-4442-b81c-e6294ee16d2c</ContextUUID>
        <DefinitionObjectUUID>51a29d37-e7d5-4b69-8ab2-f2d02c7428a0</DefinitionObjectUUID>
      </DefinitionBusinessObjectContextRelation>
      <DefinitionBusinessObjectContextRelation>
        <ContextUUID>89b90beb-9e17-44a6-9fda-bee893624fea</ContextUUID>
        <DefinitionObjectUUID>51a29d37-e7d5-4b69-8ab2-f2d02c7428a0</DefinitionObjectUUID>
      </DefinitionBusinessObjectContextRelation>
    </ProductPolicyAttribute>
    <ProductBackendInfo name="Skye.MultibrickType">
      <UUID>1ec9cad6-6bd0-4879-8acf-d33395293d44</UUID>
      <Info />
    </ProductBackendInfo>
    <DefinitionBusinessObjectContextRelation>
      <ContextUUID>6478bf39-e23f-4442-b81c-e6294ee16d2c</ContextUUID>
      <DefinitionObjectUUID>0af1073e-f555-47be-96d6-973bd2265d90</DefinitionObjectUUID>
    </DefinitionBusinessObjectContextRelation>
    <DefinitionBusinessObjectContextRelation>
      <ContextUUID>89b90beb-9e17-44a6-9fda-bee893624fea</ContextUUID>
      <DefinitionObjectUUID>0af1073e-f555-47be-96d6-973bd2265d90</DefinitionObjectUUID>
    </DefinitionBusinessObjectContextRelation>
  </ProductBrick>
  <ProductBrick name="HomeCreatePolicy:Details" visibilityLevel="2" brickClass="" isAbstract="false" typeId="0">
    <UUID>70a5322d-bb2a-4276-ac3a-64ab84ab1e25</UUID>
    <SortOrder>20</SortOrder>
    <MinimumUsage>1</MinimumUsage>
    <MaximumUsage>1</MaximumUsage>
    <InitialUsage>1</InitialUsage>
    <ProductTextRelation>
      <UUID>5cc80849-b110-49df-b9b3-a44e7104a1eb</UUID>
      <ProductTextUUID>986b235d-880c-4cd6-8ed4-593610b07bb1</ProductTextUUID>
    </ProductTextRelation>
    <ProductPolicyAttribute name="Next" visibilityLevel="0" mandatory="false" unit="" format="" numberOfDecimals="0" attributeClass="" type="Action">
      <UUID>df484029-dfb1-4012-aab6-5f5b2ef187a6</UUID>
      <SortOrder>99</SortOrder>
      <InputType>Textbox</InputType>
      <DataType>String</DataType>
      <MaxLength>4000</MaxLength>
      <MinLength>0</MinLength>
      <ProductTextRelation>
        <UUID>30bdbb84-f554-43e6-87e9-9705afcdfe2a</UUID>
        <ProductTextUUID>42a9a8b9-4301-4037-a948-4434c12dd595</ProductTextUUID>
      </ProductTextRelation>
      <ProductValueRangeRelation>
        <UUID>e44ba6d0-ea55-42d3-bd3a-b9077c39c62a</UUID>
        <SortOrder>99</SortOrder>
        <ProductValueRangeUUID>bab6b72f-d36f-449e-8700-7c7d21245a60</ProductValueRangeUUID>
      </ProductValueRangeRelation>
      <ProductBackendInfo name="Skye.AttributeAlias">
        <UUID>8f0f015a-2c44-42f9-9614-4b2e9be75679</UUID>
        <Info />
      </ProductBackendInfo>
      <ProductBackendInfo name="Skye.Core.DataSecurity">
        <UUID>fcbf9106-c20a-4085-a469-5c1f44614a72</UUID>
        <Info>Standard</Info>
      </ProductBackendInfo>
      <ProductBackendInfo name="Skye.AllowValueSetViaUnencryptedURL">
        <UUID>f32df333-3d14-443a-9aca-2182101c4344</UUID>
        <Info>False</Info>
      </ProductBackendInfo>
      <ProductBackendInfo name="Skye.ControllerActionName">
        <UUID>369c17c0-6159-477a-bf92-4b1a9fab583a</UUID>
        <Info>Next</Info>
      </ProductBackendInfo>
      <ProductBackendInfo name="Skye.StyleClass">
        <UUID>b5d32057-7e2d-4fbe-a1a7-9c03d1dcd7b1</UUID>
        <Info>next</Info>
      </ProductBackendInfo>
      <ProductBackendInfo name="Skye.TransitionProcessStep">
        <UUID>feb1e03a-0b76-4f89-8403-28cb8d1bc230</UUID>
        <Info>HomeCreatePolicy:Payment</Info>
      </ProductBackendInfo>
      <ProductBackendInfo name="Skye.sendEventWithValidationErrorsAnalytics">
        <UUID>42dea62d-1c43-4931-ad9a-848536e65d56</UUID>
        <Info>False</Info>
      </ProductBackendInfo>
      <ProductBackendInfo name="Skye.ValidateOnAction">
        <UUID>bf904d8e-6836-4fd5-a0b1-4fa9feda414a</UUID>
        <Info>False</Info>
      </ProductBackendInfo>
      <ProductBackendInfo name="Skye.UpdateProcessOnAction">
        <UUID>fa741b66-b7e8-402e-ae82-00a1d35da892</UUID>
        <Info>True</Info>
      </ProductBackendInfo>
      <ProductBackendInfo name="Skye.ProcessExitPoint">
        <UUID>87f9a6fa-7297-4c3b-87c1-a1a5cfef6082</UUID>
        <Info>False</Info>
      </ProductBackendInfo>
      <ProductBackendInfo name="Skye.PersistOnAction">
        <UUID>c9c633b3-4c26-4aec-8d32-f2a7801fbbe6</UUID>
        <Info>False</Info>
      </ProductBackendInfo>
      <ProductBackendInfo name="Skye.ActionAttribute.BindInvisibleCaptchaChallenge">
        <UUID>09eabb12-55bf-4313-b0f0-5f49d08f59f4</UUID>
        <Info>False</Info>
      </ProductBackendInfo>
      <DefinitionValueRelation>
        <DefinitionValueUUID>a3408cb7-2cd3-4fea-8ac2-d5e6155fe6d9</DefinitionValueUUID>
      </DefinitionValueRelation>
      <DefinitionBusinessObjectContextRelation>
        <ContextUUID>5754967d-7248-46b6-b009-a963d114dfa1</ContextUUID>
        <DefinitionObjectUUID>df484029-dfb1-4012-aab6-5f5b2ef187a6</DefinitionObjectUUID>
      </DefinitionBusinessObjectContextRelation>
      <DefinitionBusinessObjectContextRelation>
        <ContextUUID>833a99d3-1807-4ddc-9496-3d5007e49b6a</ContextUUID>
        <DefinitionObjectUUID>df484029-dfb1-4012-aab6-5f5b2ef187a6</DefinitionObjectUUID>
      </DefinitionBusinessObjectContextRelation>
    </ProductPolicyAttribute>
    <ProductPolicyAttribute name="Back" visibilityLevel="0" mandatory="false" unit="" format="" numberOfDecimals="0" attributeClass="" type="Action">
      <UUID>350445f6-2b8e-4db5-86f0-bc19736bdc7c</UUID>
      <SortOrder>99</SortOrder>
      <InputType>Textbox</InputType>
      <DataType>String</DataType>
      <MaxLength>4000</MaxLength>
      <MinLength>0</MinLength>
      <ProductTextRelation>
        <UUID>9e65b777-84b1-40ca-b180-48899548d935</UUID>
        <ProductTextUUID>39ac479a-41e5-400e-b767-3c1530f1b70c</ProductTextUUID>
      </ProductTextRelation>
      <ProductValueRangeRelation>
        <UUID>2b585032-6116-41f0-be62-072d2f0b9888</UUID>
        <SortOrder>99</SortOrder>
        <ProductValueRangeUUID>2bb60b79-026c-469e-95c5-0ce518e9a94e</ProductValueRangeUUID>
      </ProductValueRangeRelation>
      <ProductBackendInfo name="Skye.AttributeAlias">
        <UUID>656698c1-d899-4dd6-a0a9-79cc18f789f9</UUID>
        <Info />
      </ProductBackendInfo>
      <ProductBackendInfo name="Skye.Core.DataSecurity">
        <UUID>6d251b2c-fc37-4a6d-ae55-236759ca8638</UUID>
        <Info>Standard</Info>
      </ProductBackendInfo>
      <ProductBackendInfo name="Skye.AllowValueSetViaUnencryptedURL">
        <UUID>89954be5-4860-4327-87e8-10e0ab6f11d2</UUID>
        <Info>False</Info>
      </ProductBackendInfo>
      <ProductBackendInfo name="Skye.ControllerActionName">
        <UUID>7c71ddb6-4d09-4504-b5cc-c5fe29cd1351</UUID>
        <Info>Back</Info>
      </ProductBackendInfo>
      <ProductBackendInfo name="Skye.StyleClass">
        <UUID>57bef847-f072-4edb-bba4-99d74e2f51ef</UUID>
        <Info>back</Info>
      </ProductBackendInfo>
      <ProductBackendInfo name="Skye.TransitionProcessStep">
        <UUID>074a731d-a9c6-4d1b-9ab4-71ee9eb3deca</UUID>
        <Info>HomeCreatePolicy:QuickQuote</Info>
      </ProductBackendInfo>
      <ProductBackendInfo name="Skye.sendEventWithValidationErrorsAnalytics">
        <UUID>65a694f5-726b-44a5-a482-030cfd0b40e0</UUID>
        <Info>False</Info>
      </ProductBackendInfo>
      <ProductBackendInfo name="Skye.ValidateOnAction">
        <UUID>b139d24d-15ee-4fd0-89bd-caa810c57e47</UUID>
        <Info>False</Info>
      </ProductBackendInfo>
      <ProductBackendInfo name="Skye.UpdateProcessOnAction">
        <UUID>62d714a0-a789-45f1-959b-ab307063885e</UUID>
        <Info>True</Info>
      </ProductBackendInfo>
      <ProductBackendInfo name="Skye.ProcessExitPoint">
        <UUID>c19a1be9-4faf-4bc9-b87f-4cd43366abc1</UUID>
        <Info>False</Info>
      </ProductBackendInfo>
      <ProductBackendInfo name="Skye.PersistOnAction">
        <UUID>8a86082a-f7bc-424b-8c51-04723441bbdd</UUID>
        <Info>False</Info>
      </ProductBackendInfo>
      <ProductBackendInfo name="Skye.ActionAttribute.BindInvisibleCaptchaChallenge">
        <UUID>6bb025b2-b275-4fee-89ff-3c3429cdaa92</UUID>
        <Info>False</Info>
      </ProductBackendInfo>
      <DefinitionValueRelation>
        <DefinitionValueUUID>10f12595-c4e1-4e6e-ba18-e1d2d8d21195</DefinitionValueUUID>
      </DefinitionValueRelation>
      <DefinitionBusinessObjectContextRelation>
        <ContextUUID>5754967d-7248-46b6-b009-a963d114dfa1</ContextUUID>
        <DefinitionObjectUUID>350445f6-2b8e-4db5-86f0-bc19736bdc7c</DefinitionObjectUUID>
      </DefinitionBusinessObjectContextRelation>
      <DefinitionBusinessObjectContextRelation>
        <ContextUUID>833a99d3-1807-4ddc-9496-3d5007e49b6a</ContextUUID>
        <DefinitionObjectUUID>350445f6-2b8e-4db5-86f0-bc19736bdc7c</DefinitionObjectUUID>
      </DefinitionBusinessObjectContextRelation>
    </ProductPolicyAttribute>
    <ProductPolicyAttribute name="HomeCreatePolicy:DetailsUIDefRef1" visibilityLevel="0" mandatory="false" unit="" format="" numberOfDecimals="0" attributeClass="" type="DefinitionReference">
      <UUID>0e1f1d3f-f355-43ea-841e-3c2333621b34</UUID>
      <SortOrder>99</SortOrder>
      <InputType>ReferenceAutoComplete</InputType>
      <DataType>String</DataType>
      <MaxLength>4000</MaxLength>
      <MinLength>0</MinLength>
      <ProductValueRangeRelation>
        <UUID>56fae85b-11dd-43c1-ab7d-23e37c3e68e9</UUID>
        <SortOrder>99</SortOrder>
        <ProductValueRangeUUID>73657a03-1fe0-4943-a49a-1ec2fe93900f</ProductValueRangeUUID>
      </ProductValueRangeRelation>
      <ProductBackendInfo name="Skye.AttributeAlias">
        <UUID>30bbbcdc-8b65-429b-bcf0-784aa4a5771c</UUID>
        <Info />
      </ProductBackendInfo>
      <ProductBackendInfo name="Skye.Core.DataSecurity">
        <UUID>a4155b5a-2895-4227-af86-6e00345b992b</UUID>
        <Info>Standard</Info>
      </ProductBackendInfo>
      <ProductBackendInfo name="Skye.AllowValueSetViaUnencryptedURL">
        <UUID>9c310bd2-616f-40ce-bd72-1547c3caa7f3</UUID>
        <Info>False</Info>
      </ProductBackendInfo>
      <ProductBackendInfo name="Skye.Reference.ModelType">
        <UUID>604b62fa-4ca2-499b-9c0c-a9c1afe3d20f</UUID>
        <Info>uidefinition</Info>
      </ProductBackendInfo>
      <DefinitionValueRelation>
        <DefinitionValueUUID>fa216277-edb6-452c-9dff-900995f81c36</DefinitionValueUUID>
      </DefinitionValueRelation>
      <DefinitionBusinessObjectContextRelation>
        <ContextUUID>6478bf39-e23f-4442-b81c-e6294ee16d2c</ContextUUID>
        <DefinitionObjectUUID>0e1f1d3f-f355-43ea-841e-3c2333621b34</DefinitionObjectUUID>
      </DefinitionBusinessObjectContextRelation>
      <DefinitionBusinessObjectContextRelation>
        <ContextUUID>89b90beb-9e17-44a6-9fda-bee893624fea</ContextUUID>
        <DefinitionObjectUUID>0e1f1d3f-f355-43ea-841e-3c2333621b34</DefinitionObjectUUID>
      </DefinitionBusinessObjectContextRelation>
    </ProductPolicyAttribute>
    <ProductBackendInfo name="Skye.MultibrickType">
      <UUID>b012f90a-35e9-41d6-8e61-a156ef18001f</UUID>
      <Info />
    </ProductBackendInfo>
    <DefinitionBusinessObjectContextRelation>
      <ContextUUID>6478bf39-e23f-4442-b81c-e6294ee16d2c</ContextUUID>
      <DefinitionObjectUUID>70a5322d-bb2a-4276-ac3a-64ab84ab1e25</DefinitionObjectUUID>
    </DefinitionBusinessObjectContextRelation>
    <DefinitionBusinessObjectContextRelation>
      <ContextUUID>89b90beb-9e17-44a6-9fda-bee893624fea</ContextUUID>
      <DefinitionObjectUUID>70a5322d-bb2a-4276-ac3a-64ab84ab1e25</DefinitionObjectUUID>
    </DefinitionBusinessObjectContextRelation>
  </ProductBrick>
  <ProductBrick name="HomeCreatePolicy:Payment" visibilityLevel="2" brickClass="" isAbstract="false" typeId="0">
    <UUID>701e552d-2224-4a5d-a6c0-07e476af8717</UUID>
    <SortOrder>30</SortOrder>
    <MinimumUsage>1</MinimumUsage>
    <MaximumUsage>1</MaximumUsage>
    <InitialUsage>1</InitialUsage>
    <ProductTextRelation>
      <UUID>19e3b201-2625-45a9-93c9-a33edb22c948</UUID>
      <ProductTextUUID>48c3dea4-e983-4598-832d-efc256cdac9a</ProductTextUUID>
    </ProductTextRelation>
    <ProductPolicyAttribute name="Next" visibilityLevel="0" mandatory="false" unit="" format="" numberOfDecimals="0" attributeClass="" type="Action">
      <UUID>358ea987-b3d6-4199-91fa-e0a9c45d1dbb</UUID>
      <SortOrder>99</SortOrder>
      <InputType>Textbox</InputType>
      <DataType>String</DataType>
      <MaxLength>4000</MaxLength>
      <MinLength>0</MinLength>
      <ProductTextRelation>
        <UUID>e31d9705-c4d0-4c24-b806-14f3d07ec42b</UUID>
        <ProductTextUUID>fdcb1eda-29ce-4135-b0ae-6b37452e152c</ProductTextUUID>
      </ProductTextRelation>
      <ProductValueRangeRelation>
        <UUID>d4479e19-2ef4-49a5-8b35-beb9b01f4981</UUID>
        <SortOrder>99</SortOrder>
        <ProductValueRangeUUID>4ac02772-5193-4a40-9526-817bc03ff886</ProductValueRangeUUID>
      </ProductValueRangeRelation>
      <ProductBackendInfo name="Skye.AttributeAlias">
        <UUID>cf6c6fd0-7870-4816-9be6-7e55aa55ef99</UUID>
        <Info />
      </ProductBackendInfo>
      <ProductBackendInfo name="Skye.Core.DataSecurity">
        <UUID>d159c606-d5b5-4e60-97c2-7fcf33cabf28</UUID>
        <Info>Standard</Info>
      </ProductBackendInfo>
      <ProductBackendInfo name="Skye.AllowValueSetViaUnencryptedURL">
        <UUID>cafafa27-a86b-49c4-b128-be93f0c4e649</UUID>
        <Info>False</Info>
      </ProductBackendInfo>
      <ProductBackendInfo name="Skye.ControllerActionName">
        <UUID>13ff5ae7-8886-4916-b649-e7b98300d788</UUID>
        <Info>Next</Info>
      </ProductBackendInfo>
      <ProductBackendInfo name="Skye.StyleClass">
        <UUID>3d659c30-3e21-4842-ba09-8bc8de2f9ab6</UUID>
        <Info>next</Info>
      </ProductBackendInfo>
      <ProductBackendInfo name="Skye.TransitionProcessStep">
        <UUID>e08a831d-9bdf-4104-9ed2-39f26c9c92dd</UUID>
        <Info>HomeCreatePolicy:Confirmation</Info>
      </ProductBackendInfo>
      <ProductBackendInfo name="Skye.sendEventWithValidationErrorsAnalytics">
        <UUID>fe9099c5-77c1-4e36-8430-ed5895e93c51</UUID>
        <Info>False</Info>
      </ProductBackendInfo>
      <ProductBackendInfo name="Skye.ValidateOnAction">
        <UUID>943b7b27-1b93-4843-9e09-67331c657828</UUID>
        <Info>False</Info>
      </ProductBackendInfo>
      <ProductBackendInfo name="Skye.UpdateProcessOnAction">
        <UUID>1af9e0cb-2fd9-4345-b479-63787e03fca4</UUID>
        <Info>True</Info>
      </ProductBackendInfo>
      <ProductBackendInfo name="Skye.ProcessExitPoint">
        <UUID>ff588947-99fb-4408-a3e4-0edb9b2aabdd</UUID>
        <Info>False</Info>
      </ProductBackendInfo>
      <ProductBackendInfo name="Skye.PersistOnAction">
        <UUID>0865c7f6-9dd8-442c-b353-cbab3d117f94</UUID>
        <Info>False</Info>
      </ProductBackendInfo>
      <ProductBackendInfo name="Skye.ActionAttribute.BindInvisibleCaptchaChallenge">
        <UUID>72640ea1-18b8-40c3-98c0-28c6e7e3c426</UUID>
        <Info>False</Info>
      </ProductBackendInfo>
      <DefinitionValueRelation>
        <DefinitionValueUUID>4976f63c-cfe3-4289-8866-e080cf283183</DefinitionValueUUID>
      </DefinitionValueRelation>
      <DefinitionBusinessObjectContextRelation>
        <ContextUUID>5754967d-7248-46b6-b009-a963d114dfa1</ContextUUID>
        <DefinitionObjectUUID>358ea987-b3d6-4199-91fa-e0a9c45d1dbb</DefinitionObjectUUID>
      </DefinitionBusinessObjectContextRelation>
      <DefinitionBusinessObjectContextRelation>
        <ContextUUID>833a99d3-1807-4ddc-9496-3d5007e49b6a</ContextUUID>
        <DefinitionObjectUUID>358ea987-b3d6-4199-91fa-e0a9c45d1dbb</DefinitionObjectUUID>
      </DefinitionBusinessObjectContextRelation>
    </ProductPolicyAttribute>
    <ProductPolicyAttribute name="Back" visibilityLevel="0" mandatory="false" unit="" format="" numberOfDecimals="0" attributeClass="" type="Action">
      <UUID>0566d5b0-c142-4a5d-a96d-ade412bce556</UUID>
      <SortOrder>99</SortOrder>
      <InputType>Textbox</InputType>
      <DataType>String</DataType>
      <MaxLength>4000</MaxLength>
      <MinLength>0</MinLength>
      <ProductTextRelation>
        <UUID>758cb672-4f36-4dbc-9f86-91abe51a71d4</UUID>
        <ProductTextUUID>911d54d7-f0bf-4e59-bcee-0101dac48043</ProductTextUUID>
      </ProductTextRelation>
      <ProductValueRangeRelation>
        <UUID>ac6bab34-137d-487c-8a00-d24448d2741c</UUID>
        <SortOrder>99</SortOrder>
        <ProductValueRangeUUID>fd5e501b-2601-4a75-9068-74412e561ea3</ProductValueRangeUUID>
      </ProductValueRangeRelation>
      <ProductBackendInfo name="Skye.AttributeAlias">
        <UUID>5004cae5-a514-4072-b82f-23359756bd29</UUID>
        <Info />
      </ProductBackendInfo>
      <ProductBackendInfo name="Skye.Core.DataSecurity">
        <UUID>3430cf6f-ba36-4d63-b920-adcded8667a2</UUID>
        <Info>Standard</Info>
      </ProductBackendInfo>
      <ProductBackendInfo name="Skye.AllowValueSetViaUnencryptedURL">
        <UUID>48f4e231-18e2-4fc2-8b57-91eba5e79ef9</UUID>
        <Info>False</Info>
      </ProductBackendInfo>
      <ProductBackendInfo name="Skye.ControllerActionName">
        <UUID>b54d7212-8533-4a79-acbb-86c796c08580</UUID>
        <Info>Back</Info>
      </ProductBackendInfo>
      <ProductBackendInfo name="Skye.StyleClass">
        <UUID>bc6f35a1-7fd8-44c8-99f4-bbd0c84e5eae</UUID>
        <Info>back</Info>
      </ProductBackendInfo>
      <ProductBackendInfo name="Skye.TransitionProcessStep">
        <UUID>75cca510-f4ec-46bd-aec6-e2047a42befa</UUID>
        <Info>HomeCreatePolicy:Details</Info>
      </ProductBackendInfo>
      <ProductBackendInfo name="Skye.sendEventWithValidationErrorsAnalytics">
        <UUID>5bb18c7d-4255-4f60-bbf4-2a5ba1b7372a</UUID>
        <Info>False</Info>
      </ProductBackendInfo>
      <ProductBackendInfo name="Skye.ValidateOnAction">
        <UUID>6e949c0b-129b-4380-8700-631ad8e16254</UUID>
        <Info>False</Info>
      </ProductBackendInfo>
      <ProductBackendInfo name="Skye.UpdateProcessOnAction">
        <UUID>30a18340-8fd1-4031-8f45-7ae8fe21400f</UUID>
        <Info>True</Info>
      </ProductBackendInfo>
      <ProductBackendInfo name="Skye.ProcessExitPoint">
        <UUID>8e9e8296-2140-469f-a505-ebe00326e703</UUID>
        <Info>False</Info>
      </ProductBackendInfo>
      <ProductBackendInfo name="Skye.PersistOnAction">
        <UUID>9c652dd4-1fb1-4aef-babf-66764402b206</UUID>
        <Info>False</Info>
      </ProductBackendInfo>
      <ProductBackendInfo name="Skye.ActionAttribute.BindInvisibleCaptchaChallenge">
        <UUID>db7b4320-2bc0-4f43-a98f-09a7b66e5bb3</UUID>
        <Info>False</Info>
      </ProductBackendInfo>
      <DefinitionValueRelation>
        <DefinitionValueUUID>fd087726-4d08-46fe-94b3-aac000a963f1</DefinitionValueUUID>
      </DefinitionValueRelation>
      <DefinitionBusinessObjectContextRelation>
        <ContextUUID>5754967d-7248-46b6-b009-a963d114dfa1</ContextUUID>
        <DefinitionObjectUUID>0566d5b0-c142-4a5d-a96d-ade412bce556</DefinitionObjectUUID>
      </DefinitionBusinessObjectContextRelation>
      <DefinitionBusinessObjectContextRelation>
        <ContextUUID>8716e8a1-19be-45f1-abb8-fc05cc9e9a01</ContextUUID>
        <DefinitionObjectUUID>0566d5b0-c142-4a5d-a96d-ade412bce556</DefinitionObjectUUID>
      </DefinitionBusinessObjectContextRelation>
      <DefinitionBusinessObjectContextRelation>
        <ContextUUID>833a99d3-1807-4ddc-9496-3d5007e49b6a</ContextUUID>
        <DefinitionObjectUUID>0566d5b0-c142-4a5d-a96d-ade412bce556</DefinitionObjectUUID>
      </DefinitionBusinessObjectContextRelation>
      <DefinitionBusinessObjectContextRelation>
        <ContextUUID>10b2ac49-5c28-409e-8a6d-2188e30a80b0</ContextUUID>
        <DefinitionObjectUUID>0566d5b0-c142-4a5d-a96d-ade412bce556</DefinitionObjectUUID>
      </DefinitionBusinessObjectContextRelation>
    </ProductPolicyAttribute>
    <ProductBackendInfo name="Skye.MultibrickType">
      <UUID>8ca415d7-154b-4a01-a8a6-21577be32cff</UUID>
      <Info />
    </ProductBackendInfo>
  </ProductBrick>
  <ProductBrick name="HomeCreatePolicy:Confirmation" visibilityLevel="2" brickClass="" isAbstract="false" typeId="0">
    <UUID>67f8b4b2-4901-4443-a187-5612a490f825</UUID>
    <SortOrder>40</SortOrder>
    <MinimumUsage>1</MinimumUsage>
    <MaximumUsage>1</MaximumUsage>
    <InitialUsage>1</InitialUsage>
    <ProductTextRelation>
      <UUID>d852f0c1-69d5-4cf9-9bf8-b37baf78007c</UUID>
      <ProductTextUUID>2697d39f-7a32-4c39-b0ac-72b22ab02dfa</ProductTextUUID>
    </ProductTextRelation>
    <ProductPolicyAttribute name="HomeCreatePolicy:ConfirmationUIDefRef1" visibilityLevel="0" mandatory="false" unit="" format="" numberOfDecimals="0" attributeClass="" type="DefinitionReference">
      <UUID>14b48637-30b2-4bc5-9696-04cc86ce76ff</UUID>
      <SortOrder>99</SortOrder>
      <InputType>ReferenceAutoComplete</InputType>
      <DataType>String</DataType>
      <MaxLength>4000</MaxLength>
      <MinLength>0</MinLength>
      <ProductValueRangeRelation>
        <UUID>216b2c3d-057f-4449-a856-45f8cdf5a3b4</UUID>
        <SortOrder>99</SortOrder>
        <ProductValueRangeUUID>02fbea7c-77fa-4aa5-81d9-f3d643e60328</ProductValueRangeUUID>
      </ProductValueRangeRelation>
      <ProductBackendInfo name="Skye.AttributeAlias">
        <UUID>e7d21a9e-173c-4654-bb59-ca034e49bcd7</UUID>
        <Info />
      </ProductBackendInfo>
      <ProductBackendInfo name="Skye.Core.DataSecurity">
        <UUID>5b4da985-d3b8-4980-8347-b6f1ba5c61e9</UUID>
        <Info>Standard</Info>
      </ProductBackendInfo>
      <ProductBackendInfo name="Skye.AllowValueSetViaUnencryptedURL">
        <UUID>2f974825-8c1c-4b0d-8f48-6b31ee491138</UUID>
        <Info>False</Info>
      </ProductBackendInfo>
      <ProductBackendInfo name="Skye.Reference.ModelType">
        <UUID>720f8456-9e91-4e74-9e36-5f9e3ad70a54</UUID>
        <Info>uidefinition</Info>
      </ProductBackendInfo>
      <DefinitionValueRelation>
        <DefinitionValueUUID>24a5e1a9-412f-4c4f-a0c1-b57a132839bc</DefinitionValueUUID>
      </DefinitionValueRelation>
      <DefinitionBusinessObjectContextRelation>
        <ContextUUID>5754967d-7248-46b6-b009-a963d114dfa1</ContextUUID>
        <DefinitionObjectUUID>14b48637-30b2-4bc5-9696-04cc86ce76ff</DefinitionObjectUUID>
      </DefinitionBusinessObjectContextRelation>
      <DefinitionBusinessObjectContextRelation>
        <ContextUUID>833a99d3-1807-4ddc-9496-3d5007e49b6a</ContextUUID>
        <DefinitionObjectUUID>14b48637-30b2-4bc5-9696-04cc86ce76ff</DefinitionObjectUUID>
      </DefinitionBusinessObjectContextRelation>
    </ProductPolicyAttribute>
    <ProductBackendInfo name="Skye.MultibrickType">
      <UUID>4ca393f5-8697-4a42-83a8-5a15548c8921</UUID>
      <Info />
    </ProductBackendInfo>
  </ProductBrick>
  <DefinitionDependentLists>
    <DefinitionDependencyDefaultValueList />
    <DefinitionDependencyValueRangeList />
    <DefinitionDependencyVisibilityList />
    <DefinitionDependencyMandatoryList />
    <DefinitionDependencyToDependencyList />
    <DefinitionDependencyValueRangeFilterValuesList />
    <DefinitionDependencyDataSourceAttributeList />
  </DefinitionDependentLists>
</Product>