﻿<?xml version="1.0" encoding="utf-8"?>
<Product xmlns:xsd="http://www.w3.org/2001/XMLSchema" xmlns:xsi="http://www.w3.org/2001/XMLSchema-instance" name="HomeCreatePolicyPublicQuickQuoteUIDef" lastChanged="2020-05-15T14:47:22.4107191Z" implementationClass="" modelType="uidefinition" subModelType="ProcessLayout" skyeEditorVersion="7.26.1.50">
  <UUID>0e8e28cf-be3f-48ba-a54a-f8f533347f2e</UUID>
  <BusinessUnit> </BusinessUnit>
  <Section> </Section>
  <ProductTextList>
    <ProductText name="header" language="en" country="US">
      <UUID>ffe9cf63-0927-4032-971f-34ad1e8e061d</UUID>
      <Text>Basic information</Text>
    </ProductText>
    <ProductText name="header" language="en" country="US">
      <UUID>94e290a7-fb9b-4ae9-9649-49d92b3abb4b</UUID>
      <Text>Contact information</Text>
    </ProductText>
  </ProductTextList>
  <ProductValueRangeList />
  <DefinitionBusinessObjectContextList />
  <DefinitionResourceList />
  <ProductValueList>
    <ProductValue name="" type="value">
      <UUID>219b449c-a824-440c-a2c2-93a1dc32fe27</UUID>
      <SortOrder>0</SortOrder>
      <Value />
    </ProductValue>
    <ProductValue name="" type="value">
      <UUID>ab2e9fe2-b769-4190-801a-e23492ee3cc0</UUID>
      <SortOrder>0</SortOrder>
      <Value />
    </ProductValue>
    <ProductValue name="" type="value">
      <UUID>2919a2d1-8ac7-46a2-a5b8-f2dd800152df</UUID>
      <SortOrder>0</SortOrder>
      <Value />
    </ProductValue>
    <ProductValue name="" type="value">
      <UUID>29086e98-a039-4778-a10c-f01f9dd154ad</UUID>
      <SortOrder>0</SortOrder>
      <Value />
    </ProductValue>
    <ProductValue name="" type="value">
      <UUID>969056d0-5021-427b-91ce-8defc7b5ac19</UUID>
      <SortOrder>0</SortOrder>
      <Value />
    </ProductValue>
    <ProductValue name="" type="value">
      <UUID>70617821-b38d-4184-95fa-d2948b5452c5</UUID>
      <SortOrder>0</SortOrder>
      <Value />
    </ProductValue>
    <ProductValue name="" type="value">
      <UUID>2462fc36-6144-482a-aefe-9b662fbcbd81</UUID>
      <SortOrder>0</SortOrder>
      <Value />
    </ProductValue>
    <ProductValue name="" type="value">
      <UUID>eb972a50-71ce-4cc7-9752-ba4257502a2f</UUID>
      <SortOrder>0</SortOrder>
      <Value />
    </ProductValue>
    <ProductValue name="" type="value">
      <UUID>e7c4dde3-64fb-4295-9848-f6735be1a82d</UUID>
      <SortOrder>0</SortOrder>
      <Value />
    </ProductValue>
    <ProductValue name="" type="value">
      <UUID>95e51234-9241-4f28-9fcb-82f660da8e5b</UUID>
      <SortOrder>0</SortOrder>
      <Value />
    </ProductValue>
  </ProductValueList>
  <ProductBrick name="NoStyleGroup" visibilityLevel="3" brickClass="" isAbstract="false" typeId="0">
    <UUID>c2b0ecd0-b62d-4db6-abdd-51143f18d3b1</UUID>
    <SortOrder>10</SortOrder>
    <MinimumUsage>1</MinimumUsage>
    <MaximumUsage>1</MaximumUsage>
    <InitialUsage>1</InitialUsage>
    <ProductBrick name="BasicInfo" visibilityLevel="3" brickClass="" isAbstract="false" typeId="0">
      <UUID>c9a690cd-4f8b-4221-91ea-4f4c1975e6d3</UUID>
      <SortOrder>10</SortOrder>
      <MinimumUsage>1</MinimumUsage>
      <MaximumUsage>1</MaximumUsage>
      <InitialUsage>1</InitialUsage>
      <ProductTextRelation>
        <UUID>7f6e3159-491b-4cd6-9409-a50f326548ea</UUID>
        <ProductTextUUID>ffe9cf63-0927-4032-971f-34ad1e8e061d</ProductTextUUID>
      </ProductTextRelation>
      <ProductPolicyAttribute name="firstName" visibilityLevel="0" mandatory="false" unit="" format="" numberOfDecimals="0" attributeClass="" type="UI">
        <UUID>7336ae33-5086-415c-9b6a-bd05b67498cf</UUID>
        <SortOrder>99</SortOrder>
        <InputType>Textbox</InputType>
        <DataType>String</DataType>
        <MaxLength>4000</MaxLength>
        <MinLength>0</MinLength>
        <ProductBackendInfo name="Skye.AttributeAlias">
          <UUID>f30f75f8-0684-4309-9111-33f1f8e2a54e</UUID>
          <Info />
        </ProductBackendInfo>
        <ProductBackendInfo name="Skye.Core.DataSecurity">
          <UUID>c6ad5120-8da3-4f54-9ba1-ce462c559d7f</UUID>
          <Info>Standard</Info>
        </ProductBackendInfo>
        <ProductBackendInfo name="Skye.AllowValueSetViaUnencryptedURL">
          <UUID>d2a20f23-a677-48b8-970e-e040ab9723ed</UUID>
          <Info>False</Info>
        </ProductBackendInfo>
        <ProductBackendInfo name="Skye.UIAttribute.ReferencedModel">
          <UUID>ebd231a2-5d21-45ce-9c69-ac95a1ad182d</UUID>
          <Info>Home</Info>
        </ProductBackendInfo>
        <ProductBackendInfo name="Skye.UIAttribute.ReferencedAttribute">
          <UUID>2c04308b-c5de-4f1b-ad2c-61b49426ebfa</UUID>
          <Info>Customer.firstName</Info>
        </ProductBackendInfo>
        <DefinitionValueRelation>
          <DefinitionValueUUID>219b449c-a824-440c-a2c2-93a1dc32fe27</DefinitionValueUUID>
        </DefinitionValueRelation>
      </ProductPolicyAttribute>
      <ProductPolicyAttribute name="lastName" visibilityLevel="0" mandatory="false" unit="" format="" numberOfDecimals="0" attributeClass="" type="UI">
        <UUID>404a9baf-7ccd-4860-b304-dc877e0df138</UUID>
        <SortOrder>99</SortOrder>
        <InputType>Textbox</InputType>
        <DataType>String</DataType>
        <MaxLength>4000</MaxLength>
        <MinLength>0</MinLength>
        <ProductBackendInfo name="Skye.AttributeAlias">
          <UUID>3400cdc6-e9fe-47e0-b061-27e7778fe08a</UUID>
          <Info />
        </ProductBackendInfo>
        <ProductBackendInfo name="Skye.Core.DataSecurity">
          <UUID>87232e66-cb07-4a3a-a541-141b6f3c682f</UUID>
          <Info>Standard</Info>
        </ProductBackendInfo>
        <ProductBackendInfo name="Skye.AllowValueSetViaUnencryptedURL">
          <UUID>0ae6c812-8444-42d2-84eb-10c4e34db996</UUID>
          <Info>False</Info>
        </ProductBackendInfo>
        <ProductBackendInfo name="Skye.UIAttribute.ReferencedModel">
          <UUID>b1f045ea-8093-4d9f-8a2d-d53d8cb9ec61</UUID>
          <Info>Home</Info>
        </ProductBackendInfo>
        <ProductBackendInfo name="Skye.UIAttribute.ReferencedAttribute">
          <UUID>ec0d3bcb-179c-45f7-a952-418c71b3a0e5</UUID>
          <Info>Customer.lastName</Info>
        </ProductBackendInfo>
        <DefinitionValueRelation>
          <DefinitionValueUUID>ab2e9fe2-b769-4190-801a-e23492ee3cc0</DefinitionValueUUID>
        </DefinitionValueRelation>
      </ProductPolicyAttribute>
      <ProductPolicyAttribute name="fullName" visibilityLevel="0" mandatory="false" unit="" format="" numberOfDecimals="0" attributeClass="" type="UI">
        <UUID>e3c9416b-17ee-4084-ad64-34e3f26fe11e</UUID>
        <SortOrder>99</SortOrder>
        <InputType>Textbox</InputType>
        <DataType>String</DataType>
        <MaxLength>4000</MaxLength>
        <MinLength>0</MinLength>
        <ProductBackendInfo name="Skye.AttributeAlias">
          <UUID>cf5c81cf-48db-4158-82a2-8e42e07b9eed</UUID>
          <Info />
        </ProductBackendInfo>
        <ProductBackendInfo name="Skye.Core.DataSecurity">
          <UUID>b4704d28-156b-4384-a7b6-6378bf9183d7</UUID>
          <Info>Standard</Info>
        </ProductBackendInfo>
        <ProductBackendInfo name="Skye.AllowValueSetViaUnencryptedURL">
          <UUID>bffc851d-9c20-4400-899d-9e12179cf724</UUID>
          <Info>False</Info>
        </ProductBackendInfo>
        <ProductBackendInfo name="Skye.UIAttribute.ReferencedModel">
          <UUID>096d89ad-624c-4cfd-9aac-c697104666e6</UUID>
          <Info>Home</Info>
        </ProductBackendInfo>
        <ProductBackendInfo name="Skye.UIAttribute.ReferencedAttribute">
          <UUID>5dafcfee-b2ba-49a4-8135-67a0a21e5479</UUID>
          <Info>Customer.fullName</Info>
        </ProductBackendInfo>
        <DefinitionValueRelation>
          <DefinitionValueUUID>2919a2d1-8ac7-46a2-a5b8-f2dd800152df</DefinitionValueUUID>
        </DefinitionValueRelation>
      </ProductPolicyAttribute>
      <ProductPolicyAttribute name="dateOfBirth" visibilityLevel="0" mandatory="false" unit="" format="" numberOfDecimals="0" attributeClass="" type="UI">
        <UUID>d90b1924-4ef5-4e96-aa1b-86b114f6d15a</UUID>
        <SortOrder>99</SortOrder>
        <InputType>Textbox</InputType>
        <DataType>String</DataType>
        <MaxLength>4000</MaxLength>
        <MinLength>0</MinLength>
        <ProductBackendInfo name="Skye.AttributeAlias">
          <UUID>fa70b810-13e3-4607-84c7-82649fee4b97</UUID>
          <Info />
        </ProductBackendInfo>
        <ProductBackendInfo name="Skye.Core.DataSecurity">
          <UUID>65dd158a-7d63-4ade-8918-2aa01236b375</UUID>
          <Info>Standard</Info>
        </ProductBackendInfo>
        <ProductBackendInfo name="Skye.AllowValueSetViaUnencryptedURL">
          <UUID>4a0d03cf-afc2-4502-be08-44de1a9d6178</UUID>
          <Info>False</Info>
        </ProductBackendInfo>
        <ProductBackendInfo name="Skye.UIAttribute.ReferencedModel">
          <UUID>15aa0c78-37f7-430d-93ea-cb767e51048f</UUID>
          <Info>Home</Info>
        </ProductBackendInfo>
        <ProductBackendInfo name="Skye.UIAttribute.ReferencedAttribute">
          <UUID>0f1c3c82-a56b-4df7-ade4-d24bd9cf015e</UUID>
          <Info>Customer.dateOfBirth</Info>
        </ProductBackendInfo>
        <DefinitionValueRelation>
          <DefinitionValueUUID>29086e98-a039-4778-a10c-f01f9dd154ad</DefinitionValueUUID>
        </DefinitionValueRelation>
      </ProductPolicyAttribute>
      <ProductBackendInfo name="Skye.NumberOfColumns">
        <UUID>0082c87a-9cd1-423c-8867-350da2ad710b</UUID>
        <Info>2</Info>
      </ProductBackendInfo>
      <ProductBackendInfo name="Skye.DisplayControlWithEmptyContent">
        <UUID>fe7c7d89-aff8-4993-b6e9-822060281725</UUID>
        <Info>False</Info>
      </ProductBackendInfo>
      <ProductBackendInfo name="Skye.StyleClass">
        <UUID>031b7328-1409-4d38-aabb-f4ddab6d47ce</UUID>
        <Info />
      </ProductBackendInfo>
      <ProductBackendInfo name="Skye.WidthPercentage">
        <UUID>9d389477-914c-44cb-8a2a-648fee2a3e58</UUID>
        <Info />
      </ProductBackendInfo>
      <ProductBackendInfo name="Skye.MaxWidthInPixels">
        <UUID>72ab9135-9498-4af7-a39f-c661949936d3</UUID>
        <Info />
      </ProductBackendInfo>
      <ProductBackendInfo name="Skye.MinWidthInPixels">
        <UUID>ebd2df6d-2e6b-4e21-8ef8-89d3f340dab7</UUID>
        <Info />
      </ProductBackendInfo>
      <ProductBackendInfo name="Skye.MultibrickType">
        <UUID>a01fef49-e5cb-41a4-a951-c9c7a86d7c4c</UUID>
        <Info />
      </ProductBackendInfo>
    </ProductBrick>
    <ProductBrick name="ContactInfo" visibilityLevel="3" brickClass="" isAbstract="false" typeId="0">
      <UUID>b868e50d-0c18-4e0a-8102-884e86425bea</UUID>
      <SortOrder>20</SortOrder>
      <MinimumUsage>1</MinimumUsage>
      <MaximumUsage>1</MaximumUsage>
      <InitialUsage>1</InitialUsage>
      <ProductTextRelation>
        <UUID>5beb1fed-89b5-4d23-9822-f6d673497393</UUID>
        <ProductTextUUID>94e290a7-fb9b-4ae9-9649-49d92b3abb4b</ProductTextUUID>
      </ProductTextRelation>
      <ProductPolicyAttribute name="country" visibilityLevel="0" mandatory="false" unit="" format="" numberOfDecimals="0" attributeClass="" type="UI">
        <UUID>836c6be3-cfa0-4330-97ee-45e6cafb724d</UUID>
        <SortOrder>99</SortOrder>
        <InputType>Textbox</InputType>
        <DataType>String</DataType>
        <MaxLength>4000</MaxLength>
        <MinLength>0</MinLength>
        <ProductBackendInfo name="Skye.AttributeAlias">
          <UUID>c73e1dc3-a61a-49ee-9a9e-5e590843a329</UUID>
          <Info />
        </ProductBackendInfo>
        <ProductBackendInfo name="Skye.Core.DataSecurity">
          <UUID>d5246b89-0a98-478c-bc35-290d845f9f4d</UUID>
          <Info>Standard</Info>
        </ProductBackendInfo>
        <ProductBackendInfo name="Skye.AllowValueSetViaUnencryptedURL">
          <UUID>8a653117-d886-486b-baf9-f7308a76a5b7</UUID>
          <Info>False</Info>
        </ProductBackendInfo>
        <ProductBackendInfo name="Skye.UIAttribute.ReferencedModel">
          <UUID>811b03b6-2ab9-4dc1-8c7d-f5f448557f70</UUID>
          <Info>Home</Info>
        </ProductBackendInfo>
        <ProductBackendInfo name="Skye.UIAttribute.ReferencedAttribute">
          <UUID>1d53062f-411a-4f0c-ae56-c7957192cdbc</UUID>
          <Info>Customer.country</Info>
        </ProductBackendInfo>
        <DefinitionValueRelation>
          <DefinitionValueUUID>969056d0-5021-427b-91ce-8defc7b5ac19</DefinitionValueUUID>
        </DefinitionValueRelation>
      </ProductPolicyAttribute>
      <ProductPolicyAttribute name="address1" visibilityLevel="0" mandatory="false" unit="" format="" numberOfDecimals="0" attributeClass="" type="UI">
        <UUID>067f8ff8-a5c4-4351-ba81-9871ed825062</UUID>
        <SortOrder>99</SortOrder>
        <InputType>Textbox</InputType>
        <DataType>String</DataType>
        <MaxLength>4000</MaxLength>
        <MinLength>0</MinLength>
        <ProductBackendInfo name="Skye.AttributeAlias">
          <UUID>44ae3f70-92fa-44c2-8206-6e8268458dab</UUID>
          <Info />
        </ProductBackendInfo>
        <ProductBackendInfo name="Skye.Core.DataSecurity">
          <UUID>6470fe06-2a07-46ff-9f91-4c7074e28707</UUID>
          <Info>Standard</Info>
        </ProductBackendInfo>
        <ProductBackendInfo name="Skye.AllowValueSetViaUnencryptedURL">
          <UUID>9680462a-cc5c-43cb-99c1-3cb219fde16a</UUID>
          <Info>False</Info>
        </ProductBackendInfo>
        <ProductBackendInfo name="Skye.UIAttribute.ReferencedModel">
          <UUID>504cf34c-77d1-4aa3-983c-74c19fbfa3d2</UUID>
          <Info>Home</Info>
        </ProductBackendInfo>
        <ProductBackendInfo name="Skye.UIAttribute.ReferencedAttribute">
          <UUID>6de3df63-b1bb-498f-a153-490ffae6240c</UUID>
          <Info>Customer.address1</Info>
        </ProductBackendInfo>
        <DefinitionValueRelation>
          <DefinitionValueUUID>70617821-b38d-4184-95fa-d2948b5452c5</DefinitionValueUUID>
        </DefinitionValueRelation>
      </ProductPolicyAttribute>
      <ProductPolicyAttribute name="address2" visibilityLevel="0" mandatory="false" unit="" format="" numberOfDecimals="0" attributeClass="" type="UI">
        <UUID>19c7f9f2-6bf6-4276-bc6b-3a65aae6bce7</UUID>
        <SortOrder>99</SortOrder>
        <InputType>Textbox</InputType>
        <DataType>String</DataType>
        <MaxLength>4000</MaxLength>
        <MinLength>0</MinLength>
        <ProductBackendInfo name="Skye.AttributeAlias">
          <UUID>cdc829aa-620f-4d5a-85e3-155488d65a5e</UUID>
          <Info />
        </ProductBackendInfo>
        <ProductBackendInfo name="Skye.Core.DataSecurity">
          <UUID>8e76803f-8be9-434b-a2ee-d1828c0cd574</UUID>
          <Info>Standard</Info>
        </ProductBackendInfo>
        <ProductBackendInfo name="Skye.AllowValueSetViaUnencryptedURL">
          <UUID>d0121e40-ce90-410f-b3a5-08b86b6766cf</UUID>
          <Info>False</Info>
        </ProductBackendInfo>
        <ProductBackendInfo name="Skye.UIAttribute.ReferencedModel">
          <UUID>9c57e1b1-995f-41e1-87c1-672ea4811224</UUID>
          <Info>Home</Info>
        </ProductBackendInfo>
        <ProductBackendInfo name="Skye.UIAttribute.ReferencedAttribute">
          <UUID>713b12ff-65c1-48c9-a33e-5119a64b70dd</UUID>
          <Info>Customer.address2</Info>
        </ProductBackendInfo>
        <DefinitionValueRelation>
          <DefinitionValueUUID>2462fc36-6144-482a-aefe-9b662fbcbd81</DefinitionValueUUID>
        </DefinitionValueRelation>
      </ProductPolicyAttribute>
      <ProductPolicyAttribute name="city" visibilityLevel="0" mandatory="false" unit="" format="" numberOfDecimals="0" attributeClass="" type="UI">
        <UUID>5f6e50a8-9937-4186-ba7e-22483962155f</UUID>
        <SortOrder>99</SortOrder>
        <InputType>Textbox</InputType>
        <DataType>String</DataType>
        <MaxLength>4000</MaxLength>
        <MinLength>0</MinLength>
        <ProductBackendInfo name="Skye.AttributeAlias">
          <UUID>8308a35a-bd77-4ea7-81fb-ad4587a307e8</UUID>
          <Info />
        </ProductBackendInfo>
        <ProductBackendInfo name="Skye.Core.DataSecurity">
          <UUID>1ebdd76f-c376-47f3-98ca-bd3716231466</UUID>
          <Info>Standard</Info>
        </ProductBackendInfo>
        <ProductBackendInfo name="Skye.AllowValueSetViaUnencryptedURL">
          <UUID>f59c678b-f69e-463c-8430-0911a77966d7</UUID>
          <Info>False</Info>
        </ProductBackendInfo>
        <ProductBackendInfo name="Skye.UIAttribute.ReferencedModel">
          <UUID>746cb7f5-d5df-4ecb-b80d-228c017fb8dc</UUID>
          <Info>Home</Info>
        </ProductBackendInfo>
        <ProductBackendInfo name="Skye.UIAttribute.ReferencedAttribute">
          <UUID>ecec0918-9090-4f53-8c96-1f2f0a692f5a</UUID>
          <Info>Customer.city</Info>
        </ProductBackendInfo>
        <DefinitionValueRelation>
          <DefinitionValueUUID>eb972a50-71ce-4cc7-9752-ba4257502a2f</DefinitionValueUUID>
        </DefinitionValueRelation>
      </ProductPolicyAttribute>
      <ProductPolicyAttribute name="mobile" visibilityLevel="0" mandatory="false" unit="" format="" numberOfDecimals="0" attributeClass="" type="UI">
        <UUID>34b9cb0d-f17c-453c-9e0b-93c979a4614e</UUID>
        <SortOrder>99</SortOrder>
        <InputType>Textbox</InputType>
        <DataType>String</DataType>
        <MaxLength>4000</MaxLength>
        <MinLength>0</MinLength>
        <ProductBackendInfo name="Skye.AttributeAlias">
          <UUID>d568a763-83dd-415d-b6f1-b240f31c0f63</UUID>
          <Info />
        </ProductBackendInfo>
        <ProductBackendInfo name="Skye.Core.DataSecurity">
          <UUID>ae3fbc48-ef2c-4c02-9618-cec313feb192</UUID>
          <Info>Standard</Info>
        </ProductBackendInfo>
        <ProductBackendInfo name="Skye.AllowValueSetViaUnencryptedURL">
          <UUID>c584b5dc-b252-447c-b0b0-ca68a836effb</UUID>
          <Info>False</Info>
        </ProductBackendInfo>
        <ProductBackendInfo name="Skye.UIAttribute.ReferencedModel">
          <UUID>3a1bf921-fd9d-4bae-95b2-93a80cd17896</UUID>
          <Info>Home</Info>
        </ProductBackendInfo>
        <ProductBackendInfo name="Skye.UIAttribute.ReferencedAttribute">
          <UUID>a4b2d2c6-38a8-471d-9f60-49398b93daba</UUID>
          <Info>Customer.mobile</Info>
        </ProductBackendInfo>
        <DefinitionValueRelation>
          <DefinitionValueUUID>e7c4dde3-64fb-4295-9848-f6735be1a82d</DefinitionValueUUID>
        </DefinitionValueRelation>
      </ProductPolicyAttribute>
      <ProductPolicyAttribute name="eMailAddress" visibilityLevel="0" mandatory="false" unit="" format="" numberOfDecimals="0" attributeClass="" type="UI">
        <UUID>a554f110-3666-431b-80ed-1ef37d63e889</UUID>
        <SortOrder>99</SortOrder>
        <InputType>Textbox</InputType>
        <DataType>String</DataType>
        <MaxLength>4000</MaxLength>
        <MinLength>0</MinLength>
        <ProductBackendInfo name="Skye.AttributeAlias">
          <UUID>7b4fcb9d-ff95-48e1-a7c3-fff929a18d64</UUID>
          <Info />
        </ProductBackendInfo>
        <ProductBackendInfo name="Skye.Core.DataSecurity">
          <UUID>10866ce4-6ff0-4138-b18a-9ec9a4f32f80</UUID>
          <Info>Standard</Info>
        </ProductBackendInfo>
        <ProductBackendInfo name="Skye.AllowValueSetViaUnencryptedURL">
          <UUID>099cb52f-c59e-414c-aa8d-f7ce3b1b98ee</UUID>
          <Info>False</Info>
        </ProductBackendInfo>
        <ProductBackendInfo name="Skye.UIAttribute.ReferencedModel">
          <UUID>0a2071a0-545a-4f7c-82c0-28b5e4abd90c</UUID>
          <Info>Home</Info>
        </ProductBackendInfo>
        <ProductBackendInfo name="Skye.UIAttribute.ReferencedAttribute">
          <UUID>77ebdf39-8d52-400e-aff1-de3e3167894d</UUID>
          <Info>Customer.eMailAddress</Info>
        </ProductBackendInfo>
        <DefinitionValueRelation>
          <DefinitionValueUUID>95e51234-9241-4f28-9fcb-82f660da8e5b</DefinitionValueUUID>
        </DefinitionValueRelation>
      </ProductPolicyAttribute>
      <ProductBackendInfo name="Skye.NumberOfColumns">
        <UUID>7d5e5d76-bbd5-46fe-97e8-9c5fac1e75cc</UUID>
        <Info>2</Info>
      </ProductBackendInfo>
      <ProductBackendInfo name="Skye.DisplayControlWithEmptyContent">
        <UUID>f29cc6d4-5b27-4097-9e3d-80b34fb4857c</UUID>
        <Info>True</Info>
      </ProductBackendInfo>
      <ProductBackendInfo name="Skye.StyleClass">
        <UUID>7b79a379-6658-45ce-9938-d4788fe3eaf5</UUID>
        <Info />
      </ProductBackendInfo>
      <ProductBackendInfo name="Skye.WidthPercentage">
        <UUID>adbc031e-f305-4e38-a742-3d6e08597303</UUID>
        <Info />
      </ProductBackendInfo>
      <ProductBackendInfo name="Skye.MaxWidthInPixels">
        <UUID>bc82eb14-6713-446b-b87c-4d6f3f9dee77</UUID>
        <Info />
      </ProductBackendInfo>
      <ProductBackendInfo name="Skye.MinWidthInPixels">
        <UUID>e2e7d53b-510f-459e-9e9b-c66b0dd8570f</UUID>
        <Info />
      </ProductBackendInfo>
      <ProductBackendInfo name="Skye.MultibrickType">
        <UUID>ca83487f-d416-4c64-8297-dcf1a5f7a32f</UUID>
        <Info />
      </ProductBackendInfo>
    </ProductBrick>
    <ProductBackendInfo name="Skye.ProcessStepUIType">
      <UUID>ef3ababc-46c1-4f93-ae67-cf50244ff043</UUID>
      <Info>NoStyleFieldsetGroup</Info>
    </ProductBackendInfo>
    <ProductBackendInfo name="Skye.StyleClass">
      <UUID>305c34db-cba5-46d0-a01a-4826a9eb51ef</UUID>
      <Info />
    </ProductBackendInfo>
    <ProductBackendInfo name="Skye.OrientationUIType">
      <UUID>7284b9f0-2ad3-4556-bb6e-6b9a4ae2fac1</UUID>
      <Info>vertical</Info>
    </ProductBackendInfo>
    <ProductBackendInfo name="Skye.VerticalAlignmentUIType">
      <UUID>880a57b9-02e2-43f3-a475-18351314bdb3</UUID>
      <Info>top</Info>
    </ProductBackendInfo>
    <ProductBackendInfo name="Skye.PreCalculatedWidths">
      <UUID>021c31c2-d43f-4569-9f8b-531740ac02c5</UUID>
      <Info>False</Info>
    </ProductBackendInfo>
    <ProductBackendInfo name="Skye.MultibrickType">
      <UUID>3fb7c973-9023-4251-9ba7-65dbf73fbbec</UUID>
      <Info />
    </ProductBackendInfo>
  </ProductBrick>
  <DefinitionDependentLists>
    <DefinitionDependencyDefaultValueList />
    <DefinitionDependencyValueRangeList />
    <DefinitionDependencyVisibilityList />
    <DefinitionDependencyMandatoryList />
    <DefinitionDependencyToDependencyList />
    <DefinitionDependencyValueRangeFilterValuesList />
    <DefinitionDependencyDataSourceAttributeList />
  </DefinitionDependentLists>
</Product>