<fop version="1.0">
    <renderers>
        <renderer mime="application/pdf">
            <fonts>
                <!-- Example to generate metrics file for the font (under fop tool root folder) -->
                <!-- java -cp "build/fop.jar:lib/serializer-2.7.0.jar:lib/commons-logging-1.0.4.jar:lib/commons-io-1.3.1.jar:lib/xmlgraphics-commons-1.4.jar" org.apache.fop.fonts.apps.TTFReader font.ttf homizio.xml -->
                 
                <!-- Frutiger -->
                <font metrics-url="skye://Home/en/us/arial.xml" kerning="no" embed-url="skye://Home/en/us/arial.ttf">
                    <font-triplet name="arial" style="normal" weight="normal"/>
                </font>
                 
            </fonts>
        </renderer>
    </renderers>
</fop>