﻿<?xml version="1.0" encoding="utf-8"?>
<Product xmlns:xsd="http://www.w3.org/2001/XMLSchema" xmlns:xsi="http://www.w3.org/2001/XMLSchema-instance" name="ContanctFloatingButton" lastChanged="2019-10-21T10:57:20.8878709Z" implementationClass="" modelType="floatingbutton" subModelType="" skyeEditorVersion="7.15.0.16">
  <UUID>83cb6d62-0044-4d93-adb1-9b790b05e5f9</UUID>
  <BusinessUnit> </BusinessUnit>
  <Section> </Section>
  <ProductTextList>
    <ProductText name="header" language="en" country="US">
      <UUID>b28deb44-7927-4415-8cd2-8b03b30168d6</UUID>
      <Text>Call us</Text>
    </ProductText>
    <ProductText name="icon" language="en" country="US">
      <UUID>5729b522-b216-44a1-b8bf-c858f10caf5f</UUID>
      <Text />
    </ProductText>
    <ProductText name="short" language="en" country="US">
      <UUID>6f5039f2-bced-4ddf-b1d9-326be22332f4</UUID>
      <Text>Call us at &lt;b&gt;0800 123 456&lt;/b&gt;</Text>
    </ProductText>
    <ProductText name="short" language="en" country="US">
      <UUID>4592e99c-903e-419d-9a71-0c9eba4f7071</UUID>
      <Text />
    </ProductText>
  </ProductTextList>
  <ProductValueRangeList>
    <ProductValueRange name="Reference.referencedModelsVR" type="fix">
      <UUID>471f61e0-40d1-4d6d-bf47-cae8031dd1e7</UUID>
    </ProductValueRange>
  </ProductValueRangeList>
  <DefinitionBusinessObjectContextList />
  <DefinitionResourceList />
  <ProductValueList>
    <ProductValue name="" type="value">
      <UUID>80c3153e-6e13-49c0-ac7f-6b7000b8bea0</UUID>
      <SortOrder>0</SortOrder>
      <Value />
    </ProductValue>
    <ProductValue name="tab" type="value">
      <UUID>6ef8fda5-20e0-46c4-8ff0-3889ce86d5fc</UUID>
      <SortOrder>0</SortOrder>
      <Value>tab</Value>
    </ProductValue>
    <ProductValue name="bottom" type="value">
      <UUID>fc4c9f9b-e20a-4f26-a073-a52741a69cf8</UUID>
      <SortOrder>0</SortOrder>
      <Value>bottom</Value>
    </ProductValue>
    <ProductValue name="closed" type="value">
      <UUID>fe8eca6e-6506-4e0b-bca1-e940192067fd</UUID>
      <SortOrder>0</SortOrder>
      <Value>closed</Value>
    </ProductValue>
    <ProductValue name="" type="value">
      <UUID>2cbff9e7-eecf-4286-95a4-1a2bd6a51a7b</UUID>
      <SortOrder>0</SortOrder>
      <Value />
    </ProductValue>
  </ProductValueList>
  <ProductPolicyAttribute name="@ComponentOwner" visibilityLevel="0" mandatory="false" unit="" format="" numberOfDecimals="0" attributeClass="" type="Reference">
    <UUID>71063971-2693-4fdb-b4a7-209535465582</UUID>
    <SortOrder>99</SortOrder>
    <InputType>Textbox</InputType>
    <DataType>product</DataType>
    <MaxLength>4000</MaxLength>
    <MinLength>0</MinLength>
    <ProductValueRangeRelation>
      <UUID>5942f703-004c-4207-90b5-2f1a1fb097a0</UUID>
      <SortOrder>99</SortOrder>
      <ProductValueRangeUUID>471f61e0-40d1-4d6d-bf47-cae8031dd1e7</ProductValueRangeUUID>
    </ProductValueRangeRelation>
    <ProductBackendInfo name="Skye.AttributeAlias">
      <UUID>b6985f20-946b-415c-adba-23caee13206d</UUID>
      <Info />
    </ProductBackendInfo>
    <ProductBackendInfo name="Skye.Core.DataSecurity">
      <UUID>77becb42-d1ca-461a-90f7-fd165e97b0e0</UUID>
      <Info>Standard</Info>
    </ProductBackendInfo>
    <ProductBackendInfo name="Skye.AllowValueSetViaUnencryptedURL">
      <UUID>dcc63fd1-d84f-4b4d-b8a3-aba3762588b8</UUID>
      <Info>False</Info>
    </ProductBackendInfo>
    <DefinitionValueRelation>
      <DefinitionValueUUID>80c3153e-6e13-49c0-ac7f-6b7000b8bea0</DefinitionValueUUID>
    </DefinitionValueRelation>
  </ProductPolicyAttribute>
  <ProductPolicyAttribute name="@Style" visibilityLevel="0" mandatory="false" unit="" format="" numberOfDecimals="0" attributeClass="" type="Standard">
    <UUID>ed3c4882-38e8-477e-8f40-03c4163436a0</UUID>
    <SortOrder>99</SortOrder>
    <InputType>Textbox</InputType>
    <DataType>String</DataType>
    <MaxLength>4000</MaxLength>
    <MinLength>0</MinLength>
    <ProductBackendInfo name="Skye.AttributeAlias">
      <UUID>9a5c539a-ac03-406f-b67b-f48751b39e95</UUID>
      <Info />
    </ProductBackendInfo>
    <ProductBackendInfo name="Skye.Core.DataSecurity">
      <UUID>1b1fb965-cfc9-47ba-986e-aa6d6661b1f4</UUID>
      <Info>Standard</Info>
    </ProductBackendInfo>
    <ProductBackendInfo name="Skye.AllowValueSetViaUnencryptedURL">
      <UUID>cc60a4e7-1702-4f54-b54f-9f243e94d5b5</UUID>
      <Info>False</Info>
    </ProductBackendInfo>
    <DefinitionValueRelation>
      <DefinitionValueUUID>6ef8fda5-20e0-46c4-8ff0-3889ce86d5fc</DefinitionValueUUID>
    </DefinitionValueRelation>
  </ProductPolicyAttribute>
  <ProductPolicyAttribute name="@Position" visibilityLevel="0" mandatory="false" unit="" format="" numberOfDecimals="0" attributeClass="" type="Standard">
    <UUID>8da91b66-6bf4-4a49-b352-8db76786a046</UUID>
    <SortOrder>99</SortOrder>
    <InputType>Textbox</InputType>
    <DataType>String</DataType>
    <MaxLength>4000</MaxLength>
    <MinLength>0</MinLength>
    <ProductBackendInfo name="Skye.AttributeAlias">
      <UUID>18f56b2a-a392-4c87-a02e-9e7c822c3fc4</UUID>
      <Info />
    </ProductBackendInfo>
    <ProductBackendInfo name="Skye.Core.DataSecurity">
      <UUID>4a719062-b467-401c-8fd7-5209790a5933</UUID>
      <Info>Standard</Info>
    </ProductBackendInfo>
    <ProductBackendInfo name="Skye.AllowValueSetViaUnencryptedURL">
      <UUID>e118dd17-a611-489d-a703-7d0a7a34aae4</UUID>
      <Info>False</Info>
    </ProductBackendInfo>
    <DefinitionValueRelation>
      <DefinitionValueUUID>fc4c9f9b-e20a-4f26-a073-a52741a69cf8</DefinitionValueUUID>
    </DefinitionValueRelation>
  </ProductPolicyAttribute>
  <ProductPolicyAttribute name="@ButtonExpandDefault" visibilityLevel="0" mandatory="false" unit="" format="" numberOfDecimals="0" attributeClass="" type="Standard">
    <UUID>ee25c2a9-5234-4e1b-888b-49eb27882d80</UUID>
    <SortOrder>99</SortOrder>
    <InputType>Textbox</InputType>
    <DataType>String</DataType>
    <MaxLength>4000</MaxLength>
    <MinLength>0</MinLength>
    <ProductBackendInfo name="Skye.AttributeAlias">
      <UUID>0deee61f-54ca-4468-8d65-520451ea100f</UUID>
      <Info />
    </ProductBackendInfo>
    <ProductBackendInfo name="Skye.Core.DataSecurity">
      <UUID>5b72df8d-eb23-434c-b1ea-33e26abf8088</UUID>
      <Info>Standard</Info>
    </ProductBackendInfo>
    <ProductBackendInfo name="Skye.AllowValueSetViaUnencryptedURL">
      <UUID>73d3deee-0710-4b16-9920-9fa289abe2d3</UUID>
      <Info>False</Info>
    </ProductBackendInfo>
    <DefinitionValueRelation>
      <DefinitionValueUUID>fe8eca6e-6506-4e0b-bca1-e940192067fd</DefinitionValueUUID>
    </DefinitionValueRelation>
  </ProductPolicyAttribute>
  <ProductPolicyAttribute name="Contact" visibilityLevel="2" mandatory="false" unit="" format="" numberOfDecimals="0" attributeClass="" type="Standard">
    <UUID>102c8f52-61eb-4d67-bb00-78e603a979ec</UUID>
    <SortOrder>99</SortOrder>
    <InputType>Textbox</InputType>
    <DataType>String</DataType>
    <MaxLength>4000</MaxLength>
    <MinLength>0</MinLength>
    <ProductTextRelation>
      <UUID>b3192ca4-ecc4-43e2-823e-901a89e7de14</UUID>
      <ProductTextUUID>4592e99c-903e-419d-9a71-0c9eba4f7071</ProductTextUUID>
    </ProductTextRelation>
    <ProductBackendInfo name="Skye.AttributeAlias">
      <UUID>aaf5d417-e9e4-4ec7-ae69-633f3965b443</UUID>
      <Info />
    </ProductBackendInfo>
    <ProductBackendInfo name="Skye.Core.DataSecurity">
      <UUID>aab21b57-39d0-48e5-b4fe-b851ef2b83bf</UUID>
      <Info>Standard</Info>
    </ProductBackendInfo>
    <ProductBackendInfo name="Skye.AllowValueSetViaUnencryptedURL">
      <UUID>d6c1287e-f028-4268-8240-db741ecc92fa</UUID>
      <Info>False</Info>
    </ProductBackendInfo>
    <DefinitionValueRelation>
      <DefinitionValueUUID>2cbff9e7-eecf-4286-95a4-1a2bd6a51a7b</DefinitionValueUUID>
    </DefinitionValueRelation>
  </ProductPolicyAttribute>
  <ProductTextRelation>
    <UUID>0401c8db-8b7d-48b0-b11b-0e882b39984c</UUID>
    <ProductTextUUID>b28deb44-7927-4415-8cd2-8b03b30168d6</ProductTextUUID>
  </ProductTextRelation>
  <ProductTextRelation>
    <UUID>6cfb55f9-2bad-4d69-8aa8-199929b472e9</UUID>
    <ProductTextUUID>5729b522-b216-44a1-b8bf-c858f10caf5f</ProductTextUUID>
  </ProductTextRelation>
  <ProductTextRelation>
    <UUID>bd12125b-fa81-4ae4-9f57-0ac70aec3a8d</UUID>
    <ProductTextUUID>6f5039f2-bced-4ddf-b1d9-326be22332f4</ProductTextUUID>
  </ProductTextRelation>
  <DefinitionDependentLists>
    <DefinitionDependencyDefaultValueList />
    <DefinitionDependencyValueRangeList />
    <DefinitionDependencyVisibilityList />
    <DefinitionDependencyMandatoryList />
    <DefinitionDependencyToDependencyList />
    <DefinitionDependencyValueRangeFilterValuesList />
    <DefinitionDependencyDataSourceAttributeList />
  </DefinitionDependentLists>
</Product>