﻿<?xml version="1.0" encoding="utf-8"?>
<Product xmlns:xsd="http://www.w3.org/2001/XMLSchema" xmlns:xsi="http://www.w3.org/2001/XMLSchema-instance" name="Shoppingcart" lastChanged="2019-10-24T13:00:48.7366592Z" implementationClass=" " versionUuid=" " modelType="shoppingcart" subModelType="" skyeEditorVersion="7.15.0.16">
  <UUID>4484a45d-11bc-4ae4-ade8-b24ac6bc60b9</UUID>
  <SortOrder>0</SortOrder>
  <BusinessUnit> </BusinessUnit>
  <Section> </Section>
  <ProductTextList>
    <ProductText name="searchTooManyRecords" language="en" country="US">
      <UUID>9ff7b0e8-a1b3-40be-90ce-4af0c2cdc7f7</UUID>
      <Text />
    </ProductText>
    <ProductText name="short" language="en" country="US">
      <UUID>eb085e80-e8ab-469a-af1a-0bdf138ebd73</UUID>
      <Text>Bank</Text>
    </ProductText>
    <ProductText name="short" language="en" country="US">
      <UUID>c8c47071-60bb-451d-8f3c-8fcb5b45a52e</UUID>
      <Text>Cheque Nr.</Text>
    </ProductText>
    <ProductText name="short" language="en" country="US">
      <UUID>d3facd25-9765-4542-841d-b657f9c2cdac</UUID>
      <Text>Cheque Date</Text>
    </ProductText>
    <ProductText name="short" language="en" country="US">
      <UUID>4e3a2187-b6a2-4c99-8609-85a75c17e93e</UUID>
      <Text>Payment amount</Text>
    </ProductText>
    <ProductText name="paymentAdditionalInfoHtml" language="en" country="US">
      <UUID>da2cca3d-e303-4618-a9d1-3e01188efdc7</UUID>
      <Text>Please proceed with your credit card payment</Text>
    </ProductText>
    <ProductText name="paymentButtonLabel" language="en" country="US">
      <UUID>09d52a47-33be-443a-becd-06d1ce5cbfd0</UUID>
      <Text>Pay</Text>
    </ProductText>
    <ProductText name="paymentCardLabel" language="en" country="US">
      <UUID>6ae36cc5-218c-41d9-bd36-b3cb2d980411</UUID>
      <Text />
    </ProductText>
    <ProductText name="paymentCardNumberLabel" language="en" country="US">
      <UUID>1169288c-26b2-4ac1-b000-06f9079b8be5</UUID>
      <Text />
    </ProductText>
    <ProductText name="paymentCardExpiryLabel" language="en" country="US">
      <UUID>276234f0-e04e-4ace-8479-1bc815d74e62</UUID>
      <Text />
    </ProductText>
    <ProductText name="paymentCardCVVLabel" language="en" country="US">
      <UUID>4f9c42ba-9374-4ffe-b2d1-f762d8360a4d</UUID>
      <Text />
    </ProductText>
    <ProductText name="short" language="en" country="US">
      <UUID>83050f40-4a14-48ff-aefb-f014c3ce347a</UUID>
      <Text />
    </ProductText>
    <ProductText name="short" language="en" country="US">
      <UUID>679f0454-f5de-4ec7-985d-5f3396b9076c</UUID>
      <Text>asd</Text>
    </ProductText>
    <ProductText name="short" language="en" country="US">
      <UUID>a929028e-a9af-4d2f-ac58-626514da4928</UUID>
      <Text />
    </ProductText>
    <ProductText name="short" language="en" country="US">
      <UUID>f5357a53-a5de-4e28-94fb-4300fe025dfc</UUID>
      <Text>PaymentAmountForStripe</Text>
    </ProductText>
    <ProductText name="infoText" language="en" country="US">
      <UUID>869a81e9-0132-44cf-a0ec-3610c61b8e25</UUID>
      <Text>Stripe needs the amount in cents, so it contains the PaymentAmount*100</Text>
    </ProductText>
  </ProductTextList>
  <ProductValueRangeList>
    <ProductValueRange name="Reference.attributeMappingVR" type="fix">
      <UUID>add1549d-aa5f-4f0b-8e03-c26a8cd5478b</UUID>
    </ProductValueRange>
    <ProductValueRange name="Reference.referencedModelsVR" type="fix">
      <UUID>f1432d90-4b22-41ad-b60e-6fac04965662</UUID>
      <DefinitionValueRelation>
        <UUID>11e9e9c5-02b4-99ef-a9dd-7da03dde1994</UUID>
        <DefinitionValueUUID>abee3978-cb97-4a54-b3ee-a803d3d9f052</DefinitionValueUUID>
      </DefinitionValueRelation>
      <DefinitionValueRelation>
        <UUID>a4847f42-cd1b-4426-957a-d44803eb403b</UUID>
        <DefinitionValueUUID>c8ab3a13-18b8-446b-b39b-face96c907d4</DefinitionValueUUID>
      </DefinitionValueRelation>
      <DefinitionValueRelation>
        <UUID>e2fd1f32-59af-49c9-87eb-9431515bbe37</UUID>
        <DefinitionValueUUID>8e61735b-131f-4d38-be91-696f1ea94ae6</DefinitionValueUUID>
      </DefinitionValueRelation>
    </ProductValueRange>
    <ProductValueRange name="Skye.payment.responseMappingVR" type="fix">
      <UUID>684e70c2-2fad-473e-82a6-36c84bc2206c</UUID>
      <DefinitionValueRelation>
        <UUID>2ec48ae4-79c8-47a5-a660-8880c46a1ad1</UUID>
        <DefinitionValueUUID>55f6777f-38ab-46f0-afbd-a0f147f471d9</DefinitionValueUUID>
      </DefinitionValueRelation>
    </ProductValueRange>
    <ProductValueRange name="Skye.payment.errorMappingVR" type="fix">
      <UUID>64029c2e-a9c5-4ba0-9886-a06dd3cf1ba4</UUID>
    </ProductValueRange>
    <ProductValueRange name="Skye.payment.webhookMappingVR" type="fix">
      <UUID>fa70bcab-96a9-402d-baf9-9eda73340ad4</UUID>
    </ProductValueRange>
    <ProductValueRange name="counter" type="minMax">
      <UUID>aa6eca8d-24db-43a6-b32d-69e6931ed627</UUID>
      <ProductBackendInfo name="Skye.slider.stepSize">
        <UUID>212bd54a-f27e-4c83-8b39-f5c447a9b0a6</UUID>
        <Info>1</Info>
      </ProductBackendInfo>
      <DefinitionValueRelation>
        <UUID>bcab4907-6ebf-4800-81de-6344cf94fcac</UUID>
        <DefinitionValueUUID>a0281fd2-d138-4d81-bc9e-b59556c72d5c</DefinitionValueUUID>
      </DefinitionValueRelation>
      <DefinitionValueRelation>
        <UUID>2b052427-737c-4e17-a96e-8e8a3c400723</UUID>
        <DefinitionValueUUID>5a5907ea-3466-484e-aa9f-515d7e3258bd</DefinitionValueUUID>
      </DefinitionValueRelation>
    </ProductValueRange>
  </ProductValueRangeList>
  <DefinitionBusinessObjectContextList>
    <DefinitionBusinessObjectContext name="HomeCreatePolicy:Payment-callcenter-callcenter">
      <UUID>fc0bc3e9-0da3-4154-a9c7-0f47a68f9d1a</UUID>
      <SubclassId>visibilityLevelContext</SubclassId>
      <ValueField>4</ValueField>
    </DefinitionBusinessObjectContext>
    <DefinitionBusinessObjectContext name="HomeCreatePolicy:Payment-callcenter-callcenter">
      <UUID>7a8057e1-f8d3-473a-bd56-1a5e5cfa1d38</UUID>
      <SubclassId>visibilityLevelContext</SubclassId>
      <ValueField>2</ValueField>
    </DefinitionBusinessObjectContext>
    <DefinitionBusinessObjectContext name="MotorCreatePolicy:Payment-callcenter-callcenter">
      <UUID>ebd4324d-a60a-44b7-9eaf-7b5e2ed072c1</UUID>
      <SubclassId>visibilityLevelContext</SubclassId>
      <ValueField>4</ValueField>
    </DefinitionBusinessObjectContext>
    <DefinitionBusinessObjectContext name="MotorCreatePolicy:Payment-callcenter-callcenter">
      <UUID>325fa0ac-5b12-4617-8774-f36f18a07b4f</UUID>
      <SubclassId>visibilityLevelContext</SubclassId>
      <ValueField>2</ValueField>
    </DefinitionBusinessObjectContext>
    <DefinitionBusinessObjectContext name="MotorCreatePolicy:Payment-callcenter-callcenter">
      <UUID>b894446f-6c8b-474e-a252-47bd75486e52</UUID>
      <SubclassId>visibilityLevelContext</SubclassId>
      <ValueField>0</ValueField>
    </DefinitionBusinessObjectContext>
  </DefinitionBusinessObjectContextList>
  <DefinitionResourceList />
  <AbstractProductBrickList />
  <ProductValueList>
    <ProductValue name="FamilyInsuranceCreatePolicy" type="value">
      <UUID>abee3978-cb97-4a54-b3ee-a803d3d9f052</UUID>
      <SortOrder>0</SortOrder>
      <Value />
    </ProductValue>
    <ProductValue name=" " type="value">
      <UUID>f2b288d2-f78c-4533-8b16-19d7c3f37ecc</UUID>
      <SortOrder>0</SortOrder>
      <Value />
    </ProductValue>
    <ProductValue name="HomeCreatePolicy" type="value">
      <UUID>c8ab3a13-18b8-446b-b39b-face96c907d4</UUID>
      <SortOrder>0</SortOrder>
      <Value />
    </ProductValue>
    <ProductValue name="" type="value">
      <UUID>f4731f46-6b9d-40db-8853-1cba4d0b6fc3</UUID>
      <SortOrder>0</SortOrder>
      <Value />
    </ProductValue>
    <ProductValue name="" type="value">
      <UUID>39fb6be3-2484-40fd-88a0-3348a7ce9e46</UUID>
      <SortOrder>0</SortOrder>
      <Value />
    </ProductValue>
    <ProductValue name="" type="value">
      <UUID>cebaab8c-911a-4cb5-9b03-e70583638d78</UUID>
      <SortOrder>0</SortOrder>
      <Value />
    </ProductValue>
    <ProductValue name="Cheque" type="value">
      <UUID>6e027056-2b05-49c8-a79b-29ba659402db</UUID>
      <SortOrder>0</SortOrder>
      <Value>Cheque</Value>
    </ProductValue>
    <ProductValue name="Cheque" type="value">
      <UUID>51bd4354-8a2c-458a-9b85-6ebff3eadc11</UUID>
      <SortOrder>0</SortOrder>
      <Value>Cheque</Value>
    </ProductValue>
    <ProductValue name="Cheque" type="value">
      <UUID>465dd07f-e061-4ceb-bbf8-48f4631cc8da</UUID>
      <SortOrder>0</SortOrder>
      <Value>Cheque</Value>
    </ProductValue>
    <ProductValue name="" type="value">
      <UUID>7b359813-f62a-4b97-a9ce-32ed52f23302</UUID>
      <SortOrder>0</SortOrder>
      <Value />
    </ProductValue>
    <ProductValue name="MotorCreatePolicy" type="value">
      <UUID>8e61735b-131f-4d38-be91-696f1ea94ae6</UUID>
      <SortOrder>0</SortOrder>
      <Value />
    </ProductValue>
    <ProductValue name="" type="value">
      <UUID>17a847b9-697a-4746-a107-e2674ef2b4bf</UUID>
      <SortOrder>0</SortOrder>
      <Value />
    </ProductValue>
    <ProductValue name="" type="value">
      <UUID>1a34774e-ec89-44af-8ca8-06b3cec232a9</UUID>
      <SortOrder>0</SortOrder>
      <Value />
    </ProductValue>
    <ProductValue name="" type="value">
      <UUID>ea60ab6a-8e9b-4655-b7f9-0bdb75f724f2</UUID>
      <SortOrder>0</SortOrder>
      <Value />
    </ProductValue>
    <ProductValue name="P-ID-000000" type="value">
      <UUID>a0281fd2-d138-4d81-bc9e-b59556c72d5c</UUID>
      <SortOrder>0</SortOrder>
      <Value>P-ID-000000</Value>
    </ProductValue>
    <ProductValue name="P-ID-999999" type="value">
      <UUID>5a5907ea-3466-484e-aa9f-515d7e3258bd</UUID>
      <SortOrder>1</SortOrder>
      <Value>P-ID-999999</Value>
    </ProductValue>
    <ProductValue name="PaymentInfo.ChargedAmount" type="value">
      <UUID>55f6777f-38ab-46f0-afbd-a0f147f471d9</UUID>
      <SortOrder>1</SortOrder>
      <Value>amount</Value>
    </ProductValue>
    <ProductValue name="" type="value">
      <UUID>60eb5404-88f2-4669-982d-d84607a9d561</UUID>
      <SortOrder>0</SortOrder>
      <Value />
    </ProductValue>
    <ProductValue name="" type="value">
      <UUID>de5edf6d-1589-4894-a791-0912f96754b9</UUID>
      <SortOrder>0</SortOrder>
      <Value />
    </ProductValue>
    <ProductValue name="%{{ref[Shoppingcart.processModel to MotorCreatePolicy].ref[root.@CurrentProcessObject to Motor].Product.PremiumInDollar-&gt;rawValue}}" type="value">
      <UUID>f531341f-ff79-49dd-ac82-638810d6b73a</UUID>
      <SortOrder>0</SortOrder>
      <Value>%{{ref[Shoppingcart.processModel to MotorCreatePolicy].ref[root.@CurrentProcessObject to Motor].Product.PremiumInDollar-&gt;rawValue}}</Value>
    </ProductValue>
    <ProductValue name="" type="value">
      <UUID>b0e115ae-c3a3-4f6c-b1b8-64cba78098bb</UUID>
      <SortOrder>0</SortOrder>
      <Value />
    </ProductValue>
  </ProductValueList>
  <ProductPolicyAttribute name="processModel" visibilityLevel="0" mandatory="false" unit="" format="" numberOfDecimals="0" attributeClass=" " type="Reference">
    <UUID>5baae214-7cc8-4a14-8cb9-ff5a6d435cde</UUID>
    <SortOrder>99</SortOrder>
    <InputType>Textbox</InputType>
    <DataType>process</DataType>
    <MaxLength>4000</MaxLength>
    <MinLength>0</MinLength>
    <ProductTextRelation>
      <ProductTextUUID>9ff7b0e8-a1b3-40be-90ce-4af0c2cdc7f7</ProductTextUUID>
    </ProductTextRelation>
    <ProductValueRangeRelation>
      <UUID>70759546-0016-456b-b122-e90a5e48bb60</UUID>
      <SortOrder>0</SortOrder>
      <ProductValueRangeUUID>f1432d90-4b22-41ad-b60e-6fac04965662</ProductValueRangeUUID>
    </ProductValueRangeRelation>
    <ProductValueRangeRelation>
      <UUID>af3ec62a-a77c-4a38-aa35-643dc7918b7c</UUID>
      <SortOrder>0</SortOrder>
      <ProductValueRangeUUID>add1549d-aa5f-4f0b-8e03-c26a8cd5478b</ProductValueRangeUUID>
    </ProductValueRangeRelation>
    <ProductBackendInfo name="Skye.Reference.DisplayValidationError">
      <UUID>034dae01-4055-44ef-8653-fa3a84f56591</UUID>
      <Info>False</Info>
    </ProductBackendInfo>
    <ProductBackendInfo name="Skye.AttributeAlias">
      <UUID>1b723998-a4d4-43b4-98c0-f1fb515f9599</UUID>
      <Info />
    </ProductBackendInfo>
    <ProductBackendInfo name="Skye.AllowValueSetViaUnencryptedURL">
      <UUID>1e895cdb-7280-4332-b7c6-62b3ef0122f8</UUID>
      <Info>False</Info>
    </ProductBackendInfo>
    <ProductBackendInfo name="Skye.Reference.SetReferenceBehaviour">
      <UUID>33a1dfbc-c812-47d1-ad64-098aa2f7b372</UUID>
      <Info>ByUuid</Info>
    </ProductBackendInfo>
    <ProductBackendInfo name="Skye.MaximumNumberOfSearchResults">
      <UUID>3d65c302-6dde-4b7f-9df0-ab4154962202</UUID>
      <Info>20</Info>
    </ProductBackendInfo>
    <ProductBackendInfo name="Skye.Reference.ShouldCopyValues">
      <UUID>951bf7ba-99fa-4a1c-8e14-0d1052b7f03d</UUID>
      <Info>false</Info>
    </ProductBackendInfo>
    <ProductBackendInfo name="Skye.Core.DataSecurity">
      <UUID>9a4e2e2a-ae64-4c08-b470-80bcaeac4049</UUID>
      <Info>Standard</Info>
    </ProductBackendInfo>
    <ProductBackendInfo name="Skye.Reference.DeleteBehavior">
      <UUID>a49a4072-8132-42c8-8a26-981b19a418d6</UUID>
      <Info>ignore</Info>
    </ProductBackendInfo>
    <ProductBackendInfo name="Skye.Reference.CopyBehavior">
      <UUID>b3ccf4a7-0576-4c22-8c99-08b84b62558d</UUID>
      <Info>setnull</Info>
    </ProductBackendInfo>
    <ProductBackendInfo name="Skye.Reference.CheckValidity">
      <UUID>d2c37737-9982-4ab3-bd34-10ed5b929f94</UUID>
      <Info>false</Info>
    </ProductBackendInfo>
    <ProductBackendInfo name="Skye.CharsToTriggerSearch">
      <UUID>d4509945-a337-40b3-83f3-d3d0caedc5fe</UUID>
      <Info>3</Info>
    </ProductBackendInfo>
    <ProductBackendInfo name="Skye.Reference.SearchTextType">
      <UUID>ff08e836-d9ab-43a9-b9b7-577b788f5ed8</UUID>
      <Info />
    </ProductBackendInfo>
    <DefinitionValueRelation>
      <UUID>11e9e9c5-02b4-99ee-a9dd-7da03dde1994</UUID>
      <DefinitionValueUUID>f2b288d2-f78c-4533-8b16-19d7c3f37ecc</DefinitionValueUUID>
    </DefinitionValueRelation>
  </ProductPolicyAttribute>
  <ProductPolicyAttribute name="MotorStripePayment" visibilityLevel="0" mandatory="false" unit="" format="" numberOfDecimals="0" attributeClass="" type="PaymentForm">
    <UUID>03774405-8d43-4c5a-85db-74966331f6d5</UUID>
    <SortOrder>99</SortOrder>
    <InputType>SilentPaymentForm</InputType>
    <DataType>String</DataType>
    <MaxLength>4000</MaxLength>
    <MinLength>0</MinLength>
    <ProductTextRelation>
      <UUID>9cd4e449-11ae-495d-b50c-52ae4458ba62</UUID>
      <ProductTextUUID>da2cca3d-e303-4618-a9d1-3e01188efdc7</ProductTextUUID>
    </ProductTextRelation>
    <ProductTextRelation>
      <UUID>31dda636-8eba-433d-93f1-6c809858d61f</UUID>
      <ProductTextUUID>09d52a47-33be-443a-becd-06d1ce5cbfd0</ProductTextUUID>
    </ProductTextRelation>
    <ProductTextRelation>
      <UUID>09c48885-93f3-4056-bf36-799afbd6ab30</UUID>
      <ProductTextUUID>6ae36cc5-218c-41d9-bd36-b3cb2d980411</ProductTextUUID>
    </ProductTextRelation>
    <ProductTextRelation>
      <UUID>9d7fdf0a-4f7c-4c96-815e-a4c81496e9d4</UUID>
      <ProductTextUUID>1169288c-26b2-4ac1-b000-06f9079b8be5</ProductTextUUID>
    </ProductTextRelation>
    <ProductTextRelation>
      <UUID>fb1664e9-d698-462e-b59e-2590f433fe95</UUID>
      <ProductTextUUID>276234f0-e04e-4ace-8479-1bc815d74e62</ProductTextUUID>
    </ProductTextRelation>
    <ProductTextRelation>
      <UUID>1634fe29-8e30-462e-9b76-237aff272845</UUID>
      <ProductTextUUID>4f9c42ba-9374-4ffe-b2d1-f762d8360a4d</ProductTextUUID>
    </ProductTextRelation>
    <ProductValueRangeRelation>
      <UUID>2fba11e6-7964-47f1-a5c6-8a6ef1a965e4</UUID>
      <SortOrder>99</SortOrder>
      <ProductValueRangeUUID>684e70c2-2fad-473e-82a6-36c84bc2206c</ProductValueRangeUUID>
    </ProductValueRangeRelation>
    <ProductValueRangeRelation>
      <UUID>d4cbe40e-2149-4092-a01f-f49d3feaf664</UUID>
      <SortOrder>99</SortOrder>
      <ProductValueRangeUUID>64029c2e-a9c5-4ba0-9886-a06dd3cf1ba4</ProductValueRangeUUID>
    </ProductValueRangeRelation>
    <ProductValueRangeRelation>
      <UUID>bf56832e-673e-4e66-8b97-24de299f498a</UUID>
      <SortOrder>99</SortOrder>
      <ProductValueRangeUUID>fa70bcab-96a9-402d-baf9-9eda73340ad4</ProductValueRangeUUID>
    </ProductValueRangeRelation>
    <ProductBackendInfo name="Skye.payment.paymentGatewayProvider">
      <UUID>f9e2d0c8-5ba6-4c10-824e-b405a2897e67</UUID>
      <Info>Stripe</Info>
    </ProductBackendInfo>
    <ProductBackendInfo name="Skye.AttributeAlias">
      <UUID>21a3f7a1-ce76-446e-b4be-49465335d33b</UUID>
      <Info />
    </ProductBackendInfo>
    <ProductBackendInfo name="Skye.Core.DataSecurity">
      <UUID>54486050-7432-4ac3-bc05-61abc98af05b</UUID>
      <Info>Standard</Info>
    </ProductBackendInfo>
    <ProductBackendInfo name="Skye.AllowValueSetViaUnencryptedURL">
      <UUID>00fbd91b-193b-4e0d-8659-b7b75690a155</UUID>
      <Info>False</Info>
    </ProductBackendInfo>
    <ProductBackendInfo name="Skye.payment.actionAfterPayment">
      <UUID>93770185-19be-4d66-9a45-43c0f36c0d67</UUID>
      <Info>PayAction</Info>
    </ProductBackendInfo>
    <ProductBackendInfo name="Skye.payment.activateEvents">
      <UUID>62d69d11-f635-49c8-9a7d-aa58533059ca</UUID>
      <Info>False</Info>
    </ProductBackendInfo>
    <ProductBackendInfo name="Skye.payment.publicAPIKeyProperty">
      <UUID>f352be82-3ad6-4eba-993c-130eb41a7ff8</UUID>
      <Info>payment.stripe.publicKey</Info>
    </ProductBackendInfo>
    <ProductBackendInfo name="Skye.payment.privateAPIKeyProperty">
      <UUID>f375e706-3393-4157-b5ef-1fbc08f5a4ba</UUID>
      <Info>payment.stripe.privateKey</Info>
    </ProductBackendInfo>
    <ProductBackendInfo name="Skye.payment.fieldMode">
      <UUID>e90fa424-9790-4d1d-a4ed-0f66c051a95f</UUID>
      <Info>OneInputPerField</Info>
    </ProductBackendInfo>
    <ProductBackendInfo name="Skye.payment.amount">
      <UUID>2651059d-80b3-43b6-b2aa-acdd9e53a422</UUID>
      <Info>%{PaymentInfo.PaymentAmountForStripe-&gt;rawValue}</Info>
    </ProductBackendInfo>
    <ProductBackendInfo name="Skye.payment.currency">
      <UUID>7ec859e7-7223-4c25-9181-1c557cc41c3e</UUID>
      <Info>USD</Info>
    </ProductBackendInfo>
    <ProductBackendInfo name="Skye.payment.description">
      <UUID>7cdaee42-0b55-4edf-b1e1-e0c30ed37f28</UUID>
      <Info>Thanks for your business</Info>
    </ProductBackendInfo>
    <ProductBackendInfo name="Skye.payment.typeOfPayment">
      <UUID>b14c1c55-bed0-48fc-a697-1da05f589898</UUID>
      <Info>SinglePayment</Info>
    </ProductBackendInfo>
    <ProductBackendInfo name="Skye.payment.planId">
      <UUID>a2e743e5-6c49-4c41-83a2-8e406f664bbb</UUID>
      <Info />
    </ProductBackendInfo>
    <ProductBackendInfo name="Skye.payment.planName">
      <UUID>03e9947a-5067-4f39-8f95-5d8cbd52320c</UUID>
      <Info />
    </ProductBackendInfo>
    <ProductBackendInfo name="Skye.payment.interval">
      <UUID>75c08c90-c911-4bae-a202-07ae0097a594</UUID>
      <Info />
    </ProductBackendInfo>
    <ProductBackendInfo name="Skye.payment.intervalCount">
      <UUID>9cbb41ea-2b57-43c3-aebb-35afb3c8c64c</UUID>
      <Info />
    </ProductBackendInfo>
    <ProductBackendInfo name="Skye.payment.eventsVerifyingKey">
      <UUID>1b263502-7f3a-4d6f-88e5-4e4076298313</UUID>
      <Info />
    </ProductBackendInfo>
    <ProductBackendInfo name="Skye.payment.idAttribute">
      <UUID>d2188d98-b018-4e6c-9f97-97e0df8c8887</UUID>
      <Info>PaymentInfo.PaymentID</Info>
    </ProductBackendInfo>
    <DefinitionValueRelation>
      <DefinitionValueUUID>17a847b9-697a-4746-a107-e2674ef2b4bf</DefinitionValueUUID>
    </DefinitionValueRelation>
    <DefinitionBusinessObjectContextRelation>
      <ContextUUID>ebd4324d-a60a-44b7-9eaf-7b5e2ed072c1</ContextUUID>
      <DefinitionObjectUUID>03774405-8d43-4c5a-85db-74966331f6d5</DefinitionObjectUUID>
    </DefinitionBusinessObjectContextRelation>
  </ProductPolicyAttribute>
  <ProductBrick name="PaymentInfo" visibilityLevel="3" brickClass=" " isAbstract="false" typeId="15">
    <UUID>71706579-2922-42fb-bd7b-81605f48d1d7</UUID>
    <SortOrder>99</SortOrder>
    <MinimumUsage>1</MinimumUsage>
    <MaximumUsage>1</MaximumUsage>
    <InitialUsage>1</InitialUsage>
    <PredecessorBrickUUID />
    <PredecessorBrickName />
    <ProductPolicyAttribute name="Bank" visibilityLevel="0" mandatory="true" unit="" format="" numberOfDecimals="0" attributeClass="" type="Standard">
      <UUID>4cb72bf5-76c3-4142-a098-b590bd30dacd</UUID>
      <SortOrder>20</SortOrder>
      <InputType refreshOnChange="true">Textbox</InputType>
      <DataType>String</DataType>
      <MaxLength>4000</MaxLength>
      <MinLength>0</MinLength>
      <ProductTextRelation>
        <UUID>ca51d6be-f69a-419f-8d7e-4751ea623621</UUID>
        <ProductTextUUID>eb085e80-e8ab-469a-af1a-0bdf138ebd73</ProductTextUUID>
      </ProductTextRelation>
      <ProductBackendInfo name="Skye.AttributeAlias">
        <UUID>1f6eea87-40a6-4fd7-aba0-ae94a5ae1f38</UUID>
        <Info />
      </ProductBackendInfo>
      <ProductBackendInfo name="Skye.Core.DataSecurity">
        <UUID>92b19b66-4769-47b7-8c1f-f6739643f2fa</UUID>
        <Info>Standard</Info>
      </ProductBackendInfo>
      <ProductBackendInfo name="Skye.AllowValueSetViaUnencryptedURL">
        <UUID>9e1b980e-25e1-46c1-8572-9b613581659d</UUID>
        <Info>False</Info>
      </ProductBackendInfo>
      <DefinitionValueRelation>
        <DefinitionValueUUID>f4731f46-6b9d-40db-8853-1cba4d0b6fc3</DefinitionValueUUID>
      </DefinitionValueRelation>
      <DefinitionBusinessObjectContextRelation>
        <ContextUUID>7a8057e1-f8d3-473a-bd56-1a5e5cfa1d38</ContextUUID>
        <DefinitionObjectUUID>4cb72bf5-76c3-4142-a098-b590bd30dacd</DefinitionObjectUUID>
      </DefinitionBusinessObjectContextRelation>
    </ProductPolicyAttribute>
    <ProductPolicyAttribute name="ChequeNr" visibilityLevel="0" mandatory="true" unit="" format="" numberOfDecimals="0" attributeClass="" type="Standard">
      <UUID>7758eb29-79b6-4ea9-82d1-81d3bb7d1344</UUID>
      <SortOrder>30</SortOrder>
      <InputType refreshOnChange="true">Textbox</InputType>
      <DataType>String</DataType>
      <MaxLength>4000</MaxLength>
      <MinLength>0</MinLength>
      <ProductTextRelation>
        <UUID>da172e9c-9f2b-446b-ba46-16ed3f740e92</UUID>
        <ProductTextUUID>c8c47071-60bb-451d-8f3c-8fcb5b45a52e</ProductTextUUID>
      </ProductTextRelation>
      <ProductBackendInfo name="Skye.AttributeAlias">
        <UUID>29d901bc-4a79-4e18-bed5-872ec7f9a382</UUID>
        <Info />
      </ProductBackendInfo>
      <ProductBackendInfo name="Skye.Core.DataSecurity">
        <UUID>925e24ed-4bc3-4cfa-b723-560aae50af95</UUID>
        <Info>Standard</Info>
      </ProductBackendInfo>
      <ProductBackendInfo name="Skye.AllowValueSetViaUnencryptedURL">
        <UUID>19f6d2a1-cf4a-4b05-b889-ad1dbb6d5c9c</UUID>
        <Info>False</Info>
      </ProductBackendInfo>
      <DefinitionValueRelation>
        <DefinitionValueUUID>39fb6be3-2484-40fd-88a0-3348a7ce9e46</DefinitionValueUUID>
      </DefinitionValueRelation>
      <DefinitionBusinessObjectContextRelation>
        <ContextUUID>7a8057e1-f8d3-473a-bd56-1a5e5cfa1d38</ContextUUID>
        <DefinitionObjectUUID>7758eb29-79b6-4ea9-82d1-81d3bb7d1344</DefinitionObjectUUID>
      </DefinitionBusinessObjectContextRelation>
    </ProductPolicyAttribute>
    <ProductPolicyAttribute name="ChequeDate" visibilityLevel="0" mandatory="true" unit="" format="" numberOfDecimals="0" attributeClass="" type="Standard">
      <UUID>cc53d047-add8-4181-92cf-f71cbeb9a547</UUID>
      <SortOrder>40</SortOrder>
      <InputType refreshOnChange="true">Datepicker</InputType>
      <DataType>String</DataType>
      <MaxLength>4000</MaxLength>
      <MinLength>0</MinLength>
      <ProductTextRelation>
        <UUID>47c9c279-e509-41fe-9380-c7bcba668d35</UUID>
        <ProductTextUUID>d3facd25-9765-4542-841d-b657f9c2cdac</ProductTextUUID>
      </ProductTextRelation>
      <ProductBackendInfo name="Skye.AttributeAlias">
        <UUID>d03a1dfe-4ef6-4f23-888d-087aba9f853e</UUID>
        <Info />
      </ProductBackendInfo>
      <ProductBackendInfo name="Skye.Core.DataSecurity">
        <UUID>2c99224e-69dc-4953-8929-bac92faef9e7</UUID>
        <Info>Standard</Info>
      </ProductBackendInfo>
      <ProductBackendInfo name="Skye.AllowValueSetViaUnencryptedURL">
        <UUID>1f754043-1a58-4a79-974a-bd2cc78eb609</UUID>
        <Info>False</Info>
      </ProductBackendInfo>
      <DefinitionValueRelation>
        <DefinitionValueUUID>cebaab8c-911a-4cb5-9b03-e70583638d78</DefinitionValueUUID>
      </DefinitionValueRelation>
      <DefinitionBusinessObjectContextRelation>
        <ContextUUID>7a8057e1-f8d3-473a-bd56-1a5e5cfa1d38</ContextUUID>
        <DefinitionObjectUUID>cc53d047-add8-4181-92cf-f71cbeb9a547</DefinitionObjectUUID>
      </DefinitionBusinessObjectContextRelation>
    </ProductPolicyAttribute>
    <ProductPolicyAttribute name="PaymentAmount" visibilityLevel="0" mandatory="false" unit="" format="&lt;Format&gt;&lt;Out&gt;&lt;Class&gt;com.innoveo.skye.business.model.extension.attribute.format.CurrencyFormatter&lt;/Class&gt;&lt;/Out&gt;&lt;/Format&gt;" numberOfDecimals="0" attributeClass="" type="Standard">
      <UUID>ea620413-7d50-4ab9-91c6-5499fbfac236</UUID>
      <SortOrder>100</SortOrder>
      <InputType refreshOnChange="true">Textbox</InputType>
      <DataType>String</DataType>
      <MaxLength>4000</MaxLength>
      <MinLength>0</MinLength>
      <ProductTextRelation>
        <UUID>fba36d47-ee33-475c-8494-f6e8f25d4077</UUID>
        <ProductTextUUID>4e3a2187-b6a2-4c99-8609-85a75c17e93e</ProductTextUUID>
      </ProductTextRelation>
      <ProductBackendInfo name="Skye.AttributeAlias">
        <UUID>d78c5106-2051-4e09-8df4-eb038f25eca0</UUID>
        <Info />
      </ProductBackendInfo>
      <ProductBackendInfo name="Skye.Core.DataSecurity">
        <UUID>7557cd82-e35a-496f-b0d8-8cfe0e85ddf2</UUID>
        <Info>Standard</Info>
      </ProductBackendInfo>
      <ProductBackendInfo name="Skye.AllowValueSetViaUnencryptedURL">
        <UUID>3105ab60-4540-48a4-bc9a-4413301ddb7b</UUID>
        <Info>False</Info>
      </ProductBackendInfo>
      <ProductBackendInfo name="Skye.CurrencySymbol">
        <UUID>21523c65-8124-4e82-8db0-411aa1bc0a02</UUID>
        <Info>$</Info>
      </ProductBackendInfo>
      <ProductBackendInfo name="Skye.CurrencyUseAbbreviationForZeros">
        <UUID>741bfdf4-3156-4fbc-9e0d-1a2294607bac</UUID>
        <Info>2</Info>
      </ProductBackendInfo>
      <ProductBackendInfo name="Skye.PrefixCurrencySymbol">
        <UUID>f36f46ed-9939-4c02-b1c8-e227edca7f6f</UUID>
        <Info>true</Info>
      </ProductBackendInfo>
      <DefinitionValueRelation>
        <DefinitionValueUUID>7b359813-f62a-4b97-a9ce-32ed52f23302</DefinitionValueUUID>
      </DefinitionValueRelation>
      <DefinitionBusinessObjectContextRelation>
        <ContextUUID>325fa0ac-5b12-4617-8774-f36f18a07b4f</ContextUUID>
        <DefinitionObjectUUID>ea620413-7d50-4ab9-91c6-5499fbfac236</DefinitionObjectUUID>
      </DefinitionBusinessObjectContextRelation>
    </ProductPolicyAttribute>
    <ProductPolicyAttribute name="PaymentID" visibilityLevel="0" mandatory="false" unit="" format="" numberOfDecimals="0" attributeClass="" type="Standard">
      <UUID>5a98eee8-ea3a-464c-9112-f4013b9e02b0</UUID>
      <SortOrder>99</SortOrder>
      <InputType>Textbox</InputType>
      <DataType>String</DataType>
      <MaxLength>4000</MaxLength>
      <MinLength>0</MinLength>
      <ProductTextRelation>
        <UUID>4e7c8a41-aebb-4143-8707-316a8dcaeb39</UUID>
        <ProductTextUUID>83050f40-4a14-48ff-aefb-f014c3ce347a</ProductTextUUID>
      </ProductTextRelation>
      <ProductBackendInfo name="Skye.AttributeAlias">
        <UUID>fed91341-253e-4864-ba11-be3a6be4cef5</UUID>
        <Info />
      </ProductBackendInfo>
      <ProductBackendInfo name="Skye.Core.DataSecurity">
        <UUID>e030d455-a2b8-418a-b295-472c509206b7</UUID>
        <Info>Standard</Info>
      </ProductBackendInfo>
      <ProductBackendInfo name="Skye.AllowValueSetViaUnencryptedURL">
        <UUID>f1adfc3f-2e65-4592-bce9-7300f6bbb77f</UUID>
        <Info>False</Info>
      </ProductBackendInfo>
      <DefinitionValueRelation>
        <DefinitionValueUUID>1a34774e-ec89-44af-8ca8-06b3cec232a9</DefinitionValueUUID>
      </DefinitionValueRelation>
    </ProductPolicyAttribute>
    <ProductPolicyAttribute name="PaymentIDCounter" visibilityLevel="0" mandatory="false" unit="" format="" numberOfDecimals="0" attributeClass="" type="Counter">
      <UUID>f2e90605-4f3d-4bee-9578-268fd67691d0</UUID>
      <SortOrder>99</SortOrder>
      <InputType>Textbox</InputType>
      <DataType>String</DataType>
      <MaxLength>4000</MaxLength>
      <MinLength>0</MinLength>
      <ProductTextRelation>
        <UUID>40b4d332-f3f4-4162-a98f-12424609b328</UUID>
        <ProductTextUUID>679f0454-f5de-4ec7-985d-5f3396b9076c</ProductTextUUID>
      </ProductTextRelation>
      <ProductValueRangeRelation>
        <UUID>fbbd7091-d15c-4a17-b65b-d18c4c76812f</UUID>
        <SortOrder>99</SortOrder>
        <ProductValueRangeUUID>aa6eca8d-24db-43a6-b32d-69e6931ed627</ProductValueRangeUUID>
      </ProductValueRangeRelation>
      <ProductBackendInfo name="Skye.AttributeAlias">
        <UUID>e5114d1a-e0f6-46c2-8252-85f03e8409ef</UUID>
        <Info />
      </ProductBackendInfo>
      <ProductBackendInfo name="Skye.Core.DataSecurity">
        <UUID>c803525c-2084-45fb-b7ca-233bde1f2876</UUID>
        <Info>Standard</Info>
      </ProductBackendInfo>
      <ProductBackendInfo name="Skye.AllowValueSetViaUnencryptedURL">
        <UUID>8d2617ed-96b9-4674-820c-bdbcfad4403a</UUID>
        <Info>False</Info>
      </ProductBackendInfo>
      <ProductBackendInfo name="Skye.Counter.Input">
        <UUID>e8fdc101-e70d-4be0-bf1d-1b38ed19fa52</UUID>
        <Info>formatted</Info>
      </ProductBackendInfo>
      <ProductBackendInfo name="Skye.Counter.Format">
        <UUID>8aecb1b7-4b4a-4036-baf7-53bf8f3dc395</UUID>
        <Info>P-ID-######</Info>
      </ProductBackendInfo>
      <DefinitionValueRelation>
        <DefinitionValueUUID>ea60ab6a-8e9b-4655-b7f9-0bdb75f724f2</DefinitionValueUUID>
      </DefinitionValueRelation>
      <DefinitionBusinessObjectContextRelation>
        <ContextUUID>b894446f-6c8b-474e-a252-47bd75486e52</ContextUUID>
        <DefinitionObjectUUID>f2e90605-4f3d-4bee-9578-268fd67691d0</DefinitionObjectUUID>
      </DefinitionBusinessObjectContextRelation>
    </ProductPolicyAttribute>
    <ProductPolicyAttribute name="ChargedAmount" visibilityLevel="0" mandatory="false" unit="" format="&lt;Format&gt;&lt;Out&gt;&lt;Class&gt;com.innoveo.skye.business.model.extension.attribute.format.CurrencyFormatter&lt;/Class&gt;&lt;/Out&gt;&lt;/Format&gt;" numberOfDecimals="0" attributeClass="" type="Standard">
      <UUID>a68979a9-7757-4aef-9a9d-4eb122ee7971</UUID>
      <SortOrder>99</SortOrder>
      <InputType>Textbox</InputType>
      <DataType>String</DataType>
      <MaxLength>4000</MaxLength>
      <MinLength>0</MinLength>
      <ProductTextRelation>
        <UUID>fbacdce1-ae29-4811-a43b-a4829ba6f069</UUID>
        <ProductTextUUID>a929028e-a9af-4d2f-ac58-626514da4928</ProductTextUUID>
      </ProductTextRelation>
      <ProductBackendInfo name="Skye.AttributeAlias">
        <UUID>158ff301-8afd-4e6a-8957-e85812ec330a</UUID>
        <Info />
      </ProductBackendInfo>
      <ProductBackendInfo name="Skye.Core.DataSecurity">
        <UUID>34b631ee-f7ff-49c2-a6e2-3309a1cb90c1</UUID>
        <Info>Standard</Info>
      </ProductBackendInfo>
      <ProductBackendInfo name="Skye.AllowValueSetViaUnencryptedURL">
        <UUID>9405506e-fbd7-4abe-bfb4-f9c710266e94</UUID>
        <Info>False</Info>
      </ProductBackendInfo>
      <ProductBackendInfo name="Skye.CurrencySymbol">
        <UUID>8672a7f4-2469-4ffc-bf6f-e948bba4bd37</UUID>
        <Info>¢</Info>
      </ProductBackendInfo>
      <ProductBackendInfo name="Skye.PrefixCurrencySymbol">
        <UUID>0032fa8f-aea2-46b2-a2e2-2a370b18c9cf</UUID>
        <Info>true</Info>
      </ProductBackendInfo>
      <DefinitionValueRelation>
        <DefinitionValueUUID>60eb5404-88f2-4669-982d-d84607a9d561</DefinitionValueUUID>
      </DefinitionValueRelation>
    </ProductPolicyAttribute>
    <ProductPolicyAttribute name="PaymentAmountForStripe" visibilityLevel="0" mandatory="false" unit="" format="" numberOfDecimals="0" attributeClass="" type="Standard">
      <UUID>afd7f947-51b9-4db7-aec3-092ded17ef5b</UUID>
      <SortOrder>99</SortOrder>
      <InputType refreshOnChange="true">Textbox</InputType>
      <DataType>String</DataType>
      <MaxLength>4000</MaxLength>
      <MinLength>0</MinLength>
      <ProductTextRelation>
        <UUID>444869b9-0abd-4208-bb8e-c0125cb4d591</UUID>
        <ProductTextUUID>f5357a53-a5de-4e28-94fb-4300fe025dfc</ProductTextUUID>
      </ProductTextRelation>
      <ProductTextRelation>
        <UUID>be0c92cb-ac03-45ec-87d5-462a12bbcbc9</UUID>
        <ProductTextUUID>869a81e9-0132-44cf-a0ec-3610c61b8e25</ProductTextUUID>
      </ProductTextRelation>
      <ProductBackendInfo name="Skye.AttributeAlias">
        <UUID>94589c5d-ac5c-4da4-9c18-fb16210d8844</UUID>
        <Info />
      </ProductBackendInfo>
      <ProductBackendInfo name="Skye.Core.DataSecurity">
        <UUID>bc4f40df-3358-468b-b098-d7ff25fe2a27</UUID>
        <Info>Standard</Info>
      </ProductBackendInfo>
      <ProductBackendInfo name="Skye.AllowValueSetViaUnencryptedURL">
        <UUID>50f67ab5-0e31-4265-9cab-89e27552d2f0</UUID>
        <Info>False</Info>
      </ProductBackendInfo>
      <DefinitionValueRelation>
        <DefinitionValueUUID>de5edf6d-1589-4894-a791-0912f96754b9</DefinitionValueUUID>
      </DefinitionValueRelation>
      <DefinitionBusinessObjectContextRelation>
        <ContextUUID>325fa0ac-5b12-4617-8774-f36f18a07b4f</ContextUUID>
        <DefinitionObjectUUID>afd7f947-51b9-4db7-aec3-092ded17ef5b</DefinitionObjectUUID>
      </DefinitionBusinessObjectContextRelation>
    </ProductPolicyAttribute>
    <ProductBackendInfo name="Skye.MultibrickType">
      <UUID>647824c3-1cc0-4e62-b9f3-38031503ae92</UUID>
      <Info />
    </ProductBackendInfo>
  </ProductBrick>
  <ProductBrick name="GeneralInsuredObject" visibilityLevel="3" brickClass=" " isAbstract="false" typeId="19">
    <UUID>ad1f020c-59b2-455f-9d75-eb8544ca7e28</UUID>
    <SortOrder>99</SortOrder>
    <MinimumUsage>1</MinimumUsage>
    <MaximumUsage>1</MaximumUsage>
    <InitialUsage>1</InitialUsage>
    <PredecessorBrickUUID />
    <PredecessorBrickName />
    <ProductBackendInfo name="Skye.MultibrickType">
      <UUID>ec308136-edb5-4f33-895b-14e8a97b9dcf</UUID>
      <Info />
    </ProductBackendInfo>
  </ProductBrick>
  <DefinitionDependentLists>
    <DefinitionDependencyDefaultValueList>
      <DefinitionDependencyDefaultValue name="SetValue#0">
        <UUID>9b94f551-6aff-4b96-8474-a9746fecfe7d</UUID>
        <ClientUUID>ea620413-7d50-4ab9-91c6-5499fbfac236</ClientUUID>
        <Operator>NOT_EQUALS</Operator>
        <SupplierValueUUID>b0e115ae-c3a3-4f6c-b1b8-64cba78098bb</SupplierValueUUID>
        <RefreshOnChange>true</RefreshOnChange>
        <SupplierReference>ref[Shoppingcart.processModel to MotorCreatePolicy].ref[root.@CurrentProcessObject to Motor].Product.PremiumInDollar</SupplierReference>
        <ClientValueUUID>f531341f-ff79-49dd-ac82-638810d6b73a</ClientValueUUID>
      </DefinitionDependencyDefaultValue>
    </DefinitionDependencyDefaultValueList>
    <DefinitionDependencyValueRangeList />
    <DefinitionDependencyVisibilityList>
      <DefinitionDependencyVisibility name="SetVisible#0">
        <UUID>3e2ce6b2-cfa3-4ab7-9969-6688a6011b8b</UUID>
        <ClientUUID>4cb72bf5-76c3-4142-a098-b590bd30dacd</ClientUUID>
        <Operator>EQUALS</Operator>
        <SupplierValueUUID>6e027056-2b05-49c8-a79b-29ba659402db</SupplierValueUUID>
        <RefreshOnChange>false</RefreshOnChange>
        <DefinitionBusinessObjectContextRelation>
          <ContextUUID>fc0bc3e9-0da3-4154-a9c7-0f47a68f9d1a</ContextUUID>
          <DefinitionObjectUUID>3e2ce6b2-cfa3-4ab7-9969-6688a6011b8b</DefinitionObjectUUID>
        </DefinitionBusinessObjectContextRelation>
        <SupplierReference>ref[Shoppingcart.processModel to HomeCreatePolicy].ref[root.@CurrentProcessObject to Home].Payment.PaymentOptions</SupplierReference>
        <ClientVisibilityLevel>4</ClientVisibilityLevel>
      </DefinitionDependencyVisibility>
      <DefinitionDependencyVisibility name="SetVisible#0">
        <UUID>c827dd28-c611-451d-86bf-713aea5387a6</UUID>
        <ClientUUID>7758eb29-79b6-4ea9-82d1-81d3bb7d1344</ClientUUID>
        <Operator>EQUALS</Operator>
        <SupplierValueUUID>51bd4354-8a2c-458a-9b85-6ebff3eadc11</SupplierValueUUID>
        <RefreshOnChange>false</RefreshOnChange>
        <DefinitionBusinessObjectContextRelation>
          <ContextUUID>fc0bc3e9-0da3-4154-a9c7-0f47a68f9d1a</ContextUUID>
          <DefinitionObjectUUID>c827dd28-c611-451d-86bf-713aea5387a6</DefinitionObjectUUID>
        </DefinitionBusinessObjectContextRelation>
        <SupplierReference>ref[Shoppingcart.processModel to HomeCreatePolicy].ref[root.@CurrentProcessObject to Home].Payment.PaymentOptions</SupplierReference>
        <ClientVisibilityLevel>4</ClientVisibilityLevel>
      </DefinitionDependencyVisibility>
      <DefinitionDependencyVisibility name="SetVisible#0">
        <UUID>f1931b85-0ead-4323-aff0-91bc5bc2d616</UUID>
        <ClientUUID>cc53d047-add8-4181-92cf-f71cbeb9a547</ClientUUID>
        <Operator>EQUALS</Operator>
        <SupplierValueUUID>465dd07f-e061-4ceb-bbf8-48f4631cc8da</SupplierValueUUID>
        <RefreshOnChange>false</RefreshOnChange>
        <DefinitionBusinessObjectContextRelation>
          <ContextUUID>fc0bc3e9-0da3-4154-a9c7-0f47a68f9d1a</ContextUUID>
          <DefinitionObjectUUID>f1931b85-0ead-4323-aff0-91bc5bc2d616</DefinitionObjectUUID>
        </DefinitionBusinessObjectContextRelation>
        <SupplierReference>ref[Shoppingcart.processModel to HomeCreatePolicy].ref[root.@CurrentProcessObject to Home].Payment.PaymentOptions</SupplierReference>
        <ClientVisibilityLevel>4</ClientVisibilityLevel>
      </DefinitionDependencyVisibility>
    </DefinitionDependencyVisibilityList>
    <DefinitionDependencyMandatoryList />
    <DefinitionDependencyToDependencyList />
    <DefinitionDependencyValueRangeFilterValuesList />
    <DefinitionDependencyDataSourceAttributeList />
  </DefinitionDependentLists>
</Product>