﻿<?xml version="1.0" encoding="utf-8"?>
<Product xmlns:xsd="http://www.w3.org/2001/XMLSchema" xmlns:xsi="http://www.w3.org/2001/XMLSchema-instance" name="Shoppingcart" lastChanged="2019-10-11T12:34:48Z" implementationClass=" " versionUuid=" " modelType="shoppingcart" subModelType="" skyeEditorVersion="7.15.0.16">
  <UUID>4484a45d-11bc-4ae4-ade8-b24ac6bc60b9</UUID>
  <SortOrder>0</SortOrder>
  <BusinessUnit> </BusinessUnit>
  <Section> </Section>
  <ProductTextList>
    <ProductText name="short" language="en" country="US">
      <UUID>198d64d1-72d4-4afd-b5a9-f8eb7f891012</UUID>
      <Text>Cheque Date</Text>
    </ProductText>
    <ProductText name="short" language="en" country="US">
      <UUID>240acc3f-4431-42bc-800f-97865126ec6e</UUID>
      <Text>Payment Amount</Text>
    </ProductText>
    <ProductText name="searchTooManyRecords" language="en" country="US">
      <UUID>9ff7b0e8-a1b3-40be-90ce-4af0c2cdc7f7</UUID>
      <Text />
    </ProductText>
    <ProductText name="short" language="en" country="US">
      <UUID>aeb806b5-fe84-4bdf-9dac-3ae68e529077</UUID>
      <Text>Cheque Nr.</Text>
    </ProductText>
    <ProductText name="short" language="en" country="US">
      <UUID>c191b4ed-2a1c-47bf-bdb2-e5a3977fa003</UUID>
      <Text>Bank</Text>
    </ProductText>
  </ProductTextList>
  <ProductValueRangeList>
    <ProductValueRange name="Reference.attributeMappingVR" type="fix">
      <UUID>add1549d-aa5f-4f0b-8e03-c26a8cd5478b</UUID>
    </ProductValueRange>
    <ProductValueRange name="Reference.referencedModelsVR" type="fix">
      <UUID>f1432d90-4b22-41ad-b60e-6fac04965662</UUID>
      <DefinitionValueRelation>
        <UUID>11e9f0dd-84ee-7740-8a2d-1f914ab48f5c</UUID>
        <DefinitionValueUUID>87c4106e-d9e5-46e3-b71d-2e702b38936e</DefinitionValueUUID>
      </DefinitionValueRelation>
      <DefinitionValueRelation>
        <UUID>11e9f0dd-84ee-7742-8a2d-1f914ab48f5c</UUID>
        <DefinitionValueUUID>abee3978-cb97-4a54-b3ee-a803d3d9f052</DefinitionValueUUID>
      </DefinitionValueRelation>
    </ProductValueRange>
  </ProductValueRangeList>
  <DefinitionBusinessObjectContextList>
    <DefinitionBusinessObjectContext name="HomeCreatePolicy:Payment-callcenter-callcenter">
      <UUID>1467de56-6813-4219-a9c1-0bfd4c0c913a</UUID>
      <SubclassId>visibilityLevelContext</SubclassId>
      <ValueField>2</ValueField>
    </DefinitionBusinessObjectContext>
    <DefinitionBusinessObjectContext name="HomeCreatePolicy:Payment-callcenter-callcenter">
      <UUID>5ed36609-f641-488f-9b3b-26453f8b0ec4</UUID>
      <SubclassId>sortOrderContext</SubclassId>
      <ValueField>100</ValueField>
    </DefinitionBusinessObjectContext>
    <DefinitionBusinessObjectContext name="HomeCreatePolicy:Payment-callcenter-callcenter">
      <UUID>6400302a-4da1-4631-90f9-cea0e9e27510</UUID>
      <SubclassId>isMandatoryContext</SubclassId>
      <ValueField>True</ValueField>
    </DefinitionBusinessObjectContext>
    <DefinitionBusinessObjectContext name="HomeCreatePolicy:Payment-callcenter-callcenter">
      <UUID>89f7c4ab-26da-47ac-bda5-6ed9d162cd80</UUID>
      <SubclassId>sortOrderContext</SubclassId>
      <ValueField>40</ValueField>
    </DefinitionBusinessObjectContext>
    <DefinitionBusinessObjectContext name="HomeCreatePolicy:Payment-callcenter-callcenter">
      <UUID>91eba913-b236-4046-bfee-84f92cfdd37c</UUID>
      <SubclassId>sortOrderContext</SubclassId>
      <ValueField>30</ValueField>
    </DefinitionBusinessObjectContext>
    <DefinitionBusinessObjectContext name="HomeCreatePolicy:Payment-callcenter-callcenter">
      <UUID>c6864d4d-fbe8-4d16-b3ec-6daea6885091</UUID>
      <SubclassId>visibilityLevelContext</SubclassId>
      <ValueField>4</ValueField>
    </DefinitionBusinessObjectContext>
    <DefinitionBusinessObjectContext name="HomeCreatePolicy:Payment-callcenter-callcenter">
      <UUID>fded791a-45fc-4f15-a395-af3a920c9feb</UUID>
      <SubclassId>sortOrderContext</SubclassId>
      <ValueField>20</ValueField>
    </DefinitionBusinessObjectContext>
  </DefinitionBusinessObjectContextList>
  <DefinitionResourceList />
  <AbstractProductBrickList />
  <ProductValueList>
    <ProductValue name="Cheque" type="value">
      <UUID>1b239f98-2e7f-4175-8bf6-7aaed51a2ea7</UUID>
      <SortOrder>0</SortOrder>
      <Value>Cheque</Value>
    </ProductValue>
    <ProductValue name=" " type="value">
      <UUID>5898c238-8d70-4028-b84d-2becb124c7c2</UUID>
      <SortOrder>0</SortOrder>
      <Value />
    </ProductValue>
    <ProductValue name=" " type="value">
      <UUID>7fcdc8b6-45ba-451f-aa0e-944d74f4df55</UUID>
      <SortOrder>0</SortOrder>
      <Value />
    </ProductValue>
    <ProductValue name="HomeCreatePolicy" type="value">
      <UUID>87c4106e-d9e5-46e3-b71d-2e702b38936e</UUID>
      <SortOrder>0</SortOrder>
      <Value />
    </ProductValue>
    <ProductValue name=" " type="value">
      <UUID>a9f9a1ee-3fbd-4ede-9b18-053f0dc02160</UUID>
      <SortOrder>0</SortOrder>
      <Value />
    </ProductValue>
    <ProductValue name="Cheque" type="value">
      <UUID>aa91fd44-bca0-4d14-b663-74310949aabc</UUID>
      <SortOrder>0</SortOrder>
      <Value>Cheque</Value>
    </ProductValue>
    <ProductValue name="FamilyInsuranceCreatePolicy" type="value">
      <UUID>abee3978-cb97-4a54-b3ee-a803d3d9f052</UUID>
      <SortOrder>0</SortOrder>
      <Value />
    </ProductValue>
    <ProductValue name=" " type="value">
      <UUID>ebd6accf-b4bb-43f7-ba14-738daca2a510</UUID>
      <SortOrder>0</SortOrder>
      <Value />
    </ProductValue>
    <ProductValue name=" " type="value">
      <UUID>f2b288d2-f78c-4533-8b16-19d7c3f37ecc</UUID>
      <SortOrder>0</SortOrder>
      <Value />
    </ProductValue>
    <ProductValue name="Cheque" type="value">
      <UUID>fbceb1dc-189b-47ef-8189-ddd2d0d8fd4b</UUID>
      <SortOrder>0</SortOrder>
      <Value>Cheque</Value>
    </ProductValue>
  </ProductValueList>
  <ProductPolicyAttribute name="processModel" visibilityLevel="0" mandatory="false" unit="" format="" numberOfDecimals="0" attributeClass=" " type="Reference">
    <UUID>5baae214-7cc8-4a14-8cb9-ff5a6d435cde</UUID>
    <SortOrder>99</SortOrder>
    <InputType>Textbox</InputType>
    <DataType>process</DataType>
    <MaxLength>4000</MaxLength>
    <MinLength>0</MinLength>
    <ProductTextRelation>
      <ProductTextUUID>9ff7b0e8-a1b3-40be-90ce-4af0c2cdc7f7</ProductTextUUID>
    </ProductTextRelation>
    <ProductValueRangeRelation>
      <UUID>70759546-0016-456b-b122-e90a5e48bb60</UUID>
      <SortOrder>0</SortOrder>
      <ProductValueRangeUUID>f1432d90-4b22-41ad-b60e-6fac04965662</ProductValueRangeUUID>
    </ProductValueRangeRelation>
    <ProductValueRangeRelation>
      <UUID>af3ec62a-a77c-4a38-aa35-643dc7918b7c</UUID>
      <SortOrder>0</SortOrder>
      <ProductValueRangeUUID>add1549d-aa5f-4f0b-8e03-c26a8cd5478b</ProductValueRangeUUID>
    </ProductValueRangeRelation>
    <ProductBackendInfo name="Skye.Reference.DisplayValidationError">
      <UUID>034dae01-4055-44ef-8653-fa3a84f56591</UUID>
      <Info>False</Info>
    </ProductBackendInfo>
    <ProductBackendInfo name="Skye.AttributeAlias">
      <UUID>1b723998-a4d4-43b4-98c0-f1fb515f9599</UUID>
      <Info />
    </ProductBackendInfo>
    <ProductBackendInfo name="Skye.AllowValueSetViaUnencryptedURL">
      <UUID>1e895cdb-7280-4332-b7c6-62b3ef0122f8</UUID>
      <Info>False</Info>
    </ProductBackendInfo>
    <ProductBackendInfo name="Skye.Reference.SetReferenceBehaviour">
      <UUID>33a1dfbc-c812-47d1-ad64-098aa2f7b372</UUID>
      <Info>ByUuid</Info>
    </ProductBackendInfo>
    <ProductBackendInfo name="Skye.MaximumNumberOfSearchResults">
      <UUID>3d65c302-6dde-4b7f-9df0-ab4154962202</UUID>
      <Info>20</Info>
    </ProductBackendInfo>
    <ProductBackendInfo name="Skye.Reference.ShouldCopyValues">
      <UUID>951bf7ba-99fa-4a1c-8e14-0d1052b7f03d</UUID>
      <Info>false</Info>
    </ProductBackendInfo>
    <ProductBackendInfo name="Skye.Core.DataSecurity">
      <UUID>9a4e2e2a-ae64-4c08-b470-80bcaeac4049</UUID>
      <Info>Standard</Info>
    </ProductBackendInfo>
    <ProductBackendInfo name="Skye.Reference.DeleteBehavior">
      <UUID>a49a4072-8132-42c8-8a26-981b19a418d6</UUID>
      <Info>ignore</Info>
    </ProductBackendInfo>
    <ProductBackendInfo name="Skye.Reference.CopyBehavior">
      <UUID>b3ccf4a7-0576-4c22-8c99-08b84b62558d</UUID>
      <Info>setnull</Info>
    </ProductBackendInfo>
    <ProductBackendInfo name="Skye.Reference.CheckValidity">
      <UUID>d2c37737-9982-4ab3-bd34-10ed5b929f94</UUID>
      <Info>false</Info>
    </ProductBackendInfo>
    <ProductBackendInfo name="Skye.CharsToTriggerSearch">
      <UUID>d4509945-a337-40b3-83f3-d3d0caedc5fe</UUID>
      <Info>3</Info>
    </ProductBackendInfo>
    <ProductBackendInfo name="Skye.Reference.SearchTextType">
      <UUID>ff08e836-d9ab-43a9-b9b7-577b788f5ed8</UUID>
      <Info />
    </ProductBackendInfo>
    <DefinitionValueRelation>
      <UUID>11e9f0dd-84ee-773f-8a2d-1f914ab48f5c</UUID>
      <DefinitionValueUUID>f2b288d2-f78c-4533-8b16-19d7c3f37ecc</DefinitionValueUUID>
    </DefinitionValueRelation>
  </ProductPolicyAttribute>
  <ProductBrick name="PaymentInfo" visibilityLevel="3" brickClass=" " isAbstract="false" typeId="15">
    <UUID>71706579-2922-42fb-bd7b-81605f48d1d7</UUID>
    <SortOrder>99</SortOrder>
    <MinimumUsage>1</MinimumUsage>
    <MaximumUsage>1</MaximumUsage>
    <InitialUsage>1</InitialUsage>
    <PredecessorBrickUUID />
    <PredecessorBrickName />
    <ProductPolicyAttribute name="Bank" visibilityLevel="0" mandatory="false" unit="" format="" numberOfDecimals="0" attributeClass=" " type="Standard">
      <UUID>3dd07448-b5fb-4c11-b115-47641bd9c53d</UUID>
      <SortOrder>99</SortOrder>
      <InputType>Textbox</InputType>
      <DataType>String</DataType>
      <MaxLength>4000</MaxLength>
      <MinLength>0</MinLength>
      <ProductTextRelation>
        <ProductTextUUID>c191b4ed-2a1c-47bf-bdb2-e5a3977fa003</ProductTextUUID>
      </ProductTextRelation>
      <ProductBackendInfo name="Skye.AttributeAlias">
        <UUID>640ec1a9-76da-47c6-92de-463f773e3333</UUID>
        <Info />
      </ProductBackendInfo>
      <ProductBackendInfo name="Skye.AllowValueSetViaUnencryptedURL">
        <UUID>9012c497-0f8f-402c-9f0d-724f173981bd</UUID>
        <Info>False</Info>
      </ProductBackendInfo>
      <ProductBackendInfo name="Skye.Core.DataSecurity">
        <UUID>cb59d078-26ad-433a-b068-5a5b02630051</UUID>
        <Info>Standard</Info>
      </ProductBackendInfo>
      <DefinitionValueRelation>
        <UUID>11e9f0dd-84ee-773e-8a2d-1f914ab48f5c</UUID>
        <DefinitionValueUUID>ebd6accf-b4bb-43f7-ba14-738daca2a510</DefinitionValueUUID>
      </DefinitionValueRelation>
      <DefinitionBusinessObjectContextRelation>
        <ContextUUID>fded791a-45fc-4f15-a395-af3a920c9feb</ContextUUID>
        <DefinitionObjectUUID>3dd07448-b5fb-4c11-b115-47641bd9c53d</DefinitionObjectUUID>
        <ValueField>20</ValueField>
      </DefinitionBusinessObjectContextRelation>
      <DefinitionBusinessObjectContextRelation>
        <ContextUUID>6400302a-4da1-4631-90f9-cea0e9e27510</ContextUUID>
        <DefinitionObjectUUID>3dd07448-b5fb-4c11-b115-47641bd9c53d</DefinitionObjectUUID>
        <ValueField>True</ValueField>
      </DefinitionBusinessObjectContextRelation>
    </ProductPolicyAttribute>
    <ProductPolicyAttribute name="PaymentAmount" visibilityLevel="0" mandatory="false" unit="" format="&lt;Format&gt;&lt;Out&gt;&lt;Class&gt;com.innoveo.skye.business.model.extension.attribute.format.CurrencyFormatter&lt;/Class&gt;&lt;/Out&gt;&lt;In&gt;&lt;Class&gt;com.innoveo.skye.business.model.extension.attribute.format.CurrencyFormatter&lt;/Class&gt;&lt;/In&gt;&lt;/Format&gt;" numberOfDecimals="0" attributeClass=" " type="Standard">
      <UUID>757d665b-549a-4be6-a06b-11f55c783d62</UUID>
      <SortOrder>99</SortOrder>
      <InputType>Textbox</InputType>
      <DataType>String</DataType>
      <MaxLength>4000</MaxLength>
      <MinLength>0</MinLength>
      <ProductTextRelation>
        <ProductTextUUID>240acc3f-4431-42bc-800f-97865126ec6e</ProductTextUUID>
      </ProductTextRelation>
      <ProductBackendInfo name="Skye.AttributeAlias">
        <UUID>1f231b0a-a9fa-46c5-a84b-78aa33ff682c</UUID>
        <Info />
      </ProductBackendInfo>
      <ProductBackendInfo name="Skye.AllowValueSetViaUnencryptedURL">
        <UUID>372b4d51-fe89-4ca6-949b-c76a244145ca</UUID>
        <Info>False</Info>
      </ProductBackendInfo>
      <ProductBackendInfo name="Skye.Core.DataSecurity">
        <UUID>9346c2f9-0bdc-43ac-86ef-e3c5e27db731</UUID>
        <Info>Standard</Info>
      </ProductBackendInfo>
      <ProductBackendInfo name="Skye.CurrencySymbol">
        <UUID>dde18997-ac52-4b9d-853a-da1d3f39c729</UUID>
        <Info>USD</Info>
      </ProductBackendInfo>
      <DefinitionValueRelation>
        <UUID>11e9f0dd-84ee-773c-8a2d-1f914ab48f5c</UUID>
        <DefinitionValueUUID>5898c238-8d70-4028-b84d-2becb124c7c2</DefinitionValueUUID>
      </DefinitionValueRelation>
      <DefinitionBusinessObjectContextRelation>
        <ContextUUID>1467de56-6813-4219-a9c1-0bfd4c0c913a</ContextUUID>
        <DefinitionObjectUUID>757d665b-549a-4be6-a06b-11f55c783d62</DefinitionObjectUUID>
        <ValueField>2</ValueField>
      </DefinitionBusinessObjectContextRelation>
      <DefinitionBusinessObjectContextRelation>
        <ContextUUID>5ed36609-f641-488f-9b3b-26453f8b0ec4</ContextUUID>
        <DefinitionObjectUUID>757d665b-549a-4be6-a06b-11f55c783d62</DefinitionObjectUUID>
        <ValueField>100</ValueField>
      </DefinitionBusinessObjectContextRelation>
    </ProductPolicyAttribute>
    <ProductPolicyAttribute name="ChequeNr" visibilityLevel="0" mandatory="false" unit="" format="" numberOfDecimals="0" attributeClass=" " type="Standard">
      <UUID>a30d618f-b134-42de-abdb-ffc794c53c17</UUID>
      <SortOrder>99</SortOrder>
      <InputType>Textbox</InputType>
      <DataType>String</DataType>
      <MaxLength>4000</MaxLength>
      <MinLength>0</MinLength>
      <ProductTextRelation>
        <ProductTextUUID>aeb806b5-fe84-4bdf-9dac-3ae68e529077</ProductTextUUID>
      </ProductTextRelation>
      <ProductBackendInfo name="Skye.AttributeAlias">
        <UUID>82a5f3fc-f124-42dc-9774-5aae90daa074</UUID>
        <Info />
      </ProductBackendInfo>
      <ProductBackendInfo name="Skye.AllowValueSetViaUnencryptedURL">
        <UUID>b13a7e37-0fd0-487b-88e3-e744d7855d2f</UUID>
        <Info>False</Info>
      </ProductBackendInfo>
      <ProductBackendInfo name="Skye.Core.DataSecurity">
        <UUID>e8b4bae4-7570-416a-81d3-d6fa5721cd29</UUID>
        <Info>Standard</Info>
      </ProductBackendInfo>
      <DefinitionValueRelation>
        <UUID>11e9f0dd-84ee-7741-8a2d-1f914ab48f5c</UUID>
        <DefinitionValueUUID>a9f9a1ee-3fbd-4ede-9b18-053f0dc02160</DefinitionValueUUID>
      </DefinitionValueRelation>
      <DefinitionBusinessObjectContextRelation>
        <ContextUUID>91eba913-b236-4046-bfee-84f92cfdd37c</ContextUUID>
        <DefinitionObjectUUID>a30d618f-b134-42de-abdb-ffc794c53c17</DefinitionObjectUUID>
        <ValueField>30</ValueField>
      </DefinitionBusinessObjectContextRelation>
      <DefinitionBusinessObjectContextRelation>
        <ContextUUID>6400302a-4da1-4631-90f9-cea0e9e27510</ContextUUID>
        <DefinitionObjectUUID>a30d618f-b134-42de-abdb-ffc794c53c17</DefinitionObjectUUID>
        <ValueField>True</ValueField>
      </DefinitionBusinessObjectContextRelation>
    </ProductPolicyAttribute>
    <ProductPolicyAttribute name="ChequeDate" visibilityLevel="0" mandatory="false" unit="" format="" numberOfDecimals="0" attributeClass=" " type="Standard">
      <UUID>d4ce9785-a54d-4df1-bd3d-be1dcce43286</UUID>
      <SortOrder>99</SortOrder>
      <InputType>Datepicker</InputType>
      <DataType>Date</DataType>
      <MaxLength>4000</MaxLength>
      <MinLength>0</MinLength>
      <ProductTextRelation>
        <ProductTextUUID>198d64d1-72d4-4afd-b5a9-f8eb7f891012</ProductTextUUID>
      </ProductTextRelation>
      <ProductBackendInfo name="Skye.AttributeAlias">
        <UUID>c7623fdb-335f-4f94-ab3d-d1277e6bf5eb</UUID>
        <Info />
      </ProductBackendInfo>
      <ProductBackendInfo name="Skye.AllowValueSetViaUnencryptedURL">
        <UUID>caf76b4e-56a4-4372-b19d-27f4bbbd0611</UUID>
        <Info>False</Info>
      </ProductBackendInfo>
      <ProductBackendInfo name="Skye.Core.DataSecurity">
        <UUID>e215302f-a6b3-45a1-854e-d458bc050206</UUID>
        <Info>Standard</Info>
      </ProductBackendInfo>
      <DefinitionValueRelation>
        <UUID>11e9f0dd-84ee-773d-8a2d-1f914ab48f5c</UUID>
        <DefinitionValueUUID>7fcdc8b6-45ba-451f-aa0e-944d74f4df55</DefinitionValueUUID>
      </DefinitionValueRelation>
      <DefinitionBusinessObjectContextRelation>
        <ContextUUID>89f7c4ab-26da-47ac-bda5-6ed9d162cd80</ContextUUID>
        <DefinitionObjectUUID>d4ce9785-a54d-4df1-bd3d-be1dcce43286</DefinitionObjectUUID>
        <ValueField>40</ValueField>
      </DefinitionBusinessObjectContextRelation>
      <DefinitionBusinessObjectContextRelation>
        <ContextUUID>6400302a-4da1-4631-90f9-cea0e9e27510</ContextUUID>
        <DefinitionObjectUUID>d4ce9785-a54d-4df1-bd3d-be1dcce43286</DefinitionObjectUUID>
        <ValueField>True</ValueField>
      </DefinitionBusinessObjectContextRelation>
    </ProductPolicyAttribute>
    <ProductBackendInfo name="Skye.MultibrickType">
      <UUID>647824c3-1cc0-4e62-b9f3-38031503ae92</UUID>
      <Info />
    </ProductBackendInfo>
  </ProductBrick>
  <ProductBrick name="GeneralInsuredObject" visibilityLevel="3" brickClass=" " isAbstract="false" typeId="19">
    <UUID>ad1f020c-59b2-455f-9d75-eb8544ca7e28</UUID>
    <SortOrder>99</SortOrder>
    <MinimumUsage>1</MinimumUsage>
    <MaximumUsage>1</MaximumUsage>
    <InitialUsage>1</InitialUsage>
    <PredecessorBrickUUID />
    <PredecessorBrickName />
    <ProductBackendInfo name="Skye.MultibrickType">
      <UUID>ec308136-edb5-4f33-895b-14e8a97b9dcf</UUID>
      <Info />
    </ProductBackendInfo>
  </ProductBrick>
  <DefinitionDependentLists>
    <DefinitionDependencyDefaultValueList />
    <DefinitionDependencyValueRangeList />
    <DefinitionDependencyVisibilityList>
      <DefinitionDependencyVisibility name="setVisible#0">
        <UUID>7bd99ae6-257e-402a-a258-974ce4518d73</UUID>
        <ClientUUID>d4ce9785-a54d-4df1-bd3d-be1dcce43286</ClientUUID>
        <Operator>EQUALS</Operator>
        <SupplierValueUUID>1b239f98-2e7f-4175-8bf6-7aaed51a2ea7</SupplierValueUUID>
        <RefreshOnChange>false</RefreshOnChange>
        <DependencyChangeRefreshPolicy>0</DependencyChangeRefreshPolicy>
        <DefinitionBusinessObjectContextRelation>
          <ContextUUID>c6864d4d-fbe8-4d16-b3ec-6daea6885091</ContextUUID>
          <DefinitionObjectUUID>7bd99ae6-257e-402a-a258-974ce4518d73</DefinitionObjectUUID>
          <ValueField>4</ValueField>
        </DefinitionBusinessObjectContextRelation>
        <SupplierReference>ref[Shoppingcart.processModel to HomeCreatePolicy].ref[root.@CurrentProcessObject to Home].Payment.PaymentOption</SupplierReference>
        <ClientVisibilityLevel>4</ClientVisibilityLevel>
      </DefinitionDependencyVisibility>
      <DefinitionDependencyVisibility name="setVisible#0">
        <UUID>8f0dbde0-19ad-4c07-9814-9f7b1a99b156</UUID>
        <ClientUUID>3dd07448-b5fb-4c11-b115-47641bd9c53d</ClientUUID>
        <Operator>EQUALS</Operator>
        <SupplierValueUUID>fbceb1dc-189b-47ef-8189-ddd2d0d8fd4b</SupplierValueUUID>
        <RefreshOnChange>false</RefreshOnChange>
        <DependencyChangeRefreshPolicy>0</DependencyChangeRefreshPolicy>
        <DefinitionBusinessObjectContextRelation>
          <ContextUUID>c6864d4d-fbe8-4d16-b3ec-6daea6885091</ContextUUID>
          <DefinitionObjectUUID>8f0dbde0-19ad-4c07-9814-9f7b1a99b156</DefinitionObjectUUID>
          <ValueField>4</ValueField>
        </DefinitionBusinessObjectContextRelation>
        <SupplierReference>ref[Shoppingcart.processModel to HomeCreatePolicy].ref[root.@CurrentProcessObject to Home].Payment.PaymentOption</SupplierReference>
        <ClientVisibilityLevel>4</ClientVisibilityLevel>
      </DefinitionDependencyVisibility>
      <DefinitionDependencyVisibility name="setVisible#0">
        <UUID>cc3ec160-a270-4c62-acb4-6b7c586111ba</UUID>
        <ClientUUID>a30d618f-b134-42de-abdb-ffc794c53c17</ClientUUID>
        <Operator>EQUALS</Operator>
        <SupplierValueUUID>aa91fd44-bca0-4d14-b663-74310949aabc</SupplierValueUUID>
        <RefreshOnChange>false</RefreshOnChange>
        <DependencyChangeRefreshPolicy>0</DependencyChangeRefreshPolicy>
        <DefinitionBusinessObjectContextRelation>
          <ContextUUID>c6864d4d-fbe8-4d16-b3ec-6daea6885091</ContextUUID>
          <DefinitionObjectUUID>cc3ec160-a270-4c62-acb4-6b7c586111ba</DefinitionObjectUUID>
          <ValueField>4</ValueField>
        </DefinitionBusinessObjectContextRelation>
        <SupplierReference>ref[Shoppingcart.processModel to HomeCreatePolicy].ref[root.@CurrentProcessObject to Home].Payment.PaymentOption</SupplierReference>
        <ClientVisibilityLevel>4</ClientVisibilityLevel>
      </DefinitionDependencyVisibility>
    </DefinitionDependencyVisibilityList>
    <DefinitionDependencyMandatoryList />
    <DefinitionDependencyToDependencyList />
    <DefinitionDependencyValueRangeFilterValuesList />
    <DefinitionDependencyDataSourceAttributeList />
  </DefinitionDependentLists>
</Product>