﻿<?xml version="1.0" encoding="utf-8"?>
<Product xmlns:xsd="http://www.w3.org/2001/XMLSchema" xmlns:xsi="http://www.w3.org/2001/XMLSchema-instance" name="ZonePublicDefinition" lastChanged="2020-05-15T12:22:59.7052543Z" implementationClass="" modelType="zonedefinition" subModelType="ZonePublic" skyeEditorVersion="7.26.1.50">
  <UUID>f4d812e7-85da-41d9-b29d-1cdab4b1b5a7</UUID>
  <BusinessUnit> </BusinessUnit>
  <Section> </Section>
  <ProductTextList>
    <ProductText name="leftZoneMenuCollapsedImage" language="en" country="US">
      <UUID>4caf3696-3753-4074-a554-b44017dad96b</UUID>
      <Text />
    </ProductText>
    <ProductText name="leftZoneMenuExpandedImage" language="en" country="US">
      <UUID>23363d89-cf30-4127-8fbf-3e4ee463d1a6</UUID>
      <Text />
    </ProductText>
    <ProductText name="header" language="en" country="US">
      <UUID>4d20256a-c10d-47f9-88b6-6c8d14384313</UUID>
      <Text>Kiskutyus
</Text>
    </ProductText>
    <ProductText name="icon" language="en" country="US">
      <UUID>7620eccb-a66f-4503-8dd9-97177333e725</UUID>
      <Text />
    </ProductText>
  </ProductTextList>
  <ProductValueRangeList />
  <DefinitionBusinessObjectContextList />
  <DefinitionResourceList />
  <ProductValueList>
    <ProductValue name="MyProductPublic" type="value">
      <UUID>625b22f8-03d1-4aa8-b562-3133b33455a6</UUID>
      <SortOrder>0</SortOrder>
      <Value>MyProductPublic</Value>
    </ProductValue>
    <ProductValue name="true" type="value">
      <UUID>a2dcd1b0-509d-48ad-878d-55a09bb6fb31</UUID>
      <SortOrder>0</SortOrder>
      <Value>true</Value>
    </ProductValue>
  </ProductValueList>
  <ProductPolicyAttribute name="@DefaultZone" visibilityLevel="0" mandatory="false" unit="" format="" numberOfDecimals="0" attributeClass="" type="Standard">
    <UUID>29320393-2b36-4995-a0c2-7d8de3fbac03</UUID>
    <SortOrder>99</SortOrder>
    <InputType>Textbox</InputType>
    <DataType>String</DataType>
    <MaxLength>4000</MaxLength>
    <MinLength>0</MinLength>
    <ProductBackendInfo name="Skye.AttributeAlias">
      <UUID>e38ebd11-2f05-4598-a01e-bc9740e69452</UUID>
      <Info />
    </ProductBackendInfo>
    <ProductBackendInfo name="Skye.Core.DataSecurity">
      <UUID>26f54940-e5db-4b4d-b3c3-7c9bc881843e</UUID>
      <Info>Standard</Info>
    </ProductBackendInfo>
    <ProductBackendInfo name="Skye.AllowValueSetViaUnencryptedURL">
      <UUID>e1398a21-c3cd-4e95-9d32-8444afa1c99e</UUID>
      <Info>False</Info>
    </ProductBackendInfo>
    <DefinitionValueRelation>
      <DefinitionValueUUID>625b22f8-03d1-4aa8-b562-3133b33455a6</DefinitionValueUUID>
    </DefinitionValueRelation>
  </ProductPolicyAttribute>
  <ProductTextRelation>
    <UUID>8ddfd4aa-ee95-4b2f-907a-5672dd0b0b3f</UUID>
    <ProductTextUUID>4caf3696-3753-4074-a554-b44017dad96b</ProductTextUUID>
  </ProductTextRelation>
  <ProductTextRelation>
    <UUID>d01aead1-0eec-4ab4-b707-3249e3d466fb</UUID>
    <ProductTextUUID>23363d89-cf30-4127-8fbf-3e4ee463d1a6</ProductTextUUID>
  </ProductTextRelation>
  <ProductBrick name="MyProductPublic" visibilityLevel="4" brickClass="" isAbstract="false" typeId="0">
    <UUID>9553f476-11d3-417e-b834-cbf3d484e6b4</UUID>
    <SortOrder>1</SortOrder>
    <MinimumUsage>1</MinimumUsage>
    <MaximumUsage>1</MaximumUsage>
    <InitialUsage>1</InitialUsage>
    <ProductTextRelation>
      <UUID>1f61e237-c16a-4d81-8f2e-2a11ec727cc1</UUID>
      <ProductTextUUID>4d20256a-c10d-47f9-88b6-6c8d14384313</ProductTextUUID>
    </ProductTextRelation>
    <ProductTextRelation>
      <UUID>8c8387f2-ec6b-4abf-89a4-4fe03cb41be8</UUID>
      <ProductTextUUID>7620eccb-a66f-4503-8dd9-97177333e725</ProductTextUUID>
    </ProductTextRelation>
    <ProductPolicyAttribute name="@RefreshZoneOnSwitch" visibilityLevel="0" mandatory="false" unit="" format="" numberOfDecimals="0" attributeClass="" type="Standard">
      <UUID>d8f7e387-942f-4e65-a17b-e3497b823b01</UUID>
      <SortOrder>99</SortOrder>
      <InputType>Textbox</InputType>
      <DataType>String</DataType>
      <MaxLength>4000</MaxLength>
      <MinLength>0</MinLength>
      <ProductBackendInfo name="Skye.AttributeAlias">
        <UUID>65e26868-7077-43e0-8ba5-e5d7cd4c0a98</UUID>
        <Info />
      </ProductBackendInfo>
      <ProductBackendInfo name="Skye.Core.DataSecurity">
        <UUID>c5d9d18f-3dd2-4021-9c00-88d55377bac7</UUID>
        <Info>Standard</Info>
      </ProductBackendInfo>
      <ProductBackendInfo name="Skye.AllowValueSetViaUnencryptedURL">
        <UUID>41bd6cf8-9522-4ff4-a5b8-e3738e136a58</UUID>
        <Info>False</Info>
      </ProductBackendInfo>
      <DefinitionValueRelation>
        <DefinitionValueUUID>a2dcd1b0-509d-48ad-878d-55a09bb6fb31</DefinitionValueUUID>
      </DefinitionValueRelation>
    </ProductPolicyAttribute>
    <ProductBackendInfo name="Skye.MultibrickType">
      <UUID>4b751e87-2266-47c8-ba5d-1101be47a7e7</UUID>
      <Info />
    </ProductBackendInfo>
  </ProductBrick>
  <DefinitionDependentLists>
    <DefinitionDependencyDefaultValueList />
    <DefinitionDependencyValueRangeList />
    <DefinitionDependencyVisibilityList />
    <DefinitionDependencyMandatoryList />
    <DefinitionDependencyToDependencyList />
    <DefinitionDependencyValueRangeFilterValuesList />
    <DefinitionDependencyDataSourceAttributeList />
  </DefinitionDependentLists>
</Product>