﻿<?xml version="1.0" encoding="utf-8"?>
<Product xmlns:xsd="http://www.w3.org/2001/XMLSchema" xmlns:xsi="http://www.w3.org/2001/XMLSchema-instance" name="HomeCreatePolicyConfirmationUIDef" lastChanged="2019-11-14T08:50:27Z" implementationClass=" " versionUuid=" " modelType="uidefinition" subModelType="ProcessLayout" skyeEditorVersion="7.15.0.16">
  <UUID>a957b406-49b6-4664-ab76-58e2c53732ff</UUID>
  <SortOrder>0</SortOrder>
  <BusinessUnit> </BusinessUnit>
  <Section> </Section>
  <ProductTextList>
    <ProductText name="header" language="en" country="US">
      <UUID>a2f0734f-6c94-4b57-ac5d-c04fff6777e5</UUID>
      <Text />
    </ProductText>
  </ProductTextList>
  <ProductValueRangeList />
  <DefinitionBusinessObjectContextList />
  <DefinitionResourceList />
  <AbstractProductBrickList />
  <ProductValueList />
  <ProductBrick name="NoStyleGroup" visibilityLevel="3" brickClass=" " isAbstract="false" typeId="0">
    <UUID>10a2974a-2dd3-45a8-ad68-cd22f359e233</UUID>
    <SortOrder>10</SortOrder>
    <MinimumUsage>1</MinimumUsage>
    <MaximumUsage>1</MaximumUsage>
    <InitialUsage>1</InitialUsage>
    <PredecessorBrickUUID />
    <PredecessorBrickName />
    <ProductBrick name="ConfirmationMessage" visibilityLevel="3" brickClass=" " isAbstract="false" typeId="0">
      <UUID>2594c5bd-3e53-4c24-9d3c-28cae99c594e</UUID>
      <SortOrder>10</SortOrder>
      <MinimumUsage>1</MinimumUsage>
      <MaximumUsage>1</MaximumUsage>
      <InitialUsage>1</InitialUsage>
      <PredecessorBrickUUID>10a2974a-2dd3-45a8-ad68-cd22f359e233</PredecessorBrickUUID>
      <PredecessorBrickName>NoStyleGroup</PredecessorBrickName>
      <ProductTextRelation>
        <ProductTextUUID>a2f0734f-6c94-4b57-ac5d-c04fff6777e5</ProductTextUUID>
      </ProductTextRelation>
      <ProductBackendInfo name="Skye.StyleClass">
        <UUID>1b359673-9448-40a8-acb5-8256c256975f</UUID>
        <Info />
      </ProductBackendInfo>
      <ProductBackendInfo name="Skye.NumberOfColumns">
        <UUID>26a62a0e-0bf8-4c6b-abe4-ea48f5da81d8</UUID>
        <Info>1</Info>
      </ProductBackendInfo>
      <ProductBackendInfo name="Skye.MultibrickType">
        <UUID>87737c46-c531-4071-bd72-b6505575b889</UUID>
        <Info />
      </ProductBackendInfo>
      <ProductBackendInfo name="Skye.DisplayControlWithEmptyContent">
        <UUID>d7785970-99fd-4abd-8bf2-ef3da499d7d4</UUID>
        <Info>False</Info>
      </ProductBackendInfo>
    </ProductBrick>
    <ProductBackendInfo name="Skye.MultibrickType">
      <UUID>1f955135-6aad-4e20-80b2-ec3f4a813bd9</UUID>
      <Info />
    </ProductBackendInfo>
    <ProductBackendInfo name="Skye.StyleClass">
      <UUID>97127cec-7904-4d46-b0e1-0b0356b431ae</UUID>
      <Info />
    </ProductBackendInfo>
    <ProductBackendInfo name="Skye.ProcessStepUIType">
      <UUID>c2bcd96d-e8e0-45f5-b7b5-cdbfde227c0f</UUID>
      <Info>NoStyleFieldsetGroup</Info>
    </ProductBackendInfo>
  </ProductBrick>
  <DefinitionDependentLists>
    <DefinitionDependencyDefaultValueList />
    <DefinitionDependencyValueRangeList />
    <DefinitionDependencyVisibilityList />
    <DefinitionDependencyMandatoryList />
    <DefinitionDependencyToDependencyList />
    <DefinitionDependencyValueRangeFilterValuesList />
    <DefinitionDependencyDataSourceAttributeList />
  </DefinitionDependentLists>
</Product>