﻿<?xml version="1.0" encoding="utf-8"?>
<Product xmlns:xsd="http://www.w3.org/2001/XMLSchema" xmlns:xsi="http://www.w3.org/2001/XMLSchema-instance" name="MotorCreatePolicyCarInformationUIDef" lastChanged="2019-10-17T10:04:54.0614949Z" implementationClass="" modelType="uidefinition" subModelType="ProcessLayout" skyeEditorVersion="7.15.0.16">
  <UUID>e9ec8797-231a-4600-93db-f1cc8ca3ade6</UUID>
  <BusinessUnit> </BusinessUnit>
  <Section> </Section>
  <ProductTextList>
    <ProductText name="header" language="en" country="US">
      <UUID>4a32d2cb-7d40-47c1-967a-4bb01935661f</UUID>
      <Text />
    </ProductText>
    <ProductText name="header" language="en" country="US">
      <UUID>349928a9-59d2-4430-9a0a-3fa19898f175</UUID>
      <Text />
    </ProductText>
    <ProductText name="header" language="en" country="US">
      <UUID>8885f929-9477-4682-87d8-ecb8dff9960d</UUID>
      <Text />
    </ProductText>
  </ProductTextList>
  <ProductValueRangeList />
  <DefinitionBusinessObjectContextList />
  <DefinitionResourceList />
  <ProductValueList />
  <ProductBrick name="NoStyleGroup" visibilityLevel="3" brickClass="" isAbstract="false" typeId="0">
    <UUID>8148189b-ea10-483f-aff7-03c9ab780298</UUID>
    <SortOrder>10</SortOrder>
    <MinimumUsage>1</MinimumUsage>
    <MaximumUsage>1</MaximumUsage>
    <InitialUsage>1</InitialUsage>
    <ProductBrick name="StartDate" visibilityLevel="3" brickClass="" isAbstract="false" typeId="0">
      <UUID>75595224-f92f-4bb4-8de7-60921a40897d</UUID>
      <SortOrder>10</SortOrder>
      <MinimumUsage>1</MinimumUsage>
      <MaximumUsage>1</MaximumUsage>
      <InitialUsage>1</InitialUsage>
      <ProductTextRelation>
        <UUID>3faa54e6-bd07-4b6b-8aa0-c6e600eed777</UUID>
        <ProductTextUUID>4a32d2cb-7d40-47c1-967a-4bb01935661f</ProductTextUUID>
      </ProductTextRelation>
      <ProductBackendInfo name="Skye.NumberOfColumns">
        <UUID>fc84681f-cf90-498e-ace6-b9e9fa81d2e1</UUID>
        <Info>2</Info>
      </ProductBackendInfo>
      <ProductBackendInfo name="Skye.DisplayControlWithEmptyContent">
        <UUID>805f9e62-8446-44d7-94a0-608dc280fa93</UUID>
        <Info>False</Info>
      </ProductBackendInfo>
      <ProductBackendInfo name="Skye.StyleClass">
        <UUID>b4f393c5-76c3-453b-a215-3fa56e13bb72</UUID>
        <Info />
      </ProductBackendInfo>
      <ProductBackendInfo name="Skye.MultibrickType">
        <UUID>d901f44a-e385-4a12-aa6b-3a1a2f67b63d</UUID>
        <Info />
      </ProductBackendInfo>
    </ProductBrick>
    <ProductBrick name="RestOfCarInfo" visibilityLevel="3" brickClass="" isAbstract="false" typeId="0">
      <UUID>61e92691-90f0-4ca3-8673-52c34358120c</UUID>
      <SortOrder>20</SortOrder>
      <MinimumUsage>1</MinimumUsage>
      <MaximumUsage>1</MaximumUsage>
      <InitialUsage>1</InitialUsage>
      <ProductTextRelation>
        <UUID>2a9ba6d0-46f9-4731-9c4f-75648a180191</UUID>
        <ProductTextUUID>349928a9-59d2-4430-9a0a-3fa19898f175</ProductTextUUID>
      </ProductTextRelation>
      <ProductBackendInfo name="Skye.NumberOfColumns">
        <UUID>4105d2d9-691e-474c-be3d-f530acae91b8</UUID>
        <Info>2</Info>
      </ProductBackendInfo>
      <ProductBackendInfo name="Skye.DisplayControlWithEmptyContent">
        <UUID>f8d27781-7f16-4266-be7b-b5d546e0e87f</UUID>
        <Info>False</Info>
      </ProductBackendInfo>
      <ProductBackendInfo name="Skye.StyleClass">
        <UUID>a65580fc-0de1-4c63-8630-1a96d3a8ac47</UUID>
        <Info />
      </ProductBackendInfo>
      <ProductBackendInfo name="Skye.MultibrickType">
        <UUID>be4d2d57-3f03-4252-8c65-7c6a19f548a6</UUID>
        <Info />
      </ProductBackendInfo>
    </ProductBrick>
    <ProductBrick name="CarSearch" visibilityLevel="3" brickClass="" isAbstract="false" typeId="0">
      <UUID>4aa5ec5b-ef3b-48d3-8363-26e978238f66</UUID>
      <SortOrder>15</SortOrder>
      <MinimumUsage>1</MinimumUsage>
      <MaximumUsage>1</MaximumUsage>
      <InitialUsage>1</InitialUsage>
      <ProductTextRelation>
        <UUID>7ed95829-e1c7-4db5-8bb5-9ee8f6eb541a</UUID>
        <ProductTextUUID>8885f929-9477-4682-87d8-ecb8dff9960d</ProductTextUUID>
      </ProductTextRelation>
      <ProductBackendInfo name="Skye.NumberOfColumns">
        <UUID>15415388-f226-4afa-aa05-41324790c70f</UUID>
        <Info>1</Info>
      </ProductBackendInfo>
      <ProductBackendInfo name="Skye.DisplayControlWithEmptyContent">
        <UUID>7ed2165e-56df-4af2-a0f9-a43a6ffa1049</UUID>
        <Info>False</Info>
      </ProductBackendInfo>
      <ProductBackendInfo name="Skye.StyleClass">
        <UUID>c3e11fc0-0d18-4e1a-84a9-4b2c79dd2ef5</UUID>
        <Info />
      </ProductBackendInfo>
      <ProductBackendInfo name="Skye.MultibrickType">
        <UUID>a77ea22b-6aae-4a6c-83f6-5f929e0294a4</UUID>
        <Info />
      </ProductBackendInfo>
    </ProductBrick>
    <ProductBackendInfo name="Skye.ProcessStepUIType">
      <UUID>aeaa865d-b97d-4812-a128-e623b3526895</UUID>
      <Info>NoStyleFieldsetGroup</Info>
    </ProductBackendInfo>
    <ProductBackendInfo name="Skye.StyleClass">
      <UUID>76c58332-66cd-4c12-a5dd-7af2ee56541e</UUID>
      <Info />
    </ProductBackendInfo>
    <ProductBackendInfo name="Skye.MultibrickType">
      <UUID>30721f84-5105-4352-9d7e-a07b8490328c</UUID>
      <Info />
    </ProductBackendInfo>
  </ProductBrick>
  <DefinitionDependentLists>
    <DefinitionDependencyDefaultValueList />
    <DefinitionDependencyValueRangeList />
    <DefinitionDependencyVisibilityList />
    <DefinitionDependencyMandatoryList />
    <DefinitionDependencyToDependencyList />
    <DefinitionDependencyValueRangeFilterValuesList />
    <DefinitionDependencyDataSourceAttributeList />
  </DefinitionDependentLists>
</Product>