﻿<?xml version="1.0" encoding="utf-8"?>
<Product xmlns:xsd="http://www.w3.org/2001/XMLSchema" xmlns:xsi="http://www.w3.org/2001/XMLSchema-instance" name="HomeCreatePolicy" lastChanged="2020-05-15T13:10:41.5752225Z" implementationClass=" " versionUuid=" " modelType="process" subModelType="" skyeEditorVersion="7.26.1.50">
  <UUID>200048c3-1b78-4e48-b03f-7f67f9d00672</UUID>
  <SortOrder>0</SortOrder>
  <BusinessUnit> </BusinessUnit>
  <Section> </Section>
  <ProductTextList>
    <ProductText name="header" language="en" country="US">
      <UUID>40814782-963d-4ba1-9708-86911a9b7670</UUID>
      <Text />
    </ProductText>
    <ProductText name="header" language="en" country="US">
      <UUID>9228c3c3-556d-4c99-92a4-95dd8bf027ee</UUID>
      <Text>Quick quote</Text>
    </ProductText>
    <ProductText name="label" language="en" country="US">
      <UUID>e60378cd-4bff-403d-af7b-ba9ac1b6f259</UUID>
      <Text>Process Exit</Text>
    </ProductText>
    <ProductText name="header" language="en" country="US">
      <UUID>9e6d30d0-f17b-4904-809a-454956d240ef</UUID>
      <Text>Details</Text>
    </ProductText>
    <ProductText name="header" language="en" country="US">
      <UUID>ea85775b-c7b8-4ec9-9dbd-0b4e8c7dcc3b</UUID>
      <Text>Payment</Text>
    </ProductText>
    <ProductText name="header" language="en" country="US">
      <UUID>65df67e4-bdaa-4b47-8a52-9d084cbf150c</UUID>
      <Text>Confirmation</Text>
    </ProductText>
    <ProductText name="label" language="en" country="US">
      <UUID>07d9830e-7f11-45cc-ad9e-9be5a0ea381d</UUID>
      <Text>Create quote</Text>
    </ProductText>
    <ProductText name="label" language="en" country="US">
      <UUID>bba62d23-62af-480d-a74e-beea75e0bac6</UUID>
      <Text>Back</Text>
    </ProductText>
    <ProductText name="label" language="en" country="US">
      <UUID>5205b0ad-834c-4b0e-a9fd-ec9e1e09186b</UUID>
      <Text>Next</Text>
    </ProductText>
    <ProductText name="label" language="en" country="US">
      <UUID>c3d71b0c-6577-4614-969c-2a776d49e63f</UUID>
      <Text>Back</Text>
    </ProductText>
    <ProductText name="label" language="en" country="US">
      <UUID>34bedeae-b6af-4481-8353-37be98e78ce6</UUID>
      <Text>Next</Text>
    </ProductText>
    <ProductText name="label" language="en" country="US">
      <UUID>a96084a0-61c7-468a-882f-2e932e194e0b</UUID>
      <Text />
    </ProductText>
  </ProductTextList>
  <ProductValueRangeList>
    <ProductValueRange name="Action.targetUpdateMapVR" type="fix">
      <UUID>22b2ea29-59a6-4ae9-b24f-f9912abcdd8b</UUID>
    </ProductValueRange>
    <ProductValueRange name="Reference.referencedModelsVR" type="fix">
      <UUID>cd7e3702-9dd4-4a38-8bd9-dc33a3fd91df</UUID>
      <DefinitionValueRelation>
        <UUID>11ea9365-1738-801a-8a40-a95c9c2090ce</UUID>
        <DefinitionValueUUID>e4e249c8-4a1c-4868-a1f1-2155a482276c</DefinitionValueUUID>
      </DefinitionValueRelation>
    </ProductValueRange>
    <ProductValueRange name="Action.targetUpdateMapVR" type="fix">
      <UUID>18b402b9-a3cd-43a2-95ed-289a842cc625</UUID>
    </ProductValueRange>
    <ProductValueRange name="Action.targetUpdateMapVR" type="fix">
      <UUID>a10d3ac0-4931-4781-a0fd-98935372ed1d</UUID>
    </ProductValueRange>
    <ProductValueRange name="Action.targetUpdateMapVR" type="fix">
      <UUID>58e603d3-97b1-4ba3-ba9b-7703b81a2f01</UUID>
    </ProductValueRange>
    <ProductValueRange name="Action.targetUpdateMapVR" type="fix">
      <UUID>4810212a-58dd-4055-9ee1-52d2ab96c24a</UUID>
    </ProductValueRange>
    <ProductValueRange name="Action.targetUpdateMapVR" type="fix">
      <UUID>fd5ddc63-7810-4542-9e3b-a2a9fcd35a33</UUID>
    </ProductValueRange>
    <ProductValueRange name="Reference.referencedModelsVR" type="fix">
      <UUID>1c62e3ef-13e6-4167-b169-ed237a692bc3</UUID>
      <DefinitionValueRelation>
        <UUID>132c9530-4f86-41f3-96f6-1835715bb9a5</UUID>
        <DefinitionValueUUID>583196e1-0cd0-44c3-bece-2993796d853e</DefinitionValueUUID>
      </DefinitionValueRelation>
    </ProductValueRange>
    <ProductValueRange name="Reference.referencedModelsVR" type="fix">
      <UUID>b3ede90e-b033-4182-9372-7d870c077421</UUID>
      <DefinitionValueRelation>
        <UUID>f7c252c1-0ccb-43fc-a0d6-5ace9e3cebd6</UUID>
        <DefinitionValueUUID>6e1d73bd-cfa9-422b-8efb-500b4c9dca57</DefinitionValueUUID>
      </DefinitionValueRelation>
    </ProductValueRange>
    <ProductValueRange name="Reference.referencedModelsVR" type="fix">
      <UUID>ad1614c4-29e1-4df6-ba9d-df1d9a529c76</UUID>
      <DefinitionValueRelation>
        <UUID>d5e701c5-9ed6-4612-806b-d58c68ee9e25</UUID>
        <DefinitionValueUUID>332ab7ba-acf4-4a29-b967-3273290ee5f9</DefinitionValueUUID>
      </DefinitionValueRelation>
    </ProductValueRange>
    <ProductValueRange name="Action.targetUpdateMapVR" type="fix">
      <UUID>f78846cd-90ac-4606-8a0d-eb0dcad55ed3</UUID>
    </ProductValueRange>
  </ProductValueRangeList>
  <DefinitionBusinessObjectContextList>
    <DefinitionBusinessObjectContext name="default-callcenter-callcenter">
      <UUID>63cb970c-74c3-4526-b5a4-da0d5c5a60f8</UUID>
      <SubclassId>visibilityLevelContext</SubclassId>
      <ValueField>2</ValueField>
    </DefinitionBusinessObjectContext>
    <DefinitionBusinessObjectContext name="default-callcenter-callcenter">
      <UUID>ab93e709-94ef-49ae-812e-376365973f05</UUID>
      <SubclassId>visibilityLevelContext</SubclassId>
      <ValueField>4</ValueField>
    </DefinitionBusinessObjectContext>
    <DefinitionBusinessObjectContext name="default-callcenter-callcenter">
      <UUID>693c1158-1bbc-4384-a0d4-fee517212f6f</UUID>
      <SubclassId>sortOrderContext</SubclassId>
      <ValueField>1</ValueField>
    </DefinitionBusinessObjectContext>
    <DefinitionBusinessObjectContext name="default-callcenter-callcenter">
      <UUID>1e8ef394-3e9d-4ecb-b912-2af5dbd1a063</UUID>
      <SubclassId>isMandatoryContext</SubclassId>
      <ValueField>False</ValueField>
    </DefinitionBusinessObjectContext>
    <DefinitionBusinessObjectContext name="default-callcenter-callcenter">
      <UUID>2463d9c7-2cc2-4da6-859b-053abc9fe87e</UUID>
      <SubclassId>sortOrderContext</SubclassId>
      <ValueField>10</ValueField>
    </DefinitionBusinessObjectContext>
    <DefinitionBusinessObjectContext name="default-callcenter-callcenter">
      <UUID>c545f841-a93b-48f2-9983-5a3572973aa2</UUID>
      <SubclassId>visibilityLevelContext</SubclassId>
      <ValueField>0</ValueField>
    </DefinitionBusinessObjectContext>
    <DefinitionBusinessObjectContext name="default-callcenter-callcenter">
      <UUID>74919666-f8a2-4202-abc5-fe3e37a85b75</UUID>
      <SubclassId>sortOrderContext</SubclassId>
      <ValueField>0</ValueField>
    </DefinitionBusinessObjectContext>
    <DefinitionBusinessObjectContext name="default-public-anonymous">
      <UUID>9dff3de6-6d71-4807-a8af-cd9648fbb360</UUID>
      <SubclassId>visibilityLevelContext</SubclassId>
      <ValueField>2</ValueField>
    </DefinitionBusinessObjectContext>
    <DefinitionBusinessObjectContext name="default-public-anonymous">
      <UUID>b7d318d2-450c-4aaa-9d92-1bcd0ba94392</UUID>
      <SubclassId>visibilityLevelContext</SubclassId>
      <ValueField>4</ValueField>
    </DefinitionBusinessObjectContext>
    <DefinitionBusinessObjectContext name="default-public-anonymous">
      <UUID>3aa75530-438a-4f0c-ae4f-5641c2157498</UUID>
      <SubclassId>visibilityLevelContext</SubclassId>
      <ValueField>0</ValueField>
    </DefinitionBusinessObjectContext>
    <DefinitionBusinessObjectContext name="default-public-anonymous">
      <UUID>439446dc-f96a-4055-b820-7ef9e6a0576b</UUID>
      <SubclassId>sortOrderContext</SubclassId>
      <ValueField>1</ValueField>
    </DefinitionBusinessObjectContext>
    <DefinitionBusinessObjectContext name="default-public-anonymous">
      <UUID>88e1b8e9-4981-4426-bd7e-758f31773112</UUID>
      <SubclassId>sortOrderContext</SubclassId>
      <ValueField>10</ValueField>
    </DefinitionBusinessObjectContext>
    <DefinitionBusinessObjectContext name="default-public-anonymous">
      <UUID>2c2249a6-a41a-46bc-83c1-d3ea663feb29</UUID>
      <SubclassId>sortOrderContext</SubclassId>
      <ValueField>0</ValueField>
    </DefinitionBusinessObjectContext>
    <DefinitionBusinessObjectContext name="default-public-anonymous">
      <UUID>2cec5ac5-f3a3-4fd7-88f8-a47a5ee2a75b</UUID>
      <SubclassId>isMandatoryContext</SubclassId>
      <ValueField>False</ValueField>
    </DefinitionBusinessObjectContext>
  </DefinitionBusinessObjectContextList>
  <DefinitionResourceList />
  <AbstractProductBrickList />
  <ProductValueList>
    <ProductValue name=" " type="value">
      <UUID>0a18b939-9181-46f8-b34a-6d8cc262d3b2</UUID>
      <SortOrder>0</SortOrder>
      <Value />
    </ProductValue>
    <ProductValue name=" " type="value">
      <UUID>9ba5be07-55dc-48c0-89dc-02daf6909b5b</UUID>
      <SortOrder>0</SortOrder>
      <Value />
    </ProductValue>
    <ProductValue name="" type="value">
      <UUID>c063d16e-6990-41b0-9bd7-b45130295539</UUID>
      <SortOrder>0</SortOrder>
      <Value />
    </ProductValue>
    <ProductValue name="Home" type="value">
      <UUID>e4e249c8-4a1c-4868-a1f1-2155a482276c</UUID>
      <SortOrder>0</SortOrder>
      <Value />
    </ProductValue>
    <ProductValue name=" " type="value">
      <UUID>e6ad7daf-26d3-4b2a-b9bf-c49aea1d7ec5</UUID>
      <SortOrder>0</SortOrder>
      <Value />
    </ProductValue>
    <ProductValue name="" type="value">
      <UUID>9f695f92-04da-4e02-9c57-dfca83cae5a7</UUID>
      <SortOrder>0</SortOrder>
      <Value />
    </ProductValue>
    <ProductValue name="" type="value">
      <UUID>3138d74e-efc8-45ab-96de-928cffd61932</UUID>
      <SortOrder>0</SortOrder>
      <Value />
    </ProductValue>
    <ProductValue name="" type="value">
      <UUID>8562cc19-93fe-4db7-ba9c-c05682b42606</UUID>
      <SortOrder>0</SortOrder>
      <Value />
    </ProductValue>
    <ProductValue name="" type="value">
      <UUID>ea37dc91-0591-4795-b77e-ac0cda45796f</UUID>
      <SortOrder>0</SortOrder>
      <Value />
    </ProductValue>
    <ProductValue name="" type="value">
      <UUID>262c76ef-c85e-45b5-aeb5-21f658ad43f5</UUID>
      <SortOrder>0</SortOrder>
      <Value />
    </ProductValue>
    <ProductValue name="" type="value">
      <UUID>b56e20a2-1641-4a48-a0ee-809efee6036b</UUID>
      <SortOrder>0</SortOrder>
      <Value />
    </ProductValue>
    <ProductValue name="HomeCreatePolicyQuickQuoteUIDef" type="value">
      <UUID>583196e1-0cd0-44c3-bece-2993796d853e</UUID>
      <SortOrder>0</SortOrder>
      <Value />
    </ProductValue>
    <ProductValue name="" type="value">
      <UUID>2f57e80b-9b60-48da-a9e0-b9c49c5065c5</UUID>
      <SortOrder>0</SortOrder>
      <Value />
    </ProductValue>
    <ProductValue name="HomeCustomerAddressDetailsUIDef" type="value">
      <UUID>6e1d73bd-cfa9-422b-8efb-500b4c9dca57</UUID>
      <SortOrder>0</SortOrder>
      <Value />
    </ProductValue>
    <ProductValue name="" type="value">
      <UUID>8f7ace1a-8580-47f8-a226-b40207e6aa6f</UUID>
      <SortOrder>0</SortOrder>
      <Value />
    </ProductValue>
    <ProductValue name="HomeCreatePolicyConfirmationUIDef" type="value">
      <UUID>332ab7ba-acf4-4a29-b967-3273290ee5f9</UUID>
      <SortOrder>0</SortOrder>
      <Value />
    </ProductValue>
    <ProductValue name="" type="value">
      <UUID>85f084d0-3bde-4b49-bf2d-5ad3ba9d034a</UUID>
      <SortOrder>0</SortOrder>
      <Value />
    </ProductValue>
  </ProductValueList>
  <ProductPolicyAttribute name="@CurrentProcessStep" visibilityLevel="2" mandatory="false" unit="" format="" numberOfDecimals="0" attributeClass=" " type="Standard">
    <UUID>0ed1dbb3-a796-4bba-9487-e90229edada8</UUID>
    <SortOrder>99</SortOrder>
    <InputType>Textbox</InputType>
    <DataType>String</DataType>
    <MaxLength>4000</MaxLength>
    <MinLength>0</MinLength>
    <ProductBackendInfo name="Skye.AttributeAlias">
      <UUID>26ba661c-55b4-43ea-ba80-dd9876abb30e</UUID>
      <Info />
    </ProductBackendInfo>
    <ProductBackendInfo name="Skye.AllowValueSetViaUnencryptedURL">
      <UUID>543788f2-b7aa-4cc2-bf90-9d301f9d5931</UUID>
      <Info>False</Info>
    </ProductBackendInfo>
    <ProductBackendInfo name="Skye.Core.DataSecurity">
      <UUID>76a3aee7-b68f-466a-85f1-14ad3449ae4b</UUID>
      <Info>Standard</Info>
    </ProductBackendInfo>
    <DefinitionValueRelation>
      <UUID>11ea9365-1738-801c-8a40-a95c9c2090ce</UUID>
      <DefinitionValueUUID>0a18b939-9181-46f8-b34a-6d8cc262d3b2</DefinitionValueUUID>
    </DefinitionValueRelation>
  </ProductPolicyAttribute>
  <ProductPolicyAttribute name="@CurrentProcessObject" visibilityLevel="2" mandatory="false" unit="" format="" numberOfDecimals="0" attributeClass=" " type="Reference">
    <UUID>ed7f8fd4-02c3-4076-9199-0d44f89a8451</UUID>
    <SortOrder>99</SortOrder>
    <InputType>Textbox</InputType>
    <DataType>String</DataType>
    <MaxLength>4000</MaxLength>
    <MinLength>0</MinLength>
    <ProductValueRangeRelation>
      <UUID>7151ec06-a245-4256-976e-a3f24eb8d4a6</UUID>
      <SortOrder>99</SortOrder>
      <ProductValueRangeUUID>cd7e3702-9dd4-4a38-8bd9-dc33a3fd91df</ProductValueRangeUUID>
    </ProductValueRangeRelation>
    <ProductBackendInfo name="Skye.AllowValueSetViaUnencryptedURL">
      <UUID>2a0abb8f-23ba-47a5-b48e-63d2d2d41b1f</UUID>
      <Info>False</Info>
    </ProductBackendInfo>
    <ProductBackendInfo name="Skye.Reference.ModelType">
      <UUID>3902b919-0e7e-4124-850e-77f626a9ecad</UUID>
      <Info>product</Info>
    </ProductBackendInfo>
    <ProductBackendInfo name="Skye.AttributeAlias">
      <UUID>3ab5bc33-496d-408b-bd00-9c29b8947787</UUID>
      <Info />
    </ProductBackendInfo>
    <ProductBackendInfo name="Skye.Core.DataSecurity">
      <UUID>8420766a-512c-4793-9912-ee8a0c0cdf4e</UUID>
      <Info>Standard</Info>
    </ProductBackendInfo>
    <DefinitionValueRelation>
      <UUID>11ea9365-1738-8018-8a40-a95c9c2090ce</UUID>
      <DefinitionValueUUID>e6ad7daf-26d3-4b2a-b9bf-c49aea1d7ec5</DefinitionValueUUID>
    </DefinitionValueRelation>
  </ProductPolicyAttribute>
  <ProductTextRelation>
    <ProductTextUUID>40814782-963d-4ba1-9708-86911a9b7670</ProductTextUUID>
  </ProductTextRelation>
  <ProductBrick name="HomeCreatePolicy:QuickQuote" visibilityLevel="2" brickClass=" " isAbstract="false" typeId="0">
    <UUID>981e96bd-cebc-4316-b98a-1b6233e16993</UUID>
    <SortOrder>10</SortOrder>
    <MinimumUsage>1</MinimumUsage>
    <MaximumUsage>1</MaximumUsage>
    <InitialUsage>1</InitialUsage>
    <ProductTextRelation>
      <ProductTextUUID>9228c3c3-556d-4c99-92a4-95dd8bf027ee</ProductTextUUID>
    </ProductTextRelation>
    <ProductPolicyAttribute name="ProcessExit" visibilityLevel="4" mandatory="false" unit="" format="" numberOfDecimals="0" attributeClass=" " type="Action">
      <UUID>ed0e7f24-ffac-4f66-893c-ccb92d625e11</UUID>
      <SortOrder>0</SortOrder>
      <InputType>Textbox</InputType>
      <DataType>String</DataType>
      <MaxLength>4000</MaxLength>
      <MinLength>0</MinLength>
      <ProductTextRelation>
        <ProductTextUUID>e60378cd-4bff-403d-af7b-ba9ac1b6f259</ProductTextUUID>
      </ProductTextRelation>
      <ProductValueRangeRelation>
        <UUID>83769854-e41f-4863-96a4-29487cb14c85</UUID>
        <SortOrder>99</SortOrder>
        <ProductValueRangeUUID>22b2ea29-59a6-4ae9-b24f-f9912abcdd8b</ProductValueRangeUUID>
      </ProductValueRangeRelation>
      <ProductBackendInfo name="Skye.sendEventWithValidationErrorsAnalytics">
        <UUID>40c70733-0079-4590-a376-8c1208b90c45</UUID>
        <Info>False</Info>
      </ProductBackendInfo>
      <ProductBackendInfo name="Skye.ValidateOnAction">
        <UUID>66749e55-32b3-429e-8aaf-b1f81774b43c</UUID>
        <Info>False</Info>
      </ProductBackendInfo>
      <ProductBackendInfo name="Skye.UpdateProcessOnAction">
        <UUID>6dcfccd2-3620-4b04-bc13-55308787b0e5</UUID>
        <Info>False</Info>
      </ProductBackendInfo>
      <ProductBackendInfo name="Skye.ControllerActionName">
        <UUID>81682f8d-d03e-4086-bd26-88cd8d149e2e</UUID>
        <Info>ProcessExit</Info>
      </ProductBackendInfo>
      <ProductBackendInfo name="Skye.AllowValueSetViaUnencryptedURL">
        <UUID>8d31a724-cd69-4643-8c2c-fa57d40fba4d</UUID>
        <Info>False</Info>
      </ProductBackendInfo>
      <ProductBackendInfo name="Skye.TransitionProcessStep">
        <UUID>8d7b9db8-58d9-4af8-a897-a06ed0f3546d</UUID>
        <Info />
      </ProductBackendInfo>
      <ProductBackendInfo name="Skye.ActionAttribute.BindInvisibleCaptchaChallenge">
        <UUID>9ae4ee16-0025-4a89-93e5-3d77c2557c1d</UUID>
        <Info>False</Info>
      </ProductBackendInfo>
      <ProductBackendInfo name="Skye.StyleClass">
        <UUID>9d797c30-418e-4226-ad79-8b4a8d0a48ef</UUID>
        <Info>next</Info>
      </ProductBackendInfo>
      <ProductBackendInfo name="Skye.PersistOnAction">
        <UUID>a025e25f-a3bd-4b7f-b4dd-30b05cdb7c82</UUID>
        <Info>False</Info>
      </ProductBackendInfo>
      <ProductBackendInfo name="Skye.ProcessExitPoint">
        <UUID>b1ae4924-6009-43f1-a408-da29fa0061a4</UUID>
        <Info>True</Info>
      </ProductBackendInfo>
      <ProductBackendInfo name="Skye.Core.DataSecurity">
        <UUID>bfc04985-67b6-4c3a-9ea7-4263672b2e18</UUID>
        <Info>Standard</Info>
      </ProductBackendInfo>
      <ProductBackendInfo name="Skye.AttributeAlias">
        <UUID>f0210283-ac2c-48d0-80a4-c0c67a893567</UUID>
        <Info />
      </ProductBackendInfo>
      <DefinitionValueRelation>
        <UUID>11ea9365-1738-8019-8a40-a95c9c2090ce</UUID>
        <DefinitionValueUUID>9ba5be07-55dc-48c0-89dc-02daf6909b5b</DefinitionValueUUID>
      </DefinitionValueRelation>
      <DefinitionBusinessObjectContextRelation>
        <ContextUUID>c545f841-a93b-48f2-9983-5a3572973aa2</ContextUUID>
        <DefinitionObjectUUID>ed0e7f24-ffac-4f66-893c-ccb92d625e11</DefinitionObjectUUID>
      </DefinitionBusinessObjectContextRelation>
      <DefinitionBusinessObjectContextRelation>
        <ContextUUID>74919666-f8a2-4202-abc5-fe3e37a85b75</ContextUUID>
        <DefinitionObjectUUID>ed0e7f24-ffac-4f66-893c-ccb92d625e11</DefinitionObjectUUID>
      </DefinitionBusinessObjectContextRelation>
      <DefinitionBusinessObjectContextRelation>
        <ContextUUID>3aa75530-438a-4f0c-ae4f-5641c2157498</ContextUUID>
        <DefinitionObjectUUID>ed0e7f24-ffac-4f66-893c-ccb92d625e11</DefinitionObjectUUID>
      </DefinitionBusinessObjectContextRelation>
      <DefinitionBusinessObjectContextRelation>
        <ContextUUID>2c2249a6-a41a-46bc-83c1-d3ea663feb29</ContextUUID>
        <DefinitionObjectUUID>ed0e7f24-ffac-4f66-893c-ccb92d625e11</DefinitionObjectUUID>
      </DefinitionBusinessObjectContextRelation>
    </ProductPolicyAttribute>
    <ProductPolicyAttribute name="@RedirectUrl" visibilityLevel="0" mandatory="false" unit="" format="" numberOfDecimals="0" attributeClass=" " type="Standard">
      <UUID>17063e35-c2fc-4cb6-a08d-07053ea9de4b</UUID>
      <SortOrder>99</SortOrder>
      <InputType>Textbox</InputType>
      <DataType>String</DataType>
      <MaxLength>4000</MaxLength>
      <MinLength>0</MinLength>
      <ProductBackendInfo name="Skye.AttributeAlias">
        <UUID>12e3afbf-fa02-4ce6-a464-165b0d025ce6</UUID>
        <Info />
      </ProductBackendInfo>
      <ProductBackendInfo name="Skye.Core.DataSecurity">
        <UUID>91096be4-5995-4a18-9c4a-160e37ef8ae9</UUID>
        <Info>Standard</Info>
      </ProductBackendInfo>
      <ProductBackendInfo name="Skye.AllowValueSetViaUnencryptedURL">
        <UUID>f9df4850-c6f0-4229-a419-2a7990195960</UUID>
        <Info>False</Info>
      </ProductBackendInfo>
      <DefinitionValueRelation>
        <UUID>11ea9365-1738-801b-8a40-a95c9c2090ce</UUID>
        <DefinitionValueUUID>c063d16e-6990-41b0-9bd7-b45130295539</DefinitionValueUUID>
      </DefinitionValueRelation>
    </ProductPolicyAttribute>
    <ProductPolicyAttribute name="CreateQuote" visibilityLevel="0" mandatory="false" unit="" format="" numberOfDecimals="0" attributeClass="" type="Action">
      <UUID>e0b908fb-b3f7-4e4e-a284-fc3776cd6add</UUID>
      <SortOrder>99</SortOrder>
      <InputType>Textbox</InputType>
      <DataType>String</DataType>
      <MaxLength>4000</MaxLength>
      <MinLength>0</MinLength>
      <ProductTextRelation>
        <UUID>a49b1c40-9373-4f40-8f00-79678012188c</UUID>
        <ProductTextUUID>07d9830e-7f11-45cc-ad9e-9be5a0ea381d</ProductTextUUID>
      </ProductTextRelation>
      <ProductValueRangeRelation>
        <UUID>9252ee84-7fa3-4a99-b240-6024dd5078a4</UUID>
        <SortOrder>99</SortOrder>
        <ProductValueRangeUUID>18b402b9-a3cd-43a2-95ed-289a842cc625</ProductValueRangeUUID>
      </ProductValueRangeRelation>
      <ProductBackendInfo name="Skye.AttributeAlias">
        <UUID>b502d67d-4d6c-448e-bfd7-d6113c26f3ab</UUID>
        <Info />
      </ProductBackendInfo>
      <ProductBackendInfo name="Skye.Core.DataSecurity">
        <UUID>6ac47a33-452d-4589-9347-dda0abd2a21e</UUID>
        <Info>Standard</Info>
      </ProductBackendInfo>
      <ProductBackendInfo name="Skye.AllowValueSetViaUnencryptedURL">
        <UUID>52b579a6-587b-443c-8749-44d071b25b8a</UUID>
        <Info>False</Info>
      </ProductBackendInfo>
      <ProductBackendInfo name="Skye.ControllerActionName">
        <UUID>d7309fc4-cf61-4e1c-a90d-2e509e27ad29</UUID>
        <Info>CreateQuote</Info>
      </ProductBackendInfo>
      <ProductBackendInfo name="Skye.StyleClass">
        <UUID>dd6619bf-d81e-429e-a217-07581729e118</UUID>
        <Info>next</Info>
      </ProductBackendInfo>
      <ProductBackendInfo name="Skye.TransitionProcessStep">
        <UUID>925371d3-54a7-4072-a784-008b612d1907</UUID>
        <Info>HomeCreatePolicy:Details</Info>
      </ProductBackendInfo>
      <ProductBackendInfo name="Skye.sendEventWithValidationErrorsAnalytics">
        <UUID>22f95b39-5a8b-4f9e-a3b9-df42f3b675ad</UUID>
        <Info>False</Info>
      </ProductBackendInfo>
      <ProductBackendInfo name="Skye.ValidateOnAction">
        <UUID>481a4f29-59f2-4af9-8d47-9ad073018b8a</UUID>
        <Info>False</Info>
      </ProductBackendInfo>
      <ProductBackendInfo name="Skye.UpdateProcessOnAction">
        <UUID>8008531d-653b-4a34-bb9c-ccc2de6131ba</UUID>
        <Info>True</Info>
      </ProductBackendInfo>
      <ProductBackendInfo name="Skye.ProcessExitPoint">
        <UUID>af866a72-8ad1-4b03-854d-4b335c3de104</UUID>
        <Info>False</Info>
      </ProductBackendInfo>
      <ProductBackendInfo name="Skye.PersistOnAction">
        <UUID>886ee390-7c3a-47cc-9ebe-147f252b9754</UUID>
        <Info>True</Info>
      </ProductBackendInfo>
      <ProductBackendInfo name="Skye.ActionAttribute.BindInvisibleCaptchaChallenge">
        <UUID>5ddeda0c-668c-4347-9266-74a939b90170</UUID>
        <Info>False</Info>
      </ProductBackendInfo>
      <DefinitionValueRelation>
        <DefinitionValueUUID>9f695f92-04da-4e02-9c57-dfca83cae5a7</DefinitionValueUUID>
      </DefinitionValueRelation>
      <DefinitionBusinessObjectContextRelation>
        <ContextUUID>ab93e709-94ef-49ae-812e-376365973f05</ContextUUID>
        <DefinitionObjectUUID>e0b908fb-b3f7-4e4e-a284-fc3776cd6add</DefinitionObjectUUID>
      </DefinitionBusinessObjectContextRelation>
      <DefinitionBusinessObjectContextRelation>
        <ContextUUID>693c1158-1bbc-4384-a0d4-fee517212f6f</ContextUUID>
        <DefinitionObjectUUID>e0b908fb-b3f7-4e4e-a284-fc3776cd6add</DefinitionObjectUUID>
      </DefinitionBusinessObjectContextRelation>
      <DefinitionBusinessObjectContextRelation>
        <ContextUUID>b7d318d2-450c-4aaa-9d92-1bcd0ba94392</ContextUUID>
        <DefinitionObjectUUID>e0b908fb-b3f7-4e4e-a284-fc3776cd6add</DefinitionObjectUUID>
      </DefinitionBusinessObjectContextRelation>
      <DefinitionBusinessObjectContextRelation>
        <ContextUUID>439446dc-f96a-4055-b820-7ef9e6a0576b</ContextUUID>
        <DefinitionObjectUUID>e0b908fb-b3f7-4e4e-a284-fc3776cd6add</DefinitionObjectUUID>
      </DefinitionBusinessObjectContextRelation>
    </ProductPolicyAttribute>
    <ProductPolicyAttribute name="HomeCreatePolicy:QuickQuoteUIDefRef1" visibilityLevel="0" mandatory="false" unit="" format="" numberOfDecimals="0" attributeClass="" type="DefinitionReference">
      <UUID>dca40a56-ee2a-41cf-b499-6bf6e6a57ecb</UUID>
      <SortOrder>99</SortOrder>
      <InputType>ReferenceAutoComplete</InputType>
      <DataType>String</DataType>
      <MaxLength>4000</MaxLength>
      <MinLength>0</MinLength>
      <ProductValueRangeRelation>
        <UUID>bda2c8f4-f1cd-4821-8834-ba2103692986</UUID>
        <SortOrder>99</SortOrder>
        <ProductValueRangeUUID>1c62e3ef-13e6-4167-b169-ed237a692bc3</ProductValueRangeUUID>
      </ProductValueRangeRelation>
      <ProductBackendInfo name="Skye.AttributeAlias">
        <UUID>553202a8-2610-44a7-92ce-e2062f382cae</UUID>
        <Info />
      </ProductBackendInfo>
      <ProductBackendInfo name="Skye.Core.DataSecurity">
        <UUID>51609c73-45f4-4d16-aeda-855d2c21f651</UUID>
        <Info>Standard</Info>
      </ProductBackendInfo>
      <ProductBackendInfo name="Skye.AllowValueSetViaUnencryptedURL">
        <UUID>66f9f19b-15eb-49dd-9b20-60fee9a5fb60</UUID>
        <Info>False</Info>
      </ProductBackendInfo>
      <ProductBackendInfo name="Skye.Reference.ModelType">
        <UUID>2b9eca42-4a48-4fe1-8fa3-42d4b40a7387</UUID>
        <Info>uidefinition</Info>
      </ProductBackendInfo>
      <DefinitionValueRelation>
        <DefinitionValueUUID>b56e20a2-1641-4a48-a0ee-809efee6036b</DefinitionValueUUID>
      </DefinitionValueRelation>
      <DefinitionBusinessObjectContextRelation>
        <ContextUUID>63cb970c-74c3-4526-b5a4-da0d5c5a60f8</ContextUUID>
        <DefinitionObjectUUID>dca40a56-ee2a-41cf-b499-6bf6e6a57ecb</DefinitionObjectUUID>
      </DefinitionBusinessObjectContextRelation>
      <DefinitionBusinessObjectContextRelation>
        <ContextUUID>9dff3de6-6d71-4807-a8af-cd9648fbb360</ContextUUID>
        <DefinitionObjectUUID>dca40a56-ee2a-41cf-b499-6bf6e6a57ecb</DefinitionObjectUUID>
      </DefinitionBusinessObjectContextRelation>
    </ProductPolicyAttribute>
    <ProductBackendInfo name="Skye.MultibrickType">
      <UUID>88331c4f-a11d-47c2-a915-28f16544a0f1</UUID>
      <Info />
    </ProductBackendInfo>
    <DefinitionBusinessObjectContextRelation>
      <ContextUUID>63cb970c-74c3-4526-b5a4-da0d5c5a60f8</ContextUUID>
      <DefinitionObjectUUID>981e96bd-cebc-4316-b98a-1b6233e16993</DefinitionObjectUUID>
    </DefinitionBusinessObjectContextRelation>
    <DefinitionBusinessObjectContextRelation>
      <ContextUUID>9dff3de6-6d71-4807-a8af-cd9648fbb360</ContextUUID>
      <DefinitionObjectUUID>981e96bd-cebc-4316-b98a-1b6233e16993</DefinitionObjectUUID>
    </DefinitionBusinessObjectContextRelation>
  </ProductBrick>
  <ProductBrick name="HomeCreatePolicy:Details" visibilityLevel="2" brickClass="" isAbstract="false" typeId="0">
    <UUID>e7892da1-c8cf-42df-bac9-dde3bace9395</UUID>
    <SortOrder>20</SortOrder>
    <MinimumUsage>1</MinimumUsage>
    <MaximumUsage>1</MaximumUsage>
    <InitialUsage>1</InitialUsage>
    <ProductTextRelation>
      <UUID>1462b451-fe7b-4e38-a776-6e2667a51c1f</UUID>
      <ProductTextUUID>9e6d30d0-f17b-4904-809a-454956d240ef</ProductTextUUID>
    </ProductTextRelation>
    <ProductPolicyAttribute name="Back" visibilityLevel="0" mandatory="false" unit="" format="" numberOfDecimals="0" attributeClass="" type="Action">
      <UUID>a191e6d3-a46c-4457-9f6d-6046c3aaabda</UUID>
      <SortOrder>99</SortOrder>
      <InputType>Textbox</InputType>
      <DataType>String</DataType>
      <MaxLength>4000</MaxLength>
      <MinLength>0</MinLength>
      <ProductTextRelation>
        <UUID>5181f685-bd16-4b8b-8e2c-f79acb704c5d</UUID>
        <ProductTextUUID>bba62d23-62af-480d-a74e-beea75e0bac6</ProductTextUUID>
      </ProductTextRelation>
      <ProductValueRangeRelation>
        <UUID>5b2eb1b8-704e-40b1-a491-97812ae52dbd</UUID>
        <SortOrder>99</SortOrder>
        <ProductValueRangeUUID>a10d3ac0-4931-4781-a0fd-98935372ed1d</ProductValueRangeUUID>
      </ProductValueRangeRelation>
      <ProductBackendInfo name="Skye.AttributeAlias">
        <UUID>7c072130-5625-45a2-a998-fea6a15bce4a</UUID>
        <Info />
      </ProductBackendInfo>
      <ProductBackendInfo name="Skye.Core.DataSecurity">
        <UUID>1470cafa-1663-451d-a23c-e8c02080b702</UUID>
        <Info>Standard</Info>
      </ProductBackendInfo>
      <ProductBackendInfo name="Skye.AllowValueSetViaUnencryptedURL">
        <UUID>17550e8b-ce6d-4f61-96fb-f7c3fbe8e828</UUID>
        <Info>False</Info>
      </ProductBackendInfo>
      <ProductBackendInfo name="Skye.ControllerActionName">
        <UUID>7709e95e-a4ff-44fc-9efa-dde2f703c296</UUID>
        <Info>Back</Info>
      </ProductBackendInfo>
      <ProductBackendInfo name="Skye.StyleClass">
        <UUID>f243a1b2-6981-466f-a005-d6359c286c53</UUID>
        <Info>back</Info>
      </ProductBackendInfo>
      <ProductBackendInfo name="Skye.TransitionProcessStep">
        <UUID>4b9048c1-029f-4840-9ca7-6fa715745045</UUID>
        <Info>HomeCreatePolicy:QuickQuote</Info>
      </ProductBackendInfo>
      <ProductBackendInfo name="Skye.sendEventWithValidationErrorsAnalytics">
        <UUID>3e258b04-16b1-4e13-9a93-b3b6a4adf5f3</UUID>
        <Info>False</Info>
      </ProductBackendInfo>
      <ProductBackendInfo name="Skye.ValidateOnAction">
        <UUID>3f2789df-7376-4374-b6c4-044aa2015e9b</UUID>
        <Info>False</Info>
      </ProductBackendInfo>
      <ProductBackendInfo name="Skye.UpdateProcessOnAction">
        <UUID>991893e7-d90f-486f-a97a-4a8b07d155f8</UUID>
        <Info>True</Info>
      </ProductBackendInfo>
      <ProductBackendInfo name="Skye.ProcessExitPoint">
        <UUID>939a0b9f-3a62-481e-8d8c-3a3de265c731</UUID>
        <Info>False</Info>
      </ProductBackendInfo>
      <ProductBackendInfo name="Skye.PersistOnAction">
        <UUID>84bd3d7f-7ccb-45c7-9122-1009adb98bdc</UUID>
        <Info>True</Info>
      </ProductBackendInfo>
      <ProductBackendInfo name="Skye.ActionAttribute.BindInvisibleCaptchaChallenge">
        <UUID>13991036-be79-4ae3-9079-523aeca3c4f7</UUID>
        <Info>False</Info>
      </ProductBackendInfo>
      <DefinitionValueRelation>
        <DefinitionValueUUID>3138d74e-efc8-45ab-96de-928cffd61932</DefinitionValueUUID>
      </DefinitionValueRelation>
      <DefinitionBusinessObjectContextRelation>
        <ContextUUID>1e8ef394-3e9d-4ecb-b912-2af5dbd1a063</ContextUUID>
        <DefinitionObjectUUID>a191e6d3-a46c-4457-9f6d-6046c3aaabda</DefinitionObjectUUID>
      </DefinitionBusinessObjectContextRelation>
      <DefinitionBusinessObjectContextRelation>
        <ContextUUID>2463d9c7-2cc2-4da6-859b-053abc9fe87e</ContextUUID>
        <DefinitionObjectUUID>a191e6d3-a46c-4457-9f6d-6046c3aaabda</DefinitionObjectUUID>
      </DefinitionBusinessObjectContextRelation>
      <DefinitionBusinessObjectContextRelation>
        <ContextUUID>ab93e709-94ef-49ae-812e-376365973f05</ContextUUID>
        <DefinitionObjectUUID>a191e6d3-a46c-4457-9f6d-6046c3aaabda</DefinitionObjectUUID>
      </DefinitionBusinessObjectContextRelation>
      <DefinitionBusinessObjectContextRelation>
        <ContextUUID>b7d318d2-450c-4aaa-9d92-1bcd0ba94392</ContextUUID>
        <DefinitionObjectUUID>a191e6d3-a46c-4457-9f6d-6046c3aaabda</DefinitionObjectUUID>
      </DefinitionBusinessObjectContextRelation>
      <DefinitionBusinessObjectContextRelation>
        <ContextUUID>88e1b8e9-4981-4426-bd7e-758f31773112</ContextUUID>
        <DefinitionObjectUUID>a191e6d3-a46c-4457-9f6d-6046c3aaabda</DefinitionObjectUUID>
      </DefinitionBusinessObjectContextRelation>
      <DefinitionBusinessObjectContextRelation>
        <ContextUUID>2cec5ac5-f3a3-4fd7-88f8-a47a5ee2a75b</ContextUUID>
        <DefinitionObjectUUID>a191e6d3-a46c-4457-9f6d-6046c3aaabda</DefinitionObjectUUID>
      </DefinitionBusinessObjectContextRelation>
    </ProductPolicyAttribute>
    <ProductPolicyAttribute name="Next" visibilityLevel="0" mandatory="false" unit="" format="" numberOfDecimals="0" attributeClass="" type="Action">
      <UUID>37ca6d9c-a4a0-428b-9a76-9182be14fef4</UUID>
      <SortOrder>99</SortOrder>
      <InputType>Textbox</InputType>
      <DataType>String</DataType>
      <MaxLength>4000</MaxLength>
      <MinLength>0</MinLength>
      <ProductTextRelation>
        <UUID>3b5857bf-7fcf-4ea8-b551-0cc7cc9548b5</UUID>
        <ProductTextUUID>5205b0ad-834c-4b0e-a9fd-ec9e1e09186b</ProductTextUUID>
      </ProductTextRelation>
      <ProductValueRangeRelation>
        <UUID>17fa3dda-ece0-4c03-98d8-7d0fb33099f4</UUID>
        <SortOrder>99</SortOrder>
        <ProductValueRangeUUID>58e603d3-97b1-4ba3-ba9b-7703b81a2f01</ProductValueRangeUUID>
      </ProductValueRangeRelation>
      <ProductBackendInfo name="Skye.AttributeAlias">
        <UUID>dd2ad29f-5d43-4302-8c69-3354f626b6c1</UUID>
        <Info />
      </ProductBackendInfo>
      <ProductBackendInfo name="Skye.Core.DataSecurity">
        <UUID>9e327e47-112a-4eea-b7ef-0ba78f9c692a</UUID>
        <Info>Standard</Info>
      </ProductBackendInfo>
      <ProductBackendInfo name="Skye.AllowValueSetViaUnencryptedURL">
        <UUID>89cfc3c6-ebe3-4841-81c4-93e2e5f76eab</UUID>
        <Info>False</Info>
      </ProductBackendInfo>
      <ProductBackendInfo name="Skye.ControllerActionName">
        <UUID>a69a74c2-2a00-4641-9f76-22f715e57f6a</UUID>
        <Info>Next</Info>
      </ProductBackendInfo>
      <ProductBackendInfo name="Skye.StyleClass">
        <UUID>f32f72cd-e29e-4bb3-b5aa-8a4508e592b5</UUID>
        <Info>next</Info>
      </ProductBackendInfo>
      <ProductBackendInfo name="Skye.TransitionProcessStep">
        <UUID>62454ec5-2008-4480-a2b1-44b337c5fb45</UUID>
        <Info>HomeCreatePolicy:Payment</Info>
      </ProductBackendInfo>
      <ProductBackendInfo name="Skye.sendEventWithValidationErrorsAnalytics">
        <UUID>040d8fa1-6d93-4cf9-8aaa-440b1f913795</UUID>
        <Info>False</Info>
      </ProductBackendInfo>
      <ProductBackendInfo name="Skye.ValidateOnAction">
        <UUID>a0d025ae-651c-40b5-a824-6c4c46334aa7</UUID>
        <Info>False</Info>
      </ProductBackendInfo>
      <ProductBackendInfo name="Skye.UpdateProcessOnAction">
        <UUID>3ef1dc0e-02c4-4e25-8351-b9e8898cc5e5</UUID>
        <Info>True</Info>
      </ProductBackendInfo>
      <ProductBackendInfo name="Skye.ProcessExitPoint">
        <UUID>7aa4825b-9ad9-4c80-814b-0c74cf19463b</UUID>
        <Info>False</Info>
      </ProductBackendInfo>
      <ProductBackendInfo name="Skye.PersistOnAction">
        <UUID>0eae47e5-06a3-408f-b909-2b8902986ec3</UUID>
        <Info>True</Info>
      </ProductBackendInfo>
      <ProductBackendInfo name="Skye.ActionAttribute.BindInvisibleCaptchaChallenge">
        <UUID>b7f892f3-f2de-41c8-90ec-e0d6414007a3</UUID>
        <Info>False</Info>
      </ProductBackendInfo>
      <DefinitionValueRelation>
        <DefinitionValueUUID>8562cc19-93fe-4db7-ba9c-c05682b42606</DefinitionValueUUID>
      </DefinitionValueRelation>
      <DefinitionBusinessObjectContextRelation>
        <ContextUUID>ab93e709-94ef-49ae-812e-376365973f05</ContextUUID>
        <DefinitionObjectUUID>37ca6d9c-a4a0-428b-9a76-9182be14fef4</DefinitionObjectUUID>
      </DefinitionBusinessObjectContextRelation>
      <DefinitionBusinessObjectContextRelation>
        <ContextUUID>2463d9c7-2cc2-4da6-859b-053abc9fe87e</ContextUUID>
        <DefinitionObjectUUID>37ca6d9c-a4a0-428b-9a76-9182be14fef4</DefinitionObjectUUID>
      </DefinitionBusinessObjectContextRelation>
      <DefinitionBusinessObjectContextRelation>
        <ContextUUID>b7d318d2-450c-4aaa-9d92-1bcd0ba94392</ContextUUID>
        <DefinitionObjectUUID>37ca6d9c-a4a0-428b-9a76-9182be14fef4</DefinitionObjectUUID>
      </DefinitionBusinessObjectContextRelation>
      <DefinitionBusinessObjectContextRelation>
        <ContextUUID>88e1b8e9-4981-4426-bd7e-758f31773112</ContextUUID>
        <DefinitionObjectUUID>37ca6d9c-a4a0-428b-9a76-9182be14fef4</DefinitionObjectUUID>
      </DefinitionBusinessObjectContextRelation>
    </ProductPolicyAttribute>
    <ProductPolicyAttribute name="HomeCreatePolicy:DetailsUIDefRef1" visibilityLevel="0" mandatory="false" unit="" format="" numberOfDecimals="0" attributeClass="" type="DefinitionReference">
      <UUID>2b93ff20-76c7-4db9-b068-391bc2eba6ee</UUID>
      <SortOrder>99</SortOrder>
      <InputType>ReferenceAutoComplete</InputType>
      <DataType>String</DataType>
      <MaxLength>4000</MaxLength>
      <MinLength>0</MinLength>
      <ProductValueRangeRelation>
        <UUID>3a9033b2-f05f-4980-8acf-ff4cade776b4</UUID>
        <SortOrder>99</SortOrder>
        <ProductValueRangeUUID>b3ede90e-b033-4182-9372-7d870c077421</ProductValueRangeUUID>
      </ProductValueRangeRelation>
      <ProductBackendInfo name="Skye.AttributeAlias">
        <UUID>710d5d32-9fee-4da0-8da4-70ed2051da6f</UUID>
        <Info />
      </ProductBackendInfo>
      <ProductBackendInfo name="Skye.Core.DataSecurity">
        <UUID>6583caa4-4627-4255-931f-b3bc2e16939c</UUID>
        <Info>Standard</Info>
      </ProductBackendInfo>
      <ProductBackendInfo name="Skye.AllowValueSetViaUnencryptedURL">
        <UUID>bb97e14f-9ee3-4489-8847-d70d34b994d2</UUID>
        <Info>False</Info>
      </ProductBackendInfo>
      <ProductBackendInfo name="Skye.Reference.ModelType">
        <UUID>b2ec6f3f-8692-446d-abeb-dae6910cb64c</UUID>
        <Info>uidefinition</Info>
      </ProductBackendInfo>
      <DefinitionValueRelation>
        <DefinitionValueUUID>2f57e80b-9b60-48da-a9e0-b9c49c5065c5</DefinitionValueUUID>
      </DefinitionValueRelation>
      <DefinitionBusinessObjectContextRelation>
        <ContextUUID>63cb970c-74c3-4526-b5a4-da0d5c5a60f8</ContextUUID>
        <DefinitionObjectUUID>2b93ff20-76c7-4db9-b068-391bc2eba6ee</DefinitionObjectUUID>
      </DefinitionBusinessObjectContextRelation>
      <DefinitionBusinessObjectContextRelation>
        <ContextUUID>9dff3de6-6d71-4807-a8af-cd9648fbb360</ContextUUID>
        <DefinitionObjectUUID>2b93ff20-76c7-4db9-b068-391bc2eba6ee</DefinitionObjectUUID>
      </DefinitionBusinessObjectContextRelation>
    </ProductPolicyAttribute>
    <ProductBackendInfo name="Skye.MultibrickType">
      <UUID>e3b4d198-9217-428a-98af-617a4c9cca9a</UUID>
      <Info />
    </ProductBackendInfo>
    <DefinitionBusinessObjectContextRelation>
      <ContextUUID>63cb970c-74c3-4526-b5a4-da0d5c5a60f8</ContextUUID>
      <DefinitionObjectUUID>e7892da1-c8cf-42df-bac9-dde3bace9395</DefinitionObjectUUID>
    </DefinitionBusinessObjectContextRelation>
    <DefinitionBusinessObjectContextRelation>
      <ContextUUID>9dff3de6-6d71-4807-a8af-cd9648fbb360</ContextUUID>
      <DefinitionObjectUUID>e7892da1-c8cf-42df-bac9-dde3bace9395</DefinitionObjectUUID>
    </DefinitionBusinessObjectContextRelation>
  </ProductBrick>
  <ProductBrick name="HomeCreatePolicy:Payment" visibilityLevel="2" brickClass="" isAbstract="false" typeId="0">
    <UUID>88392187-c41a-4322-85c0-9bb5576ebf0b</UUID>
    <SortOrder>30</SortOrder>
    <MinimumUsage>1</MinimumUsage>
    <MaximumUsage>1</MaximumUsage>
    <InitialUsage>1</InitialUsage>
    <ProductTextRelation>
      <UUID>d333281d-6c6d-4017-835a-454fca4da353</UUID>
      <ProductTextUUID>ea85775b-c7b8-4ec9-9dbd-0b4e8c7dcc3b</ProductTextUUID>
    </ProductTextRelation>
    <ProductPolicyAttribute name="Back" visibilityLevel="0" mandatory="false" unit="" format="" numberOfDecimals="0" attributeClass="" type="Action">
      <UUID>54449705-eb8f-42ba-85a2-b6357cac153e</UUID>
      <SortOrder>99</SortOrder>
      <InputType>Textbox</InputType>
      <DataType>String</DataType>
      <MaxLength>4000</MaxLength>
      <MinLength>0</MinLength>
      <ProductTextRelation>
        <UUID>6392fa9e-8902-4321-8768-e9fdabaa6032</UUID>
        <ProductTextUUID>c3d71b0c-6577-4614-969c-2a776d49e63f</ProductTextUUID>
      </ProductTextRelation>
      <ProductValueRangeRelation>
        <UUID>64c46ec0-8609-4d5a-8db0-69925bf60559</UUID>
        <SortOrder>99</SortOrder>
        <ProductValueRangeUUID>4810212a-58dd-4055-9ee1-52d2ab96c24a</ProductValueRangeUUID>
      </ProductValueRangeRelation>
      <ProductBackendInfo name="Skye.AttributeAlias">
        <UUID>50c74170-81b4-4144-b59c-b58f4136a122</UUID>
        <Info />
      </ProductBackendInfo>
      <ProductBackendInfo name="Skye.Core.DataSecurity">
        <UUID>f19670d4-323f-4678-88ca-ebe806d093e4</UUID>
        <Info>Standard</Info>
      </ProductBackendInfo>
      <ProductBackendInfo name="Skye.AllowValueSetViaUnencryptedURL">
        <UUID>ce351261-d9b1-4a96-99ae-12825201f4f4</UUID>
        <Info>False</Info>
      </ProductBackendInfo>
      <ProductBackendInfo name="Skye.ControllerActionName">
        <UUID>a1d345c3-c533-4724-ad53-7b5d7c9e73b0</UUID>
        <Info>Back</Info>
      </ProductBackendInfo>
      <ProductBackendInfo name="Skye.StyleClass">
        <UUID>7fbb031b-c506-49e6-aa69-2952f9bb68c6</UUID>
        <Info>back</Info>
      </ProductBackendInfo>
      <ProductBackendInfo name="Skye.TransitionProcessStep">
        <UUID>5d3185cc-2bc9-43fa-9ff2-0db994cc52b2</UUID>
        <Info>HomeCreatePolicy:Details</Info>
      </ProductBackendInfo>
      <ProductBackendInfo name="Skye.sendEventWithValidationErrorsAnalytics">
        <UUID>5272aa3a-c98c-474d-8dad-53dd0b5f8b47</UUID>
        <Info>False</Info>
      </ProductBackendInfo>
      <ProductBackendInfo name="Skye.ValidateOnAction">
        <UUID>5da54038-725e-4337-89ae-79694bde80cd</UUID>
        <Info>False</Info>
      </ProductBackendInfo>
      <ProductBackendInfo name="Skye.UpdateProcessOnAction">
        <UUID>adaeb436-d8fd-4d31-a3ed-a33c6abdd360</UUID>
        <Info>True</Info>
      </ProductBackendInfo>
      <ProductBackendInfo name="Skye.ProcessExitPoint">
        <UUID>cc94df93-ff3f-42b5-a154-06c481e1d991</UUID>
        <Info>False</Info>
      </ProductBackendInfo>
      <ProductBackendInfo name="Skye.PersistOnAction">
        <UUID>381c7716-96b6-4398-9763-7e31b2446c62</UUID>
        <Info>True</Info>
      </ProductBackendInfo>
      <ProductBackendInfo name="Skye.ActionAttribute.BindInvisibleCaptchaChallenge">
        <UUID>cf5b6d80-ee81-4737-bbd3-3a74c1d92eaf</UUID>
        <Info>False</Info>
      </ProductBackendInfo>
      <DefinitionValueRelation>
        <DefinitionValueUUID>ea37dc91-0591-4795-b77e-ac0cda45796f</DefinitionValueUUID>
      </DefinitionValueRelation>
      <DefinitionBusinessObjectContextRelation>
        <ContextUUID>ab93e709-94ef-49ae-812e-376365973f05</ContextUUID>
        <DefinitionObjectUUID>54449705-eb8f-42ba-85a2-b6357cac153e</DefinitionObjectUUID>
      </DefinitionBusinessObjectContextRelation>
      <DefinitionBusinessObjectContextRelation>
        <ContextUUID>2463d9c7-2cc2-4da6-859b-053abc9fe87e</ContextUUID>
        <DefinitionObjectUUID>54449705-eb8f-42ba-85a2-b6357cac153e</DefinitionObjectUUID>
      </DefinitionBusinessObjectContextRelation>
      <DefinitionBusinessObjectContextRelation>
        <ContextUUID>b7d318d2-450c-4aaa-9d92-1bcd0ba94392</ContextUUID>
        <DefinitionObjectUUID>54449705-eb8f-42ba-85a2-b6357cac153e</DefinitionObjectUUID>
      </DefinitionBusinessObjectContextRelation>
      <DefinitionBusinessObjectContextRelation>
        <ContextUUID>88e1b8e9-4981-4426-bd7e-758f31773112</ContextUUID>
        <DefinitionObjectUUID>54449705-eb8f-42ba-85a2-b6357cac153e</DefinitionObjectUUID>
      </DefinitionBusinessObjectContextRelation>
    </ProductPolicyAttribute>
    <ProductPolicyAttribute name="Next" visibilityLevel="0" mandatory="false" unit="" format="" numberOfDecimals="0" attributeClass="" type="Action">
      <UUID>5b0fc4ea-a0ba-4016-954e-618d05884cba</UUID>
      <SortOrder>99</SortOrder>
      <InputType>Textbox</InputType>
      <DataType>String</DataType>
      <MaxLength>4000</MaxLength>
      <MinLength>0</MinLength>
      <ProductTextRelation>
        <UUID>b971669b-301f-4743-ba0b-fe9132ce06a7</UUID>
        <ProductTextUUID>34bedeae-b6af-4481-8353-37be98e78ce6</ProductTextUUID>
      </ProductTextRelation>
      <ProductValueRangeRelation>
        <UUID>0343e3b3-2246-4905-b7c7-fa13d5e7c053</UUID>
        <SortOrder>99</SortOrder>
        <ProductValueRangeUUID>fd5ddc63-7810-4542-9e3b-a2a9fcd35a33</ProductValueRangeUUID>
      </ProductValueRangeRelation>
      <ProductBackendInfo name="Skye.AttributeAlias">
        <UUID>d79102a0-4979-4aa9-9ed6-1b584a4bea5b</UUID>
        <Info />
      </ProductBackendInfo>
      <ProductBackendInfo name="Skye.Core.DataSecurity">
        <UUID>6c4634f2-7807-4270-bd0e-ef206b9efa4f</UUID>
        <Info>Standard</Info>
      </ProductBackendInfo>
      <ProductBackendInfo name="Skye.AllowValueSetViaUnencryptedURL">
        <UUID>ffc3691d-0032-4339-99db-655c2dc5d235</UUID>
        <Info>False</Info>
      </ProductBackendInfo>
      <ProductBackendInfo name="Skye.ControllerActionName">
        <UUID>830843ff-a6c4-4e8b-b238-490f8597b309</UUID>
        <Info>Next</Info>
      </ProductBackendInfo>
      <ProductBackendInfo name="Skye.StyleClass">
        <UUID>3fc71661-ce75-41a9-8d37-2e46b7d7484b</UUID>
        <Info>next</Info>
      </ProductBackendInfo>
      <ProductBackendInfo name="Skye.TransitionProcessStep">
        <UUID>00fe26f9-ff2d-403a-8888-35c2807423a7</UUID>
        <Info>HomeCreatePolicy:Confirmation</Info>
      </ProductBackendInfo>
      <ProductBackendInfo name="Skye.sendEventWithValidationErrorsAnalytics">
        <UUID>dd2d9ee0-f8b5-4fc6-ba96-b287b6a9cd84</UUID>
        <Info>False</Info>
      </ProductBackendInfo>
      <ProductBackendInfo name="Skye.ValidateOnAction">
        <UUID>6f11fc94-fc6e-41a8-bea5-2178de4bdd0e</UUID>
        <Info>True</Info>
      </ProductBackendInfo>
      <ProductBackendInfo name="Skye.UpdateProcessOnAction">
        <UUID>7bacd4c2-6ba7-44eb-9688-1e745e2f96fe</UUID>
        <Info>True</Info>
      </ProductBackendInfo>
      <ProductBackendInfo name="Skye.ProcessExitPoint">
        <UUID>1ea92adc-f4df-433d-bb06-c35c97ea641c</UUID>
        <Info>False</Info>
      </ProductBackendInfo>
      <ProductBackendInfo name="Skye.PersistOnAction">
        <UUID>908d889e-420f-44a9-83a9-29548aedc0a6</UUID>
        <Info>True</Info>
      </ProductBackendInfo>
      <ProductBackendInfo name="Skye.ActionAttribute.BindInvisibleCaptchaChallenge">
        <UUID>58155203-8e7a-49c9-b658-3d185595647e</UUID>
        <Info>False</Info>
      </ProductBackendInfo>
      <DefinitionValueRelation>
        <DefinitionValueUUID>262c76ef-c85e-45b5-aeb5-21f658ad43f5</DefinitionValueUUID>
      </DefinitionValueRelation>
      <DefinitionBusinessObjectContextRelation>
        <ContextUUID>ab93e709-94ef-49ae-812e-376365973f05</ContextUUID>
        <DefinitionObjectUUID>5b0fc4ea-a0ba-4016-954e-618d05884cba</DefinitionObjectUUID>
      </DefinitionBusinessObjectContextRelation>
      <DefinitionBusinessObjectContextRelation>
        <ContextUUID>2463d9c7-2cc2-4da6-859b-053abc9fe87e</ContextUUID>
        <DefinitionObjectUUID>5b0fc4ea-a0ba-4016-954e-618d05884cba</DefinitionObjectUUID>
      </DefinitionBusinessObjectContextRelation>
      <DefinitionBusinessObjectContextRelation>
        <ContextUUID>b7d318d2-450c-4aaa-9d92-1bcd0ba94392</ContextUUID>
        <DefinitionObjectUUID>5b0fc4ea-a0ba-4016-954e-618d05884cba</DefinitionObjectUUID>
      </DefinitionBusinessObjectContextRelation>
      <DefinitionBusinessObjectContextRelation>
        <ContextUUID>88e1b8e9-4981-4426-bd7e-758f31773112</ContextUUID>
        <DefinitionObjectUUID>5b0fc4ea-a0ba-4016-954e-618d05884cba</DefinitionObjectUUID>
      </DefinitionBusinessObjectContextRelation>
    </ProductPolicyAttribute>
    <ProductBackendInfo name="Skye.MultibrickType">
      <UUID>1ef72814-f6cd-4c8c-9afd-127ac8fecc26</UUID>
      <Info />
    </ProductBackendInfo>
    <DefinitionBusinessObjectContextRelation>
      <ContextUUID>63cb970c-74c3-4526-b5a4-da0d5c5a60f8</ContextUUID>
      <DefinitionObjectUUID>88392187-c41a-4322-85c0-9bb5576ebf0b</DefinitionObjectUUID>
    </DefinitionBusinessObjectContextRelation>
    <DefinitionBusinessObjectContextRelation>
      <ContextUUID>9dff3de6-6d71-4807-a8af-cd9648fbb360</ContextUUID>
      <DefinitionObjectUUID>88392187-c41a-4322-85c0-9bb5576ebf0b</DefinitionObjectUUID>
    </DefinitionBusinessObjectContextRelation>
  </ProductBrick>
  <ProductBrick name="HomeCreatePolicy:Confirmation" visibilityLevel="2" brickClass="" isAbstract="false" typeId="0">
    <UUID>980996fd-3b68-4afd-9f8f-f9efe6be0040</UUID>
    <SortOrder>40</SortOrder>
    <MinimumUsage>1</MinimumUsage>
    <MaximumUsage>1</MaximumUsage>
    <InitialUsage>1</InitialUsage>
    <ProductTextRelation>
      <UUID>a3a747dd-8a3d-45b5-96af-d3e5c581c33b</UUID>
      <ProductTextUUID>65df67e4-bdaa-4b47-8a52-9d084cbf150c</ProductTextUUID>
    </ProductTextRelation>
    <ProductPolicyAttribute name="HomeCreatePolicy:ConfirmationUIDefRef1" visibilityLevel="0" mandatory="false" unit="" format="" numberOfDecimals="0" attributeClass="" type="DefinitionReference">
      <UUID>c139bd80-0e90-4a93-a5f0-de345a4a4bb6</UUID>
      <SortOrder>99</SortOrder>
      <InputType>ReferenceAutoComplete</InputType>
      <DataType>String</DataType>
      <MaxLength>4000</MaxLength>
      <MinLength>0</MinLength>
      <ProductValueRangeRelation>
        <UUID>3f2d278b-1d31-4135-8274-5caca4f86693</UUID>
        <SortOrder>99</SortOrder>
        <ProductValueRangeUUID>ad1614c4-29e1-4df6-ba9d-df1d9a529c76</ProductValueRangeUUID>
      </ProductValueRangeRelation>
      <ProductBackendInfo name="Skye.AttributeAlias">
        <UUID>7acc4d23-9a8b-4ad9-bae9-4fb18688a768</UUID>
        <Info />
      </ProductBackendInfo>
      <ProductBackendInfo name="Skye.Core.DataSecurity">
        <UUID>d4383927-46d4-4966-96b5-165585259476</UUID>
        <Info>Standard</Info>
      </ProductBackendInfo>
      <ProductBackendInfo name="Skye.AllowValueSetViaUnencryptedURL">
        <UUID>69acd6cd-d3d8-4de5-a219-4424eb0b4b4e</UUID>
        <Info>False</Info>
      </ProductBackendInfo>
      <ProductBackendInfo name="Skye.Reference.ModelType">
        <UUID>1ca31f37-2889-48c9-8470-a76e45502505</UUID>
        <Info>uidefinition</Info>
      </ProductBackendInfo>
      <DefinitionValueRelation>
        <DefinitionValueUUID>8f7ace1a-8580-47f8-a226-b40207e6aa6f</DefinitionValueUUID>
      </DefinitionValueRelation>
      <DefinitionBusinessObjectContextRelation>
        <ContextUUID>ab93e709-94ef-49ae-812e-376365973f05</ContextUUID>
        <DefinitionObjectUUID>c139bd80-0e90-4a93-a5f0-de345a4a4bb6</DefinitionObjectUUID>
      </DefinitionBusinessObjectContextRelation>
      <DefinitionBusinessObjectContextRelation>
        <ContextUUID>b7d318d2-450c-4aaa-9d92-1bcd0ba94392</ContextUUID>
        <DefinitionObjectUUID>c139bd80-0e90-4a93-a5f0-de345a4a4bb6</DefinitionObjectUUID>
      </DefinitionBusinessObjectContextRelation>
    </ProductPolicyAttribute>
    <ProductPolicyAttribute name="Back" visibilityLevel="0" mandatory="false" unit="" format="" numberOfDecimals="0" attributeClass="" type="Action">
      <UUID>70720d7a-b0f1-44ae-8098-b7ee0a1112cd</UUID>
      <SortOrder>99</SortOrder>
      <InputType>Textbox</InputType>
      <DataType>String</DataType>
      <MaxLength>4000</MaxLength>
      <MinLength>0</MinLength>
      <ProductTextRelation>
        <UUID>2332102f-53d2-4eb6-8256-cbf62e1fb3af</UUID>
        <ProductTextUUID>a96084a0-61c7-468a-882f-2e932e194e0b</ProductTextUUID>
      </ProductTextRelation>
      <ProductValueRangeRelation>
        <UUID>ecdcd1c0-e3ee-4224-945e-707bf4fd717c</UUID>
        <SortOrder>99</SortOrder>
        <ProductValueRangeUUID>f78846cd-90ac-4606-8a0d-eb0dcad55ed3</ProductValueRangeUUID>
      </ProductValueRangeRelation>
      <ProductBackendInfo name="Skye.AttributeAlias">
        <UUID>cb3b20fa-56b5-4465-9434-88004b2c3243</UUID>
        <Info />
      </ProductBackendInfo>
      <ProductBackendInfo name="Skye.Core.DataSecurity">
        <UUID>74034a1f-7578-49e8-87c0-582b5b093c56</UUID>
        <Info>Standard</Info>
      </ProductBackendInfo>
      <ProductBackendInfo name="Skye.AllowValueSetViaUnencryptedURL">
        <UUID>df997550-9dbf-46b4-96b0-7d345ceb2221</UUID>
        <Info>False</Info>
      </ProductBackendInfo>
      <ProductBackendInfo name="Skye.ControllerActionName">
        <UUID>1c5ffe07-be0e-4d35-90ec-326d17cd3564</UUID>
        <Info />
      </ProductBackendInfo>
      <ProductBackendInfo name="Skye.StyleClass">
        <UUID>cd910f1a-8738-426f-b7a8-3edc8ef1a50e</UUID>
        <Info>action</Info>
      </ProductBackendInfo>
      <ProductBackendInfo name="Skye.TransitionProcessStep">
        <UUID>6dd707a1-70a2-47b1-8cd3-02d79d760784</UUID>
        <Info>HomeCreatePolicy:Payment</Info>
      </ProductBackendInfo>
      <ProductBackendInfo name="Skye.sendEventWithValidationErrorsAnalytics">
        <UUID>702b457b-bd28-4cbf-bad3-e51705f4367e</UUID>
        <Info>False</Info>
      </ProductBackendInfo>
      <ProductBackendInfo name="Skye.ValidateOnAction">
        <UUID>c230b2ac-a91c-4dfa-8483-931c3e4b47b6</UUID>
        <Info>False</Info>
      </ProductBackendInfo>
      <ProductBackendInfo name="Skye.UpdateProcessOnAction">
        <UUID>e94259d5-ab14-4645-8be0-36162fd17362</UUID>
        <Info>True</Info>
      </ProductBackendInfo>
      <ProductBackendInfo name="Skye.ProcessExitPoint">
        <UUID>354083e4-8a81-400b-8bd9-f1478e451875</UUID>
        <Info>False</Info>
      </ProductBackendInfo>
      <ProductBackendInfo name="Skye.PersistOnAction">
        <UUID>ed888367-0793-48ec-9486-cbef974d778a</UUID>
        <Info>True</Info>
      </ProductBackendInfo>
      <ProductBackendInfo name="Skye.ActionAttribute.BindInvisibleCaptchaChallenge">
        <UUID>7943be57-0b34-4335-91b0-18199f8266f4</UUID>
        <Info>False</Info>
      </ProductBackendInfo>
      <DefinitionValueRelation>
        <DefinitionValueUUID>85f084d0-3bde-4b49-bf2d-5ad3ba9d034a</DefinitionValueUUID>
      </DefinitionValueRelation>
      <DefinitionBusinessObjectContextRelation>
        <ContextUUID>ab93e709-94ef-49ae-812e-376365973f05</ContextUUID>
        <DefinitionObjectUUID>70720d7a-b0f1-44ae-8098-b7ee0a1112cd</DefinitionObjectUUID>
      </DefinitionBusinessObjectContextRelation>
      <DefinitionBusinessObjectContextRelation>
        <ContextUUID>b7d318d2-450c-4aaa-9d92-1bcd0ba94392</ContextUUID>
        <DefinitionObjectUUID>70720d7a-b0f1-44ae-8098-b7ee0a1112cd</DefinitionObjectUUID>
      </DefinitionBusinessObjectContextRelation>
    </ProductPolicyAttribute>
    <ProductBackendInfo name="Skye.MultibrickType">
      <UUID>8e1b4d47-fb01-484e-8b71-0201f4b47708</UUID>
      <Info />
    </ProductBackendInfo>
    <DefinitionBusinessObjectContextRelation>
      <ContextUUID>63cb970c-74c3-4526-b5a4-da0d5c5a60f8</ContextUUID>
      <DefinitionObjectUUID>980996fd-3b68-4afd-9f8f-f9efe6be0040</DefinitionObjectUUID>
    </DefinitionBusinessObjectContextRelation>
    <DefinitionBusinessObjectContextRelation>
      <ContextUUID>9dff3de6-6d71-4807-a8af-cd9648fbb360</ContextUUID>
      <DefinitionObjectUUID>980996fd-3b68-4afd-9f8f-f9efe6be0040</DefinitionObjectUUID>
    </DefinitionBusinessObjectContextRelation>
  </ProductBrick>
  <DefinitionDependentLists>
    <DefinitionDependencyDefaultValueList />
    <DefinitionDependencyValueRangeList />
    <DefinitionDependencyVisibilityList />
    <DefinitionDependencyMandatoryList />
    <DefinitionDependencyToDependencyList />
    <DefinitionDependencyValueRangeFilterValuesList />
    <DefinitionDependencyDataSourceAttributeList />
  </DefinitionDependentLists>
</Product>