﻿<?xml version="1.0" encoding="utf-8"?>
<Product xmlns:xsd="http://www.w3.org/2001/XMLSchema" xmlns:xsi="http://www.w3.org/2001/XMLSchema-instance" name="CallcenterAutomaticSearch" lastChanged="2019-10-15T14:44:36Z" implementationClass=" " versionUuid=" " modelType="search" subModelType="automatic" skyeEditorVersion="7.15.0.16">
  <UUID>4b54a39d-409b-414e-9539-dc49b19acfe9</UUID>
  <SortOrder>0</SortOrder>
  <BusinessUnit> </BusinessUnit>
  <Section> </Section>
  <ProductTextList>
    <ProductText name="header" language="en" country="US">
      <UUID>17b77460-6810-45e5-a360-c6f183028eb2</UUID>
      <Text>Mine</Text>
    </ProductText>
    <ProductText name="short" language="en" country="US">
      <UUID>1d4d03ed-ee09-4043-ba32-39d649f7081d</UUID>
      <Text />
    </ProductText>
    <ProductText name="searchInfo" language="en" country="US">
      <UUID>3377e72f-1381-47d0-a024-3a117f96b507</UUID>
      <Text />
    </ProductText>
    <ProductText name="searchNoRecords" language="en" country="US">
      <UUID>3b8d6561-cfad-4917-b14b-ebe4d82d32fb</UUID>
      <Text />
    </ProductText>
    <ProductText name="short" language="en" country="US">
      <UUID>5ba3f08f-9da5-4189-91c6-5a06cd1301c5</UUID>
      <Text />
    </ProductText>
    <ProductText name="defaultSortingFieldLabel" language="en" country="US">
      <UUID>6149e7b9-469f-4216-841b-7c4ba4f3811c</UUID>
      <Text />
    </ProductText>
    <ProductText name="defaultSortingFieldLabel" language="en" country="US">
      <UUID>6ee7bab7-ed7e-43f0-bb9a-116c726f291b</UUID>
      <Text />
    </ProductText>
    <ProductText name="header" language="en" country="US">
      <UUID>7dea4b2e-6d60-4227-97cb-cdf318ead24a</UUID>
      <Text>All</Text>
    </ProductText>
    <ProductText name="defaultSortingFieldLabel" language="en" country="US">
      <UUID>86974095-0269-4b0f-85ac-5858034cbd0d</UUID>
      <Text />
    </ProductText>
    <ProductText name="header" language="en" country="US">
      <UUID>b922a3e5-fe03-4edf-881d-6c8c95810b13</UUID>
      <Text>Quotes</Text>
    </ProductText>
    <ProductText name="short" language="en" country="US">
      <UUID>e604620a-0190-43c7-8882-f58856bf8c59</UUID>
      <Text />
    </ProductText>
    <ProductText name="header" language="en" country="US">
      <UUID>f308f76c-08ad-4b61-8530-06d355e2076b</UUID>
      <Text />
    </ProductText>
  </ProductTextList>
  <ProductValueRangeList>
    <ProductValueRange name="Reference.referencedModelsVR" type="fix">
      <UUID>beb8dc4b-30d8-48b8-9749-805f42d6fea7</UUID>
    </ProductValueRange>
  </ProductValueRangeList>
  <DefinitionBusinessObjectContextList />
  <DefinitionResourceList />
  <AbstractProductBrickList />
  <ProductValueList>
    <ProductValue name="homeAutomaticSearchResult" type="value">
      <UUID>2f63303a-ab4b-47ce-97c0-ca9598f5a4e1</UUID>
      <SortOrder>0</SortOrder>
      <Value>homeAutomaticSearchResult</Value>
    </ProductValue>
    <ProductValue name="Home" type="value">
      <UUID>4509eb73-79e4-447b-b360-8e0c48e8e865</UUID>
      <SortOrder>0</SortOrder>
      <Value>Home</Value>
    </ProductValue>
    <ProductValue name="Home" type="value">
      <UUID>4966fd41-aba5-4970-805d-f35c910540ff</UUID>
      <SortOrder>0</SortOrder>
      <Value>Home</Value>
    </ProductValue>
    <ProductValue name=" " type="value">
      <UUID>4a5c8f5d-1941-49e0-8b3d-c648269bfe5c</UUID>
      <SortOrder>0</SortOrder>
      <Value />
    </ProductValue>
    <ProductValue name="LastModified" type="value">
      <UUID>4b1a8580-bfc9-4794-a2c1-94c7598cdb80</UUID>
      <SortOrder>0</SortOrder>
      <Value>LastModified</Value>
    </ProductValue>
    <ProductValue name=" " type="value">
      <UUID>503124d0-3915-46ae-84b2-2ef141900c13</UUID>
      <SortOrder>0</SortOrder>
      <Value />
    </ProductValue>
    <ProductValue name="5" type="value">
      <UUID>6f706c86-2644-4ff3-9541-31827c8b2e7e</UUID>
      <SortOrder>0</SortOrder>
      <Value>5</Value>
    </ProductValue>
    <ProductValue name="5" type="value">
      <UUID>707de96b-338f-462c-bd6d-9d70e8730b4a</UUID>
      <SortOrder>0</SortOrder>
      <Value>5</Value>
    </ProductValue>
    <ProductValue name="QUERY:(*)" type="value">
      <UUID>7352b5ed-7905-46ec-a9e8-afa0ff29e28d</UUID>
      <SortOrder>0</SortOrder>
      <Value>QUERY:(*)</Value>
    </ProductValue>
    <ProductValue name="Home" type="value">
      <UUID>8c7c90f5-8d2e-4f15-83e2-c21ae7ecee08</UUID>
      <SortOrder>0</SortOrder>
      <Value>Home</Value>
    </ProductValue>
    <ProductValue name="5" type="value">
      <UUID>952639ec-6aff-4d67-9001-a82b9cc5cf9a</UUID>
      <SortOrder>0</SortOrder>
      <Value>5</Value>
    </ProductValue>
    <ProductValue name="homeAutomaticSearchResult" type="value">
      <UUID>96716bfd-af8b-4fa8-a6be-52e2c836b8de</UUID>
      <SortOrder>0</SortOrder>
      <Value>homeAutomaticSearchResult</Value>
    </ProductValue>
    <ProductValue name="QUERY:(*)" type="value">
      <UUID>9fb5d208-9f25-4ea6-a0ec-6b00c27de3cb</UUID>
      <SortOrder>0</SortOrder>
      <Value>QUERY:(*)</Value>
    </ProductValue>
    <ProductValue name="LastModified" type="value">
      <UUID>a0f8fbc2-1db7-4667-afad-96c15412f5c8</UUID>
      <SortOrder>0</SortOrder>
      <Value>LastModified</Value>
    </ProductValue>
    <ProductValue name="homeAutomaticSearchResult" type="value">
      <UUID>a2ee4912-1b66-49f5-8b13-9e6008a3e294</UUID>
      <SortOrder>0</SortOrder>
      <Value>homeAutomaticSearchResult</Value>
    </ProductValue>
    <ProductValue name="QUERY:(*)" type="value">
      <UUID>b87743bf-5788-41c2-9556-2990745d2d84</UUID>
      <SortOrder>0</SortOrder>
      <Value>QUERY:(*)</Value>
    </ProductValue>
    <ProductValue name=" " type="value">
      <UUID>c593f9e8-2afe-4714-b6f0-937be665ccf1</UUID>
      <SortOrder>0</SortOrder>
      <Value />
    </ProductValue>
    <ProductValue name="LastModified" type="value">
      <UUID>e9314734-f53f-4dfc-a3af-f93e69683932</UUID>
      <SortOrder>0</SortOrder>
      <Value>LastModified</Value>
    </ProductValue>
    <ProductValue name=" " type="value">
      <UUID>f13d56cf-8b47-410a-a054-9f44c0bc5f1b</UUID>
      <SortOrder>0</SortOrder>
      <Value />
    </ProductValue>
  </ProductValueList>
  <ProductPolicyAttribute name="@ComponentOwner" visibilityLevel="0" mandatory="false" unit="" format="" numberOfDecimals="0" attributeClass=" " type="Reference">
    <UUID>983427b4-b0be-4ddf-8a29-0d17331da851</UUID>
    <SortOrder>99</SortOrder>
    <InputType>Textbox</InputType>
    <DataType>product</DataType>
    <MaxLength>4000</MaxLength>
    <MinLength>0</MinLength>
    <ProductValueRangeRelation>
      <UUID>69f77675-0b29-4300-b235-208496f5e9cc</UUID>
      <SortOrder>99</SortOrder>
      <ProductValueRangeUUID>beb8dc4b-30d8-48b8-9749-805f42d6fea7</ProductValueRangeUUID>
    </ProductValueRangeRelation>
    <ProductBackendInfo name="Skye.AttributeAlias">
      <UUID>40a6fe0b-3f21-41a8-9d74-a370a46c5df4</UUID>
      <Info />
    </ProductBackendInfo>
    <ProductBackendInfo name="Skye.Core.DataSecurity">
      <UUID>8615b301-e579-4d92-9b55-666ed617b87c</UUID>
      <Info>Standard</Info>
    </ProductBackendInfo>
    <ProductBackendInfo name="Skye.AllowValueSetViaUnencryptedURL">
      <UUID>c2a70229-1c70-44c6-bb9b-bd77f017b165</UUID>
      <Info>False</Info>
    </ProductBackendInfo>
    <DefinitionValueRelation>
      <UUID>11e9f0dd-84ce-ba2f-8a2d-1f914ab48f5c</UUID>
      <DefinitionValueUUID>4a5c8f5d-1941-49e0-8b3d-c648269bfe5c</DefinitionValueUUID>
    </DefinitionValueRelation>
  </ProductPolicyAttribute>
  <ProductTextRelation>
    <ProductTextUUID>f308f76c-08ad-4b61-8530-06d355e2076b</ProductTextUUID>
  </ProductTextRelation>
  <ProductTextRelation>
    <ProductTextUUID>3377e72f-1381-47d0-a024-3a117f96b507</ProductTextUUID>
  </ProductTextRelation>
  <ProductTextRelation>
    <ProductTextUUID>3b8d6561-cfad-4917-b14b-ebe4d82d32fb</ProductTextUUID>
  </ProductTextRelation>
  <ProductBrick name="All" visibilityLevel="3" brickClass=" " isAbstract="false" typeId="0">
    <UUID>dd1da1f0-f08f-424d-9ca2-b0bacc545783</UUID>
    <SortOrder>1</SortOrder>
    <MinimumUsage>1</MinimumUsage>
    <MaximumUsage>1</MaximumUsage>
    <InitialUsage>1</InitialUsage>
    <PredecessorBrickUUID />
    <PredecessorBrickName />
    <ProductTextRelation>
      <ProductTextUUID>7dea4b2e-6d60-4227-97cb-cdf318ead24a</ProductTextUUID>
    </ProductTextRelation>
    <ProductPolicyAttribute name="@SearchTextType" visibilityLevel="1" mandatory="false" unit="" format="" numberOfDecimals="0" attributeClass=" " type="Standard">
      <UUID>1b406918-4b6f-4016-88df-d9b5bf7eab75</UUID>
      <SortOrder>99</SortOrder>
      <InputType>Textbox</InputType>
      <DataType>String</DataType>
      <MaxLength>4000</MaxLength>
      <MinLength>0</MinLength>
      <ProductBackendInfo name="Skye.Core.DataSecurity">
        <UUID>308b788b-976c-467e-b1af-162939255ff7</UUID>
        <Info>Standard</Info>
      </ProductBackendInfo>
      <ProductBackendInfo name="Skye.AllowValueSetViaUnencryptedURL">
        <UUID>e55db983-e49a-4a76-8260-9cc30e361f9c</UUID>
        <Info>False</Info>
      </ProductBackendInfo>
      <ProductBackendInfo name="Skye.AttributeAlias">
        <UUID>fd6fddb2-d97d-4607-89c6-ce5ef43f380c</UUID>
        <Info />
      </ProductBackendInfo>
      <DefinitionValueRelation>
        <UUID>11e9f0dd-84ce-ba33-8a2d-1f914ab48f5c</UUID>
        <DefinitionValueUUID>2f63303a-ab4b-47ce-97c0-ca9598f5a4e1</DefinitionValueUUID>
      </DefinitionValueRelation>
    </ProductPolicyAttribute>
    <ProductPolicyAttribute name="@SearchSorting" visibilityLevel="0" mandatory="false" unit="" format="" numberOfDecimals="0" attributeClass=" " type="Standard">
      <UUID>4e73b7b7-060c-4864-88c2-6f4419d4a9af</UUID>
      <SortOrder>99</SortOrder>
      <InputType>Textbox</InputType>
      <DataType>String</DataType>
      <MaxLength>4000</MaxLength>
      <MinLength>0</MinLength>
      <ProductTextRelation>
        <ProductTextUUID>6149e7b9-469f-4216-841b-7c4ba4f3811c</ProductTextUUID>
      </ProductTextRelation>
      <ProductTextRelation>
        <ProductTextUUID>e604620a-0190-43c7-8882-f58856bf8c59</ProductTextUUID>
      </ProductTextRelation>
      <ProductBackendInfo name="Skye.AllowValueSetViaUnencryptedURL">
        <UUID>109dd768-8e20-422c-8076-d0ac192bd77e</UUID>
        <Info>False</Info>
      </ProductBackendInfo>
      <ProductBackendInfo name="Skye.search.sortingOrder">
        <UUID>3caee883-6044-4364-840f-cf00d50cdea2</UUID>
        <Info>Descending</Info>
      </ProductBackendInfo>
      <ProductBackendInfo name="Skye.AttributeAlias">
        <UUID>7f6f51a0-b58e-4928-a452-06020f362a5d</UUID>
        <Info />
      </ProductBackendInfo>
      <ProductBackendInfo name="Skye.Core.DataSecurity">
        <UUID>fe6ae226-12a5-4d6b-b8bf-d0d1a1956a73</UUID>
        <Info>Standard</Info>
      </ProductBackendInfo>
      <DefinitionValueRelation>
        <UUID>11e9f0dd-84ce-ba34-8a2d-1f914ab48f5c</UUID>
        <DefinitionValueUUID>e9314734-f53f-4dfc-a3af-f93e69683932</DefinitionValueUUID>
      </DefinitionValueRelation>
    </ProductPolicyAttribute>
    <ProductPolicyAttribute name="@NumberOfSearchResultsPerPage" visibilityLevel="1" mandatory="false" unit="" format="" numberOfDecimals="0" attributeClass=" " type="Standard">
      <UUID>5c085732-b922-49dd-99d7-92468af4c603</UUID>
      <SortOrder>99</SortOrder>
      <InputType>Textbox</InputType>
      <DataType>String</DataType>
      <MaxLength>4000</MaxLength>
      <MinLength>0</MinLength>
      <ProductBackendInfo name="Skye.AllowValueSetViaUnencryptedURL">
        <UUID>0610cba0-db01-446e-b020-08c4eef6cd5b</UUID>
        <Info>False</Info>
      </ProductBackendInfo>
      <ProductBackendInfo name="Skye.Core.DataSecurity">
        <UUID>143d003b-0180-4340-af93-f6219b42a63e</UUID>
        <Info>Standard</Info>
      </ProductBackendInfo>
      <ProductBackendInfo name="Skye.AttributeAlias">
        <UUID>6e18ae35-71fd-483c-8090-b85661ab1b4f</UUID>
        <Info />
      </ProductBackendInfo>
      <DefinitionValueRelation>
        <UUID>11e9f0dd-84ce-ba35-8a2d-1f914ab48f5c</UUID>
        <DefinitionValueUUID>952639ec-6aff-4d67-9001-a82b9cc5cf9a</DefinitionValueUUID>
      </DefinitionValueRelation>
    </ProductPolicyAttribute>
    <ProductPolicyAttribute name="@SearchQuery" visibilityLevel="1" mandatory="false" unit="" format="" numberOfDecimals="0" attributeClass=" " type="Standard">
      <UUID>b99949ad-3940-4451-849d-1ebc24c4ec1e</UUID>
      <SortOrder>99</SortOrder>
      <InputType>Textbox</InputType>
      <DataType>String</DataType>
      <MaxLength>4000</MaxLength>
      <MinLength>0</MinLength>
      <ProductBackendInfo name="Skye.Core.DataSecurity">
        <UUID>2470c6e5-764f-41ce-a65d-cc75fdc4f3cc</UUID>
        <Info>Standard</Info>
      </ProductBackendInfo>
      <ProductBackendInfo name="Skye.AllowValueSetViaUnencryptedURL">
        <UUID>2de80a14-4a3d-4eab-87e9-ef0620e6ffd9</UUID>
        <Info>False</Info>
      </ProductBackendInfo>
      <ProductBackendInfo name="Skye.AttributeAlias">
        <UUID>c56323ed-6c3f-42a4-ba43-473124c7c3eb</UUID>
        <Info />
      </ProductBackendInfo>
      <DefinitionValueRelation>
        <UUID>11e9f0dd-84ce-ba36-8a2d-1f914ab48f5c</UUID>
        <DefinitionValueUUID>b87743bf-5788-41c2-9556-2990745d2d84</DefinitionValueUUID>
      </DefinitionValueRelation>
    </ProductPolicyAttribute>
    <ProductPolicyAttribute name="@SearchForModelTypes" visibilityLevel="1" mandatory="false" unit="" format="" numberOfDecimals="0" attributeClass=" " type="Standard">
      <UUID>c332060a-8cf8-46d4-91df-fec6fc9f24c9</UUID>
      <SortOrder>99</SortOrder>
      <InputType>Textbox</InputType>
      <DataType>String</DataType>
      <MaxLength>4000</MaxLength>
      <MinLength>0</MinLength>
      <ProductBackendInfo name="Skye.AllowValueSetViaUnencryptedURL">
        <UUID>21d07076-12c5-4f00-b60c-3cc708e2baff</UUID>
        <Info>False</Info>
      </ProductBackendInfo>
      <ProductBackendInfo name="Skye.AttributeAlias">
        <UUID>83874a61-2cec-481f-a3a5-ab148e5820e0</UUID>
        <Info />
      </ProductBackendInfo>
      <ProductBackendInfo name="Skye.Core.DataSecurity">
        <UUID>ad2564ff-2664-4a09-9353-cd4b90604b4b</UUID>
        <Info>Standard</Info>
      </ProductBackendInfo>
      <DefinitionValueRelation>
        <UUID>11e9f0dd-84ce-ba26-8a2d-1f914ab48f5c</UUID>
        <DefinitionValueUUID>c593f9e8-2afe-4714-b6f0-937be665ccf1</DefinitionValueUUID>
      </DefinitionValueRelation>
    </ProductPolicyAttribute>
    <ProductPolicyAttribute name="@SearchForModelTextIds" visibilityLevel="1" mandatory="false" unit="" format="" numberOfDecimals="0" attributeClass=" " type="Standard">
      <UUID>ce4c2cf9-8bb1-4062-a123-2e0e48f7f4e3</UUID>
      <SortOrder>99</SortOrder>
      <InputType>Textbox</InputType>
      <DataType>String</DataType>
      <MaxLength>4000</MaxLength>
      <MinLength>0</MinLength>
      <ProductBackendInfo name="Skye.Core.DataSecurity">
        <UUID>01317802-0a47-4ff3-9bb8-be05405f9262</UUID>
        <Info>Standard</Info>
      </ProductBackendInfo>
      <ProductBackendInfo name="Skye.AttributeAlias">
        <UUID>34530171-0234-4476-a89f-accc139ef98e</UUID>
        <Info />
      </ProductBackendInfo>
      <ProductBackendInfo name="Skye.AllowValueSetViaUnencryptedURL">
        <UUID>f5178a44-f2e8-4052-8447-da1b708ef087</UUID>
        <Info>False</Info>
      </ProductBackendInfo>
      <DefinitionValueRelation>
        <UUID>11e9f0dd-84ce-ba37-8a2d-1f914ab48f5c</UUID>
        <DefinitionValueUUID>4966fd41-aba5-4970-805d-f35c910540ff</DefinitionValueUUID>
      </DefinitionValueRelation>
    </ProductPolicyAttribute>
    <ProductBackendInfo name="Skye.MultibrickType">
      <UUID>51060bf7-4d9d-41ff-9ab2-d761c14e6351</UUID>
      <Info />
    </ProductBackendInfo>
  </ProductBrick>
  <ProductBrick name="Quotes" visibilityLevel="3" brickClass=" " isAbstract="false" typeId="0">
    <UUID>ba36e2b5-5827-4007-b8ff-7e98002c75dd</UUID>
    <SortOrder>2</SortOrder>
    <MinimumUsage>1</MinimumUsage>
    <MaximumUsage>1</MaximumUsage>
    <InitialUsage>1</InitialUsage>
    <PredecessorBrickUUID />
    <PredecessorBrickName />
    <ProductTextRelation>
      <ProductTextUUID>b922a3e5-fe03-4edf-881d-6c8c95810b13</ProductTextUUID>
    </ProductTextRelation>
    <ProductPolicyAttribute name="@SearchTextType" visibilityLevel="1" mandatory="false" unit="" format="" numberOfDecimals="0" attributeClass=" " type="Standard">
      <UUID>32dccd3f-f140-405a-bc87-0c501d92776b</UUID>
      <SortOrder>99</SortOrder>
      <InputType>Textbox</InputType>
      <DataType>String</DataType>
      <MaxLength>4000</MaxLength>
      <MinLength>0</MinLength>
      <ProductBackendInfo name="Skye.AttributeAlias">
        <UUID>896d763d-7781-40c8-917a-6ecdf5213111</UUID>
        <Info />
      </ProductBackendInfo>
      <ProductBackendInfo name="Skye.AllowValueSetViaUnencryptedURL">
        <UUID>beee6877-3c7b-4345-ad26-6b78cae46d7b</UUID>
        <Info>False</Info>
      </ProductBackendInfo>
      <ProductBackendInfo name="Skye.Core.DataSecurity">
        <UUID>fcb7b7b3-9b59-4ff6-99dc-bef947e1dab1</UUID>
        <Info>Standard</Info>
      </ProductBackendInfo>
      <DefinitionValueRelation>
        <UUID>11e9f0dd-84ce-ba2d-8a2d-1f914ab48f5c</UUID>
        <DefinitionValueUUID>96716bfd-af8b-4fa8-a6be-52e2c836b8de</DefinitionValueUUID>
      </DefinitionValueRelation>
    </ProductPolicyAttribute>
    <ProductPolicyAttribute name="@SearchForModelTextIds" visibilityLevel="1" mandatory="false" unit="" format="" numberOfDecimals="0" attributeClass=" " type="Standard">
      <UUID>374a4b29-e519-4871-95b3-c96bcfd5b1a7</UUID>
      <SortOrder>99</SortOrder>
      <InputType>Textbox</InputType>
      <DataType>String</DataType>
      <MaxLength>4000</MaxLength>
      <MinLength>0</MinLength>
      <ProductBackendInfo name="Skye.AllowValueSetViaUnencryptedURL">
        <UUID>815642f4-ae90-43fe-9fc8-2a761988ba7a</UUID>
        <Info>False</Info>
      </ProductBackendInfo>
      <ProductBackendInfo name="Skye.Core.DataSecurity">
        <UUID>8dd0b4db-4e45-4e9f-abf6-968dab985dbc</UUID>
        <Info>Standard</Info>
      </ProductBackendInfo>
      <ProductBackendInfo name="Skye.AttributeAlias">
        <UUID>a01e7f7f-5ea5-4e63-9c07-81fa838f2a23</UUID>
        <Info />
      </ProductBackendInfo>
      <DefinitionValueRelation>
        <UUID>11e9f0dd-84ce-ba2b-8a2d-1f914ab48f5c</UUID>
        <DefinitionValueUUID>8c7c90f5-8d2e-4f15-83e2-c21ae7ecee08</DefinitionValueUUID>
      </DefinitionValueRelation>
    </ProductPolicyAttribute>
    <ProductPolicyAttribute name="@SearchForModelTypes" visibilityLevel="1" mandatory="false" unit="" format="" numberOfDecimals="0" attributeClass=" " type="Standard">
      <UUID>44ce03e0-3213-49c4-813a-086d553b5acd</UUID>
      <SortOrder>99</SortOrder>
      <InputType>Textbox</InputType>
      <DataType>String</DataType>
      <MaxLength>4000</MaxLength>
      <MinLength>0</MinLength>
      <ProductBackendInfo name="Skye.Core.DataSecurity">
        <UUID>2af5dea4-c936-45f5-a4ae-93d82bd03570</UUID>
        <Info>Standard</Info>
      </ProductBackendInfo>
      <ProductBackendInfo name="Skye.AllowValueSetViaUnencryptedURL">
        <UUID>a20412a7-f252-4acb-af1a-51983bae7633</UUID>
        <Info>False</Info>
      </ProductBackendInfo>
      <ProductBackendInfo name="Skye.AttributeAlias">
        <UUID>f7a8db6a-d4ab-4114-8492-6cc423cab75a</UUID>
        <Info />
      </ProductBackendInfo>
      <DefinitionValueRelation>
        <UUID>11e9f0dd-84ce-ba28-8a2d-1f914ab48f5c</UUID>
        <DefinitionValueUUID>503124d0-3915-46ae-84b2-2ef141900c13</DefinitionValueUUID>
      </DefinitionValueRelation>
    </ProductPolicyAttribute>
    <ProductPolicyAttribute name="@SearchSorting" visibilityLevel="0" mandatory="false" unit="" format="" numberOfDecimals="0" attributeClass=" " type="Standard">
      <UUID>671ab9c4-3c4e-4b66-a8f4-f3e6be241e43</UUID>
      <SortOrder>99</SortOrder>
      <InputType>Textbox</InputType>
      <DataType>String</DataType>
      <MaxLength>4000</MaxLength>
      <MinLength>0</MinLength>
      <ProductTextRelation>
        <ProductTextUUID>6ee7bab7-ed7e-43f0-bb9a-116c726f291b</ProductTextUUID>
      </ProductTextRelation>
      <ProductTextRelation>
        <ProductTextUUID>1d4d03ed-ee09-4043-ba32-39d649f7081d</ProductTextUUID>
      </ProductTextRelation>
      <ProductBackendInfo name="Skye.AllowValueSetViaUnencryptedURL">
        <UUID>2fc30479-afb7-4e32-a572-9bdae5414dfb</UUID>
        <Info>False</Info>
      </ProductBackendInfo>
      <ProductBackendInfo name="Skye.search.sortingOrder">
        <UUID>59e27f47-e095-4c73-b4a7-7a95c8a1d428</UUID>
        <Info>Descending</Info>
      </ProductBackendInfo>
      <ProductBackendInfo name="Skye.AttributeAlias">
        <UUID>82c473f6-32dc-4af8-96cf-7d1981d1a14f</UUID>
        <Info />
      </ProductBackendInfo>
      <ProductBackendInfo name="Skye.Core.DataSecurity">
        <UUID>c0b1aeb4-fa73-4220-ab61-44ecbac52b9a</UUID>
        <Info>Standard</Info>
      </ProductBackendInfo>
      <DefinitionValueRelation>
        <UUID>11e9f0dd-84ce-ba2c-8a2d-1f914ab48f5c</UUID>
        <DefinitionValueUUID>a0f8fbc2-1db7-4667-afad-96c15412f5c8</DefinitionValueUUID>
      </DefinitionValueRelation>
    </ProductPolicyAttribute>
    <ProductPolicyAttribute name="@NumberOfSearchResultsPerPage" visibilityLevel="1" mandatory="false" unit="" format="" numberOfDecimals="0" attributeClass=" " type="Standard">
      <UUID>758f2647-86b1-46a7-9ab9-164e8479036c</UUID>
      <SortOrder>99</SortOrder>
      <InputType>Textbox</InputType>
      <DataType>String</DataType>
      <MaxLength>4000</MaxLength>
      <MinLength>0</MinLength>
      <ProductBackendInfo name="Skye.AllowValueSetViaUnencryptedURL">
        <UUID>25e02585-e6f5-482e-82cc-bd0d9b4e8a8e</UUID>
        <Info>False</Info>
      </ProductBackendInfo>
      <ProductBackendInfo name="Skye.AttributeAlias">
        <UUID>a1fedb03-45ea-47f9-b2b9-a7317e8e9561</UUID>
        <Info />
      </ProductBackendInfo>
      <ProductBackendInfo name="Skye.Core.DataSecurity">
        <UUID>a2ed737d-71be-427c-8c7a-a2ccdcadbe5e</UUID>
        <Info>Standard</Info>
      </ProductBackendInfo>
      <DefinitionValueRelation>
        <UUID>11e9f0dd-84ce-ba32-8a2d-1f914ab48f5c</UUID>
        <DefinitionValueUUID>6f706c86-2644-4ff3-9541-31827c8b2e7e</DefinitionValueUUID>
      </DefinitionValueRelation>
    </ProductPolicyAttribute>
    <ProductPolicyAttribute name="@SearchQuery" visibilityLevel="1" mandatory="false" unit="" format="" numberOfDecimals="0" attributeClass=" " type="Standard">
      <UUID>e0fdf98d-fdfb-4f21-9163-1c952662ab15</UUID>
      <SortOrder>99</SortOrder>
      <InputType>Textbox</InputType>
      <DataType>String</DataType>
      <MaxLength>4000</MaxLength>
      <MinLength>0</MinLength>
      <ProductBackendInfo name="Skye.Core.DataSecurity">
        <UUID>3adaf301-65f6-4cce-82fa-ff6a27bccd94</UUID>
        <Info>Standard</Info>
      </ProductBackendInfo>
      <ProductBackendInfo name="Skye.AttributeAlias">
        <UUID>6539f7a4-f761-4cbf-9ce2-dc1a5eb29440</UUID>
        <Info />
      </ProductBackendInfo>
      <ProductBackendInfo name="Skye.AllowValueSetViaUnencryptedURL">
        <UUID>bce7fbca-e135-4472-856f-e0bcc7e00c83</UUID>
        <Info>False</Info>
      </ProductBackendInfo>
      <DefinitionValueRelation>
        <UUID>11e9f0dd-84ce-ba2a-8a2d-1f914ab48f5c</UUID>
        <DefinitionValueUUID>7352b5ed-7905-46ec-a9e8-afa0ff29e28d</DefinitionValueUUID>
      </DefinitionValueRelation>
    </ProductPolicyAttribute>
    <ProductBackendInfo name="Skye.MultibrickType">
      <UUID>f597ca21-b457-497f-b1ab-0f1671299895</UUID>
      <Info />
    </ProductBackendInfo>
  </ProductBrick>
  <ProductBrick name="Mine" visibilityLevel="3" brickClass=" " isAbstract="false" typeId="0">
    <UUID>900f93f8-41aa-4f13-a61f-5a5c8b95014a</UUID>
    <SortOrder>3</SortOrder>
    <MinimumUsage>1</MinimumUsage>
    <MaximumUsage>1</MaximumUsage>
    <InitialUsage>1</InitialUsage>
    <PredecessorBrickUUID />
    <PredecessorBrickName />
    <ProductTextRelation>
      <ProductTextUUID>17b77460-6810-45e5-a360-c6f183028eb2</ProductTextUUID>
    </ProductTextRelation>
    <ProductPolicyAttribute name="@SearchForModelTypes" visibilityLevel="1" mandatory="false" unit="" format="" numberOfDecimals="0" attributeClass=" " type="Standard">
      <UUID>07bce63f-88ff-425a-aab2-cf8554464410</UUID>
      <SortOrder>99</SortOrder>
      <InputType>Textbox</InputType>
      <DataType>String</DataType>
      <MaxLength>4000</MaxLength>
      <MinLength>0</MinLength>
      <ProductBackendInfo name="Skye.AttributeAlias">
        <UUID>1da0df8e-8ed0-40b8-9b67-418aa67a7cdb</UUID>
        <Info />
      </ProductBackendInfo>
      <ProductBackendInfo name="Skye.Core.DataSecurity">
        <UUID>74159828-2dd5-4d5b-a0f4-67891a62b9c6</UUID>
        <Info>Standard</Info>
      </ProductBackendInfo>
      <ProductBackendInfo name="Skye.AllowValueSetViaUnencryptedURL">
        <UUID>7e2d4a75-dd4f-4fea-8355-080663c49ef7</UUID>
        <Info>False</Info>
      </ProductBackendInfo>
      <DefinitionValueRelation>
        <UUID>11e9f0dd-84ce-ba38-8a2d-1f914ab48f5c</UUID>
        <DefinitionValueUUID>f13d56cf-8b47-410a-a054-9f44c0bc5f1b</DefinitionValueUUID>
      </DefinitionValueRelation>
    </ProductPolicyAttribute>
    <ProductPolicyAttribute name="@SearchSorting" visibilityLevel="0" mandatory="false" unit="" format="" numberOfDecimals="0" attributeClass=" " type="Standard">
      <UUID>2922e975-2971-4474-b349-e74c228a821f</UUID>
      <SortOrder>99</SortOrder>
      <InputType>Textbox</InputType>
      <DataType>String</DataType>
      <MaxLength>4000</MaxLength>
      <MinLength>0</MinLength>
      <ProductTextRelation>
        <ProductTextUUID>86974095-0269-4b0f-85ac-5858034cbd0d</ProductTextUUID>
      </ProductTextRelation>
      <ProductTextRelation>
        <ProductTextUUID>5ba3f08f-9da5-4189-91c6-5a06cd1301c5</ProductTextUUID>
      </ProductTextRelation>
      <ProductBackendInfo name="Skye.AllowValueSetViaUnencryptedURL">
        <UUID>021eb381-b598-4edb-b232-55128fe15316</UUID>
        <Info>False</Info>
      </ProductBackendInfo>
      <ProductBackendInfo name="Skye.Core.DataSecurity">
        <UUID>29135ce7-15e4-4b3b-9632-28a6007b4ded</UUID>
        <Info>Standard</Info>
      </ProductBackendInfo>
      <ProductBackendInfo name="Skye.AttributeAlias">
        <UUID>5ab88850-84af-4815-8d5d-028ec7e3d013</UUID>
        <Info />
      </ProductBackendInfo>
      <ProductBackendInfo name="Skye.search.sortingOrder">
        <UUID>5ec50efd-a984-4d0a-ba39-3566e45a4fe7</UUID>
        <Info>Descending</Info>
      </ProductBackendInfo>
      <DefinitionValueRelation>
        <UUID>11e9f0dd-84ce-ba2e-8a2d-1f914ab48f5c</UUID>
        <DefinitionValueUUID>4b1a8580-bfc9-4794-a2c1-94c7598cdb80</DefinitionValueUUID>
      </DefinitionValueRelation>
    </ProductPolicyAttribute>
    <ProductPolicyAttribute name="@SearchTextType" visibilityLevel="1" mandatory="false" unit="" format="" numberOfDecimals="0" attributeClass=" " type="Standard">
      <UUID>a2867ec3-cb36-4de7-a039-02f1ba640932</UUID>
      <SortOrder>99</SortOrder>
      <InputType>Textbox</InputType>
      <DataType>String</DataType>
      <MaxLength>4000</MaxLength>
      <MinLength>0</MinLength>
      <ProductBackendInfo name="Skye.AllowValueSetViaUnencryptedURL">
        <UUID>96a8746d-0116-4229-bfb2-0c2940e0fda7</UUID>
        <Info>False</Info>
      </ProductBackendInfo>
      <ProductBackendInfo name="Skye.Core.DataSecurity">
        <UUID>beabd56b-77c5-4269-a657-5d82ae100b45</UUID>
        <Info>Standard</Info>
      </ProductBackendInfo>
      <ProductBackendInfo name="Skye.AttributeAlias">
        <UUID>dbfabf30-b21d-44fa-9c9e-8cab53b33728</UUID>
        <Info />
      </ProductBackendInfo>
      <DefinitionValueRelation>
        <UUID>11e9f0dd-84ce-ba30-8a2d-1f914ab48f5c</UUID>
        <DefinitionValueUUID>a2ee4912-1b66-49f5-8b13-9e6008a3e294</DefinitionValueUUID>
      </DefinitionValueRelation>
    </ProductPolicyAttribute>
    <ProductPolicyAttribute name="@NumberOfSearchResultsPerPage" visibilityLevel="1" mandatory="false" unit="" format="" numberOfDecimals="0" attributeClass=" " type="Standard">
      <UUID>c5c4cbac-5e65-40cc-a593-03e125ae1bfd</UUID>
      <SortOrder>99</SortOrder>
      <InputType>Textbox</InputType>
      <DataType>String</DataType>
      <MaxLength>4000</MaxLength>
      <MinLength>0</MinLength>
      <ProductBackendInfo name="Skye.AllowValueSetViaUnencryptedURL">
        <UUID>7fe2f851-de03-4668-90d7-ce4378e6dfb8</UUID>
        <Info>False</Info>
      </ProductBackendInfo>
      <ProductBackendInfo name="Skye.AttributeAlias">
        <UUID>acf88dab-7b21-43f2-ba65-ef3769b02536</UUID>
        <Info />
      </ProductBackendInfo>
      <ProductBackendInfo name="Skye.Core.DataSecurity">
        <UUID>bb0123c6-646b-4312-ba32-4696f2b4fa13</UUID>
        <Info>Standard</Info>
      </ProductBackendInfo>
      <DefinitionValueRelation>
        <UUID>11e9f0dd-84ce-ba31-8a2d-1f914ab48f5c</UUID>
        <DefinitionValueUUID>707de96b-338f-462c-bd6d-9d70e8730b4a</DefinitionValueUUID>
      </DefinitionValueRelation>
    </ProductPolicyAttribute>
    <ProductPolicyAttribute name="@SearchQuery" visibilityLevel="1" mandatory="false" unit="" format="" numberOfDecimals="0" attributeClass=" " type="Standard">
      <UUID>f10d5952-ab06-49c9-affe-3b042122a077</UUID>
      <SortOrder>99</SortOrder>
      <InputType>Textbox</InputType>
      <DataType>String</DataType>
      <MaxLength>4000</MaxLength>
      <MinLength>0</MinLength>
      <ProductBackendInfo name="Skye.Core.DataSecurity">
        <UUID>166761d6-4903-4fd0-be9f-3e3548aa5256</UUID>
        <Info>Standard</Info>
      </ProductBackendInfo>
      <ProductBackendInfo name="Skye.AttributeAlias">
        <UUID>70dfa274-6583-4b45-889a-c8eb2c729fe4</UUID>
        <Info />
      </ProductBackendInfo>
      <ProductBackendInfo name="Skye.AllowValueSetViaUnencryptedURL">
        <UUID>77049bb5-711f-4bea-b2eb-691960cf5637</UUID>
        <Info>False</Info>
      </ProductBackendInfo>
      <DefinitionValueRelation>
        <UUID>11e9f0dd-84ce-ba29-8a2d-1f914ab48f5c</UUID>
        <DefinitionValueUUID>9fb5d208-9f25-4ea6-a0ec-6b00c27de3cb</DefinitionValueUUID>
      </DefinitionValueRelation>
    </ProductPolicyAttribute>
    <ProductPolicyAttribute name="@SearchForModelTextIds" visibilityLevel="1" mandatory="false" unit="" format="" numberOfDecimals="0" attributeClass=" " type="Standard">
      <UUID>fdfa6523-343d-40c9-b58e-5d187eac5516</UUID>
      <SortOrder>99</SortOrder>
      <InputType>Textbox</InputType>
      <DataType>String</DataType>
      <MaxLength>4000</MaxLength>
      <MinLength>0</MinLength>
      <ProductBackendInfo name="Skye.AllowValueSetViaUnencryptedURL">
        <UUID>038621a4-b579-4310-8a54-b498a79b43dd</UUID>
        <Info>False</Info>
      </ProductBackendInfo>
      <ProductBackendInfo name="Skye.Core.DataSecurity">
        <UUID>bc3a842e-9f0f-431a-9778-f29699204c35</UUID>
        <Info>Standard</Info>
      </ProductBackendInfo>
      <ProductBackendInfo name="Skye.AttributeAlias">
        <UUID>c0a7bb27-52cc-4f64-9c0f-59e41cee8711</UUID>
        <Info />
      </ProductBackendInfo>
      <DefinitionValueRelation>
        <UUID>11e9f0dd-84ce-ba27-8a2d-1f914ab48f5c</UUID>
        <DefinitionValueUUID>4509eb73-79e4-447b-b360-8e0c48e8e865</DefinitionValueUUID>
      </DefinitionValueRelation>
    </ProductPolicyAttribute>
    <ProductBackendInfo name="Skye.MultibrickType">
      <UUID>828950f0-6b45-4b3e-ae89-9dd8ead21f19</UUID>
      <Info />
    </ProductBackendInfo>
  </ProductBrick>
  <DefinitionDependentLists>
    <DefinitionDependencyDefaultValueList />
    <DefinitionDependencyValueRangeList />
    <DefinitionDependencyVisibilityList />
    <DefinitionDependencyMandatoryList />
    <DefinitionDependencyToDependencyList />
    <DefinitionDependencyValueRangeFilterValuesList />
    <DefinitionDependencyDataSourceAttributeList />
  </DefinitionDependentLists>
</Product>