﻿<?xml version="1.0" encoding="utf-8"?>
<Product xmlns:xsd="http://www.w3.org/2001/XMLSchema" xmlns:xsi="http://www.w3.org/2001/XMLSchema-instance" name="ContactUsFloatingButton" lastChanged="2019-10-22T10:59:09.1990901Z" implementationClass="" modelType="floatingbutton" subModelType="" skyeEditorVersion="7.15.0.16">
  <UUID>5709b466-9733-435c-b3bd-99cc4319cd2b</UUID>
  <BusinessUnit> </BusinessUnit>
  <Section> </Section>
  <ProductTextList>
    <ProductText name="header" language="en" country="US">
      <UUID>1db3bffc-d400-46f3-a84c-1612b4b9c98a</UUID>
      <Text>Contact us</Text>
    </ProductText>
    <ProductText name="icon" language="en" country="US">
      <UUID>e37ac0c6-be99-406e-b98d-5e61c5889b24</UUID>
      <Text>fal fa-envelope</Text>
    </ProductText>
    <ProductText name="short" language="en" country="US">
      <UUID>b42f6fb5-b3df-42d2-b193-06e4f1039ffa</UUID>
      <Text>&lt;h3&gt;&lt;u&gt;Please contact us&lt;/u&gt;&lt;/h3&gt; &lt;br/&gt;
&lt;ul&gt;
&lt;li&gt;Call us at 0800 123 456&lt;/li&gt;
&lt;li&gt;Send us an &lt;a href="mailto:insurance.com"&gt;e-mail&lt;/a&gt;&lt;/li&gt;
&lt;/ul&gt;</Text>
    </ProductText>
  </ProductTextList>
  <ProductValueRangeList>
    <ProductValueRange name="Reference.referencedModelsVR" type="fix">
      <UUID>4756eb3b-36f6-427a-9fd8-04f2d82e9cb4</UUID>
      <DefinitionValueRelation>
        <UUID>7cc9d9fc-5c24-469d-90ba-dccf0f95f5e6</UUID>
        <DefinitionValueUUID>7fd9bd60-d3aa-4527-aea1-b3bf3faf7855</DefinitionValueUUID>
      </DefinitionValueRelation>
    </ProductValueRange>
  </ProductValueRangeList>
  <DefinitionBusinessObjectContextList />
  <DefinitionResourceList />
  <ProductValueList>
    <ProductValue name="" type="value">
      <UUID>127e3a92-dbba-4c41-b950-778584e5dde1</UUID>
      <SortOrder>0</SortOrder>
      <Value />
    </ProductValue>
    <ProductValue name="tab" type="value">
      <UUID>7f6ebd2a-bc99-49e5-87a4-750c1d8764ee</UUID>
      <SortOrder>0</SortOrder>
      <Value>tab</Value>
    </ProductValue>
    <ProductValue name="right" type="value">
      <UUID>adb9ddb0-86ad-4c45-b9aa-05ac53ed2872</UUID>
      <SortOrder>0</SortOrder>
      <Value>right</Value>
    </ProductValue>
    <ProductValue name="closed" type="value">
      <UUID>7b2cacd1-04c4-47f0-84a7-4ab0167eebd3</UUID>
      <SortOrder>0</SortOrder>
      <Value>closed</Value>
    </ProductValue>
    <ProductValue name="Motor" type="value">
      <UUID>7fd9bd60-d3aa-4527-aea1-b3bf3faf7855</UUID>
      <SortOrder>0</SortOrder>
      <Value />
    </ProductValue>
  </ProductValueList>
  <ProductPolicyAttribute name="@ComponentOwner" visibilityLevel="0" mandatory="false" unit="" format="" numberOfDecimals="0" attributeClass="" type="Reference">
    <UUID>5bc24113-d137-4c9f-9e2a-de30b8750b12</UUID>
    <SortOrder>99</SortOrder>
    <InputType>Textbox</InputType>
    <DataType>product</DataType>
    <MaxLength>4000</MaxLength>
    <MinLength>0</MinLength>
    <ProductValueRangeRelation>
      <UUID>5893322f-19e8-4a9a-b9b5-0869c0e6fe70</UUID>
      <SortOrder>99</SortOrder>
      <ProductValueRangeUUID>4756eb3b-36f6-427a-9fd8-04f2d82e9cb4</ProductValueRangeUUID>
    </ProductValueRangeRelation>
    <ProductBackendInfo name="Skye.AttributeAlias">
      <UUID>35aaef30-0c62-4f51-8e53-57e559c447e5</UUID>
      <Info />
    </ProductBackendInfo>
    <ProductBackendInfo name="Skye.Core.DataSecurity">
      <UUID>f24d8b36-27d5-4e4b-9ab8-1caa9f557456</UUID>
      <Info>Standard</Info>
    </ProductBackendInfo>
    <ProductBackendInfo name="Skye.AllowValueSetViaUnencryptedURL">
      <UUID>2a6a670b-e7dc-42f3-9267-681c654ed1f3</UUID>
      <Info>False</Info>
    </ProductBackendInfo>
    <DefinitionValueRelation>
      <DefinitionValueUUID>127e3a92-dbba-4c41-b950-778584e5dde1</DefinitionValueUUID>
    </DefinitionValueRelation>
  </ProductPolicyAttribute>
  <ProductPolicyAttribute name="@Style" visibilityLevel="0" mandatory="false" unit="" format="" numberOfDecimals="0" attributeClass="" type="Standard">
    <UUID>3d457f3a-71f9-46fc-aba7-a8de6daac250</UUID>
    <SortOrder>99</SortOrder>
    <InputType>Textbox</InputType>
    <DataType>String</DataType>
    <MaxLength>4000</MaxLength>
    <MinLength>0</MinLength>
    <ProductBackendInfo name="Skye.AttributeAlias">
      <UUID>745fbff1-daa6-4296-bb20-869877c6be3b</UUID>
      <Info />
    </ProductBackendInfo>
    <ProductBackendInfo name="Skye.Core.DataSecurity">
      <UUID>4bae2aaf-2a20-4c0b-9fe8-c09535c1ee56</UUID>
      <Info>Standard</Info>
    </ProductBackendInfo>
    <ProductBackendInfo name="Skye.AllowValueSetViaUnencryptedURL">
      <UUID>c9f9a38d-ed45-46f3-9d18-e11a738bc21c</UUID>
      <Info>False</Info>
    </ProductBackendInfo>
    <DefinitionValueRelation>
      <DefinitionValueUUID>7f6ebd2a-bc99-49e5-87a4-750c1d8764ee</DefinitionValueUUID>
    </DefinitionValueRelation>
  </ProductPolicyAttribute>
  <ProductPolicyAttribute name="@Position" visibilityLevel="0" mandatory="false" unit="" format="" numberOfDecimals="0" attributeClass="" type="Standard">
    <UUID>5a9691eb-88f6-45d9-b860-56416b346e0f</UUID>
    <SortOrder>99</SortOrder>
    <InputType>Textbox</InputType>
    <DataType>String</DataType>
    <MaxLength>4000</MaxLength>
    <MinLength>0</MinLength>
    <ProductBackendInfo name="Skye.AttributeAlias">
      <UUID>f896acf4-6327-4503-8112-8ebc38feedeb</UUID>
      <Info />
    </ProductBackendInfo>
    <ProductBackendInfo name="Skye.Core.DataSecurity">
      <UUID>200fc647-bee7-4af4-9431-43c8b3d273fa</UUID>
      <Info>Standard</Info>
    </ProductBackendInfo>
    <ProductBackendInfo name="Skye.AllowValueSetViaUnencryptedURL">
      <UUID>7aac998b-b949-4f74-a8c1-4948edbdca4f</UUID>
      <Info>False</Info>
    </ProductBackendInfo>
    <DefinitionValueRelation>
      <DefinitionValueUUID>adb9ddb0-86ad-4c45-b9aa-05ac53ed2872</DefinitionValueUUID>
    </DefinitionValueRelation>
  </ProductPolicyAttribute>
  <ProductPolicyAttribute name="@ButtonExpandDefault" visibilityLevel="0" mandatory="false" unit="" format="" numberOfDecimals="0" attributeClass="" type="Standard">
    <UUID>b33235ca-29a1-4c71-b47c-c20b002d9a99</UUID>
    <SortOrder>99</SortOrder>
    <InputType>Textbox</InputType>
    <DataType>String</DataType>
    <MaxLength>4000</MaxLength>
    <MinLength>0</MinLength>
    <ProductBackendInfo name="Skye.AttributeAlias">
      <UUID>cbbf27b3-88f6-47da-a861-2c81d954f1b2</UUID>
      <Info />
    </ProductBackendInfo>
    <ProductBackendInfo name="Skye.Core.DataSecurity">
      <UUID>27f84a81-7af8-43f8-8801-bd1be96d810b</UUID>
      <Info>Standard</Info>
    </ProductBackendInfo>
    <ProductBackendInfo name="Skye.AllowValueSetViaUnencryptedURL">
      <UUID>eccab524-3b4d-4444-9b80-5b9f773926da</UUID>
      <Info>False</Info>
    </ProductBackendInfo>
    <DefinitionValueRelation>
      <DefinitionValueUUID>7b2cacd1-04c4-47f0-84a7-4ab0167eebd3</DefinitionValueUUID>
    </DefinitionValueRelation>
  </ProductPolicyAttribute>
  <ProductTextRelation>
    <UUID>36ba6fed-4fd2-4336-87a9-d75aa0c5925e</UUID>
    <ProductTextUUID>1db3bffc-d400-46f3-a84c-1612b4b9c98a</ProductTextUUID>
  </ProductTextRelation>
  <ProductTextRelation>
    <UUID>b4c21b34-4338-4043-8396-49d64645fab8</UUID>
    <ProductTextUUID>e37ac0c6-be99-406e-b98d-5e61c5889b24</ProductTextUUID>
  </ProductTextRelation>
  <ProductTextRelation>
    <UUID>3b6c9989-b7d6-42f1-b6a1-df496659b266</UUID>
    <ProductTextUUID>b42f6fb5-b3df-42d2-b193-06e4f1039ffa</ProductTextUUID>
  </ProductTextRelation>
  <DefinitionDependentLists>
    <DefinitionDependencyDefaultValueList />
    <DefinitionDependencyValueRangeList />
    <DefinitionDependencyVisibilityList />
    <DefinitionDependencyMandatoryList />
    <DefinitionDependencyToDependencyList />
    <DefinitionDependencyValueRangeFilterValuesList />
    <DefinitionDependencyDataSourceAttributeList />
  </DefinitionDependentLists>
</Product>