<?xml version="1.0" encoding="iso-8859-1"?>
<ProductSettings xmlns:xsd="http://www.w3.org/2001/XMLSchema" xmlns:xsi="http://www.w3.org/2001/XMLSchema-instance">
  <Languages>
    <string>en-US</string>
  </Languages>
  <ProductTextTypeFilters>
    <string>header</string>
    <string>infoPicture</string>
    <string>productHeader</string>
    <string>overview</string>
    <string>productInfoText</string>
    <string>fullTextIndexSearchResult</string>
    <string>purchaseActionText</string>
    <string>productMarketing</string>
    <string>backgroundPicture</string>
  </ProductTextTypeFilters>
  <BrickTextTypeFilters>
    <string>short</string>
    <string>long</string>
    <string>header</string>
    <string>overview</string>
    <string>printHeader</string>
  </BrickTextTypeFilters>
  <AttributeTextTypeFilters>
    <string>short</string>
    <string>long</string>
    <string>groupHeader</string>
    <string>emailContent</string>
    <string>emailSubject</string>
    <string>emailSendToAddress</string>
    <string>emailSendBccAddress</string>
    <string>attachmentFilePath</string>
    <string>attachmentFileName</string>
    <string>typeValidationError</string>
    <string>valueRangeValidationError</string>
    <string>infoText</string>
    <string>print</string>
    <string>placeholder</string>
    <string>picture</string>
    <string>exportHeader</string>
  </AttributeTextTypeFilters>
  <ValueTextTypeFilters>
    <string>short</string>
    <string>print</string>
    <string>displayProperty</string>
    <string>picture</string>
  </ValueTextTypeFilters>
  <DataTypes>
    <KeyValueOfStringString Key="String" Value="String" />
    <KeyValueOfStringString Key="StringArray" Value="StringArray" />
    <KeyValueOfStringString Key="Integer" Value="Integer" />
    <KeyValueOfStringString Key="Decimal" Value="Decimal" />
    <KeyValueOfStringString Key="Date" Value="Date" />
    <KeyValueOfStringString Key="Timestamp" Value="Timestamp" />
  </DataTypes>
  <InputTypes>
    <KeyValueOfStringString Key="Checkbox" Value="Checkbox" />
    <KeyValueOfStringString Key="Datepicker" Value="Datepicker" />
    <KeyValueOfStringString Key="Link" Value="Link" />
    <KeyValueOfStringString Key="SelectOneCheckbox" Value="SelectOneCheckbox" />
    <KeyValueOfStringString Key="SelectOneList" Value="SelectOneList" />
    <KeyValueOfStringString Key="SelectOneRadio" Value="SelectOneRadio" />
    <KeyValueOfStringString Key="SelectOneRadioVertical" Value="SelectOneRadioVertical" />
    <KeyValueOfStringString Key="Textbox" Value="Textbox" />
    <KeyValueOfStringString Key="AJAXDatepicker" Value="AJAXDatepicker" />
    <KeyValueOfStringString Key="AJAXSelectOneRadio" Value="AJAXSelectOneRadio" />
    <KeyValueOfStringString Key="AJAXSelectOneRadioVertical" Value="AJAXSelectOneRadioVertical" />
    <KeyValueOfStringString Key="AJAXTextbox" Value="AJAXTextbox" />
    <KeyValueOfStringString Key="AJAXCheckbox" Value="AJAXCheckbox" />
    <KeyValueOfStringString Key="AJAXResource" Value="AJAXResource" />
    <KeyValueOfStringString Key="AJAXSelectOneCheckbox" Value="AJAXSelectOneCheckbox" />
    <KeyValueOfStringString Key="HiddenField" Value="HiddenField" />
    <KeyValueOfStringString Key="SearchButton" Value="SearchButton" />
    <KeyValueOfStringString Key="AJAXSelectOneList" Value="AJAXSelectOneList" />
    <KeyValueOfStringString Key="TextArea" Value="TextArea" />
    <KeyValueOfStringString Key="ActionButton" Value="ActionButton" />
    <KeyValueOfStringString Key="SelectionTable" Value="SelectionTable" />
    <KeyValueOfStringString Key="Captcha" Value="Captcha" />
    <KeyValueOfStringString Key="Message" Value="Message" />
    <KeyValueOfStringString Key="GraphicalRadio" Value="skyeGraphicalRadio" />
  </InputTypes>
  <CopyBehaviours>
    <KeyValueOfStringString Key="cascade" Value="cascade" />
    <KeyValueOfStringString Key="reference" Value="reference" />
    <KeyValueOfStringString Key="setnull" Value="setnull" />
  </CopyBehaviours>
  <DeleteBehaviours>
    <KeyValueOfStringString Key="cascade" Value="cascade" />
    <KeyValueOfStringString Key="ignore" Value="ignore" />
  </DeleteBehaviours>
  <BrickTypes>
    <KeyValueOfInt32String Key="0" Value="Generic" />
    <KeyValueOfInt32String Key="2" Value="Product" />
    <KeyValueOfInt32String Key="3" Value="Insured Person" />
    <KeyValueOfInt32String Key="13" Value="Process Step" />
    <KeyValueOfInt32String Key="15" Value="Payer" />
    <KeyValueOfInt32String Key="19" Value="Insured Object" />
    <KeyValueOfInt32String Key="37" Value="UI Definition" />
  </BrickTypes>
  <AttributeExtensionClasses>
    <KeyValueOfStringString Key="EmailValidator" Value="com.innoveo.skye.business.model.extension.attribute.EmailValidator" />
    <KeyValueOfStringString Key="RegExpValidator" Value="com.innoveo.skye.services.core.api.implementation.RegExpValueValidator" />
    <KeyValueOfStringString Key="PartnerReference" Value="com.innoveo.skye.business.model.extension.attribute.PartnerReference" />
    <KeyValueOfStringString Key="Nationality" Value="com.innoveo.skye.business.model.extension.attribute.NationalitiesList" />
    <KeyValueOfStringString Key="AttributeAlias" Value="com.innoveo.skye.business.model.extension.attribute.AttributeAlias" />
  </AttributeExtensionClasses>
  <BrickExtensionClasses>
    <KeyValueOfStringString Key="PartnerReferenceBrick" Value="com.innoveo.skye.business.model.extension.brick.PartnerReferenceCopyBrickExtension" />
  </BrickExtensionClasses>
  <BackendInfos>
    <BackendInfo GroupName="Skye">
      <BackendInfoItems>
        <string>StateMachine</string>
        <string>LuceneIndexName</string>
        <string>ServiceDelegate</string>
        <string>StyleClass</string>
        <string>ProcessStepUIType</string>
        <string>TargetBrick</string>
        <string>ForceExcelCalculationForEmptyValue</string>
        <string>DisplayGroups</string>
        <string>DisplayControlWithEmptyContent</string>
        <string>attributes.textIds</string>
        <string>attributeSearch.textId</string>
        <string>SelectionUpdateAttributes</string>
        <string>SelectionDisplayAttributes</string>
        <string>Attribute.textIdPath</string>
        <string>PhoneNumberFormat</string>
        <string>CurrencySymbol</string>
        <string>CurrencyUseAbbreviationForZeros</string>
        <string>PrefixCurrencySymbol</string>
        <string>MaximumFractionDigits</string>
        <string>Client.CustomAttributeFormId</string>
        <string>RegExpValueValidator</string>
        <string>TriggerSetDefaultValueWhenStatus</string>
        <string>TriggerSetDefaultValueWhenCopy</string>
        <string>AttributeValueCheck.value</string>
        <string>ForceBasicValueInDependency</string>
        <string>TriggerSetReferralRequiredDefaultValueWhenInReferraltatus</string>
        <string>TriggerSetDefaultValueWhenCreateQuoteForEndorsementWithoutCommit</string>
        <string>TriggerSetDefaultValueWhenCreateQuoteForEndorsementWithCommit</string>
        <string>TriggerSetDefaultValueWhenPolicyEndorsed</string>
        <string>TriggerSetDefaultValueWhenPolicyIssuedCopy</string>
        <string>ExcelInputControlColumns</string>
        <string>ExcelTriggerWithModelChange</string>
        <string>AttributePostUpdateActive</string>
        <string>tabContentProcessName</string>
        <string>tabIndicator</string>
      </BackendInfoItems>
    </BackendInfo>
  </BackendInfos>
  <ProductNodeLabel>-Name-</ProductNodeLabel>
  <BrickNodeLabel>-Name-</BrickNodeLabel>
  <AttributeNodeLabel>-Name-</AttributeNodeLabel>
  <ValueNodeLabel>-Value-</ValueNodeLabel>
  <Contexts>
    <Channels />
  </Contexts>
</ProductSettings>