﻿<?xml version="1.0" encoding="utf-8"?>
<Product xmlns:xsd="http://www.w3.org/2001/XMLSchema" xmlns:xsi="http://www.w3.org/2001/XMLSchema-instance" name="HomeCreatePolicyDetailsUIDef" lastChanged="2019-11-19T09:46:09Z" implementationClass=" " versionUuid=" " modelType="uidefinition" subModelType="ProcessLayout" skyeEditorVersion="7.15.0.16">
  <UUID>e59fe7cb-f2e6-48fe-b03f-4bfc975732a6</UUID>
  <SortOrder>0</SortOrder>
  <BusinessUnit> </BusinessUnit>
  <Section> </Section>
  <ProductTextList>
    <ProductText name="header" language="en" country="US">
      <UUID>1b040ea7-1aa7-4086-bfd8-8890233c6f04</UUID>
      <Text />
    </ProductText>
    <ProductText name="deleteButtonLabel" language="en" country="US">
      <UUID>1c108709-62a6-4b8d-8bb1-2b692ec9ef63</UUID>
      <Text />
    </ProductText>
    <ProductText name="header" language="en" country="US">
      <UUID>1e0f178d-4047-4bfa-aba4-adfef7e2e890</UUID>
      <Text>Policy details</Text>
    </ProductText>
    <ProductText name="header" language="en" country="US">
      <UUID>21bfa1f3-f6c5-48ae-b597-5e9da65ad452</UUID>
      <Text>Premium</Text>
    </ProductText>
    <ProductText name="header" language="en" country="US">
      <UUID>394ccde2-13b4-4dc9-bd8f-b744c30fe8d8</UUID>
      <Text>Customer details</Text>
    </ProductText>
    <ProductText name="header" language="en" country="US">
      <UUID>422fda13-d72a-4398-9b29-1368b845eac6</UUID>
      <Text>Optional covers</Text>
    </ProductText>
    <ProductText name="header" language="en" country="US">
      <UUID>4f202eaa-8b72-4a41-a043-39c346424446</UUID>
      <Text>Customer address details</Text>
    </ProductText>
    <ProductText name="header" language="en" country="US">
      <UUID>522ff370-b620-48d8-8f24-2f156ef90943</UUID>
      <Text>Customer information</Text>
    </ProductText>
    <ProductText name="addButtonLabel" language="en" country="US">
      <UUID>6ff2c50d-d88b-426a-b4e7-a200bf40ec20</UUID>
      <Text />
    </ProductText>
    <ProductText name="header" language="en" country="US">
      <UUID>d0aea597-e3bd-48c6-98fe-fdd43fa91c5a</UUID>
      <Text>Valuable items</Text>
    </ProductText>
    <ProductText name="header" language="en" country="US">
      <UUID>d7205599-df06-414a-83e4-fea52c5f1b4b</UUID>
      <Text>Content sum insured &amp; Excess</Text>
    </ProductText>
    <ProductText name="header" language="en" country="US">
      <UUID>db55225f-e977-4f1e-9f31-35df42785936</UUID>
      <Text>Insurance details</Text>
    </ProductText>
  </ProductTextList>
  <ProductValueRangeList />
  <DefinitionBusinessObjectContextList />
  <DefinitionResourceList />
  <AbstractProductBrickList />
  <ProductValueList />
  <ProductBrick name="TabGroup" visibilityLevel="3" brickClass=" " isAbstract="false" typeId="0">
    <UUID>219ff611-0e47-4e49-b44d-d09767827f85</UUID>
    <SortOrder>10</SortOrder>
    <MinimumUsage>1</MinimumUsage>
    <MaximumUsage>1</MaximumUsage>
    <InitialUsage>1</InitialUsage>
    <PredecessorBrickUUID />
    <PredecessorBrickName />
    <ProductBrick name="CustomerInformation" visibilityLevel="3" brickClass=" " isAbstract="false" typeId="0">
      <UUID>43a02f01-8da6-4b75-8fc8-23c7db43bd10</UUID>
      <SortOrder>10</SortOrder>
      <MinimumUsage>1</MinimumUsage>
      <MaximumUsage>1</MaximumUsage>
      <InitialUsage>1</InitialUsage>
      <PredecessorBrickUUID>219ff611-0e47-4e49-b44d-d09767827f85</PredecessorBrickUUID>
      <PredecessorBrickName>TabGroup</PredecessorBrickName>
      <ProductTextRelation>
        <ProductTextUUID>522ff370-b620-48d8-8f24-2f156ef90943</ProductTextUUID>
      </ProductTextRelation>
      <ProductBrick name="CustomerInformationPanelGroup" visibilityLevel="3" brickClass=" " isAbstract="false" typeId="0">
        <UUID>4dc03a66-21f5-4587-9a01-12b6d6865299</UUID>
        <SortOrder>10</SortOrder>
        <MinimumUsage>1</MinimumUsage>
        <MaximumUsage>1</MaximumUsage>
        <InitialUsage>1</InitialUsage>
        <PredecessorBrickUUID>43a02f01-8da6-4b75-8fc8-23c7db43bd10</PredecessorBrickUUID>
        <PredecessorBrickName>CustomerInformation</PredecessorBrickName>
        <ProductBrick name="CustomerDetails" visibilityLevel="3" brickClass=" " isAbstract="false" typeId="0">
          <UUID>8daabd69-1498-4649-b6d6-f719ad154ce1</UUID>
          <SortOrder>10</SortOrder>
          <MinimumUsage>1</MinimumUsage>
          <MaximumUsage>1</MaximumUsage>
          <InitialUsage>1</InitialUsage>
          <PredecessorBrickUUID>4dc03a66-21f5-4587-9a01-12b6d6865299</PredecessorBrickUUID>
          <PredecessorBrickName>CustomerInformationPanelGroup</PredecessorBrickName>
          <ProductTextRelation>
            <ProductTextUUID>394ccde2-13b4-4dc9-bd8f-b744c30fe8d8</ProductTextUUID>
          </ProductTextRelation>
          <ProductBackendInfo name="Skye.DisplayControlWithEmptyContent">
            <UUID>1bd166c7-8fb2-41d9-8032-db941b7ef060</UUID>
            <Info>True</Info>
          </ProductBackendInfo>
          <ProductBackendInfo name="Skye.NumberOfColumns">
            <UUID>b90fd4ec-926a-4653-a0dd-c626ad1c5f91</UUID>
            <Info>2</Info>
          </ProductBackendInfo>
          <ProductBackendInfo name="Skye.MultibrickType">
            <UUID>c15a4ebe-0616-49a4-ae24-23348d0a50db</UUID>
            <Info />
          </ProductBackendInfo>
          <ProductBackendInfo name="Skye.StyleClass">
            <UUID>ea08ad10-a8cb-4289-829d-51de1c69e2c5</UUID>
            <Info />
          </ProductBackendInfo>
        </ProductBrick>
        <ProductBrick name="CustomerAddressDetails" visibilityLevel="3" brickClass=" " isAbstract="false" typeId="0">
          <UUID>c39bd64b-5b31-4b3a-99df-c759796058de</UUID>
          <SortOrder>20</SortOrder>
          <MinimumUsage>1</MinimumUsage>
          <MaximumUsage>1</MaximumUsage>
          <InitialUsage>1</InitialUsage>
          <PredecessorBrickUUID>4dc03a66-21f5-4587-9a01-12b6d6865299</PredecessorBrickUUID>
          <PredecessorBrickName>CustomerInformationPanelGroup</PredecessorBrickName>
          <ProductTextRelation>
            <ProductTextUUID>4f202eaa-8b72-4a41-a043-39c346424446</ProductTextUUID>
          </ProductTextRelation>
          <ProductBackendInfo name="Skye.DisplayControlWithEmptyContent">
            <UUID>3f544fa4-0c78-49a2-a586-22c297051835</UUID>
            <Info>False</Info>
          </ProductBackendInfo>
          <ProductBackendInfo name="Skye.StyleClass">
            <UUID>7bfc94d5-9a87-4d2b-8ead-a3f969270250</UUID>
            <Info />
          </ProductBackendInfo>
          <ProductBackendInfo name="Skye.NumberOfColumns">
            <UUID>90a04664-8e4c-4179-9626-8b91a2d22e41</UUID>
            <Info>2</Info>
          </ProductBackendInfo>
          <ProductBackendInfo name="Skye.MultibrickType">
            <UUID>ce5ca0f1-238e-4488-8abf-b1415012d154</UUID>
            <Info />
          </ProductBackendInfo>
        </ProductBrick>
        <ProductBackendInfo name="Skye.StyleClass">
          <UUID>65349e9e-4498-497a-a213-97d33b3fb5b4</UUID>
          <Info />
        </ProductBackendInfo>
        <ProductBackendInfo name="Skye.MultibrickType">
          <UUID>7480c83a-f369-4da1-bad0-1a1bd1456ad2</UUID>
          <Info />
        </ProductBackendInfo>
        <ProductBackendInfo name="Skye.ProcessStepUIType">
          <UUID>bd38a4d1-f056-49a4-93f9-e7301fc42191</UUID>
          <Info>PanelGroup</Info>
        </ProductBackendInfo>
      </ProductBrick>
      <ProductBackendInfo name="Skye.DisplayControlWithEmptyContent">
        <UUID>735c8bf0-f9c4-43b8-8d2a-f544bfff99ca</UUID>
        <Info>True</Info>
      </ProductBackendInfo>
      <ProductBackendInfo name="Skye.StyleClass">
        <UUID>a0ed0ff5-42bc-407d-b3e0-06ae48214bd7</UUID>
        <Info />
      </ProductBackendInfo>
      <ProductBackendInfo name="Skye.MultibrickType">
        <UUID>f5dea24a-5c12-4493-9f6c-e7ce139353d7</UUID>
        <Info />
      </ProductBackendInfo>
      <ProductBackendInfo name="Skye.NumberOfColumns">
        <UUID>ff566b82-7133-47d8-95d5-17cf0eb5ea0f</UUID>
        <Info>2</Info>
      </ProductBackendInfo>
    </ProductBrick>
    <ProductBrick name="InsuranceDetails" visibilityLevel="3" brickClass=" " isAbstract="false" typeId="0">
      <UUID>5235a17b-a418-4271-9bb9-ea4270f27ad0</UUID>
      <SortOrder>20</SortOrder>
      <MinimumUsage>1</MinimumUsage>
      <MaximumUsage>1</MaximumUsage>
      <InitialUsage>1</InitialUsage>
      <PredecessorBrickUUID>219ff611-0e47-4e49-b44d-d09767827f85</PredecessorBrickUUID>
      <PredecessorBrickName>TabGroup</PredecessorBrickName>
      <ProductTextRelation>
        <ProductTextUUID>db55225f-e977-4f1e-9f31-35df42785936</ProductTextUUID>
      </ProductTextRelation>
      <ProductBrick name="InsuranceDetailsFieldsetGroup" visibilityLevel="3" brickClass=" " isAbstract="false" typeId="0">
        <UUID>9c5bb469-5299-4d95-8cc4-8745e9e71d02</UUID>
        <SortOrder>10</SortOrder>
        <MinimumUsage>1</MinimumUsage>
        <MaximumUsage>1</MaximumUsage>
        <InitialUsage>1</InitialUsage>
        <PredecessorBrickUUID>5235a17b-a418-4271-9bb9-ea4270f27ad0</PredecessorBrickUUID>
        <PredecessorBrickName>InsuranceDetails</PredecessorBrickName>
        <ProductBrick name="CSIandExcess" visibilityLevel="3" brickClass=" " isAbstract="false" typeId="0">
          <UUID>78d3d97b-3bf1-4c34-b89f-adffa51eed83</UUID>
          <SortOrder>10</SortOrder>
          <MinimumUsage>1</MinimumUsage>
          <MaximumUsage>1</MaximumUsage>
          <InitialUsage>1</InitialUsage>
          <PredecessorBrickUUID>9c5bb469-5299-4d95-8cc4-8745e9e71d02</PredecessorBrickUUID>
          <PredecessorBrickName>InsuranceDetailsFieldsetGroup</PredecessorBrickName>
          <ProductTextRelation>
            <ProductTextUUID>d7205599-df06-414a-83e4-fea52c5f1b4b</ProductTextUUID>
          </ProductTextRelation>
          <ProductBackendInfo name="Skye.MultibrickType">
            <UUID>52aa6d1d-7ab6-40f8-9f79-b3e3f55f5766</UUID>
            <Info />
          </ProductBackendInfo>
          <ProductBackendInfo name="Skye.StyleClass">
            <UUID>af9478b0-9f10-476f-903b-041c2f081669</UUID>
            <Info />
          </ProductBackendInfo>
          <ProductBackendInfo name="Skye.NumberOfColumns">
            <UUID>b6851563-c8c1-47a6-842e-08640316a54f</UUID>
            <Info>2</Info>
          </ProductBackendInfo>
          <ProductBackendInfo name="Skye.DisplayControlWithEmptyContent">
            <UUID>c9b7b9c2-6be1-4799-89d7-70f5aac69fb5</UUID>
            <Info>False</Info>
          </ProductBackendInfo>
        </ProductBrick>
        <ProductBrick name="ValuableItems" visibilityLevel="3" brickClass=" " isAbstract="false" typeId="0">
          <UUID>ed1e405c-3d24-4aed-a4d8-0aaeea221291</UUID>
          <SortOrder>15</SortOrder>
          <MinimumUsage>1</MinimumUsage>
          <MaximumUsage>1</MaximumUsage>
          <InitialUsage>1</InitialUsage>
          <PredecessorBrickUUID>9c5bb469-5299-4d95-8cc4-8745e9e71d02</PredecessorBrickUUID>
          <PredecessorBrickName>InsuranceDetailsFieldsetGroup</PredecessorBrickName>
          <ProductTextRelation>
            <ProductTextUUID>d0aea597-e3bd-48c6-98fe-fdd43fa91c5a</ProductTextUUID>
          </ProductTextRelation>
          <ProductBrick name="ValuableMultibrick" visibilityLevel="3" brickClass=" " isAbstract="false" typeId="0">
            <UUID>26231b61-ce2d-481e-8e9b-ebbaa944f014</UUID>
            <SortOrder>10</SortOrder>
            <MinimumUsage>1</MinimumUsage>
            <MaximumUsage>1</MaximumUsage>
            <InitialUsage>1</InitialUsage>
            <PredecessorBrickUUID>ed1e405c-3d24-4aed-a4d8-0aaeea221291</PredecessorBrickUUID>
            <PredecessorBrickName>ValuableItems</PredecessorBrickName>
            <ProductTextRelation>
              <ProductTextUUID>6ff2c50d-d88b-426a-b4e7-a200bf40ec20</ProductTextUUID>
            </ProductTextRelation>
            <ProductTextRelation>
              <ProductTextUUID>1c108709-62a6-4b8d-8bb1-2b692ec9ef63</ProductTextUUID>
            </ProductTextRelation>
            <ProductTextRelation>
              <ProductTextUUID>1b040ea7-1aa7-4086-bfd8-8890233c6f04</ProductTextUUID>
            </ProductTextRelation>
            <ProductBackendInfo name="Skye.MultiBrickTextId">
              <UUID>10f2bff7-81e7-49ee-993c-b0231b79fef6</UUID>
              <Info />
            </ProductBackendInfo>
            <ProductBackendInfo name="Skye.StyleClass">
              <UUID>4a3e2ec5-9045-42f4-8d15-347e423bc633</UUID>
              <Info />
            </ProductBackendInfo>
            <ProductBackendInfo name="Skye.ProcessStepUIType">
              <UUID>505404a6-f901-4108-96bd-7607e01d5796</UUID>
              <Info>MultibrickGroupService</Info>
            </ProductBackendInfo>
            <ProductBackendInfo name="Skye.MultibrickType">
              <UUID>64852cc7-88a3-4f17-9ded-078a10032920</UUID>
              <Info />
            </ProductBackendInfo>
            <ProductBackendInfo name="Skye.DisplayControlWithEmptyContent">
              <UUID>f7ae9e4e-c2e7-476d-be90-88f3f2b61538</UUID>
              <Info>False</Info>
            </ProductBackendInfo>
          </ProductBrick>
          <ProductBackendInfo name="Skye.MultibrickType">
            <UUID>227ad856-f996-41ff-9014-d7c084276120</UUID>
            <Info />
          </ProductBackendInfo>
          <ProductBackendInfo name="Skye.NumberOfColumns">
            <UUID>884e2948-60c4-48e6-94a1-477a9b44286d</UUID>
            <Info>1</Info>
          </ProductBackendInfo>
          <ProductBackendInfo name="Skye.DisplayControlWithEmptyContent">
            <UUID>a34be1c5-f5e7-47b3-ace4-0c5ac267ec2c</UUID>
            <Info>False</Info>
          </ProductBackendInfo>
          <ProductBackendInfo name="Skye.StyleClass">
            <UUID>f2c551e3-8ecb-4f13-9e08-d8f425f469cf</UUID>
            <Info />
          </ProductBackendInfo>
        </ProductBrick>
        <ProductBrick name="OptionalCovers" visibilityLevel="3" brickClass=" " isAbstract="false" typeId="0">
          <UUID>3a55bf78-1004-4be9-a8cd-bf60ecf36f17</UUID>
          <SortOrder>20</SortOrder>
          <MinimumUsage>1</MinimumUsage>
          <MaximumUsage>1</MaximumUsage>
          <InitialUsage>1</InitialUsage>
          <PredecessorBrickUUID>9c5bb469-5299-4d95-8cc4-8745e9e71d02</PredecessorBrickUUID>
          <PredecessorBrickName>InsuranceDetailsFieldsetGroup</PredecessorBrickName>
          <ProductTextRelation>
            <ProductTextUUID>422fda13-d72a-4398-9b29-1368b845eac6</ProductTextUUID>
          </ProductTextRelation>
          <ProductBackendInfo name="Skye.StyleClass">
            <UUID>0801e3e6-5ad5-401e-b3e0-11fbd3e98db1</UUID>
            <Info />
          </ProductBackendInfo>
          <ProductBackendInfo name="Skye.NumberOfColumns">
            <UUID>63b8952d-dc16-41b2-97e4-892db01857a8</UUID>
            <Info>2</Info>
          </ProductBackendInfo>
          <ProductBackendInfo name="Skye.DisplayControlWithEmptyContent">
            <UUID>698cd5a3-98a4-40c5-b2fe-4f7d5f02182e</UUID>
            <Info>False</Info>
          </ProductBackendInfo>
          <ProductBackendInfo name="Skye.MultibrickType">
            <UUID>fbe95f8b-72f8-446b-bcd1-c9f88d8f94c1</UUID>
            <Info />
          </ProductBackendInfo>
        </ProductBrick>
        <ProductBrick name="Premium" visibilityLevel="3" brickClass=" " isAbstract="false" typeId="0">
          <UUID>d90d83d3-3923-459d-a389-ecea3017cbe4</UUID>
          <SortOrder>30</SortOrder>
          <MinimumUsage>1</MinimumUsage>
          <MaximumUsage>1</MaximumUsage>
          <InitialUsage>1</InitialUsage>
          <PredecessorBrickUUID>9c5bb469-5299-4d95-8cc4-8745e9e71d02</PredecessorBrickUUID>
          <PredecessorBrickName>InsuranceDetailsFieldsetGroup</PredecessorBrickName>
          <ProductTextRelation>
            <ProductTextUUID>21bfa1f3-f6c5-48ae-b597-5e9da65ad452</ProductTextUUID>
          </ProductTextRelation>
          <ProductBackendInfo name="Skye.MultibrickType">
            <UUID>323e9754-0c71-477f-9e68-7784ae9b8de4</UUID>
            <Info />
          </ProductBackendInfo>
          <ProductBackendInfo name="Skye.NumberOfColumns">
            <UUID>4832348f-e40b-4abd-89f4-216e5bfd2af8</UUID>
            <Info>2</Info>
          </ProductBackendInfo>
          <ProductBackendInfo name="Skye.StyleClass">
            <UUID>74b08262-dd10-4883-acd1-dcdd35306d57</UUID>
            <Info />
          </ProductBackendInfo>
          <ProductBackendInfo name="Skye.DisplayControlWithEmptyContent">
            <UUID>ce5f23e8-ad69-462b-bd79-5310cca3c18b</UUID>
            <Info>False</Info>
          </ProductBackendInfo>
        </ProductBrick>
        <ProductBackendInfo name="Skye.StyleClass">
          <UUID>1fec84c2-3dfd-49aa-b1c5-d516c6166ef2</UUID>
          <Info />
        </ProductBackendInfo>
        <ProductBackendInfo name="Skye.MultibrickType">
          <UUID>48930873-7c27-48ce-98e0-82a7623a6272</UUID>
          <Info />
        </ProductBackendInfo>
        <ProductBackendInfo name="Skye.ProcessStepUIType">
          <UUID>a78c5c8b-a048-48a1-b7e3-acdc8ff56fc6</UUID>
          <Info>FieldsetGroup</Info>
        </ProductBackendInfo>
      </ProductBrick>
      <ProductBackendInfo name="Skye.StyleClass">
        <UUID>072eb897-88cb-46ed-8bcb-e4b93e9b44f8</UUID>
        <Info />
      </ProductBackendInfo>
      <ProductBackendInfo name="Skye.DisplayControlWithEmptyContent">
        <UUID>692d63fa-5fa9-48dc-9f3d-9abaa3c708da</UUID>
        <Info>True</Info>
      </ProductBackendInfo>
      <ProductBackendInfo name="Skye.MultibrickType">
        <UUID>e127b010-d020-4225-afa6-9a79fe60e9fd</UUID>
        <Info />
      </ProductBackendInfo>
      <ProductBackendInfo name="Skye.NumberOfColumns">
        <UUID>f6ffe4c2-de36-4b2d-98ea-71b809375ba3</UUID>
        <Info>2</Info>
      </ProductBackendInfo>
    </ProductBrick>
    <ProductBrick name="PolicyDetails" visibilityLevel="3" brickClass=" " isAbstract="false" typeId="0">
      <UUID>86f082c8-38cf-42d5-85ca-3d488a06f869</UUID>
      <SortOrder>30</SortOrder>
      <MinimumUsage>1</MinimumUsage>
      <MaximumUsage>1</MaximumUsage>
      <InitialUsage>1</InitialUsage>
      <PredecessorBrickUUID>219ff611-0e47-4e49-b44d-d09767827f85</PredecessorBrickUUID>
      <PredecessorBrickName>TabGroup</PredecessorBrickName>
      <ProductTextRelation>
        <ProductTextUUID>1e0f178d-4047-4bfa-aba4-adfef7e2e890</ProductTextUUID>
      </ProductTextRelation>
      <ProductBackendInfo name="Skye.NumberOfColumns">
        <UUID>4c5acb83-4a43-4464-a4ba-67388827be04</UUID>
        <Info>2</Info>
      </ProductBackendInfo>
      <ProductBackendInfo name="Skye.MultibrickType">
        <UUID>61fa57d2-694d-481b-8855-5df94e4a784e</UUID>
        <Info />
      </ProductBackendInfo>
      <ProductBackendInfo name="Skye.StyleClass">
        <UUID>bf03a8bb-75c9-470a-b993-adfa8d39f83a</UUID>
        <Info />
      </ProductBackendInfo>
      <ProductBackendInfo name="Skye.DisplayControlWithEmptyContent">
        <UUID>e4650794-9085-4eeb-a5f6-469a308eae0a</UUID>
        <Info>True</Info>
      </ProductBackendInfo>
    </ProductBrick>
    <ProductBackendInfo name="Skye.StyleClass">
      <UUID>d16d755f-2e38-479f-a399-d52b428f829f</UUID>
      <Info />
    </ProductBackendInfo>
    <ProductBackendInfo name="Skye.MultibrickType">
      <UUID>d3d853ef-de7f-44b1-8227-5af0fe3c21db</UUID>
      <Info />
    </ProductBackendInfo>
    <ProductBackendInfo name="Skye.ProcessStepUIType">
      <UUID>f77e1cdf-1776-4fa9-86e0-3ed8bb4c9ab6</UUID>
      <Info>TabGroup</Info>
    </ProductBackendInfo>
  </ProductBrick>
  <DefinitionDependentLists>
    <DefinitionDependencyDefaultValueList />
    <DefinitionDependencyValueRangeList />
    <DefinitionDependencyVisibilityList />
    <DefinitionDependencyMandatoryList />
    <DefinitionDependencyToDependencyList />
    <DefinitionDependencyValueRangeFilterValuesList />
    <DefinitionDependencyDataSourceAttributeList />
  </DefinitionDependentLists>
</Product>