﻿<?xml version="1.0" encoding="utf-8"?>
<Product xmlns:xsd="http://www.w3.org/2001/XMLSchema" xmlns:xsi="http://www.w3.org/2001/XMLSchema-instance" name="ZonePublicDefinition" lastChanged="2019-11-21T07:22:21Z" implementationClass=" " versionUuid=" " modelType="zonedefinition" subModelType="ZonePublic" skyeEditorVersion="7.15.0.16">
  <UUID>1c8a9712-f943-47e8-8645-7f9bc9f7ced2</UUID>
  <SortOrder>0</SortOrder>
  <BusinessUnit> </BusinessUnit>
  <Section> </Section>
  <ProductTextList>
    <ProductText name="header" language="en" country="US">
      <UUID>2b287540-a321-47e4-90fe-364470ee4e78</UUID>
      <Text>My products</Text>
    </ProductText>
    <ProductText name="leftZoneMenuCollapsedImage" language="en" country="US">
      <UUID>a4440ec7-0da8-460f-8bc6-2038264a9f34</UUID>
      <Text />
    </ProductText>
    <ProductText name="leftZoneMenuExpandedImage" language="en" country="US">
      <UUID>a9b876e8-4c3f-4c7c-82a7-e76348fe44c5</UUID>
      <Text />
    </ProductText>
    <ProductText name="zoneMenuHeader" language="en" country="US">
      <UUID>c69b774a-315f-45ef-b335-ff272aa27d47</UUID>
      <Text />
    </ProductText>
    <ProductText name="header" language="en" country="US">
      <UUID>f6ab2f8f-74c9-4c9e-bc73-4dfe8c56d892</UUID>
      <Text>My zone</Text>
    </ProductText>
  </ProductTextList>
  <ProductValueRangeList />
  <DefinitionBusinessObjectContextList />
  <DefinitionResourceList />
  <AbstractProductBrickList />
  <ProductValueList>
    <ProductValue name="/componentZone" type="value">
      <UUID>176824dd-c9f6-492d-b048-4da6aea99fea</UUID>
      <SortOrder>0</SortOrder>
      <Value>/componentZone</Value>
    </ProductValue>
    <ProductValue name=" " type="value">
      <UUID>20f6dff3-324e-4b98-b1f2-33aa40b5ad8c</UUID>
      <SortOrder>0</SortOrder>
      <Value />
    </ProductValue>
    <ProductValue name="true" type="value">
      <UUID>49d65fc2-4862-4421-9a5e-cfe32f4a536d</UUID>
      <SortOrder>0</SortOrder>
      <Value>true</Value>
    </ProductValue>
    <ProductValue name=" " type="value">
      <UUID>88e68603-07f9-4f9a-a189-e26fa9f5e6f4</UUID>
      <SortOrder>0</SortOrder>
      <Value />
    </ProductValue>
    <ProductValue name="/componentZone" type="value">
      <UUID>994e372a-2b2e-4c09-956c-021caa88f169</UUID>
      <SortOrder>0</SortOrder>
      <Value>/componentZone</Value>
    </ProductValue>
    <ProductValue name="myproduct" type="value">
      <UUID>a5fee20b-66d9-44c1-b19a-0b5b739c066d</UUID>
      <SortOrder>0</SortOrder>
      <Value>myproduct</Value>
    </ProductValue>
    <ProductValue name="true" type="value">
      <UUID>bcde54b0-bfe1-4643-a646-54858812157a</UUID>
      <SortOrder>0</SortOrder>
      <Value>true</Value>
    </ProductValue>
  </ProductValueList>
  <ProductPolicyAttribute name="@Header" visibilityLevel="2" mandatory="false" unit="" format="" numberOfDecimals="0" attributeClass=" " type="UIComponent">
    <UUID>8891c737-f238-4b20-acdd-b8e6a0d1575a</UUID>
    <SortOrder>99</SortOrder>
    <InputType>Textbox</InputType>
    <DataType>String</DataType>
    <MaxLength>4000</MaxLength>
    <MinLength>0</MinLength>
    <ProductBackendInfo name="Skye.Component.ModelTextId">
      <UUID>010d5581-dfa3-4501-b28c-d0f745958f4a</UUID>
      <Info>HeaderHTMLComponent</Info>
    </ProductBackendInfo>
    <ProductBackendInfo name="Skye.AttributeAlias">
      <UUID>4c545db4-bfb6-42e4-bcee-b38ef3f12734</UUID>
      <Info />
    </ProductBackendInfo>
    <ProductBackendInfo name="Skye.Core.DataSecurity">
      <UUID>4f1c5066-3435-4c42-aa68-5873350057b7</UUID>
      <Info>Standard</Info>
    </ProductBackendInfo>
    <ProductBackendInfo name="Skye.Component.ModelType">
      <UUID>9cc01ee3-4604-43a7-89e9-df046c200044</UUID>
      <Info>htmlcomponent</Info>
    </ProductBackendInfo>
    <ProductBackendInfo name="Skye.AllowValueSetViaUnencryptedURL">
      <UUID>d5a0c44c-99f9-4733-9004-e70ec3858060</UUID>
      <Info>False</Info>
    </ProductBackendInfo>
    <DefinitionValueRelation>
      <UUID>11ea11e6-7585-6cd5-9bb3-63709490e9be</UUID>
      <DefinitionValueUUID>88e68603-07f9-4f9a-a189-e26fa9f5e6f4</DefinitionValueUUID>
    </DefinitionValueRelation>
  </ProductPolicyAttribute>
  <ProductPolicyAttribute name="@DefaultZone" visibilityLevel="0" mandatory="false" unit="" format="" numberOfDecimals="0" attributeClass=" " type="Standard">
    <UUID>8dc864c6-6b78-4cf3-9f99-7a48b08c328a</UUID>
    <SortOrder>99</SortOrder>
    <InputType>Textbox</InputType>
    <DataType>String</DataType>
    <MaxLength>4000</MaxLength>
    <MinLength>0</MinLength>
    <ProductBackendInfo name="Skye.Core.DataSecurity">
      <UUID>133f5429-aecc-4535-8693-a0c55e9f5ef0</UUID>
      <Info>Standard</Info>
    </ProductBackendInfo>
    <ProductBackendInfo name="Skye.AttributeAlias">
      <UUID>30857b5f-6358-48ad-be1f-90c27dde9ec2</UUID>
      <Info />
    </ProductBackendInfo>
    <ProductBackendInfo name="Skye.AllowValueSetViaUnencryptedURL">
      <UUID>95df8318-5f9c-435e-b196-7ae7f8fdd514</UUID>
      <Info>False</Info>
    </ProductBackendInfo>
    <DefinitionValueRelation>
      <UUID>11ea11e6-7585-6cd2-9bb3-63709490e9be</UUID>
      <DefinitionValueUUID>a5fee20b-66d9-44c1-b19a-0b5b739c066d</DefinitionValueUUID>
    </DefinitionValueRelation>
  </ProductPolicyAttribute>
  <ProductTextRelation>
    <ProductTextUUID>a4440ec7-0da8-460f-8bc6-2038264a9f34</ProductTextUUID>
  </ProductTextRelation>
  <ProductTextRelation>
    <ProductTextUUID>a9b876e8-4c3f-4c7c-82a7-e76348fe44c5</ProductTextUUID>
  </ProductTextRelation>
  <ProductBrick name="MyZone" visibilityLevel="0" brickClass=" " isAbstract="false" typeId="0">
    <UUID>672010e9-2267-40ca-9831-b5d1d491148e</UUID>
    <SortOrder>1</SortOrder>
    <MinimumUsage>1</MinimumUsage>
    <MaximumUsage>1</MaximumUsage>
    <InitialUsage>1</InitialUsage>
    <PredecessorBrickUUID />
    <PredecessorBrickName />
    <ProductTextRelation>
      <ProductTextUUID>f6ab2f8f-74c9-4c9e-bc73-4dfe8c56d892</ProductTextUUID>
    </ProductTextRelation>
    <ProductPolicyAttribute name="@ZoneContentUrl" visibilityLevel="0" mandatory="false" unit="" format="" numberOfDecimals="0" attributeClass=" " type="Standard">
      <UUID>0e7f3675-4c22-430d-b7bf-5c8b24bc59be</UUID>
      <SortOrder>99</SortOrder>
      <InputType>Textbox</InputType>
      <DataType>String</DataType>
      <MaxLength>4000</MaxLength>
      <MinLength>0</MinLength>
      <ProductBackendInfo name="Skye.AllowValueSetViaUnencryptedURL">
        <UUID>0a8db39e-f9db-4d63-b2b3-652ba11da54a</UUID>
        <Info>False</Info>
      </ProductBackendInfo>
      <ProductBackendInfo name="Skye.Core.DataSecurity">
        <UUID>4c2a012d-9a6e-40f2-bcd6-7ae2e2ccfdbe</UUID>
        <Info>Standard</Info>
      </ProductBackendInfo>
      <ProductBackendInfo name="Skye.AttributeAlias">
        <UUID>6ff363c5-67b9-4129-a72e-8208f68e4341</UUID>
        <Info />
      </ProductBackendInfo>
      <DefinitionValueRelation>
        <UUID>11ea11e6-7585-6cd6-9bb3-63709490e9be</UUID>
        <DefinitionValueUUID>176824dd-c9f6-492d-b048-4da6aea99fea</DefinitionValueUUID>
      </DefinitionValueRelation>
    </ProductPolicyAttribute>
    <ProductPolicyAttribute name="@RefreshZoneOnSwitch" visibilityLevel="0" mandatory="false" unit="" format="" numberOfDecimals="0" attributeClass=" " type="Standard">
      <UUID>313b2bde-48fb-4dc0-b684-8550639c9baf</UUID>
      <SortOrder>99</SortOrder>
      <InputType>Textbox</InputType>
      <DataType>String</DataType>
      <MaxLength>4000</MaxLength>
      <MinLength>0</MinLength>
      <ProductBackendInfo name="Skye.AttributeAlias">
        <UUID>04b4c733-66ae-4465-9031-680e23572667</UUID>
        <Info />
      </ProductBackendInfo>
      <ProductBackendInfo name="Skye.Core.DataSecurity">
        <UUID>06a93717-0c7d-4c15-94e0-c9432a27791a</UUID>
        <Info>Standard</Info>
      </ProductBackendInfo>
      <ProductBackendInfo name="Skye.AllowValueSetViaUnencryptedURL">
        <UUID>41616646-1006-4cd7-9705-b10d20b39d51</UUID>
        <Info>False</Info>
      </ProductBackendInfo>
      <DefinitionValueRelation>
        <UUID>11ea11e6-7585-6cd0-9bb3-63709490e9be</UUID>
        <DefinitionValueUUID>bcde54b0-bfe1-4643-a646-54858812157a</DefinitionValueUUID>
      </DefinitionValueRelation>
    </ProductPolicyAttribute>
    <ProductPolicyAttribute name="FloatingButtonComponent" visibilityLevel="4" mandatory="false" unit="" format="" numberOfDecimals="0" attributeClass=" " type="UIComponent">
      <UUID>d23e2254-a994-4758-a535-dda0f367036f</UUID>
      <SortOrder>99</SortOrder>
      <InputType>Textbox</InputType>
      <DataType>String</DataType>
      <MaxLength>4000</MaxLength>
      <MinLength>0</MinLength>
      <ProductTextRelation>
        <ProductTextUUID>c69b774a-315f-45ef-b335-ff272aa27d47</ProductTextUUID>
      </ProductTextRelation>
      <ProductBackendInfo name="Skye.Component.ModelTextId">
        <UUID>0abb3e28-197d-4de2-83ca-f19a6efbe4a4</UUID>
        <Info>HelpFloatingButton</Info>
      </ProductBackendInfo>
      <ProductBackendInfo name="Skye.Component.ModelType">
        <UUID>422fce87-412a-437c-9857-a5562667502d</UUID>
        <Info>floatingbutton</Info>
      </ProductBackendInfo>
      <ProductBackendInfo name="Skye.Core.DataSecurity">
        <UUID>5a9d9452-d45f-4981-8934-112bbaedc7b8</UUID>
        <Info>Standard</Info>
      </ProductBackendInfo>
      <ProductBackendInfo name="Skye.Component.ContextPage">
        <UUID>7052a697-2f10-4352-86e1-cdd4f89e1454</UUID>
        <Info />
      </ProductBackendInfo>
      <ProductBackendInfo name="Skye.AllowValueSetViaUnencryptedURL">
        <UUID>8ce84faa-4de5-444c-8e27-e4bf684adc92</UUID>
        <Info>False</Info>
      </ProductBackendInfo>
      <ProductBackendInfo name="Skye.AttributeAlias">
        <UUID>a597f9ca-99fb-47ee-b3a5-a535713fbc71</UUID>
        <Info />
      </ProductBackendInfo>
      <DefinitionValueRelation>
        <UUID>11ea11e6-7585-6cd1-9bb3-63709490e9be</UUID>
        <DefinitionValueUUID>20f6dff3-324e-4b98-b1f2-33aa40b5ad8c</DefinitionValueUUID>
      </DefinitionValueRelation>
    </ProductPolicyAttribute>
    <ProductBackendInfo name="Skye.MultibrickType">
      <UUID>453709c5-aa25-433f-92f1-84c6d7fd7553</UUID>
      <Info />
    </ProductBackendInfo>
  </ProductBrick>
  <ProductBrick name="myproduct" visibilityLevel="4" brickClass=" " isAbstract="false" typeId="0">
    <UUID>17165a73-78ac-4c2c-96a5-ab6bd3d2a7e3</UUID>
    <SortOrder>2</SortOrder>
    <MinimumUsage>1</MinimumUsage>
    <MaximumUsage>1</MaximumUsage>
    <InitialUsage>1</InitialUsage>
    <PredecessorBrickUUID />
    <PredecessorBrickName />
    <ProductTextRelation>
      <ProductTextUUID>2b287540-a321-47e4-90fe-364470ee4e78</ProductTextUUID>
    </ProductTextRelation>
    <ProductPolicyAttribute name="@ZoneContentUrl" visibilityLevel="0" mandatory="false" unit="" format="" numberOfDecimals="0" attributeClass=" " type="Standard">
      <UUID>280da983-b6e8-4a19-a9af-ea89215290ed</UUID>
      <SortOrder>99</SortOrder>
      <InputType>Textbox</InputType>
      <DataType>String</DataType>
      <MaxLength>4000</MaxLength>
      <MinLength>0</MinLength>
      <ProductBackendInfo name="Skye.Core.DataSecurity">
        <UUID>192e5492-299e-4174-8f10-3226eb99fd8a</UUID>
        <Info>Standard</Info>
      </ProductBackendInfo>
      <ProductBackendInfo name="Skye.AllowValueSetViaUnencryptedURL">
        <UUID>2eb46427-90d7-4ec9-8f9d-a4fc1b8c6c80</UUID>
        <Info>False</Info>
      </ProductBackendInfo>
      <ProductBackendInfo name="Skye.AttributeAlias">
        <UUID>99b4ab1f-16b3-46f3-837a-3d68283fafab</UUID>
        <Info />
      </ProductBackendInfo>
      <DefinitionValueRelation>
        <UUID>11ea11e6-7585-6cd3-9bb3-63709490e9be</UUID>
        <DefinitionValueUUID>994e372a-2b2e-4c09-956c-021caa88f169</DefinitionValueUUID>
      </DefinitionValueRelation>
    </ProductPolicyAttribute>
    <ProductPolicyAttribute name="@RefreshZoneOnSwitch" visibilityLevel="0" mandatory="false" unit="" format="" numberOfDecimals="0" attributeClass=" " type="Standard">
      <UUID>4b61038f-61ec-437c-a114-62d81cb0d29d</UUID>
      <SortOrder>99</SortOrder>
      <InputType>Textbox</InputType>
      <DataType>String</DataType>
      <MaxLength>4000</MaxLength>
      <MinLength>0</MinLength>
      <ProductBackendInfo name="Skye.AllowValueSetViaUnencryptedURL">
        <UUID>62335ff2-e029-42db-a7bb-6cca703fe1e5</UUID>
        <Info>False</Info>
      </ProductBackendInfo>
      <ProductBackendInfo name="Skye.Core.DataSecurity">
        <UUID>74616b16-9171-44ca-862f-c2a2ba623812</UUID>
        <Info>Standard</Info>
      </ProductBackendInfo>
      <ProductBackendInfo name="Skye.AttributeAlias">
        <UUID>79705824-64ef-437f-b9d8-e862d5febdf5</UUID>
        <Info />
      </ProductBackendInfo>
      <DefinitionValueRelation>
        <UUID>11ea11e6-7585-6cd4-9bb3-63709490e9be</UUID>
        <DefinitionValueUUID>49d65fc2-4862-4421-9a5e-cfe32f4a536d</DefinitionValueUUID>
      </DefinitionValueRelation>
    </ProductPolicyAttribute>
    <ProductBackendInfo name="Skye.MultibrickType">
      <UUID>192879ed-b102-4966-aa35-085bd367bf21</UUID>
      <Info />
    </ProductBackendInfo>
  </ProductBrick>
  <DefinitionDependentLists>
    <DefinitionDependencyDefaultValueList />
    <DefinitionDependencyValueRangeList />
    <DefinitionDependencyVisibilityList />
    <DefinitionDependencyMandatoryList />
    <DefinitionDependencyToDependencyList />
    <DefinitionDependencyValueRangeFilterValuesList />
    <DefinitionDependencyDataSourceAttributeList />
  </DefinitionDependentLists>
</Product>