﻿<?xml version="1.0" encoding="utf-8"?>
<Product xmlns:xsd="http://www.w3.org/2001/XMLSchema" xmlns:xsi="http://www.w3.org/2001/XMLSchema-instance" name="HomeCreatePolicyPublic" lastChanged="2020-05-15T14:06:40.3612513Z" implementationClass="" modelType="process" subModelType="" skyeEditorVersion="7.26.1.50">
  <UUID>7f8b92b3-1351-4708-8d11-2e894ec21948</UUID>
  <BusinessUnit> </BusinessUnit>
  <Section> </Section>
  <ProductTextList>
    <ProductText name="header" language="en" country="US">
      <UUID>ca31d7eb-3597-403f-94be-a4a9e0a7f53e</UUID>
      <Text />
    </ProductText>
    <ProductText name="header" language="en" country="US">
      <UUID>2bd6b082-643a-47e0-9689-0e98428ba3bb</UUID>
      <Text>Quick quote</Text>
    </ProductText>
    <ProductText name="header" language="en" country="US">
      <UUID>1cde7f56-30c2-4194-8c9a-9da794f4d50e</UUID>
      <Text>Confirmation</Text>
    </ProductText>
    <ProductText name="label" language="en" country="US">
      <UUID>99b3a5e2-c483-402d-a6c3-577a1117840b</UUID>
      <Text>Create quote</Text>
    </ProductText>
    <ProductText name="label" language="en" country="US">
      <UUID>e11c0e5a-0b52-4591-bd48-cb59d765ee1a</UUID>
      <Text />
    </ProductText>
  </ProductTextList>
  <ProductValueRangeList>
    <ProductValueRange name="Reference.referencedModelsVR" type="fix">
      <UUID>432e4c2d-0602-492e-80da-00e993fe57ce</UUID>
      <DefinitionValueRelation>
        <UUID>1fafacf1-23b3-4b8e-88de-b8d3cbcdd868</UUID>
        <DefinitionValueUUID>e041e738-f97c-46ba-978a-5d5e312ae14e</DefinitionValueUUID>
      </DefinitionValueRelation>
    </ProductValueRange>
    <ProductValueRange name="Action.targetUpdateMapVR" type="fix">
      <UUID>7bde492f-d280-4480-8ef5-ed57d46ffc6f</UUID>
    </ProductValueRange>
    <ProductValueRange name="Reference.referencedModelsVR" type="fix">
      <UUID>94a21933-5a0a-415b-90ec-0f29b4f0994f</UUID>
      <DefinitionValueRelation>
        <UUID>8a0fd39e-2bcc-4355-bb80-e0e96805a94d</UUID>
        <DefinitionValueUUID>3652905a-5d40-49a2-b3cf-2790bebc5c34</DefinitionValueUUID>
      </DefinitionValueRelation>
    </ProductValueRange>
    <ProductValueRange name="Reference.referencedModelsVR" type="fix">
      <UUID>62f036dc-805d-41cd-b45d-c81ea358e1aa</UUID>
      <DefinitionValueRelation>
        <UUID>a5c1767e-fde7-48f1-82e3-8f97e450d2fd</UUID>
        <DefinitionValueUUID>f9146e58-e71b-450d-a59b-0bce3fe0fc74</DefinitionValueUUID>
      </DefinitionValueRelation>
    </ProductValueRange>
    <ProductValueRange name="Action.targetUpdateMapVR" type="fix">
      <UUID>aca532cb-b766-424c-9ad7-6fd5efc77a8a</UUID>
    </ProductValueRange>
  </ProductValueRangeList>
  <DefinitionBusinessObjectContextList>
    <DefinitionBusinessObjectContext name="default-callcenter-callcenter">
      <UUID>7c58577b-4a75-4c70-aff3-af06967161d6</UUID>
      <SubclassId>visibilityLevelContext</SubclassId>
      <ValueField>2</ValueField>
    </DefinitionBusinessObjectContext>
    <DefinitionBusinessObjectContext name="default-callcenter-callcenter">
      <UUID>34331986-0308-4a0c-9778-7da51ec4d787</UUID>
      <SubclassId>visibilityLevelContext</SubclassId>
      <ValueField>4</ValueField>
    </DefinitionBusinessObjectContext>
    <DefinitionBusinessObjectContext name="default-public-anonymous">
      <UUID>6f2878a1-ba57-47f2-8bf8-241f12344bf7</UUID>
      <SubclassId>visibilityLevelContext</SubclassId>
      <ValueField>2</ValueField>
    </DefinitionBusinessObjectContext>
    <DefinitionBusinessObjectContext name="default-public-anonymous">
      <UUID>5283e11c-f352-4b32-b50e-34621fa3d79b</UUID>
      <SubclassId>visibilityLevelContext</SubclassId>
      <ValueField>4</ValueField>
    </DefinitionBusinessObjectContext>
  </DefinitionBusinessObjectContextList>
  <DefinitionResourceList />
  <AbstractProductBrickList />
  <ProductValueList>
    <ProductValue name="" type="value">
      <UUID>072a7f88-9e7f-486f-a35b-e2a23a0cd0dc</UUID>
      <SortOrder>0</SortOrder>
      <Value />
    </ProductValue>
    <ProductValue name="" type="value">
      <UUID>32ceff24-78ec-4aa2-af09-d5e6551e6c42</UUID>
      <SortOrder>0</SortOrder>
      <Value />
    </ProductValue>
    <ProductValue name="Home" type="value">
      <UUID>e041e738-f97c-46ba-978a-5d5e312ae14e</UUID>
      <SortOrder>0</SortOrder>
      <Value />
    </ProductValue>
    <ProductValue name="" type="value">
      <UUID>a040ddf9-15a4-4567-b05f-c3ed2e455952</UUID>
      <SortOrder>0</SortOrder>
      <Value />
    </ProductValue>
    <ProductValue name="" type="value">
      <UUID>918fc0ba-1b6d-482a-9aa0-ca5dba7f6664</UUID>
      <SortOrder>0</SortOrder>
      <Value />
    </ProductValue>
    <ProductValue name="HomeCreatePolicyQuickQuoteUIDef" type="value">
      <UUID>3652905a-5d40-49a2-b3cf-2790bebc5c34</UUID>
      <SortOrder>0</SortOrder>
      <Value />
    </ProductValue>
    <ProductValue name="" type="value">
      <UUID>f05f838d-f780-4be8-b09c-4dc3d8d3698b</UUID>
      <SortOrder>0</SortOrder>
      <Value />
    </ProductValue>
    <ProductValue name="HomeCreatePolicyConfirmationUI1" type="value">
      <UUID>f9146e58-e71b-450d-a59b-0bce3fe0fc74</UUID>
      <SortOrder>0</SortOrder>
      <Value />
    </ProductValue>
    <ProductValue name="" type="value">
      <UUID>49e475a0-25e0-4a20-9ca3-352b2fcc2290</UUID>
      <SortOrder>0</SortOrder>
      <Value />
    </ProductValue>
  </ProductValueList>
  <ProductPolicyAttribute name="@CurrentProcessObject" visibilityLevel="2" mandatory="false" unit="" format="" numberOfDecimals="0" attributeClass="" type="Reference">
    <UUID>ac27199c-e3b8-48c8-a44f-a81debe986d3</UUID>
    <SortOrder>99</SortOrder>
    <InputType>Textbox</InputType>
    <DataType>String</DataType>
    <MaxLength>4000</MaxLength>
    <MinLength>0</MinLength>
    <ProductValueRangeRelation>
      <UUID>1cd7ba30-a3ab-4180-8652-72bb309d43ae</UUID>
      <SortOrder>99</SortOrder>
      <ProductValueRangeUUID>432e4c2d-0602-492e-80da-00e993fe57ce</ProductValueRangeUUID>
    </ProductValueRangeRelation>
    <ProductBackendInfo name="Skye.AttributeAlias">
      <UUID>db61ce5b-f567-4245-8ddb-ee0b9b26753a</UUID>
      <Info />
    </ProductBackendInfo>
    <ProductBackendInfo name="Skye.Core.DataSecurity">
      <UUID>ddeb6e87-deef-4de4-af02-d63cfbd23c92</UUID>
      <Info>Standard</Info>
    </ProductBackendInfo>
    <ProductBackendInfo name="Skye.AllowValueSetViaUnencryptedURL">
      <UUID>758cbd44-0a02-4e6f-9dc9-50f14e19bb64</UUID>
      <Info>False</Info>
    </ProductBackendInfo>
    <ProductBackendInfo name="Skye.Reference.ModelType">
      <UUID>95acd61e-d0b4-4557-8225-1056974059e0</UUID>
      <Info>product</Info>
    </ProductBackendInfo>
    <DefinitionValueRelation>
      <DefinitionValueUUID>072a7f88-9e7f-486f-a35b-e2a23a0cd0dc</DefinitionValueUUID>
    </DefinitionValueRelation>
  </ProductPolicyAttribute>
  <ProductPolicyAttribute name="@CurrentProcessStep" visibilityLevel="2" mandatory="false" unit="" format="" numberOfDecimals="0" attributeClass="" type="Standard">
    <UUID>7156a386-e451-4884-82b5-0e532539f700</UUID>
    <SortOrder>99</SortOrder>
    <InputType>Textbox</InputType>
    <DataType>String</DataType>
    <MaxLength>4000</MaxLength>
    <MinLength>0</MinLength>
    <ProductBackendInfo name="Skye.AttributeAlias">
      <UUID>8440779d-5691-4f3e-9152-9895edca75ee</UUID>
      <Info />
    </ProductBackendInfo>
    <ProductBackendInfo name="Skye.Core.DataSecurity">
      <UUID>c6fcf5ca-f9cc-4271-ac7c-ae98062270ae</UUID>
      <Info>Standard</Info>
    </ProductBackendInfo>
    <ProductBackendInfo name="Skye.AllowValueSetViaUnencryptedURL">
      <UUID>a7cf9331-b705-4aab-916f-c9491f02103a</UUID>
      <Info>False</Info>
    </ProductBackendInfo>
    <DefinitionValueRelation>
      <DefinitionValueUUID>32ceff24-78ec-4aa2-af09-d5e6551e6c42</DefinitionValueUUID>
    </DefinitionValueRelation>
  </ProductPolicyAttribute>
  <ProductTextRelation>
    <UUID>c5178d8b-957f-42a9-ab1a-57f34d197d92</UUID>
    <ProductTextUUID>ca31d7eb-3597-403f-94be-a4a9e0a7f53e</ProductTextUUID>
  </ProductTextRelation>
  <ProductBrick name="HomeCreatePolicy:QuickQuote" visibilityLevel="2" brickClass="" isAbstract="false" typeId="0">
    <UUID>cb410b91-caa4-4234-b333-441725e11c9f</UUID>
    <SortOrder>10</SortOrder>
    <MinimumUsage>1</MinimumUsage>
    <MaximumUsage>1</MaximumUsage>
    <InitialUsage>1</InitialUsage>
    <ProductTextRelation>
      <UUID>06a3a8f4-855d-4e6e-8b38-c4bb1ce57c14</UUID>
      <ProductTextUUID>2bd6b082-643a-47e0-9689-0e98428ba3bb</ProductTextUUID>
    </ProductTextRelation>
    <ProductPolicyAttribute name="CreateQuote" visibilityLevel="0" mandatory="false" unit="" format="" numberOfDecimals="0" attributeClass="" type="Action">
      <UUID>44fb2a79-00c2-4b78-97fc-1cb15d762ecd</UUID>
      <SortOrder>99</SortOrder>
      <InputType>Textbox</InputType>
      <DataType>String</DataType>
      <MaxLength>4000</MaxLength>
      <MinLength>0</MinLength>
      <ProductTextRelation>
        <UUID>311b568b-6338-4069-98b7-614f2b9b6e5e</UUID>
        <ProductTextUUID>99b3a5e2-c483-402d-a6c3-577a1117840b</ProductTextUUID>
      </ProductTextRelation>
      <ProductValueRangeRelation>
        <UUID>1da93c30-5ee8-49d8-841f-f72847476a24</UUID>
        <SortOrder>99</SortOrder>
        <ProductValueRangeUUID>7bde492f-d280-4480-8ef5-ed57d46ffc6f</ProductValueRangeUUID>
      </ProductValueRangeRelation>
      <ProductBackendInfo name="Skye.AttributeAlias">
        <UUID>dc157117-6117-4247-b9fa-190554093902</UUID>
        <Info />
      </ProductBackendInfo>
      <ProductBackendInfo name="Skye.Core.DataSecurity">
        <UUID>ad6d3ea2-a48f-4452-b844-451b835893c8</UUID>
        <Info>Standard</Info>
      </ProductBackendInfo>
      <ProductBackendInfo name="Skye.AllowValueSetViaUnencryptedURL">
        <UUID>cd8a3f9b-43d5-4e4f-985d-5c22f6a22300</UUID>
        <Info>False</Info>
      </ProductBackendInfo>
      <ProductBackendInfo name="Skye.ControllerActionName">
        <UUID>79dc8a9e-e8f9-49c9-b63b-a85a4038d851</UUID>
        <Info>CreateQuote</Info>
      </ProductBackendInfo>
      <ProductBackendInfo name="Skye.StyleClass">
        <UUID>4abe6b55-9550-4f32-8f02-b923b7e0c803</UUID>
        <Info>next</Info>
      </ProductBackendInfo>
      <ProductBackendInfo name="Skye.TransitionProcessStep">
        <UUID>a6c74a21-97e5-4981-8182-97a49d0c8256</UUID>
        <Info>HomeCreatePolicy:Confirmation</Info>
      </ProductBackendInfo>
      <ProductBackendInfo name="Skye.sendEventWithValidationErrorsAnalytics">
        <UUID>608f6be3-bd13-45af-96f6-2e238f3d71e5</UUID>
        <Info>False</Info>
      </ProductBackendInfo>
      <ProductBackendInfo name="Skye.ValidateOnAction">
        <UUID>541928de-2e18-42cc-b70a-bd36ad7ed399</UUID>
        <Info>True</Info>
      </ProductBackendInfo>
      <ProductBackendInfo name="Skye.UpdateProcessOnAction">
        <UUID>5711e63d-4672-4bfc-a6c1-9d2151f88c62</UUID>
        <Info>True</Info>
      </ProductBackendInfo>
      <ProductBackendInfo name="Skye.ProcessExitPoint">
        <UUID>6c09d4dd-e85e-467b-a17f-169a4fe0374a</UUID>
        <Info>False</Info>
      </ProductBackendInfo>
      <ProductBackendInfo name="Skye.PersistOnAction">
        <UUID>3fc66a5c-196b-48d3-8370-76ee55b515ed</UUID>
        <Info>True</Info>
      </ProductBackendInfo>
      <ProductBackendInfo name="Skye.ActionAttribute.BindInvisibleCaptchaChallenge">
        <UUID>c3c3b576-e45c-4cd1-b339-739426430e8b</UUID>
        <Info>False</Info>
      </ProductBackendInfo>
      <DefinitionValueRelation>
        <DefinitionValueUUID>a040ddf9-15a4-4567-b05f-c3ed2e455952</DefinitionValueUUID>
      </DefinitionValueRelation>
      <DefinitionBusinessObjectContextRelation>
        <ContextUUID>34331986-0308-4a0c-9778-7da51ec4d787</ContextUUID>
        <DefinitionObjectUUID>44fb2a79-00c2-4b78-97fc-1cb15d762ecd</DefinitionObjectUUID>
      </DefinitionBusinessObjectContextRelation>
      <DefinitionBusinessObjectContextRelation>
        <ContextUUID>5283e11c-f352-4b32-b50e-34621fa3d79b</ContextUUID>
        <DefinitionObjectUUID>44fb2a79-00c2-4b78-97fc-1cb15d762ecd</DefinitionObjectUUID>
      </DefinitionBusinessObjectContextRelation>
    </ProductPolicyAttribute>
    <ProductPolicyAttribute name="HomeCreatePolicy:QuickQuoteUIDefRef1" visibilityLevel="0" mandatory="false" unit="" format="" numberOfDecimals="0" attributeClass="" type="DefinitionReference">
      <UUID>3179fbd7-43a9-47c1-bd44-42c367e49871</UUID>
      <SortOrder>99</SortOrder>
      <InputType>ReferenceAutoComplete</InputType>
      <DataType>String</DataType>
      <MaxLength>4000</MaxLength>
      <MinLength>0</MinLength>
      <ProductValueRangeRelation>
        <UUID>4c51b6a9-d3b4-4cb3-ae4d-f330a95ad16e</UUID>
        <SortOrder>99</SortOrder>
        <ProductValueRangeUUID>94a21933-5a0a-415b-90ec-0f29b4f0994f</ProductValueRangeUUID>
      </ProductValueRangeRelation>
      <ProductBackendInfo name="Skye.AttributeAlias">
        <UUID>f9bacd2c-27f8-4fff-8d32-f789cd3e8dcb</UUID>
        <Info />
      </ProductBackendInfo>
      <ProductBackendInfo name="Skye.Core.DataSecurity">
        <UUID>34c093c6-626e-4b9f-b4d1-e4b8deddecdb</UUID>
        <Info>Standard</Info>
      </ProductBackendInfo>
      <ProductBackendInfo name="Skye.AllowValueSetViaUnencryptedURL">
        <UUID>a166d78f-7f68-4436-acef-38488d4cbf67</UUID>
        <Info>False</Info>
      </ProductBackendInfo>
      <ProductBackendInfo name="Skye.Reference.ModelType">
        <UUID>4496bada-0962-4d2e-85ca-f39b168f3211</UUID>
        <Info>uidefinition</Info>
      </ProductBackendInfo>
      <DefinitionValueRelation>
        <DefinitionValueUUID>918fc0ba-1b6d-482a-9aa0-ca5dba7f6664</DefinitionValueUUID>
      </DefinitionValueRelation>
      <DefinitionBusinessObjectContextRelation>
        <ContextUUID>7c58577b-4a75-4c70-aff3-af06967161d6</ContextUUID>
        <DefinitionObjectUUID>3179fbd7-43a9-47c1-bd44-42c367e49871</DefinitionObjectUUID>
      </DefinitionBusinessObjectContextRelation>
      <DefinitionBusinessObjectContextRelation>
        <ContextUUID>6f2878a1-ba57-47f2-8bf8-241f12344bf7</ContextUUID>
        <DefinitionObjectUUID>3179fbd7-43a9-47c1-bd44-42c367e49871</DefinitionObjectUUID>
      </DefinitionBusinessObjectContextRelation>
    </ProductPolicyAttribute>
    <ProductBackendInfo name="Skye.MultibrickType">
      <UUID>a1bd623b-5ee3-4364-a5a1-30a723da0eac</UUID>
      <Info />
    </ProductBackendInfo>
    <DefinitionBusinessObjectContextRelation>
      <ContextUUID>7c58577b-4a75-4c70-aff3-af06967161d6</ContextUUID>
      <DefinitionObjectUUID>cb410b91-caa4-4234-b333-441725e11c9f</DefinitionObjectUUID>
    </DefinitionBusinessObjectContextRelation>
    <DefinitionBusinessObjectContextRelation>
      <ContextUUID>6f2878a1-ba57-47f2-8bf8-241f12344bf7</ContextUUID>
      <DefinitionObjectUUID>cb410b91-caa4-4234-b333-441725e11c9f</DefinitionObjectUUID>
    </DefinitionBusinessObjectContextRelation>
  </ProductBrick>
  <ProductBrick name="HomeCreatePolicy:Confirmation" visibilityLevel="2" brickClass="" isAbstract="false" typeId="0">
    <UUID>793c4c6d-0aa3-4661-b232-b663b9856a24</UUID>
    <SortOrder>40</SortOrder>
    <MinimumUsage>1</MinimumUsage>
    <MaximumUsage>1</MaximumUsage>
    <InitialUsage>1</InitialUsage>
    <ProductTextRelation>
      <UUID>62c53f76-fada-43cf-847d-c8d465f2e536</UUID>
      <ProductTextUUID>1cde7f56-30c2-4194-8c9a-9da794f4d50e</ProductTextUUID>
    </ProductTextRelation>
    <ProductPolicyAttribute name="HomeCreatePolicy:ConfirmationUIDefRef1" visibilityLevel="0" mandatory="false" unit="" format="" numberOfDecimals="0" attributeClass="" type="DefinitionReference">
      <UUID>714d13eb-5a77-4b1e-9cd9-c9c9bc7b922e</UUID>
      <SortOrder>99</SortOrder>
      <InputType>ReferenceAutoComplete</InputType>
      <DataType>String</DataType>
      <MaxLength>4000</MaxLength>
      <MinLength>0</MinLength>
      <ProductValueRangeRelation>
        <UUID>9925f80e-9bc4-424b-96e1-bf58c5d7ed49</UUID>
        <SortOrder>99</SortOrder>
        <ProductValueRangeUUID>62f036dc-805d-41cd-b45d-c81ea358e1aa</ProductValueRangeUUID>
      </ProductValueRangeRelation>
      <ProductBackendInfo name="Skye.AttributeAlias">
        <UUID>87226e88-f060-4be7-8d39-21bab95b9d3a</UUID>
        <Info />
      </ProductBackendInfo>
      <ProductBackendInfo name="Skye.Core.DataSecurity">
        <UUID>9c992241-3cde-4f25-80c9-7e6609049108</UUID>
        <Info>Standard</Info>
      </ProductBackendInfo>
      <ProductBackendInfo name="Skye.AllowValueSetViaUnencryptedURL">
        <UUID>706ec284-5806-4779-ae88-c1f4e336c628</UUID>
        <Info>False</Info>
      </ProductBackendInfo>
      <ProductBackendInfo name="Skye.Reference.ModelType">
        <UUID>9748e47e-5991-4c75-97f3-837b8bae9d89</UUID>
        <Info>uidefinition</Info>
      </ProductBackendInfo>
      <DefinitionValueRelation>
        <DefinitionValueUUID>f05f838d-f780-4be8-b09c-4dc3d8d3698b</DefinitionValueUUID>
      </DefinitionValueRelation>
      <DefinitionBusinessObjectContextRelation>
        <ContextUUID>34331986-0308-4a0c-9778-7da51ec4d787</ContextUUID>
        <DefinitionObjectUUID>714d13eb-5a77-4b1e-9cd9-c9c9bc7b922e</DefinitionObjectUUID>
      </DefinitionBusinessObjectContextRelation>
      <DefinitionBusinessObjectContextRelation>
        <ContextUUID>5283e11c-f352-4b32-b50e-34621fa3d79b</ContextUUID>
        <DefinitionObjectUUID>714d13eb-5a77-4b1e-9cd9-c9c9bc7b922e</DefinitionObjectUUID>
      </DefinitionBusinessObjectContextRelation>
    </ProductPolicyAttribute>
    <ProductPolicyAttribute name="Back" visibilityLevel="0" mandatory="false" unit="" format="" numberOfDecimals="0" attributeClass="" type="Action">
      <UUID>caae3ad4-0fba-4d41-8078-a6de0ccf697c</UUID>
      <SortOrder>99</SortOrder>
      <InputType>Textbox</InputType>
      <DataType>String</DataType>
      <MaxLength>4000</MaxLength>
      <MinLength>0</MinLength>
      <ProductTextRelation>
        <UUID>7923e0fb-b878-4948-a797-77f577a94a99</UUID>
        <ProductTextUUID>e11c0e5a-0b52-4591-bd48-cb59d765ee1a</ProductTextUUID>
      </ProductTextRelation>
      <ProductValueRangeRelation>
        <UUID>fb458c6e-acce-4fb8-872b-e79f45796a37</UUID>
        <SortOrder>99</SortOrder>
        <ProductValueRangeUUID>aca532cb-b766-424c-9ad7-6fd5efc77a8a</ProductValueRangeUUID>
      </ProductValueRangeRelation>
      <ProductBackendInfo name="Skye.AttributeAlias">
        <UUID>51ba6d8c-77e0-4dd3-866d-a972f40c1e52</UUID>
        <Info />
      </ProductBackendInfo>
      <ProductBackendInfo name="Skye.Core.DataSecurity">
        <UUID>47c1e5c9-5976-4518-962a-f70822539693</UUID>
        <Info>Standard</Info>
      </ProductBackendInfo>
      <ProductBackendInfo name="Skye.AllowValueSetViaUnencryptedURL">
        <UUID>9852463a-115f-46a2-b62f-1c9f171b9983</UUID>
        <Info>False</Info>
      </ProductBackendInfo>
      <ProductBackendInfo name="Skye.ControllerActionName">
        <UUID>590f669e-2657-4dd1-a57d-ebdaf46e6b46</UUID>
        <Info>Back</Info>
      </ProductBackendInfo>
      <ProductBackendInfo name="Skye.StyleClass">
        <UUID>867b1934-56d0-4322-8f1d-77659e576743</UUID>
        <Info>back</Info>
      </ProductBackendInfo>
      <ProductBackendInfo name="Skye.TransitionProcessStep">
        <UUID>9b07d054-24c3-494a-86e1-dccf80b8e164</UUID>
        <Info>HomeCreatePolicy:QuickQuote</Info>
      </ProductBackendInfo>
      <ProductBackendInfo name="Skye.sendEventWithValidationErrorsAnalytics">
        <UUID>7042047a-5c57-4de8-b505-c1da259f4d38</UUID>
        <Info>False</Info>
      </ProductBackendInfo>
      <ProductBackendInfo name="Skye.ValidateOnAction">
        <UUID>4474b839-050b-429b-91f7-cd259b869447</UUID>
        <Info>False</Info>
      </ProductBackendInfo>
      <ProductBackendInfo name="Skye.UpdateProcessOnAction">
        <UUID>f4df6701-2fe0-4d6b-9ee1-22471c465650</UUID>
        <Info>True</Info>
      </ProductBackendInfo>
      <ProductBackendInfo name="Skye.ProcessExitPoint">
        <UUID>46ff6b93-79f4-456e-9709-796509922cbb</UUID>
        <Info>False</Info>
      </ProductBackendInfo>
      <ProductBackendInfo name="Skye.PersistOnAction">
        <UUID>1929fef3-4f6c-4446-b6c6-a26b1ac969bb</UUID>
        <Info>False</Info>
      </ProductBackendInfo>
      <ProductBackendInfo name="Skye.ActionAttribute.BindInvisibleCaptchaChallenge">
        <UUID>0cc20fcf-db82-4ab7-875f-0c52ca868a6d</UUID>
        <Info>False</Info>
      </ProductBackendInfo>
      <DefinitionValueRelation>
        <DefinitionValueUUID>49e475a0-25e0-4a20-9ca3-352b2fcc2290</DefinitionValueUUID>
      </DefinitionValueRelation>
    </ProductPolicyAttribute>
    <ProductBackendInfo name="Skye.MultibrickType">
      <UUID>58ad3f40-48bb-474c-bdcc-39299e66a0a1</UUID>
      <Info />
    </ProductBackendInfo>
  </ProductBrick>
  <DefinitionDependentLists>
    <DefinitionDependencyDefaultValueList />
    <DefinitionDependencyValueRangeList />
    <DefinitionDependencyVisibilityList />
    <DefinitionDependencyMandatoryList />
    <DefinitionDependencyToDependencyList />
    <DefinitionDependencyValueRangeFilterValuesList />
    <DefinitionDependencyDataSourceAttributeList />
  </DefinitionDependentLists>
</Product>