﻿<?xml version="1.0" encoding="utf-8"?>
<Product xmlns:xsd="http://www.w3.org/2001/XMLSchema" xmlns:xsi="http://www.w3.org/2001/XMLSchema-instance" name="HomeCreatePolicyDetailsUIDefinition" lastChanged="2019-10-14T14:01:05.4694759Z" implementationClass=" " versionUuid=" " modelType="uidefinition" subModelType="ProcessLayout" skyeEditorVersion="7.15.0.16">
  <UUID>aac3c5db-989c-4481-ab3f-fd2a6bc84fea</UUID>
  <SortOrder>0</SortOrder>
  <BusinessUnit> </BusinessUnit>
  <Section> </Section>
  <ProductTextList>
    <ProductText name="header" language="en" country="US">
      <UUID>10adcbb7-7278-4faa-9b10-ac36e6ddf8d9</UUID>
      <Text>Customer details</Text>
    </ProductText>
    <ProductText name="header" language="en" country="US">
      <UUID>44d7ada2-3cff-4b2f-a81b-de2e9eff188f</UUID>
      <Text>Location Details</Text>
    </ProductText>
    <ProductText name="header" language="en" country="US">
      <UUID>4f79444e-c1af-4335-8539-c7af607b4def</UUID>
      <Text>Customer address details</Text>
    </ProductText>
    <ProductText name="header" language="en" country="US">
      <UUID>5e728a6b-932a-4d0c-abbf-20e6a68f7d29</UUID>
      <Text>Policy details</Text>
    </ProductText>
    <ProductText name="header" language="en" country="US">
      <UUID>620dc583-7f23-4b8d-9fd3-028c9baf74d0</UUID>
      <Text>Insurance details</Text>
    </ProductText>
    <ProductText name="header" language="en" country="US">
      <UUID>8945e714-459d-48f9-a0de-1ab918dd6c5d</UUID>
      <Text>Customer Information</Text>
    </ProductText>
    <ProductText name="header" language="en" country="US">
      <UUID>8adfae3e-c30a-46d1-854d-5a15b874c186</UUID>
      <Text>Sum insured / Excess</Text>
    </ProductText>
    <ProductText name="header" language="en" country="US">
      <UUID>93893cf2-8de6-4092-bc15-a4d8c112b9ee</UUID>
      <Text>Valuables</Text>
    </ProductText>
  </ProductTextList>
  <ProductValueRangeList />
  <DefinitionBusinessObjectContextList />
  <DefinitionResourceList />
  <AbstractProductBrickList />
  <ProductValueList />
  <ProductBrick name="TabGroup" visibilityLevel="3" brickClass=" " isAbstract="false" typeId="0">
    <UUID>65d12208-da7e-4c06-ab70-f8dccbc18ce4</UUID>
    <SortOrder>10</SortOrder>
    <MinimumUsage>1</MinimumUsage>
    <MaximumUsage>1</MaximumUsage>
    <InitialUsage>1</InitialUsage>
    <PredecessorBrickUUID />
    <PredecessorBrickName />
    <ProductBrick name="Tab1" visibilityLevel="3" brickClass=" " isAbstract="false" typeId="0">
      <UUID>89fa24d6-b741-452b-949c-7d17ccad034c</UUID>
      <SortOrder>10</SortOrder>
      <MinimumUsage>1</MinimumUsage>
      <MaximumUsage>1</MaximumUsage>
      <InitialUsage>1</InitialUsage>
      <PredecessorBrickUUID>65d12208-da7e-4c06-ab70-f8dccbc18ce4</PredecessorBrickUUID>
      <PredecessorBrickName>TabGroup</PredecessorBrickName>
      <ProductTextRelation>
        <ProductTextUUID>8945e714-459d-48f9-a0de-1ab918dd6c5d</ProductTextUUID>
      </ProductTextRelation>
      <ProductBrick name="PanelGroup1" visibilityLevel="3" brickClass=" " isAbstract="false" typeId="0">
        <UUID>077c48ca-c2a1-469a-84ff-62b289f8855f</UUID>
        <SortOrder>10</SortOrder>
        <MinimumUsage>1</MinimumUsage>
        <MaximumUsage>1</MaximumUsage>
        <InitialUsage>1</InitialUsage>
        <PredecessorBrickUUID>89fa24d6-b741-452b-949c-7d17ccad034c</PredecessorBrickUUID>
        <PredecessorBrickName>Tab1</PredecessorBrickName>
        <ProductBrick name="CustomerDetails" visibilityLevel="3" brickClass=" " isAbstract="false" typeId="0">
          <UUID>ae811932-ef25-44dd-97dd-58d6c90ea847</UUID>
          <SortOrder>10</SortOrder>
          <MinimumUsage>1</MinimumUsage>
          <MaximumUsage>1</MaximumUsage>
          <InitialUsage>1</InitialUsage>
          <PredecessorBrickUUID>077c48ca-c2a1-469a-84ff-62b289f8855f</PredecessorBrickUUID>
          <PredecessorBrickName>PanelGroup1</PredecessorBrickName>
          <ProductTextRelation>
            <ProductTextUUID>10adcbb7-7278-4faa-9b10-ac36e6ddf8d9</ProductTextUUID>
          </ProductTextRelation>
          <ProductBackendInfo name="Skye.NumberOfColumns">
            <UUID>0441c933-d6a8-493a-90c0-04f88702994a</UUID>
            <Info>2</Info>
          </ProductBackendInfo>
          <ProductBackendInfo name="Skye.MultibrickType">
            <UUID>b36d143c-abda-46b0-acf3-24108c426a2e</UUID>
            <Info />
          </ProductBackendInfo>
          <ProductBackendInfo name="Skye.DisplayControlWithEmptyContent">
            <UUID>dbcc5a12-f262-41b0-bb00-5d4bf1afe1ca</UUID>
            <Info>True</Info>
          </ProductBackendInfo>
          <ProductBackendInfo name="Skye.StyleClass">
            <UUID>ed14e4bd-03e1-4af7-b3f9-ea97de5da69a</UUID>
            <Info />
          </ProductBackendInfo>
        </ProductBrick>
        <ProductBrick name="CustomerAddressDetails" visibilityLevel="3" brickClass=" " isAbstract="false" typeId="0">
          <UUID>79ea314e-7f5b-45d5-96d5-b2c310a328d3</UUID>
          <SortOrder>20</SortOrder>
          <MinimumUsage>1</MinimumUsage>
          <MaximumUsage>1</MaximumUsage>
          <InitialUsage>1</InitialUsage>
          <PredecessorBrickUUID>077c48ca-c2a1-469a-84ff-62b289f8855f</PredecessorBrickUUID>
          <PredecessorBrickName>PanelGroup1</PredecessorBrickName>
          <ProductTextRelation>
            <ProductTextUUID>4f79444e-c1af-4335-8539-c7af607b4def</ProductTextUUID>
          </ProductTextRelation>
          <ProductBackendInfo name="Skye.DisplayControlWithEmptyContent">
            <UUID>53f862e0-3cf7-4ece-bbbe-a652a6d2424d</UUID>
            <Info>False</Info>
          </ProductBackendInfo>
          <ProductBackendInfo name="Skye.MultibrickType">
            <UUID>702cef64-2a23-413b-8a1a-1625a753179d</UUID>
            <Info />
          </ProductBackendInfo>
          <ProductBackendInfo name="Skye.NumberOfColumns">
            <UUID>946b94e9-31e9-4929-954a-e2a064bd995e</UUID>
            <Info>2</Info>
          </ProductBackendInfo>
          <ProductBackendInfo name="Skye.StyleClass">
            <UUID>fcbebe45-500b-46e2-941c-03f96b7690c3</UUID>
            <Info />
          </ProductBackendInfo>
        </ProductBrick>
        <ProductBackendInfo name="Skye.MultibrickType">
          <UUID>4579d50a-d3fe-4e45-8cdc-ff7f64edf809</UUID>
          <Info />
        </ProductBackendInfo>
        <ProductBackendInfo name="Skye.StyleClass">
          <UUID>49b8a1df-ee89-4eb1-bc25-54b0b9cdd625</UUID>
          <Info />
        </ProductBackendInfo>
        <ProductBackendInfo name="Skye.ProcessStepUIType">
          <UUID>8ccb371a-c53e-4145-ae00-76bccaed4c44</UUID>
          <Info>PanelGroup</Info>
        </ProductBackendInfo>
      </ProductBrick>
      <ProductBackendInfo name="Skye.StyleClass">
        <UUID>23f5c60d-080e-4236-8f13-7860af6ba55a</UUID>
        <Info />
      </ProductBackendInfo>
      <ProductBackendInfo name="Skye.MultibrickType">
        <UUID>313f6e4e-9aba-4b3c-83e5-f0f3403895d5</UUID>
        <Info />
      </ProductBackendInfo>
      <ProductBackendInfo name="Skye.NumberOfColumns">
        <UUID>476647ce-244e-40a3-a619-99eacf3a3f3e</UUID>
        <Info>2</Info>
      </ProductBackendInfo>
      <ProductBackendInfo name="Skye.DisplayControlWithEmptyContent">
        <UUID>60e2d636-1275-4423-929e-a24635bcf0cf</UUID>
        <Info>True</Info>
      </ProductBackendInfo>
    </ProductBrick>
    <ProductBrick name="Tab2" visibilityLevel="3" brickClass=" " isAbstract="false" typeId="0">
      <UUID>ab7e93b9-eb7f-4ca8-a61c-df421758343c</UUID>
      <SortOrder>20</SortOrder>
      <MinimumUsage>1</MinimumUsage>
      <MaximumUsage>1</MaximumUsage>
      <InitialUsage>1</InitialUsage>
      <PredecessorBrickUUID>65d12208-da7e-4c06-ab70-f8dccbc18ce4</PredecessorBrickUUID>
      <PredecessorBrickName>TabGroup</PredecessorBrickName>
      <ProductTextRelation>
        <ProductTextUUID>620dc583-7f23-4b8d-9fd3-028c9baf74d0</ProductTextUUID>
      </ProductTextRelation>
      <ProductBrick name="PanelGroup2" visibilityLevel="3" brickClass=" " isAbstract="false" typeId="0">
        <UUID>ab7d14c7-7931-4e0c-80e4-9fd5587da60e</UUID>
        <SortOrder>10</SortOrder>
        <MinimumUsage>1</MinimumUsage>
        <MaximumUsage>1</MaximumUsage>
        <InitialUsage>1</InitialUsage>
        <PredecessorBrickUUID>ab7e93b9-eb7f-4ca8-a61c-df421758343c</PredecessorBrickUUID>
        <PredecessorBrickName>Tab2</PredecessorBrickName>
        <ProductBrick name="SumInsuredExcess" visibilityLevel="3" brickClass=" " isAbstract="false" typeId="0">
          <UUID>5b38a1ac-b5f1-4003-83d7-a60ffe450f40</UUID>
          <SortOrder>10</SortOrder>
          <MinimumUsage>1</MinimumUsage>
          <MaximumUsage>1</MaximumUsage>
          <InitialUsage>1</InitialUsage>
          <PredecessorBrickUUID>ab7d14c7-7931-4e0c-80e4-9fd5587da60e</PredecessorBrickUUID>
          <PredecessorBrickName>PanelGroup2</PredecessorBrickName>
          <ProductTextRelation>
            <ProductTextUUID>8adfae3e-c30a-46d1-854d-5a15b874c186</ProductTextUUID>
          </ProductTextRelation>
          <ProductBackendInfo name="Skye.DisplayControlWithEmptyContent">
            <UUID>03fc069f-25a7-430f-85a3-177c79432ab3</UUID>
            <Info>False</Info>
          </ProductBackendInfo>
          <ProductBackendInfo name="Skye.MultibrickType">
            <UUID>05ea67aa-9f47-4c79-9d21-3f6d022a9bc6</UUID>
            <Info />
          </ProductBackendInfo>
          <ProductBackendInfo name="Skye.StyleClass">
            <UUID>10d4f506-1a3f-46fc-ade3-21c3583f0ea0</UUID>
            <Info />
          </ProductBackendInfo>
          <ProductBackendInfo name="Skye.NumberOfColumns">
            <UUID>dcd2d80a-e914-4048-b8f3-d97c91250bd6</UUID>
            <Info>2</Info>
          </ProductBackendInfo>
        </ProductBrick>
        <ProductBrick name="LocationDetails" visibilityLevel="3" brickClass=" " isAbstract="false" typeId="0">
          <UUID>c5643edb-4599-4f0c-83d2-8e1eb0518ef4</UUID>
          <SortOrder>20</SortOrder>
          <MinimumUsage>1</MinimumUsage>
          <MaximumUsage>1</MaximumUsage>
          <InitialUsage>1</InitialUsage>
          <PredecessorBrickUUID>ab7d14c7-7931-4e0c-80e4-9fd5587da60e</PredecessorBrickUUID>
          <PredecessorBrickName>PanelGroup2</PredecessorBrickName>
          <ProductTextRelation>
            <ProductTextUUID>44d7ada2-3cff-4b2f-a81b-de2e9eff188f</ProductTextUUID>
          </ProductTextRelation>
          <ProductBackendInfo name="Skye.DisplayControlWithEmptyContent">
            <UUID>3b8c309d-1acc-4d54-88f4-211395e6feb3</UUID>
            <Info>False</Info>
          </ProductBackendInfo>
          <ProductBackendInfo name="Skye.MultibrickType">
            <UUID>553af7a0-96a8-4049-a96d-9bb17e6b9a74</UUID>
            <Info />
          </ProductBackendInfo>
          <ProductBackendInfo name="Skye.NumberOfColumns">
            <UUID>6b02d607-d90b-498c-8ff2-b72eaf2b0c01</UUID>
            <Info>2</Info>
          </ProductBackendInfo>
          <ProductBackendInfo name="Skye.StyleClass">
            <UUID>778a9a3c-183c-4895-af2a-e56952b3ed73</UUID>
            <Info />
          </ProductBackendInfo>
        </ProductBrick>
        <ProductBrick name="Valuables" visibilityLevel="3" brickClass="" isAbstract="false" typeId="0">
          <UUID>5ce3c400-f17c-4796-9614-fc22b6c5f305</UUID>
          <SortOrder>30</SortOrder>
          <MinimumUsage>1</MinimumUsage>
          <MaximumUsage>1</MaximumUsage>
          <InitialUsage>1</InitialUsage>
          <ProductTextRelation>
            <UUID>5af1cefe-bef0-4144-9972-3dae8a83aa3b</UUID>
            <ProductTextUUID>93893cf2-8de6-4092-bc15-a4d8c112b9ee</ProductTextUUID>
          </ProductTextRelation>
          <ProductBrick name="ValuableMultiBrick" visibilityLevel="3" brickClass="" isAbstract="false" typeId="0">
            <UUID>a1a373a3-3baf-441a-9cb4-3cbcff4cbc19</UUID>
            <SortOrder>10</SortOrder>
            <MinimumUsage>1</MinimumUsage>
            <MaximumUsage>1</MaximumUsage>
            <InitialUsage>1</InitialUsage>
            <ProductBackendInfo name="Skye.ProcessStepUIType">
              <UUID>affdf85f-083e-49c0-bd63-7e6f539e8551</UUID>
              <Info>MultibrickGroupService</Info>
            </ProductBackendInfo>
            <ProductBackendInfo name="Skye.MultiBrickTextId">
              <UUID>5d1e4aab-e4ac-4c83-8643-ef7b8e7a1ce9</UUID>
              <Info />
            </ProductBackendInfo>
            <ProductBackendInfo name="Skye.DisplayControlWithEmptyContent">
              <UUID>39ae025f-43d5-43a1-9f9b-b9428e7711e1</UUID>
              <Info>False</Info>
            </ProductBackendInfo>
            <ProductBackendInfo name="Skye.StyleClass">
              <UUID>981d5efc-591f-4f62-8ccd-2593aa4ca8c4</UUID>
              <Info />
            </ProductBackendInfo>
            <ProductBackendInfo name="Skye.MultibrickType">
              <UUID>99c7735a-53ca-4eff-8326-04e1aca23c43</UUID>
              <Info />
            </ProductBackendInfo>
          </ProductBrick>
          <ProductBackendInfo name="Skye.NumberOfColumns">
            <UUID>a0af8477-557c-406c-9160-75c32c08e620</UUID>
            <Info>2</Info>
          </ProductBackendInfo>
          <ProductBackendInfo name="Skye.DisplayControlWithEmptyContent">
            <UUID>8747bbf4-1602-40c8-94a8-a32b6a8c70f7</UUID>
            <Info>True</Info>
          </ProductBackendInfo>
          <ProductBackendInfo name="Skye.StyleClass">
            <UUID>1361e87e-4c70-42b0-9aee-879e78533965</UUID>
            <Info />
          </ProductBackendInfo>
          <ProductBackendInfo name="Skye.MultibrickType">
            <UUID>703769b2-64d2-4ff4-b266-77b91273bc3c</UUID>
            <Info />
          </ProductBackendInfo>
        </ProductBrick>
        <ProductBackendInfo name="Skye.MultibrickType">
          <UUID>232ded8c-fd07-4122-990b-c2239d4653b1</UUID>
          <Info />
        </ProductBackendInfo>
        <ProductBackendInfo name="Skye.StyleClass">
          <UUID>bc0f08fd-2cc9-48f0-a8d6-591153aa0f31</UUID>
          <Info />
        </ProductBackendInfo>
        <ProductBackendInfo name="Skye.ProcessStepUIType">
          <UUID>dbd9ea94-2e36-4238-843b-c68dc402f5a4</UUID>
          <Info>PanelGroup</Info>
        </ProductBackendInfo>
      </ProductBrick>
      <ProductBackendInfo name="Skye.MultibrickType">
        <UUID>17d362f7-fa94-46b5-9858-cdf259c704a2</UUID>
        <Info />
      </ProductBackendInfo>
      <ProductBackendInfo name="Skye.StyleClass">
        <UUID>5f5fde59-0cf0-4e4e-902b-5ff1d9a63d73</UUID>
        <Info />
      </ProductBackendInfo>
      <ProductBackendInfo name="Skye.NumberOfColumns">
        <UUID>a94a774c-5fd5-4132-89c0-d679efb1cc64</UUID>
        <Info>2</Info>
      </ProductBackendInfo>
      <ProductBackendInfo name="Skye.DisplayControlWithEmptyContent">
        <UUID>e4ab0673-12d1-4896-90b6-76250808157e</UUID>
        <Info>True</Info>
      </ProductBackendInfo>
    </ProductBrick>
    <ProductBrick name="Tab3" visibilityLevel="3" brickClass=" " isAbstract="false" typeId="0">
      <UUID>c0481b2e-c0b3-4fea-b6cd-924c44b8d5d3</UUID>
      <SortOrder>30</SortOrder>
      <MinimumUsage>1</MinimumUsage>
      <MaximumUsage>1</MaximumUsage>
      <InitialUsage>1</InitialUsage>
      <PredecessorBrickUUID>65d12208-da7e-4c06-ab70-f8dccbc18ce4</PredecessorBrickUUID>
      <PredecessorBrickName>TabGroup</PredecessorBrickName>
      <ProductTextRelation>
        <ProductTextUUID>5e728a6b-932a-4d0c-abbf-20e6a68f7d29</ProductTextUUID>
      </ProductTextRelation>
      <ProductBackendInfo name="Skye.DisplayControlWithEmptyContent">
        <UUID>083d96ce-1021-41dc-8f0f-0bd74a22b5e8</UUID>
        <Info>True</Info>
      </ProductBackendInfo>
      <ProductBackendInfo name="Skye.MultibrickType">
        <UUID>2843097a-fb9a-4556-90fa-b3e31d62d10b</UUID>
        <Info />
      </ProductBackendInfo>
      <ProductBackendInfo name="Skye.StyleClass">
        <UUID>3dedea3b-4622-434c-9dbb-da9f629e678e</UUID>
        <Info />
      </ProductBackendInfo>
      <ProductBackendInfo name="Skye.NumberOfColumns">
        <UUID>b1288822-66a9-4618-9a4a-ce020a9da0a9</UUID>
        <Info>2</Info>
      </ProductBackendInfo>
    </ProductBrick>
    <ProductBackendInfo name="Skye.ProcessStepUIType">
      <UUID>00f50b08-0ca3-4adb-86fc-e3db86226c3f</UUID>
      <Info>TabGroup</Info>
    </ProductBackendInfo>
    <ProductBackendInfo name="Skye.StyleClass">
      <UUID>8db6fb0d-e4af-469f-93e7-cd81a5d3ba48</UUID>
      <Info />
    </ProductBackendInfo>
    <ProductBackendInfo name="Skye.MultibrickType">
      <UUID>d8d3b6b8-599e-4a77-bba5-1acb6b0c58d2</UUID>
      <Info />
    </ProductBackendInfo>
  </ProductBrick>
  <DefinitionDependentLists>
    <DefinitionDependencyDefaultValueList />
    <DefinitionDependencyValueRangeList />
    <DefinitionDependencyVisibilityList />
    <DefinitionDependencyMandatoryList />
    <DefinitionDependencyToDependencyList />
    <DefinitionDependencyValueRangeFilterValuesList />
    <DefinitionDependencyDataSourceAttributeList />
  </DefinitionDependentLists>
</Product>