﻿<?xml version="1.0" encoding="utf-8"?>
<Product xmlns:xsd="http://www.w3.org/2001/XMLSchema" xmlns:xsi="http://www.w3.org/2001/XMLSchema-instance" name="EmailEvent" lastChanged="2019-10-25T11:39:41.8997738Z" implementationClass="" modelType="event" subModelType="" skyeEditorVersion="7.15.0.16">
  <UUID>efaef001-b919-4a2d-a681-24924d4cb806</UUID>
  <BusinessUnit> </BusinessUnit>
  <Section> </Section>
  <ProductTextList>
    <ProductText name="short" language="en" country="US">
      <UUID>19b93902-74cd-401e-aa71-ad02b1912220</UUID>
      <Text />
    </ProductText>
    <ProductText name="short" language="en" country="US">
      <UUID>9785a90a-0ffc-4395-b616-6a31a6b16943</UUID>
      <Text />
    </ProductText>
    <ProductText name="short" language="en" country="US">
      <UUID>76d2f22f-924c-4ab6-9014-7a86a7564e82</UUID>
      <Text />
    </ProductText>
    <ProductText name="short" language="en" country="US">
      <UUID>1c37f056-469f-4ca5-b21e-995cf8d8da4b</UUID>
      <Text />
    </ProductText>
    <ProductText name="short" language="en" country="US">
      <UUID>be1b7a52-eb4a-4e35-99a7-179aad1a5b58</UUID>
      <Text />
    </ProductText>
    <ProductText name="short" language="en" country="US">
      <UUID>57174afc-53aa-4dbb-a044-1a16da35a1fc</UUID>
      <Text />
    </ProductText>
    <ProductText name="short" language="en" country="US">
      <UUID>f44a3e69-d18a-4a8b-8f8f-a87e99b809e6</UUID>
      <Text />
    </ProductText>
  </ProductTextList>
  <ProductValueRangeList />
  <DefinitionBusinessObjectContextList />
  <DefinitionResourceList />
  <ProductValueList>
    <ProductValue name="SendEmailMessageEvent" type="value">
      <UUID>1efc741a-043e-4e69-9142-fe17fd0c6dd9</UUID>
      <SortOrder>0</SortOrder>
      <Value>SendEmailMessageEvent</Value>
    </ProductValue>
    <ProductValue name="new" type="value">
      <UUID>8fadb7c9-d147-4c63-a26a-ea22f5fda89f</UUID>
      <SortOrder>0</SortOrder>
      <Value>new</Value>
    </ProductValue>
    <ProductValue name="%{TODAY + TIME(NOW)}" type="value">
      <UUID>75431866-0e7e-45bc-83cc-2024c4dc7f09</UUID>
      <SortOrder>0</SortOrder>
      <Value>%{TODAY + TIME(NOW)}</Value>
    </ProductValue>
    <ProductValue name="en_US" type="value">
      <UUID>6d91c6dd-89d1-469b-b58e-e7449673b054</UUID>
      <SortOrder>0</SortOrder>
      <Value>en_US</Value>
    </ProductValue>
    <ProductValue name="callcenter" type="value">
      <UUID>39407e46-af45-4d76-8ed5-422e7050701e</UUID>
      <SortOrder>0</SortOrder>
      <Value>callcenter</Value>
    </ProductValue>
    <ProductValue name="callcenter" type="value">
      <UUID>8a368625-5d4f-424c-a173-ffc85097df16</UUID>
      <SortOrder>0</SortOrder>
      <Value>callcenter</Value>
    </ProductValue>
    <ProductValue name="SendEmail" type="value">
      <UUID>253f62aa-bd3b-46a3-b744-394eeb974925</UUID>
      <SortOrder>0</SortOrder>
      <Value>SendEmail</Value>
    </ProductValue>
  </ProductValueList>
  <ProductPolicyAttribute name="@EventHandlerService" visibilityLevel="0" mandatory="false" unit="" format="" numberOfDecimals="0" attributeClass="" type="Standard">
    <UUID>87cb8564-04b9-4153-bbd9-2b68beb89861</UUID>
    <SortOrder>99</SortOrder>
    <InputType>Textbox</InputType>
    <DataType>String</DataType>
    <MaxLength>4000</MaxLength>
    <MinLength>0</MinLength>
    <ProductTextRelation>
      <UUID>454de8ab-aa58-4982-b2a4-c422a25816f0</UUID>
      <ProductTextUUID>19b93902-74cd-401e-aa71-ad02b1912220</ProductTextUUID>
    </ProductTextRelation>
    <ProductBackendInfo name="Skye.AttributeAlias">
      <UUID>24def987-808b-4ab0-9c66-ab0918d0ed28</UUID>
      <Info />
    </ProductBackendInfo>
    <ProductBackendInfo name="Skye.Core.DataSecurity">
      <UUID>ef05cb9f-33d0-48df-90e6-febe20884a3b</UUID>
      <Info>Standard</Info>
    </ProductBackendInfo>
    <ProductBackendInfo name="Skye.AllowValueSetViaUnencryptedURL">
      <UUID>6868eadc-bc8c-41fe-8601-e2033f003381</UUID>
      <Info>False</Info>
    </ProductBackendInfo>
    <DefinitionValueRelation>
      <DefinitionValueUUID>1efc741a-043e-4e69-9142-fe17fd0c6dd9</DefinitionValueUUID>
    </DefinitionValueRelation>
  </ProductPolicyAttribute>
  <ProductPolicyAttribute name="@EventTriggerStatus" visibilityLevel="0" mandatory="false" unit="" format="" numberOfDecimals="0" attributeClass="" type="Standard">
    <UUID>7c52502f-e6f3-4021-bf4f-1bd9bf7afd2a</UUID>
    <SortOrder>99</SortOrder>
    <InputType>Textbox</InputType>
    <DataType>String</DataType>
    <MaxLength>4000</MaxLength>
    <MinLength>0</MinLength>
    <ProductTextRelation>
      <UUID>a2a5851a-900d-4bfc-b05d-514d15f21e8c</UUID>
      <ProductTextUUID>9785a90a-0ffc-4395-b616-6a31a6b16943</ProductTextUUID>
    </ProductTextRelation>
    <ProductBackendInfo name="Skye.AttributeAlias">
      <UUID>1c67431c-c28e-47f5-80b2-4e5e1dfaf13d</UUID>
      <Info />
    </ProductBackendInfo>
    <ProductBackendInfo name="Skye.Core.DataSecurity">
      <UUID>98b2f7b0-58a3-4f48-abcd-5a663145d1ef</UUID>
      <Info>Standard</Info>
    </ProductBackendInfo>
    <ProductBackendInfo name="Skye.AllowValueSetViaUnencryptedURL">
      <UUID>a01b9353-6e0d-470e-952c-a43a62f12ec9</UUID>
      <Info>False</Info>
    </ProductBackendInfo>
    <DefinitionValueRelation>
      <DefinitionValueUUID>8fadb7c9-d147-4c63-a26a-ea22f5fda89f</DefinitionValueUUID>
    </DefinitionValueRelation>
  </ProductPolicyAttribute>
  <ProductPolicyAttribute name="@EventTriggerTime" visibilityLevel="0" mandatory="false" unit="" format="" numberOfDecimals="0" attributeClass="" type="Standard">
    <UUID>a08a2ab4-e84d-4d50-a5c1-abd1837cfe86</UUID>
    <SortOrder>99</SortOrder>
    <InputType>Textbox</InputType>
    <DataType>String</DataType>
    <MaxLength>4000</MaxLength>
    <MinLength>0</MinLength>
    <ProductTextRelation>
      <UUID>a6459046-5cc6-4e15-a398-63e58fd8112f</UUID>
      <ProductTextUUID>76d2f22f-924c-4ab6-9014-7a86a7564e82</ProductTextUUID>
    </ProductTextRelation>
    <ProductBackendInfo name="Skye.AttributeAlias">
      <UUID>9758c55b-e548-41b8-92a4-d8098107c51c</UUID>
      <Info />
    </ProductBackendInfo>
    <ProductBackendInfo name="Skye.Core.DataSecurity">
      <UUID>23c012a8-32f4-4c45-af85-684c40186e70</UUID>
      <Info>Standard</Info>
    </ProductBackendInfo>
    <ProductBackendInfo name="Skye.AllowValueSetViaUnencryptedURL">
      <UUID>2920011b-46fb-44b7-ac46-d92d02715478</UUID>
      <Info>False</Info>
    </ProductBackendInfo>
    <DefinitionValueRelation>
      <DefinitionValueUUID>75431866-0e7e-45bc-83cc-2024c4dc7f09</DefinitionValueUUID>
    </DefinitionValueRelation>
  </ProductPolicyAttribute>
  <ProductPolicyAttribute name="@Locale" visibilityLevel="0" mandatory="false" unit="" format="" numberOfDecimals="0" attributeClass="" type="Standard">
    <UUID>5fa75a64-5728-4ea9-8834-2b1cefc2d2e8</UUID>
    <SortOrder>99</SortOrder>
    <InputType>Textbox</InputType>
    <DataType>String</DataType>
    <MaxLength>4000</MaxLength>
    <MinLength>0</MinLength>
    <ProductTextRelation>
      <UUID>a6ef4331-5f02-49f1-9515-4c08aec5d8a1</UUID>
      <ProductTextUUID>1c37f056-469f-4ca5-b21e-995cf8d8da4b</ProductTextUUID>
    </ProductTextRelation>
    <ProductBackendInfo name="Skye.AttributeAlias">
      <UUID>6d44148d-7d89-40cc-9f9e-cd8d19bbf68b</UUID>
      <Info />
    </ProductBackendInfo>
    <ProductBackendInfo name="Skye.Core.DataSecurity">
      <UUID>3881475d-bf03-4ee6-b8d2-d908acdfbbb0</UUID>
      <Info>Standard</Info>
    </ProductBackendInfo>
    <ProductBackendInfo name="Skye.AllowValueSetViaUnencryptedURL">
      <UUID>aecde022-7009-4e34-81b6-fc29dc260ee5</UUID>
      <Info>False</Info>
    </ProductBackendInfo>
    <DefinitionValueRelation>
      <DefinitionValueUUID>6d91c6dd-89d1-469b-b58e-e7449673b054</DefinitionValueUUID>
    </DefinitionValueRelation>
  </ProductPolicyAttribute>
  <ProductPolicyAttribute name="@Channel" visibilityLevel="0" mandatory="false" unit="" format="" numberOfDecimals="0" attributeClass="" type="Standard">
    <UUID>7f7dbe81-640c-446e-b376-3c7fe41f7637</UUID>
    <SortOrder>99</SortOrder>
    <InputType>Textbox</InputType>
    <DataType>String</DataType>
    <MaxLength>4000</MaxLength>
    <MinLength>0</MinLength>
    <ProductTextRelation>
      <UUID>90592b38-5971-463d-bf5e-ff863bbd16e4</UUID>
      <ProductTextUUID>be1b7a52-eb4a-4e35-99a7-179aad1a5b58</ProductTextUUID>
    </ProductTextRelation>
    <ProductBackendInfo name="Skye.AttributeAlias">
      <UUID>74729baa-9b2b-4fbb-809a-6aefe74df7b6</UUID>
      <Info />
    </ProductBackendInfo>
    <ProductBackendInfo name="Skye.Core.DataSecurity">
      <UUID>5e4cc2df-e805-40e4-817b-a758490cbb0a</UUID>
      <Info>Standard</Info>
    </ProductBackendInfo>
    <ProductBackendInfo name="Skye.AllowValueSetViaUnencryptedURL">
      <UUID>40c68e56-f98e-43a8-b133-a64a40995ce0</UUID>
      <Info>False</Info>
    </ProductBackendInfo>
    <DefinitionValueRelation>
      <DefinitionValueUUID>39407e46-af45-4d76-8ed5-422e7050701e</DefinitionValueUUID>
    </DefinitionValueRelation>
  </ProductPolicyAttribute>
  <ProductPolicyAttribute name="@Role" visibilityLevel="0" mandatory="false" unit="" format="" numberOfDecimals="0" attributeClass="" type="Standard">
    <UUID>c9bf3430-064d-486d-8df3-668439d3cf01</UUID>
    <SortOrder>99</SortOrder>
    <InputType>Textbox</InputType>
    <DataType>String</DataType>
    <MaxLength>4000</MaxLength>
    <MinLength>0</MinLength>
    <ProductTextRelation>
      <UUID>9a8a5dc5-f9f9-4724-be1d-206004c1531b</UUID>
      <ProductTextUUID>57174afc-53aa-4dbb-a044-1a16da35a1fc</ProductTextUUID>
    </ProductTextRelation>
    <ProductBackendInfo name="Skye.AttributeAlias">
      <UUID>9a4e8058-6622-4942-b99c-b8ea4afd2ca2</UUID>
      <Info />
    </ProductBackendInfo>
    <ProductBackendInfo name="Skye.Core.DataSecurity">
      <UUID>14500424-be39-4eac-982f-547e98c92275</UUID>
      <Info>Standard</Info>
    </ProductBackendInfo>
    <ProductBackendInfo name="Skye.AllowValueSetViaUnencryptedURL">
      <UUID>f3e5f671-4933-4b60-a4a9-6a3e299d4340</UUID>
      <Info>False</Info>
    </ProductBackendInfo>
    <DefinitionValueRelation>
      <DefinitionValueUUID>8a368625-5d4f-424c-a173-ffc85097df16</DefinitionValueUUID>
    </DefinitionValueRelation>
  </ProductPolicyAttribute>
  <ProductPolicyAttribute name="@EventTriggerTypeId" visibilityLevel="0" mandatory="false" unit="" format="" numberOfDecimals="0" attributeClass="" type="Standard">
    <UUID>07323c04-dc64-4baf-bd43-fd8e8b7fbb96</UUID>
    <SortOrder>99</SortOrder>
    <InputType>Textbox</InputType>
    <DataType>String</DataType>
    <MaxLength>4000</MaxLength>
    <MinLength>0</MinLength>
    <ProductTextRelation>
      <UUID>945c95cd-34f2-4852-b47d-b070c1d4b7f5</UUID>
      <ProductTextUUID>f44a3e69-d18a-4a8b-8f8f-a87e99b809e6</ProductTextUUID>
    </ProductTextRelation>
    <ProductBackendInfo name="Skye.AttributeAlias">
      <UUID>19d357aa-7f6f-4174-8f35-655bcefc082c</UUID>
      <Info />
    </ProductBackendInfo>
    <ProductBackendInfo name="Skye.Core.DataSecurity">
      <UUID>d3908a11-801d-4cf0-b9c0-5c6a6a26db34</UUID>
      <Info>Standard</Info>
    </ProductBackendInfo>
    <ProductBackendInfo name="Skye.AllowValueSetViaUnencryptedURL">
      <UUID>59d1416f-b77d-4365-af0d-e7a62e2d316a</UUID>
      <Info>False</Info>
    </ProductBackendInfo>
    <DefinitionValueRelation>
      <DefinitionValueUUID>253f62aa-bd3b-46a3-b744-394eeb974925</DefinitionValueUUID>
    </DefinitionValueRelation>
  </ProductPolicyAttribute>
  <DefinitionDependentLists>
    <DefinitionDependencyDefaultValueList />
    <DefinitionDependencyValueRangeList />
    <DefinitionDependencyVisibilityList />
    <DefinitionDependencyMandatoryList />
    <DefinitionDependencyToDependencyList />
    <DefinitionDependencyValueRangeFilterValuesList />
    <DefinitionDependencyDataSourceAttributeList />
  </DefinitionDependentLists>
</Product>