﻿<?xml version="1.0" encoding="utf-8"?>
<Product xmlns:xsd="http://www.w3.org/2001/XMLSchema" xmlns:xsi="http://www.w3.org/2001/XMLSchema-instance" name="ShoppingcartItem" lastChanged="2019-05-08T07:33:05Z" implementationClass=" " versionUuid=" " modelType="shoppingcartitem" subModelType="" skyeEditorVersion="7.15.0.16">
  <UUID>05624dd7-b457-4229-b3e8-2a61f391b835</UUID>
  <SortOrder>0</SortOrder>
  <BusinessUnit> </BusinessUnit>
  <Section> </Section>
  <ProductTextList>
    <ProductText name="header" language="en" country="US">
      <UUID>c65cac68-ea68-466f-aeb1-8bbb9587875e</UUID>
      <Text>ShoppingCart Item</Text>
    </ProductText>
  </ProductTextList>
  <ProductValueRangeList>
    <ProductValueRange name="Reference.attributeMappingVR" type="fix">
      <UUID>5cf3824b-9d2e-419f-827e-70bb436723d2</UUID>
    </ProductValueRange>
    <ProductValueRange name="Reference.referencedModelsVR" type="fix">
      <UUID>82d9bbc8-e814-48c3-b1af-012fa904f0b3</UUID>
      <DefinitionValueRelation>
        <UUID>11e9f0dd-8527-d6c6-8a2d-1f914ab48f5c</UUID>
        <DefinitionValueUUID>ad048d9c-edd8-4555-8033-8231394bc3ae</DefinitionValueUUID>
      </DefinitionValueRelation>
    </ProductValueRange>
  </ProductValueRangeList>
  <DefinitionBusinessObjectContextList />
  <DefinitionResourceList />
  <AbstractProductBrickList />
  <ProductValueList>
    <ProductValue name="Shoppingcart" type="value">
      <UUID>ad048d9c-edd8-4555-8033-8231394bc3ae</UUID>
      <SortOrder>0</SortOrder>
      <Value />
    </ProductValue>
    <ProductValue name=" " type="value">
      <UUID>bd71c172-e1fa-415d-9058-10e6525212cb</UUID>
      <SortOrder>0</SortOrder>
      <Value />
    </ProductValue>
  </ProductValueList>
  <ProductPolicyAttribute name="InsuredObject" visibilityLevel="0" mandatory="false" unit="" format="" numberOfDecimals="0" attributeClass=" " type="Reference">
    <UUID>ccb3e10d-067d-4767-a0c2-d67d0a1c5a4b</UUID>
    <SortOrder>99</SortOrder>
    <InputType>Textbox</InputType>
    <DataType>shoppingcart</DataType>
    <MaxLength>4000</MaxLength>
    <MinLength>0</MinLength>
    <ProductValueRangeRelation>
      <UUID>156847a0-37fd-46f6-b3e7-1b3804193b74</UUID>
      <SortOrder>0</SortOrder>
      <ProductValueRangeUUID>5cf3824b-9d2e-419f-827e-70bb436723d2</ProductValueRangeUUID>
    </ProductValueRangeRelation>
    <ProductValueRangeRelation>
      <UUID>1e188b39-0b52-4c66-8fd5-95f55b5bf3af</UUID>
      <SortOrder>0</SortOrder>
      <ProductValueRangeUUID>82d9bbc8-e814-48c3-b1af-012fa904f0b3</ProductValueRangeUUID>
    </ProductValueRangeRelation>
    <ProductBackendInfo name="Skye.CharsToTriggerSearch">
      <UUID>1ae87745-191f-4131-b16a-de0769a83944</UUID>
      <Info>3</Info>
    </ProductBackendInfo>
    <ProductBackendInfo name="Skye.AllowValueSetViaUnencryptedURL">
      <UUID>3ca8ba1b-ea5d-4515-9496-0a75ba8d81ec</UUID>
      <Info>False</Info>
    </ProductBackendInfo>
    <ProductBackendInfo name="Skye.Reference.CopyBehavior">
      <UUID>418943f8-0be9-4b19-afe9-9ff5b3ad9256</UUID>
      <Info>setnull</Info>
    </ProductBackendInfo>
    <ProductBackendInfo name="Skye.Reference.SetReferenceBehaviour">
      <UUID>5e7d644a-1606-4aa6-a1dc-7bcc08f9a9a1</UUID>
      <Info>ByUuid</Info>
    </ProductBackendInfo>
    <ProductBackendInfo name="Skye.MaximumNumberOfSearchResults">
      <UUID>61712cf7-6deb-4c65-9deb-c29ba450ad5e</UUID>
      <Info>20</Info>
    </ProductBackendInfo>
    <ProductBackendInfo name="Skye.Reference.DeleteBehavior">
      <UUID>73b9e759-0b3c-499c-8565-ce592fd5cf1b</UUID>
      <Info>ignore</Info>
    </ProductBackendInfo>
    <ProductBackendInfo name="Skye.Reference.ShouldCopyValues">
      <UUID>915ea7fd-c37f-490f-81e3-c3d0e8a0210c</UUID>
      <Info>false</Info>
    </ProductBackendInfo>
    <ProductBackendInfo name="Skye.AttributeAlias">
      <UUID>9bbd28e1-88f8-4618-acab-63ef485180e1</UUID>
      <Info />
    </ProductBackendInfo>
    <ProductBackendInfo name="Skye.Core.DataSecurity">
      <UUID>9d7382cf-0738-447c-b66c-10f47484fcf7</UUID>
      <Info>Standard</Info>
    </ProductBackendInfo>
    <ProductBackendInfo name="Skye.Reference.DisplayValidationError">
      <UUID>a77275f5-3b05-44c2-90ea-bd3c07995271</UUID>
      <Info>False</Info>
    </ProductBackendInfo>
    <ProductBackendInfo name="Skye.Reference.CheckValidity">
      <UUID>bf88c86a-1d95-41af-8b70-33896e5ff6a9</UUID>
      <Info>false</Info>
    </ProductBackendInfo>
    <ProductBackendInfo name="Skye.Reference.SearchTextType">
      <UUID>c08d4eee-8946-4f2a-a9a6-b7bb07220d13</UUID>
      <Info />
    </ProductBackendInfo>
    <DefinitionValueRelation>
      <UUID>11e9f0dd-8527-d6c7-8a2d-1f914ab48f5c</UUID>
      <DefinitionValueUUID>bd71c172-e1fa-415d-9058-10e6525212cb</DefinitionValueUUID>
    </DefinitionValueRelation>
  </ProductPolicyAttribute>
  <ProductTextRelation>
    <ProductTextUUID>c65cac68-ea68-466f-aeb1-8bbb9587875e</ProductTextUUID>
  </ProductTextRelation>
  <DefinitionDependentLists>
    <DefinitionDependencyDefaultValueList />
    <DefinitionDependencyValueRangeList />
    <DefinitionDependencyVisibilityList />
    <DefinitionDependencyMandatoryList />
    <DefinitionDependencyToDependencyList />
    <DefinitionDependencyValueRangeFilterValuesList />
    <DefinitionDependencyDataSourceAttributeList />
  </DefinitionDependentLists>
</Product>