﻿<?xml version="1.0" encoding="utf-8"?>
<Product xmlns:xsd="http://www.w3.org/2001/XMLSchema" xmlns:xsi="http://www.w3.org/2001/XMLSchema-instance" name="HomeAutomaticSearch" lastChanged="2020-05-18T12:17:55.8610901Z" implementationClass="" modelType="search" subModelType="automatic" skyeEditorVersion="7.26.1.50">
  <UUID>c6bd2558-7276-4247-ac23-b74efdb38790</UUID>
  <BusinessUnit> </BusinessUnit>
  <Section> </Section>
  <ProductTextList>
    <ProductText name="defaultSortingFieldLabel" language="en" country="US">
      <UUID>f6218afd-0981-4252-b247-735b7fbfe1f6</UUID>
      <Text />
    </ProductText>
    <ProductText name="label" language="en" country="US">
      <UUID>06db8f70-4599-4fe1-bfc0-fd00f460f7b8</UUID>
      <Text />
    </ProductText>
    <ProductText name="header" language="en" country="US">
      <UUID>beebf31e-1539-487f-b9c8-63c06e956637</UUID>
      <Text>My quotes</Text>
    </ProductText>
    <ProductText name="header" language="en" country="US">
      <UUID>2c01be24-1265-4f73-98f5-df2e7b62bcd0</UUID>
      <Text>Home Search</Text>
    </ProductText>
    <ProductText name="searchInfo" language="en" country="US">
      <UUID>72eda9da-23e6-4774-bd9d-f1aa432031b6</UUID>
      <Text />
    </ProductText>
    <ProductText name="searchNoRecords" language="en" country="US">
      <UUID>3695131c-5bab-4a9f-ab28-f602736c3df7</UUID>
      <Text />
    </ProductText>
    <ProductText name="defaultSortingFieldLabel" language="en" country="US">
      <UUID>66854626-66bc-4513-b1d1-9a3ed77d9513</UUID>
      <Text />
    </ProductText>
    <ProductText name="label" language="en" country="US">
      <UUID>aa6383b6-3b6e-4064-acc1-53ee328eec25</UUID>
      <Text />
    </ProductText>
    <ProductText name="header" language="en" country="US">
      <UUID>d1cfc172-0bb8-435b-8a06-f953861c7863</UUID>
      <Text>All quotes</Text>
    </ProductText>
  </ProductTextList>
  <ProductValueRangeList>
    <ProductValueRange name="Reference.referencedModelsVR" type="fix">
      <UUID>825bf60f-aa10-4186-aab1-bcfbb1c97a66</UUID>
    </ProductValueRange>
  </ProductValueRangeList>
  <DefinitionBusinessObjectContextList />
  <DefinitionResourceList />
  <ProductValueList>
    <ProductValue name="QUERY:(%{{UserContext['userId']}})" type="value">
      <UUID>1f68dea8-ce90-4d9f-9cd2-99e755f53e84</UUID>
      <SortOrder>0</SortOrder>
      <Value>QUERY:(%{{UserContext['userId']}})</Value>
    </ProductValue>
    <ProductValue name="" type="value">
      <UUID>ccf07d91-9d70-445e-ad68-e961b42e489b</UUID>
      <SortOrder>0</SortOrder>
      <Value />
    </ProductValue>
    <ProductValue name="Home" type="value">
      <UUID>71893415-2c15-4622-9ed7-8a9e1d04e629</UUID>
      <SortOrder>0</SortOrder>
      <Value>Home</Value>
    </ProductValue>
    <ProductValue name="10" type="value">
      <UUID>563701f0-9023-4398-8288-66efaec502fa</UUID>
      <SortOrder>0</SortOrder>
      <Value>10</Value>
    </ProductValue>
    <ProductValue name="homeAutomaticSearchResult" type="value">
      <UUID>9d18df9b-9262-4ba0-abbc-3d713fe317b1</UUID>
      <SortOrder>0</SortOrder>
      <Value>homeAutomaticSearchResult</Value>
    </ProductValue>
    <ProductValue name="LastModified" type="value">
      <UUID>70e54c2a-18b8-4c1f-971d-2db19e9df58d</UUID>
      <SortOrder>0</SortOrder>
      <Value>LastModified</Value>
    </ProductValue>
    <ProductValue name="" type="value">
      <UUID>2980f2b5-449f-4ed1-ac0e-3afd18d6fbe6</UUID>
      <SortOrder>0</SortOrder>
      <Value />
    </ProductValue>
    <ProductValue name="QUERY:(*)" type="value">
      <UUID>c728deef-3864-469c-9df2-53d1508a6b2a</UUID>
      <SortOrder>0</SortOrder>
      <Value>QUERY:(*)</Value>
    </ProductValue>
    <ProductValue name="" type="value">
      <UUID>ff7e41e3-dca3-4f18-bede-50049f6dab0b</UUID>
      <SortOrder>0</SortOrder>
      <Value />
    </ProductValue>
    <ProductValue name="Home" type="value">
      <UUID>2989f67b-f2d2-4251-bf1d-a54d401e09a6</UUID>
      <SortOrder>0</SortOrder>
      <Value>Home</Value>
    </ProductValue>
    <ProductValue name="5" type="value">
      <UUID>e58af5aa-5146-476e-9369-f1527fcabe3f</UUID>
      <SortOrder>0</SortOrder>
      <Value>5</Value>
    </ProductValue>
    <ProductValue name="homeAutomaticSearchResult" type="value">
      <UUID>47ba1ec5-7ff7-4a84-a91d-cf35e317d2e6</UUID>
      <SortOrder>0</SortOrder>
      <Value>homeAutomaticSearchResult</Value>
    </ProductValue>
    <ProductValue name="CreationDate" type="value">
      <UUID>a61678ac-b5cc-4b58-a6d3-2578e72fbf74</UUID>
      <SortOrder>0</SortOrder>
      <Value>CreationDate</Value>
    </ProductValue>
  </ProductValueList>
  <ProductPolicyAttribute name="@ComponentOwner" visibilityLevel="0" mandatory="false" unit="" format="" numberOfDecimals="0" attributeClass="" type="Reference">
    <UUID>16b31f8b-99b1-494e-a278-4461fd640a52</UUID>
    <SortOrder>99</SortOrder>
    <InputType>Textbox</InputType>
    <DataType>String</DataType>
    <MaxLength>4000</MaxLength>
    <MinLength>0</MinLength>
    <ProductValueRangeRelation>
      <UUID>81cf3e49-1186-4aa0-932d-aaab8ce09017</UUID>
      <SortOrder>99</SortOrder>
      <ProductValueRangeUUID>825bf60f-aa10-4186-aab1-bcfbb1c97a66</ProductValueRangeUUID>
    </ProductValueRangeRelation>
    <ProductBackendInfo name="Skye.AttributeAlias">
      <UUID>efe3a799-0695-41a0-965a-97ed85e58177</UUID>
      <Info />
    </ProductBackendInfo>
    <ProductBackendInfo name="Skye.Core.DataSecurity">
      <UUID>93fe2ab7-241f-4ca6-b34e-7a3c7fc646a4</UUID>
      <Info>Standard</Info>
    </ProductBackendInfo>
    <ProductBackendInfo name="Skye.AllowValueSetViaUnencryptedURL">
      <UUID>bb989ad1-7332-4dc8-9e27-2c32dc187dd5</UUID>
      <Info>False</Info>
    </ProductBackendInfo>
    <ProductBackendInfo name="Skye.Reference.ModelType">
      <UUID>54681260-a1e4-44ff-a2ff-9791665da44c</UUID>
      <Info>product</Info>
    </ProductBackendInfo>
    <DefinitionValueRelation>
      <DefinitionValueUUID>2980f2b5-449f-4ed1-ac0e-3afd18d6fbe6</DefinitionValueUUID>
    </DefinitionValueRelation>
  </ProductPolicyAttribute>
  <ProductTextRelation>
    <UUID>985249f6-edd8-4cc3-8099-64489bc794cd</UUID>
    <ProductTextUUID>2c01be24-1265-4f73-98f5-df2e7b62bcd0</ProductTextUUID>
  </ProductTextRelation>
  <ProductTextRelation>
    <UUID>8f7e1add-fa27-472e-becf-4feb4ab8a883</UUID>
    <ProductTextUUID>72eda9da-23e6-4774-bd9d-f1aa432031b6</ProductTextUUID>
  </ProductTextRelation>
  <ProductTextRelation>
    <UUID>040f267d-8cb1-48ea-9eec-fdf710d2e4c8</UUID>
    <ProductTextUUID>3695131c-5bab-4a9f-ab28-f602736c3df7</ProductTextUUID>
  </ProductTextRelation>
  <ProductBrick name="Mine" visibilityLevel="3" brickClass="" isAbstract="false" typeId="0">
    <UUID>2152d4ca-e584-4162-8335-0d7eeb66ba5f</UUID>
    <SortOrder>1</SortOrder>
    <MinimumUsage>1</MinimumUsage>
    <MaximumUsage>1</MaximumUsage>
    <InitialUsage>1</InitialUsage>
    <ProductTextRelation>
      <UUID>6be5f9e6-0c06-4b2a-b4ec-0f5c16dc6fff</UUID>
      <ProductTextUUID>beebf31e-1539-487f-b9c8-63c06e956637</ProductTextUUID>
    </ProductTextRelation>
    <ProductPolicyAttribute name="@SearchQuery" visibilityLevel="1" mandatory="false" unit="" format="" numberOfDecimals="0" attributeClass="" type="Standard">
      <UUID>3094dc03-6ca9-4e22-9a23-a44f8b81276e</UUID>
      <SortOrder>99</SortOrder>
      <InputType>Textbox</InputType>
      <DataType>String</DataType>
      <MaxLength>4000</MaxLength>
      <MinLength>0</MinLength>
      <ProductBackendInfo name="Skye.AttributeAlias">
        <UUID>9e0c714b-8532-4e4d-b4e5-3821c6d373e0</UUID>
        <Info />
      </ProductBackendInfo>
      <ProductBackendInfo name="Skye.Core.DataSecurity">
        <UUID>4aa85f40-f4a6-46f7-b093-a806db65f09d</UUID>
        <Info>Standard</Info>
      </ProductBackendInfo>
      <ProductBackendInfo name="Skye.AllowValueSetViaUnencryptedURL">
        <UUID>deaa67d9-3f5b-44fd-9599-fb39a9717ae8</UUID>
        <Info>False</Info>
      </ProductBackendInfo>
      <DefinitionValueRelation>
        <DefinitionValueUUID>1f68dea8-ce90-4d9f-9cd2-99e755f53e84</DefinitionValueUUID>
      </DefinitionValueRelation>
    </ProductPolicyAttribute>
    <ProductPolicyAttribute name="@SearchForModelTypes" visibilityLevel="1" mandatory="false" unit="" format="" numberOfDecimals="0" attributeClass="" type="Standard">
      <UUID>8dfe8d75-24e0-4cfd-aac1-0491d6bd31ef</UUID>
      <SortOrder>99</SortOrder>
      <InputType>Textbox</InputType>
      <DataType>String</DataType>
      <MaxLength>4000</MaxLength>
      <MinLength>0</MinLength>
      <ProductBackendInfo name="Skye.AttributeAlias">
        <UUID>4f7d2975-fa23-4573-a0c5-08370e5a73dc</UUID>
        <Info />
      </ProductBackendInfo>
      <ProductBackendInfo name="Skye.Core.DataSecurity">
        <UUID>d84e9ab8-6d41-45c2-a12a-d8e61af89565</UUID>
        <Info>Standard</Info>
      </ProductBackendInfo>
      <ProductBackendInfo name="Skye.AllowValueSetViaUnencryptedURL">
        <UUID>063c43c6-3b02-46e6-ab38-9499d0dd159e</UUID>
        <Info>False</Info>
      </ProductBackendInfo>
      <DefinitionValueRelation>
        <DefinitionValueUUID>ccf07d91-9d70-445e-ad68-e961b42e489b</DefinitionValueUUID>
      </DefinitionValueRelation>
    </ProductPolicyAttribute>
    <ProductPolicyAttribute name="@SearchForModelTextIds" visibilityLevel="1" mandatory="false" unit="" format="" numberOfDecimals="0" attributeClass="" type="Standard">
      <UUID>ee1e3c26-4248-4cfe-8367-7e7aa9e3afdf</UUID>
      <SortOrder>99</SortOrder>
      <InputType>Textbox</InputType>
      <DataType>String</DataType>
      <MaxLength>4000</MaxLength>
      <MinLength>0</MinLength>
      <ProductBackendInfo name="Skye.AttributeAlias">
        <UUID>d4dfb650-2f62-4616-b452-dbf27820d8d3</UUID>
        <Info />
      </ProductBackendInfo>
      <ProductBackendInfo name="Skye.Core.DataSecurity">
        <UUID>a65e7116-e4c3-4e50-99e1-b704c1a17624</UUID>
        <Info>Standard</Info>
      </ProductBackendInfo>
      <ProductBackendInfo name="Skye.AllowValueSetViaUnencryptedURL">
        <UUID>000c66f0-fb09-455d-907f-accb9b762d2d</UUID>
        <Info>False</Info>
      </ProductBackendInfo>
      <DefinitionValueRelation>
        <DefinitionValueUUID>71893415-2c15-4622-9ed7-8a9e1d04e629</DefinitionValueUUID>
      </DefinitionValueRelation>
    </ProductPolicyAttribute>
    <ProductPolicyAttribute name="@NumberOfSearchResultsPerPage" visibilityLevel="1" mandatory="false" unit="" format="" numberOfDecimals="0" attributeClass="" type="Standard">
      <UUID>f048c34a-845b-47c6-8f9d-4aab87885ea2</UUID>
      <SortOrder>99</SortOrder>
      <InputType>Textbox</InputType>
      <DataType>String</DataType>
      <MaxLength>4000</MaxLength>
      <MinLength>0</MinLength>
      <ProductBackendInfo name="Skye.AttributeAlias">
        <UUID>0b248c73-24c2-4d25-a232-339e2889be51</UUID>
        <Info />
      </ProductBackendInfo>
      <ProductBackendInfo name="Skye.Core.DataSecurity">
        <UUID>a66f1077-1d9e-42aa-96a0-e935e51cd21a</UUID>
        <Info>Standard</Info>
      </ProductBackendInfo>
      <ProductBackendInfo name="Skye.AllowValueSetViaUnencryptedURL">
        <UUID>eed8eeca-ca73-4cd3-b23d-5da036d4a51e</UUID>
        <Info>False</Info>
      </ProductBackendInfo>
      <DefinitionValueRelation>
        <DefinitionValueUUID>563701f0-9023-4398-8288-66efaec502fa</DefinitionValueUUID>
      </DefinitionValueRelation>
    </ProductPolicyAttribute>
    <ProductPolicyAttribute name="@SearchTextType" visibilityLevel="1" mandatory="false" unit="" format="" numberOfDecimals="0" attributeClass="" type="Standard">
      <UUID>728a67a0-0e45-4434-8ed5-fb254c9711d2</UUID>
      <SortOrder>99</SortOrder>
      <InputType>Textbox</InputType>
      <DataType>String</DataType>
      <MaxLength>4000</MaxLength>
      <MinLength>0</MinLength>
      <ProductBackendInfo name="Skye.AttributeAlias">
        <UUID>0bf843b3-8965-4044-b2c6-9b290229e5c7</UUID>
        <Info />
      </ProductBackendInfo>
      <ProductBackendInfo name="Skye.Core.DataSecurity">
        <UUID>d6bce948-a054-4c77-a5d1-91f6b83f08a8</UUID>
        <Info>Standard</Info>
      </ProductBackendInfo>
      <ProductBackendInfo name="Skye.AllowValueSetViaUnencryptedURL">
        <UUID>e9508a5f-56d7-4650-9b40-ae0ab3037739</UUID>
        <Info>False</Info>
      </ProductBackendInfo>
      <DefinitionValueRelation>
        <DefinitionValueUUID>9d18df9b-9262-4ba0-abbc-3d713fe317b1</DefinitionValueUUID>
      </DefinitionValueRelation>
    </ProductPolicyAttribute>
    <ProductPolicyAttribute name="@SearchSorting" visibilityLevel="0" mandatory="false" unit="" format="" numberOfDecimals="0" attributeClass="" type="Standard">
      <UUID>10f994ae-c540-4a91-a347-02b6c67b769f</UUID>
      <SortOrder>99</SortOrder>
      <InputType>Textbox</InputType>
      <DataType>String</DataType>
      <MaxLength>4000</MaxLength>
      <MinLength>0</MinLength>
      <ProductTextRelation>
        <UUID>8fc52486-579b-4e3d-8b98-be067ff73cf7</UUID>
        <ProductTextUUID>f6218afd-0981-4252-b247-735b7fbfe1f6</ProductTextUUID>
      </ProductTextRelation>
      <ProductTextRelation>
        <UUID>9c9b6f35-e111-4065-bb91-8ab466faf534</UUID>
        <ProductTextUUID>06db8f70-4599-4fe1-bfc0-fd00f460f7b8</ProductTextUUID>
      </ProductTextRelation>
      <ProductBackendInfo name="Skye.AttributeAlias">
        <UUID>61dd4d60-fdbb-4e4e-9a01-a80c52e7dff6</UUID>
        <Info />
      </ProductBackendInfo>
      <ProductBackendInfo name="Skye.Core.DataSecurity">
        <UUID>ee4883ea-bef4-4a1f-83af-5d47caedc552</UUID>
        <Info>Standard</Info>
      </ProductBackendInfo>
      <ProductBackendInfo name="Skye.AllowValueSetViaUnencryptedURL">
        <UUID>90a480dc-64c8-4a38-a393-aa70652234df</UUID>
        <Info>False</Info>
      </ProductBackendInfo>
      <ProductBackendInfo name="Skye.search.sortingOrder">
        <UUID>7d235fa9-c8ae-4e3d-8fcb-8132f9fb96ec</UUID>
        <Info>Descending</Info>
      </ProductBackendInfo>
      <DefinitionValueRelation>
        <DefinitionValueUUID>70e54c2a-18b8-4c1f-971d-2db19e9df58d</DefinitionValueUUID>
      </DefinitionValueRelation>
    </ProductPolicyAttribute>
    <ProductBackendInfo name="Skye.MultibrickType">
      <UUID>f1e22c11-1bdc-40c0-9378-48fe147b4f26</UUID>
      <Info />
    </ProductBackendInfo>
  </ProductBrick>
  <ProductBrick name="All" visibilityLevel="3" brickClass="" isAbstract="false" typeId="0">
    <UUID>ac651e82-6844-4cc7-b2e3-4a8e45bf856b</UUID>
    <SortOrder>2</SortOrder>
    <MinimumUsage>1</MinimumUsage>
    <MaximumUsage>1</MaximumUsage>
    <InitialUsage>1</InitialUsage>
    <ProductTextRelation>
      <UUID>3249909b-217c-40fb-835a-cbb6d3c1646d</UUID>
      <ProductTextUUID>d1cfc172-0bb8-435b-8a06-f953861c7863</ProductTextUUID>
    </ProductTextRelation>
    <ProductPolicyAttribute name="@SearchQuery" visibilityLevel="1" mandatory="false" unit="" format="" numberOfDecimals="0" attributeClass="" type="Standard">
      <UUID>3f15b3c6-dadf-4fb9-a8f2-a968b822c5aa</UUID>
      <SortOrder>99</SortOrder>
      <InputType>Textbox</InputType>
      <DataType>String</DataType>
      <MaxLength>4000</MaxLength>
      <MinLength>0</MinLength>
      <ProductBackendInfo name="Skye.AttributeAlias">
        <UUID>c2e5c0d5-92fe-47a0-96df-5a705963a7fa</UUID>
        <Info />
      </ProductBackendInfo>
      <ProductBackendInfo name="Skye.Core.DataSecurity">
        <UUID>93da3c50-e567-4f92-a44b-bf3e29b19be5</UUID>
        <Info>Standard</Info>
      </ProductBackendInfo>
      <ProductBackendInfo name="Skye.AllowValueSetViaUnencryptedURL">
        <UUID>64ce118f-bb36-4cd2-85e5-5b01d1a72df0</UUID>
        <Info>False</Info>
      </ProductBackendInfo>
      <DefinitionValueRelation>
        <DefinitionValueUUID>c728deef-3864-469c-9df2-53d1508a6b2a</DefinitionValueUUID>
      </DefinitionValueRelation>
    </ProductPolicyAttribute>
    <ProductPolicyAttribute name="@SearchForModelTypes" visibilityLevel="1" mandatory="false" unit="" format="" numberOfDecimals="0" attributeClass="" type="Standard">
      <UUID>2c0b2158-2979-464b-bb5e-82feca34711a</UUID>
      <SortOrder>99</SortOrder>
      <InputType>Textbox</InputType>
      <DataType>String</DataType>
      <MaxLength>4000</MaxLength>
      <MinLength>0</MinLength>
      <ProductBackendInfo name="Skye.AttributeAlias">
        <UUID>a66122b2-d004-4f01-8b5e-c5e5bdca066f</UUID>
        <Info />
      </ProductBackendInfo>
      <ProductBackendInfo name="Skye.Core.DataSecurity">
        <UUID>d2747760-e5df-457d-a633-fffdc6551c77</UUID>
        <Info>Standard</Info>
      </ProductBackendInfo>
      <ProductBackendInfo name="Skye.AllowValueSetViaUnencryptedURL">
        <UUID>6b6d96b7-6304-4b64-8355-34449c40d0ec</UUID>
        <Info>False</Info>
      </ProductBackendInfo>
      <DefinitionValueRelation>
        <DefinitionValueUUID>ff7e41e3-dca3-4f18-bede-50049f6dab0b</DefinitionValueUUID>
      </DefinitionValueRelation>
    </ProductPolicyAttribute>
    <ProductPolicyAttribute name="@SearchForModelTextIds" visibilityLevel="1" mandatory="false" unit="" format="" numberOfDecimals="0" attributeClass="" type="Standard">
      <UUID>f0bd8113-7ac5-43aa-9306-005457fea090</UUID>
      <SortOrder>99</SortOrder>
      <InputType>Textbox</InputType>
      <DataType>String</DataType>
      <MaxLength>4000</MaxLength>
      <MinLength>0</MinLength>
      <ProductBackendInfo name="Skye.AttributeAlias">
        <UUID>d62433e2-48c8-4d13-8674-56943746ee9c</UUID>
        <Info />
      </ProductBackendInfo>
      <ProductBackendInfo name="Skye.Core.DataSecurity">
        <UUID>8af3686d-187e-4479-a827-e85aeeb91741</UUID>
        <Info>Standard</Info>
      </ProductBackendInfo>
      <ProductBackendInfo name="Skye.AllowValueSetViaUnencryptedURL">
        <UUID>b13ed587-3b77-43eb-9152-118616799a8e</UUID>
        <Info>False</Info>
      </ProductBackendInfo>
      <DefinitionValueRelation>
        <DefinitionValueUUID>2989f67b-f2d2-4251-bf1d-a54d401e09a6</DefinitionValueUUID>
      </DefinitionValueRelation>
    </ProductPolicyAttribute>
    <ProductPolicyAttribute name="@NumberOfSearchResultsPerPage" visibilityLevel="1" mandatory="false" unit="" format="" numberOfDecimals="0" attributeClass="" type="Standard">
      <UUID>8d38d4e6-7546-4306-9531-b05521ccccce</UUID>
      <SortOrder>99</SortOrder>
      <InputType>Textbox</InputType>
      <DataType>String</DataType>
      <MaxLength>4000</MaxLength>
      <MinLength>0</MinLength>
      <ProductBackendInfo name="Skye.AttributeAlias">
        <UUID>c490142b-c960-4360-b14e-efb5a7a4e45a</UUID>
        <Info />
      </ProductBackendInfo>
      <ProductBackendInfo name="Skye.Core.DataSecurity">
        <UUID>1a3023de-ae29-47e7-a8b4-bb811efcf2b1</UUID>
        <Info>Standard</Info>
      </ProductBackendInfo>
      <ProductBackendInfo name="Skye.AllowValueSetViaUnencryptedURL">
        <UUID>cfe7ccf1-8e23-4966-9199-3441089b2eb2</UUID>
        <Info>False</Info>
      </ProductBackendInfo>
      <DefinitionValueRelation>
        <DefinitionValueUUID>e58af5aa-5146-476e-9369-f1527fcabe3f</DefinitionValueUUID>
      </DefinitionValueRelation>
    </ProductPolicyAttribute>
    <ProductPolicyAttribute name="@SearchTextType" visibilityLevel="1" mandatory="false" unit="" format="" numberOfDecimals="0" attributeClass="" type="Standard">
      <UUID>d8b81b39-56a3-4bb5-8c78-e0864038c669</UUID>
      <SortOrder>99</SortOrder>
      <InputType>Textbox</InputType>
      <DataType>String</DataType>
      <MaxLength>4000</MaxLength>
      <MinLength>0</MinLength>
      <ProductBackendInfo name="Skye.AttributeAlias">
        <UUID>27bcea4f-33a6-4161-bd18-4c513d24cb03</UUID>
        <Info />
      </ProductBackendInfo>
      <ProductBackendInfo name="Skye.Core.DataSecurity">
        <UUID>17860417-2b67-4ab9-908a-011961117ef2</UUID>
        <Info>Standard</Info>
      </ProductBackendInfo>
      <ProductBackendInfo name="Skye.AllowValueSetViaUnencryptedURL">
        <UUID>84b7d8d0-5419-4061-85ec-ef2c662d1d8b</UUID>
        <Info>False</Info>
      </ProductBackendInfo>
      <DefinitionValueRelation>
        <DefinitionValueUUID>47ba1ec5-7ff7-4a84-a91d-cf35e317d2e6</DefinitionValueUUID>
      </DefinitionValueRelation>
    </ProductPolicyAttribute>
    <ProductPolicyAttribute name="@SearchSorting" visibilityLevel="0" mandatory="false" unit="" format="" numberOfDecimals="0" attributeClass="" type="Standard">
      <UUID>67453c6c-39de-4223-8ba1-0dfbadbd0c4f</UUID>
      <SortOrder>99</SortOrder>
      <InputType>Textbox</InputType>
      <DataType>String</DataType>
      <MaxLength>4000</MaxLength>
      <MinLength>0</MinLength>
      <ProductTextRelation>
        <UUID>52a36f90-1dfc-46fc-922f-cd75f0a0bed6</UUID>
        <ProductTextUUID>66854626-66bc-4513-b1d1-9a3ed77d9513</ProductTextUUID>
      </ProductTextRelation>
      <ProductTextRelation>
        <UUID>6d87e7ec-977d-4af5-84db-8c275d5e26de</UUID>
        <ProductTextUUID>aa6383b6-3b6e-4064-acc1-53ee328eec25</ProductTextUUID>
      </ProductTextRelation>
      <ProductBackendInfo name="Skye.AttributeAlias">
        <UUID>c54dbebb-f40f-4489-b948-a9fdcda0e6bb</UUID>
        <Info />
      </ProductBackendInfo>
      <ProductBackendInfo name="Skye.Core.DataSecurity">
        <UUID>59a17a3a-dae3-46ad-a020-6059acd6e0d7</UUID>
        <Info>Standard</Info>
      </ProductBackendInfo>
      <ProductBackendInfo name="Skye.AllowValueSetViaUnencryptedURL">
        <UUID>d88b6710-7756-4a3a-8fe1-0e157dbb3ab8</UUID>
        <Info>False</Info>
      </ProductBackendInfo>
      <ProductBackendInfo name="Skye.search.sortingOrder">
        <UUID>d9a5653e-6dcd-4361-afd3-11b5e73f5af2</UUID>
        <Info>Ascending</Info>
      </ProductBackendInfo>
      <DefinitionValueRelation>
        <DefinitionValueUUID>a61678ac-b5cc-4b58-a6d3-2578e72fbf74</DefinitionValueUUID>
      </DefinitionValueRelation>
    </ProductPolicyAttribute>
    <ProductBackendInfo name="Skye.MultibrickType">
      <UUID>7275dc55-12e7-4855-bcb6-6c7df83fff74</UUID>
      <Info />
    </ProductBackendInfo>
  </ProductBrick>
  <DefinitionDependentLists>
    <DefinitionDependencyDefaultValueList />
    <DefinitionDependencyValueRangeList />
    <DefinitionDependencyVisibilityList />
    <DefinitionDependencyMandatoryList />
    <DefinitionDependencyToDependencyList />
    <DefinitionDependencyValueRangeFilterValuesList />
    <DefinitionDependencyDataSourceAttributeList />
  </DefinitionDependentLists>
</Product>