﻿<?xml version="1.0" encoding="utf-8"?>
<Product xmlns:xsd="http://www.w3.org/2001/XMLSchema" xmlns:xsi="http://www.w3.org/2001/XMLSchema-instance" name="HeaderHTMLComponent" lastChanged="2020-05-19T07:33:49.8835656Z" implementationClass="" modelType="htmlcomponent" subModelType="" skyeEditorVersion="7.26.1.50">
  <UUID>43ff423f-d45f-43be-a651-de0347ee4ae0</UUID>
  <BusinessUnit> </BusinessUnit>
  <Section> </Section>
  <ProductTextList>
    <ProductText name="label" language="en" country="US">
      <UUID>dfa7e3e8-cef4-4fd1-b955-8f720eb59f4e</UUID>
      <Text>&lt;div style="float:right"&gt;
    &lt;h3 style="display:inline;margin-left:1em"&gt;
        &lt;a href="https://www.innoveo.com/"&gt;Home&lt;/a&gt;
    &lt;/h3&gt;
    &lt;h3 style="display:inline;margin-left:1em"&gt;
        &lt;a href="https://www.innoveo.com/services/"&gt;Services&lt;/a&gt;
    &lt;/h3&gt;
    &lt;h3 style="display:inline;margin-left:1em"&gt;
        &lt;a href="https://www.innoveo.com/features/"&gt;Features&lt;/a&gt;
    &lt;/h3&gt;
    &lt;h3 style="display:inline;margin-left:1em"&gt;
        &lt;a href="https://www.innoveo.com/about-us/"&gt;About us&lt;/a&gt;
    &lt;/h3&gt;
&lt;/div&gt;</Text>
    </ProductText>
  </ProductTextList>
  <ProductValueRangeList>
    <ProductValueRange name="Reference.referencedModelsVR" type="fix">
      <UUID>41cc6f9a-8211-44c7-9505-a072301553b2</UUID>
    </ProductValueRange>
  </ProductValueRangeList>
  <DefinitionBusinessObjectContextList />
  <DefinitionResourceList />
  <ProductValueList>
    <ProductValue name="" type="value">
      <UUID>dc9aebec-7be3-49b5-b98c-44b2d0ddaabf</UUID>
      <SortOrder>0</SortOrder>
      <Value />
    </ProductValue>
  </ProductValueList>
  <ProductPolicyAttribute name="@ComponentOwner" visibilityLevel="0" mandatory="false" unit="" format="" numberOfDecimals="0" attributeClass="" type="Reference">
    <UUID>e43dde84-ce16-491c-af5d-2e0b21be3890</UUID>
    <SortOrder>99</SortOrder>
    <InputType>Textbox</InputType>
    <DataType>String</DataType>
    <MaxLength>4000</MaxLength>
    <MinLength>0</MinLength>
    <ProductValueRangeRelation>
      <UUID>bb3139f2-223a-4311-a3b8-9bde9ff30f9c</UUID>
      <SortOrder>99</SortOrder>
      <ProductValueRangeUUID>41cc6f9a-8211-44c7-9505-a072301553b2</ProductValueRangeUUID>
    </ProductValueRangeRelation>
    <ProductBackendInfo name="Skye.AttributeAlias">
      <UUID>4054732b-b137-4feb-8dc9-778ecd0d704f</UUID>
      <Info />
    </ProductBackendInfo>
    <ProductBackendInfo name="Skye.Core.DataSecurity">
      <UUID>b01a50f5-d8bf-49ee-85b3-8ce74a9a1b73</UUID>
      <Info>Standard</Info>
    </ProductBackendInfo>
    <ProductBackendInfo name="Skye.AllowValueSetViaUnencryptedURL">
      <UUID>3b071650-d8dc-4af6-ab1a-9b6d627bcca0</UUID>
      <Info>False</Info>
    </ProductBackendInfo>
    <ProductBackendInfo name="Skye.Reference.ModelType">
      <UUID>2b47f0ca-c18c-4aaa-82ef-97947ac54e9e</UUID>
      <Info>product</Info>
    </ProductBackendInfo>
    <DefinitionValueRelation>
      <DefinitionValueUUID>dc9aebec-7be3-49b5-b98c-44b2d0ddaabf</DefinitionValueUUID>
    </DefinitionValueRelation>
  </ProductPolicyAttribute>
  <ProductTextRelation>
    <UUID>0c5e26fb-8413-48a3-9f61-d163cd49e37c</UUID>
    <ProductTextUUID>dfa7e3e8-cef4-4fd1-b955-8f720eb59f4e</ProductTextUUID>
  </ProductTextRelation>
  <DefinitionDependentLists>
    <DefinitionDependencyDefaultValueList />
    <DefinitionDependencyValueRangeList />
    <DefinitionDependencyVisibilityList />
    <DefinitionDependencyMandatoryList />
    <DefinitionDependencyToDependencyList />
    <DefinitionDependencyValueRangeFilterValuesList />
    <DefinitionDependencyDataSourceAttributeList />
  </DefinitionDependentLists>
</Product>