﻿<?xml version="1.0" encoding="utf-8"?>
<Product xmlns:xsd="http://www.w3.org/2001/XMLSchema" xmlns:xsi="http://www.w3.org/2001/XMLSchema-instance" name="Shoppingcart" lastChanged="2019-10-24T13:12:13.4738797Z" implementationClass=" " versionUuid=" " modelType="shoppingcart" subModelType="" skyeEditorVersion="7.15.0.16">
  <UUID>4484a45d-11bc-4ae4-ade8-b24ac6bc60b9</UUID>
  <SortOrder>0</SortOrder>
  <BusinessUnit> </BusinessUnit>
  <Section> </Section>
  <ProductTextList>
    <ProductText name="short" language="en" country="US">
      <UUID>198d64d1-72d4-4afd-b5a9-f8eb7f891012</UUID>
      <Text>Cheque Date</Text>
    </ProductText>
    <ProductText name="short" language="en" country="US">
      <UUID>240acc3f-4431-42bc-800f-97865126ec6e</UUID>
      <Text>Payment Amount</Text>
    </ProductText>
    <ProductText name="searchTooManyRecords" language="en" country="US">
      <UUID>9ff7b0e8-a1b3-40be-90ce-4af0c2cdc7f7</UUID>
      <Text />
    </ProductText>
    <ProductText name="short" language="en" country="US">
      <UUID>aeb806b5-fe84-4bdf-9dac-3ae68e529077</UUID>
      <Text>Cheque Nr.</Text>
    </ProductText>
    <ProductText name="short" language="en" country="US">
      <UUID>c191b4ed-2a1c-47bf-bdb2-e5a3977fa003</UUID>
      <Text>Bank</Text>
    </ProductText>
    <ProductText name="paymentAdditionalInfoHtml" language="en" country="US">
      <UUID>9059b104-e7cb-4b92-8893-436bf7011b16</UUID>
      <Text>Please proceed with your card payment</Text>
    </ProductText>
    <ProductText name="paymentButtonLabel" language="en" country="US">
      <UUID>a7cc6b40-f664-407e-b85d-c98089583ff5</UUID>
      <Text>Pay</Text>
    </ProductText>
    <ProductText name="paymentCardLabel" language="en" country="US">
      <UUID>2edf8c0c-b527-404d-9192-77eadc2915d0</UUID>
      <Text />
    </ProductText>
    <ProductText name="paymentCardNumberLabel" language="en" country="US">
      <UUID>3e0c48ad-2379-48f6-83c4-3acd35ac4c33</UUID>
      <Text />
    </ProductText>
    <ProductText name="paymentCardExpiryLabel" language="en" country="US">
      <UUID>d33729cf-3b7c-4132-a1e5-61d4a82168d6</UUID>
      <Text />
    </ProductText>
    <ProductText name="paymentCardCVVLabel" language="en" country="US">
      <UUID>8ed1ddb7-aec2-4730-ab9d-ece34c5aa144</UUID>
      <Text />
    </ProductText>
    <ProductText name="short" language="en" country="US">
      <UUID>71a64e36-4c79-415f-abfd-398aeca7f9c9</UUID>
      <Text />
    </ProductText>
  </ProductTextList>
  <ProductValueRangeList>
    <ProductValueRange name="Reference.attributeMappingVR" type="fix">
      <UUID>add1549d-aa5f-4f0b-8e03-c26a8cd5478b</UUID>
    </ProductValueRange>
    <ProductValueRange name="Reference.referencedModelsVR" type="fix">
      <UUID>f1432d90-4b22-41ad-b60e-6fac04965662</UUID>
      <DefinitionValueRelation>
        <UUID>11e9ee8d-6bc8-eca5-adac-5bb79093b7ad</UUID>
        <DefinitionValueUUID>87c4106e-d9e5-46e3-b71d-2e702b38936e</DefinitionValueUUID>
      </DefinitionValueRelation>
      <DefinitionValueRelation>
        <UUID>11e9ee8d-6bc8-eca7-adac-5bb79093b7ad</UUID>
        <DefinitionValueUUID>abee3978-cb97-4a54-b3ee-a803d3d9f052</DefinitionValueUUID>
      </DefinitionValueRelation>
      <DefinitionValueRelation>
        <UUID>d6aa69be-6906-491f-84ae-d6c651964053</UUID>
        <DefinitionValueUUID>74e77ba8-c927-47cb-a3da-1b74764153c3</DefinitionValueUUID>
      </DefinitionValueRelation>
    </ProductValueRange>
    <ProductValueRange name="Skye.payment.responseMappingVR" type="fix">
      <UUID>f4f0be39-daeb-4732-9fbf-f226d53f3020</UUID>
    </ProductValueRange>
    <ProductValueRange name="Skye.payment.errorMappingVR" type="fix">
      <UUID>2d07eb10-359b-40fe-aa91-2a0d9334918e</UUID>
    </ProductValueRange>
    <ProductValueRange name="Skye.payment.webhookMappingVR" type="fix">
      <UUID>5cf1cf4c-d8fc-43d6-ae10-4d54f4b86571</UUID>
    </ProductValueRange>
  </ProductValueRangeList>
  <DefinitionBusinessObjectContextList>
    <DefinitionBusinessObjectContext name="HomeCreatePolicy:Payment-callcenter-callcenter">
      <UUID>1467de56-6813-4219-a9c1-0bfd4c0c913a</UUID>
      <SubclassId>visibilityLevelContext</SubclassId>
      <ValueField>2</ValueField>
    </DefinitionBusinessObjectContext>
    <DefinitionBusinessObjectContext name="HomeCreatePolicy:Payment-callcenter-callcenter">
      <UUID>5ed36609-f641-488f-9b3b-26453f8b0ec4</UUID>
      <SubclassId>sortOrderContext</SubclassId>
      <ValueField>100</ValueField>
    </DefinitionBusinessObjectContext>
    <DefinitionBusinessObjectContext name="HomeCreatePolicy:Payment-callcenter-callcenter">
      <UUID>6400302a-4da1-4631-90f9-cea0e9e27510</UUID>
      <SubclassId>isMandatoryContext</SubclassId>
      <ValueField>True</ValueField>
    </DefinitionBusinessObjectContext>
    <DefinitionBusinessObjectContext name="HomeCreatePolicy:Payment-callcenter-callcenter">
      <UUID>89f7c4ab-26da-47ac-bda5-6ed9d162cd80</UUID>
      <SubclassId>sortOrderContext</SubclassId>
      <ValueField>40</ValueField>
    </DefinitionBusinessObjectContext>
    <DefinitionBusinessObjectContext name="HomeCreatePolicy:Payment-callcenter-callcenter">
      <UUID>91eba913-b236-4046-bfee-84f92cfdd37c</UUID>
      <SubclassId>sortOrderContext</SubclassId>
      <ValueField>30</ValueField>
    </DefinitionBusinessObjectContext>
    <DefinitionBusinessObjectContext name="HomeCreatePolicy:Payment-callcenter-callcenter">
      <UUID>c6864d4d-fbe8-4d16-b3ec-6daea6885091</UUID>
      <SubclassId>visibilityLevelContext</SubclassId>
      <ValueField>4</ValueField>
    </DefinitionBusinessObjectContext>
    <DefinitionBusinessObjectContext name="HomeCreatePolicy:Payment-callcenter-callcenter">
      <UUID>fded791a-45fc-4f15-a395-af3a920c9feb</UUID>
      <SubclassId>sortOrderContext</SubclassId>
      <ValueField>20</ValueField>
    </DefinitionBusinessObjectContext>
    <DefinitionBusinessObjectContext name="MotorCreatePolicy:Payment-callcenter-callcenter">
      <UUID>31911082-e8d1-4cec-91f7-4e583f1cc25d</UUID>
      <SubclassId>visibilityLevelContext</SubclassId>
      <ValueField>4</ValueField>
    </DefinitionBusinessObjectContext>
    <DefinitionBusinessObjectContext name="MotorCreatePolicy:Payment-callcenter-callcenter">
      <UUID>052ac298-b315-4b4b-b66c-74fc24ec0ffa</UUID>
      <SubclassId>sortOrderContext</SubclassId>
      <ValueField>1</ValueField>
    </DefinitionBusinessObjectContext>
    <DefinitionBusinessObjectContext name="MotorCreatePolicy:Payment-callcenter-callcenter">
      <UUID>ab506d95-5cd3-4a0f-9b7a-ddc78635b53c</UUID>
      <SubclassId>visibilityLevelContext</SubclassId>
      <ValueField>2</ValueField>
    </DefinitionBusinessObjectContext>
    <DefinitionBusinessObjectContext name="MotorCreatePolicy:Payment-callcenter-callcenter">
      <UUID>5d7eb442-cfcd-45d5-955c-7b2a98565d5f</UUID>
      <SubclassId>sortOrderContext</SubclassId>
      <ValueField>2</ValueField>
    </DefinitionBusinessObjectContext>
  </DefinitionBusinessObjectContextList>
  <DefinitionResourceList />
  <AbstractProductBrickList />
  <ProductValueList>
    <ProductValue name="Cheque" type="value">
      <UUID>1b239f98-2e7f-4175-8bf6-7aaed51a2ea7</UUID>
      <SortOrder>0</SortOrder>
      <Value>Cheque</Value>
    </ProductValue>
    <ProductValue name="" type="value">
      <UUID>5898c238-8d70-4028-b84d-2becb124c7c2</UUID>
      <SortOrder>0</SortOrder>
      <Value />
    </ProductValue>
    <ProductValue name=" " type="value">
      <UUID>7fcdc8b6-45ba-451f-aa0e-944d74f4df55</UUID>
      <SortOrder>0</SortOrder>
      <Value />
    </ProductValue>
    <ProductValue name="HomeCreatePolicy" type="value">
      <UUID>87c4106e-d9e5-46e3-b71d-2e702b38936e</UUID>
      <SortOrder>0</SortOrder>
      <Value />
    </ProductValue>
    <ProductValue name=" " type="value">
      <UUID>a9f9a1ee-3fbd-4ede-9b18-053f0dc02160</UUID>
      <SortOrder>0</SortOrder>
      <Value />
    </ProductValue>
    <ProductValue name="Cheque" type="value">
      <UUID>aa91fd44-bca0-4d14-b663-74310949aabc</UUID>
      <SortOrder>0</SortOrder>
      <Value>Cheque</Value>
    </ProductValue>
    <ProductValue name="FamilyInsuranceCreatePolicy" type="value">
      <UUID>abee3978-cb97-4a54-b3ee-a803d3d9f052</UUID>
      <SortOrder>0</SortOrder>
      <Value />
    </ProductValue>
    <ProductValue name=" " type="value">
      <UUID>ebd6accf-b4bb-43f7-ba14-738daca2a510</UUID>
      <SortOrder>0</SortOrder>
      <Value />
    </ProductValue>
    <ProductValue name=" " type="value">
      <UUID>f2b288d2-f78c-4533-8b16-19d7c3f37ecc</UUID>
      <SortOrder>0</SortOrder>
      <Value />
    </ProductValue>
    <ProductValue name="Cheque" type="value">
      <UUID>fbceb1dc-189b-47ef-8189-ddd2d0d8fd4b</UUID>
      <SortOrder>0</SortOrder>
      <Value>Cheque</Value>
    </ProductValue>
    <ProductValue name="MotorCreatePolicy" type="value">
      <UUID>74e77ba8-c927-47cb-a3da-1b74764153c3</UUID>
      <SortOrder>0</SortOrder>
      <Value />
    </ProductValue>
    <ProductValue name="" type="value">
      <UUID>2dc1f8a9-88e4-4a43-9445-d538ffaf2f97</UUID>
      <SortOrder>0</SortOrder>
      <Value />
    </ProductValue>
    <ProductValue name="" type="value">
      <UUID>80951b78-dfff-4b96-9f1d-a7319a83c28f</UUID>
      <SortOrder>0</SortOrder>
      <Value />
    </ProductValue>
    <ProductValue name="%{ref[Shoppingcart.processModel to MotorCreatePolicy].ref[root.@CurrentProcessObject to Motor].Product.SelectedPackage-&gt;rawValue}" type="value">
      <UUID>9d3d081c-6de1-438d-a89e-18c1315dfb38</UUID>
      <SortOrder>0</SortOrder>
      <Value>%{ref[Shoppingcart.processModel to MotorCreatePolicy].ref[root.@CurrentProcessObject to Motor].Product.SelectedPackage-&gt;rawValue}</Value>
    </ProductValue>
    <ProductValue name="" type="value">
      <UUID>9878705f-2c04-4486-8f6e-1e4d4ce4600c</UUID>
      <SortOrder>0</SortOrder>
      <Value />
    </ProductValue>
  </ProductValueList>
  <ProductPolicyAttribute name="processModel" visibilityLevel="0" mandatory="false" unit="" format="" numberOfDecimals="0" attributeClass=" " type="Reference">
    <UUID>5baae214-7cc8-4a14-8cb9-ff5a6d435cde</UUID>
    <SortOrder>99</SortOrder>
    <InputType>Textbox</InputType>
    <DataType>process</DataType>
    <MaxLength>4000</MaxLength>
    <MinLength>0</MinLength>
    <ProductTextRelation>
      <ProductTextUUID>9ff7b0e8-a1b3-40be-90ce-4af0c2cdc7f7</ProductTextUUID>
    </ProductTextRelation>
    <ProductValueRangeRelation>
      <UUID>70759546-0016-456b-b122-e90a5e48bb60</UUID>
      <SortOrder>0</SortOrder>
      <ProductValueRangeUUID>f1432d90-4b22-41ad-b60e-6fac04965662</ProductValueRangeUUID>
    </ProductValueRangeRelation>
    <ProductValueRangeRelation>
      <UUID>af3ec62a-a77c-4a38-aa35-643dc7918b7c</UUID>
      <SortOrder>0</SortOrder>
      <ProductValueRangeUUID>add1549d-aa5f-4f0b-8e03-c26a8cd5478b</ProductValueRangeUUID>
    </ProductValueRangeRelation>
    <ProductBackendInfo name="Skye.Reference.DisplayValidationError">
      <UUID>034dae01-4055-44ef-8653-fa3a84f56591</UUID>
      <Info>False</Info>
    </ProductBackendInfo>
    <ProductBackendInfo name="Skye.AttributeAlias">
      <UUID>1b723998-a4d4-43b4-98c0-f1fb515f9599</UUID>
      <Info />
    </ProductBackendInfo>
    <ProductBackendInfo name="Skye.AllowValueSetViaUnencryptedURL">
      <UUID>1e895cdb-7280-4332-b7c6-62b3ef0122f8</UUID>
      <Info>False</Info>
    </ProductBackendInfo>
    <ProductBackendInfo name="Skye.Reference.SetReferenceBehaviour">
      <UUID>33a1dfbc-c812-47d1-ad64-098aa2f7b372</UUID>
      <Info>ByUuid</Info>
    </ProductBackendInfo>
    <ProductBackendInfo name="Skye.MaximumNumberOfSearchResults">
      <UUID>3d65c302-6dde-4b7f-9df0-ab4154962202</UUID>
      <Info>20</Info>
    </ProductBackendInfo>
    <ProductBackendInfo name="Skye.Reference.ShouldCopyValues">
      <UUID>951bf7ba-99fa-4a1c-8e14-0d1052b7f03d</UUID>
      <Info>false</Info>
    </ProductBackendInfo>
    <ProductBackendInfo name="Skye.Core.DataSecurity">
      <UUID>9a4e2e2a-ae64-4c08-b470-80bcaeac4049</UUID>
      <Info>Standard</Info>
    </ProductBackendInfo>
    <ProductBackendInfo name="Skye.Reference.DeleteBehavior">
      <UUID>a49a4072-8132-42c8-8a26-981b19a418d6</UUID>
      <Info>ignore</Info>
    </ProductBackendInfo>
    <ProductBackendInfo name="Skye.Reference.CopyBehavior">
      <UUID>b3ccf4a7-0576-4c22-8c99-08b84b62558d</UUID>
      <Info>setnull</Info>
    </ProductBackendInfo>
    <ProductBackendInfo name="Skye.Reference.CheckValidity">
      <UUID>d2c37737-9982-4ab3-bd34-10ed5b929f94</UUID>
      <Info>false</Info>
    </ProductBackendInfo>
    <ProductBackendInfo name="Skye.CharsToTriggerSearch">
      <UUID>d4509945-a337-40b3-83f3-d3d0caedc5fe</UUID>
      <Info>3</Info>
    </ProductBackendInfo>
    <ProductBackendInfo name="Skye.Reference.SearchTextType">
      <UUID>ff08e836-d9ab-43a9-b9b7-577b788f5ed8</UUID>
      <Info />
    </ProductBackendInfo>
    <DefinitionValueRelation>
      <UUID>11e9ee8d-6bc8-eca4-adac-5bb79093b7ad</UUID>
      <DefinitionValueUUID>f2b288d2-f78c-4533-8b16-19d7c3f37ecc</DefinitionValueUUID>
    </DefinitionValueRelation>
  </ProductPolicyAttribute>
  <ProductPolicyAttribute name="MotorStripePayment" visibilityLevel="0" mandatory="false" unit="" format="" numberOfDecimals="0" attributeClass="" type="PaymentForm">
    <UUID>6832d905-98a5-4cd0-8bd5-69af7f5ccc79</UUID>
    <SortOrder>99</SortOrder>
    <InputType>PaymentRedirect</InputType>
    <DataType>String</DataType>
    <MaxLength>4000</MaxLength>
    <MinLength>0</MinLength>
    <ProductTextRelation>
      <UUID>208f1a1d-53d6-4996-bcaf-4936205a8637</UUID>
      <ProductTextUUID>9059b104-e7cb-4b92-8893-436bf7011b16</ProductTextUUID>
    </ProductTextRelation>
    <ProductTextRelation>
      <UUID>0b11bb0c-f19f-41be-8947-56aee10afc90</UUID>
      <ProductTextUUID>a7cc6b40-f664-407e-b85d-c98089583ff5</ProductTextUUID>
    </ProductTextRelation>
    <ProductTextRelation>
      <UUID>1f51bbca-d858-4492-bf59-39eb6b83de60</UUID>
      <ProductTextUUID>2edf8c0c-b527-404d-9192-77eadc2915d0</ProductTextUUID>
    </ProductTextRelation>
    <ProductTextRelation>
      <UUID>c04a30db-f072-40bb-b8fa-c19a6fee6abb</UUID>
      <ProductTextUUID>3e0c48ad-2379-48f6-83c4-3acd35ac4c33</ProductTextUUID>
    </ProductTextRelation>
    <ProductTextRelation>
      <UUID>f660bbb7-6c1d-4ba6-8f20-52c4a0bb7ae9</UUID>
      <ProductTextUUID>d33729cf-3b7c-4132-a1e5-61d4a82168d6</ProductTextUUID>
    </ProductTextRelation>
    <ProductTextRelation>
      <UUID>5b630b12-e0f9-4c64-a6b2-d6d7462ddfc0</UUID>
      <ProductTextUUID>8ed1ddb7-aec2-4730-ab9d-ece34c5aa144</ProductTextUUID>
    </ProductTextRelation>
    <ProductValueRangeRelation>
      <UUID>eb939425-8b2f-4e3c-a3ec-ca3518fdc859</UUID>
      <SortOrder>99</SortOrder>
      <ProductValueRangeUUID>f4f0be39-daeb-4732-9fbf-f226d53f3020</ProductValueRangeUUID>
    </ProductValueRangeRelation>
    <ProductValueRangeRelation>
      <UUID>f7d9ad37-fa70-4bb1-951a-92732d3000a8</UUID>
      <SortOrder>99</SortOrder>
      <ProductValueRangeUUID>2d07eb10-359b-40fe-aa91-2a0d9334918e</ProductValueRangeUUID>
    </ProductValueRangeRelation>
    <ProductValueRangeRelation>
      <UUID>f8e1a131-7b93-4922-b35e-84c064b02465</UUID>
      <SortOrder>99</SortOrder>
      <ProductValueRangeUUID>5cf1cf4c-d8fc-43d6-ae10-4d54f4b86571</ProductValueRangeUUID>
    </ProductValueRangeRelation>
    <ProductBackendInfo name="Skye.payment.paymentGatewayProvider">
      <UUID>5cb23540-a327-48ee-af08-efd742bcc0f9</UUID>
      <Info>Stripe</Info>
    </ProductBackendInfo>
    <ProductBackendInfo name="Skye.AttributeAlias">
      <UUID>4adbcfa1-2962-4367-a323-afaa2be10f45</UUID>
      <Info />
    </ProductBackendInfo>
    <ProductBackendInfo name="Skye.Core.DataSecurity">
      <UUID>b0f82c8d-8a52-45af-8876-24573a3ed388</UUID>
      <Info>Standard</Info>
    </ProductBackendInfo>
    <ProductBackendInfo name="Skye.AllowValueSetViaUnencryptedURL">
      <UUID>5f4674f1-b265-4e9a-87cd-786c50d8f858</UUID>
      <Info>False</Info>
    </ProductBackendInfo>
    <ProductBackendInfo name="Skye.payment.actionAfterPayment">
      <UUID>fc8c9469-6ce2-4b5c-9146-08c1c1cf800e</UUID>
      <Info>PayAction</Info>
    </ProductBackendInfo>
    <ProductBackendInfo name="Skye.payment.activateEvents">
      <UUID>57f5feaa-baa3-4346-91b9-5a213c384b33</UUID>
      <Info>False</Info>
    </ProductBackendInfo>
    <ProductBackendInfo name="Skye.payment.publicAPIKeyProperty">
      <UUID>a595833f-dea6-4376-ad63-e8bbf9153573</UUID>
      <Info>payment.stripe.publicKey</Info>
    </ProductBackendInfo>
    <ProductBackendInfo name="Skye.payment.privateAPIKeyProperty">
      <UUID>7dca66db-fe10-4a41-9e16-57a34d99f4bd</UUID>
      <Info>payment.stripe.privateKey</Info>
    </ProductBackendInfo>
    <ProductBackendInfo name="Skye.payment.fieldMode">
      <UUID>b83b361a-7b9e-4d49-8481-10348eeda07a</UUID>
      <Info>OneInputPerField</Info>
    </ProductBackendInfo>
    <ProductBackendInfo name="Skye.payment.amount">
      <UUID>3b0f7c9a-36c7-4c4f-b817-923ed80de91d</UUID>
      <Info>%{PaymentInfo.PaymentAmount-&gt;rawValue}</Info>
    </ProductBackendInfo>
    <ProductBackendInfo name="Skye.payment.currency">
      <UUID>1f784548-5318-49d5-950a-0169be43a4e1</UUID>
      <Info>USD</Info>
    </ProductBackendInfo>
    <ProductBackendInfo name="Skye.payment.description">
      <UUID>86cad0c3-c83c-4671-98e8-da3adb8a04a1</UUID>
      <Info>Thanks babe</Info>
    </ProductBackendInfo>
    <ProductBackendInfo name="Skye.payment.typeOfPayment">
      <UUID>64eea453-b7c3-4a28-b2b8-2f0bc9179486</UUID>
      <Info>SinglePayment</Info>
    </ProductBackendInfo>
    <ProductBackendInfo name="Skye.payment.planId">
      <UUID>98ada3ad-ca6e-4a49-838b-36cff6145cc6</UUID>
      <Info />
    </ProductBackendInfo>
    <ProductBackendInfo name="Skye.payment.planName">
      <UUID>59320e23-bf9b-45f5-b48d-94c7e9b4d516</UUID>
      <Info />
    </ProductBackendInfo>
    <ProductBackendInfo name="Skye.payment.interval">
      <UUID>941307d0-5fae-408d-85f3-c97285ba0951</UUID>
      <Info />
    </ProductBackendInfo>
    <ProductBackendInfo name="Skye.payment.intervalCount">
      <UUID>9ca88406-7ee9-4aae-9991-8ff9af17270e</UUID>
      <Info />
    </ProductBackendInfo>
    <ProductBackendInfo name="Skye.payment.eventsVerifyingKey">
      <UUID>de14bc79-e264-44fd-b0ff-72e807a82272</UUID>
      <Info />
    </ProductBackendInfo>
    <ProductBackendInfo name="Skye.payment.idAttribute">
      <UUID>dfe19504-daf8-482e-83e2-c6fb3a355177</UUID>
      <Info>PaymentInfo.PaymentID</Info>
    </ProductBackendInfo>
    <DefinitionValueRelation>
      <DefinitionValueUUID>2dc1f8a9-88e4-4a43-9445-d538ffaf2f97</DefinitionValueUUID>
    </DefinitionValueRelation>
    <DefinitionBusinessObjectContextRelation>
      <ContextUUID>31911082-e8d1-4cec-91f7-4e583f1cc25d</ContextUUID>
      <DefinitionObjectUUID>6832d905-98a5-4cd0-8bd5-69af7f5ccc79</DefinitionObjectUUID>
    </DefinitionBusinessObjectContextRelation>
    <DefinitionBusinessObjectContextRelation>
      <ContextUUID>052ac298-b315-4b4b-b66c-74fc24ec0ffa</ContextUUID>
      <DefinitionObjectUUID>6832d905-98a5-4cd0-8bd5-69af7f5ccc79</DefinitionObjectUUID>
    </DefinitionBusinessObjectContextRelation>
  </ProductPolicyAttribute>
  <ProductBrick name="PaymentInfo" visibilityLevel="3" brickClass=" " isAbstract="false" typeId="15">
    <UUID>71706579-2922-42fb-bd7b-81605f48d1d7</UUID>
    <SortOrder>99</SortOrder>
    <MinimumUsage>1</MinimumUsage>
    <MaximumUsage>1</MaximumUsage>
    <InitialUsage>1</InitialUsage>
    <PredecessorBrickUUID />
    <PredecessorBrickName />
    <ProductPolicyAttribute name="Bank" visibilityLevel="0" mandatory="false" unit="" format="" numberOfDecimals="0" attributeClass=" " type="Standard">
      <UUID>3dd07448-b5fb-4c11-b115-47641bd9c53d</UUID>
      <SortOrder>99</SortOrder>
      <InputType>Textbox</InputType>
      <DataType>String</DataType>
      <MaxLength>4000</MaxLength>
      <MinLength>0</MinLength>
      <ProductTextRelation>
        <ProductTextUUID>c191b4ed-2a1c-47bf-bdb2-e5a3977fa003</ProductTextUUID>
      </ProductTextRelation>
      <ProductBackendInfo name="Skye.AttributeAlias">
        <UUID>640ec1a9-76da-47c6-92de-463f773e3333</UUID>
        <Info />
      </ProductBackendInfo>
      <ProductBackendInfo name="Skye.AllowValueSetViaUnencryptedURL">
        <UUID>9012c497-0f8f-402c-9f0d-724f173981bd</UUID>
        <Info>False</Info>
      </ProductBackendInfo>
      <ProductBackendInfo name="Skye.Core.DataSecurity">
        <UUID>cb59d078-26ad-433a-b068-5a5b02630051</UUID>
        <Info>Standard</Info>
      </ProductBackendInfo>
      <DefinitionValueRelation>
        <UUID>11e9ee8d-6bc8-eca3-adac-5bb79093b7ad</UUID>
        <DefinitionValueUUID>ebd6accf-b4bb-43f7-ba14-738daca2a510</DefinitionValueUUID>
      </DefinitionValueRelation>
      <DefinitionBusinessObjectContextRelation>
        <ContextUUID>fded791a-45fc-4f15-a395-af3a920c9feb</ContextUUID>
        <DefinitionObjectUUID>3dd07448-b5fb-4c11-b115-47641bd9c53d</DefinitionObjectUUID>
        <ValueField>20</ValueField>
      </DefinitionBusinessObjectContextRelation>
      <DefinitionBusinessObjectContextRelation>
        <ContextUUID>6400302a-4da1-4631-90f9-cea0e9e27510</ContextUUID>
        <DefinitionObjectUUID>3dd07448-b5fb-4c11-b115-47641bd9c53d</DefinitionObjectUUID>
        <ValueField>True</ValueField>
      </DefinitionBusinessObjectContextRelation>
    </ProductPolicyAttribute>
    <ProductPolicyAttribute name="PaymentAmount" visibilityLevel="0" mandatory="false" unit="" format="&lt;Format&gt;&lt;Out&gt;&lt;Class&gt;com.innoveo.skye.business.model.extension.attribute.format.CurrencyFormatter&lt;/Class&gt;&lt;/Out&gt;&lt;In&gt;&lt;Class&gt;com.innoveo.skye.business.model.extension.attribute.format.CurrencyFormatter&lt;/Class&gt;&lt;/In&gt;&lt;/Format&gt;" numberOfDecimals="0" attributeClass=" " type="Standard">
      <UUID>757d665b-549a-4be6-a06b-11f55c783d62</UUID>
      <SortOrder>99</SortOrder>
      <InputType refreshOnChange="true">Textbox</InputType>
      <DataType>String</DataType>
      <MaxLength>4000</MaxLength>
      <MinLength>0</MinLength>
      <ProductTextRelation>
        <ProductTextUUID>240acc3f-4431-42bc-800f-97865126ec6e</ProductTextUUID>
      </ProductTextRelation>
      <ProductBackendInfo name="Skye.AttributeAlias">
        <UUID>1f231b0a-a9fa-46c5-a84b-78aa33ff682c</UUID>
        <Info />
      </ProductBackendInfo>
      <ProductBackendInfo name="Skye.AllowValueSetViaUnencryptedURL">
        <UUID>372b4d51-fe89-4ca6-949b-c76a244145ca</UUID>
        <Info>False</Info>
      </ProductBackendInfo>
      <ProductBackendInfo name="Skye.Core.DataSecurity">
        <UUID>9346c2f9-0bdc-43ac-86ef-e3c5e27db731</UUID>
        <Info>Standard</Info>
      </ProductBackendInfo>
      <ProductBackendInfo name="Skye.CurrencySymbol">
        <UUID>dde18997-ac52-4b9d-853a-da1d3f39c729</UUID>
        <Info>USD</Info>
      </ProductBackendInfo>
      <DefinitionValueRelation>
        <UUID>11e9ee8d-6bc8-eca1-adac-5bb79093b7ad</UUID>
        <DefinitionValueUUID>5898c238-8d70-4028-b84d-2becb124c7c2</DefinitionValueUUID>
      </DefinitionValueRelation>
      <DefinitionBusinessObjectContextRelation>
        <ContextUUID>1467de56-6813-4219-a9c1-0bfd4c0c913a</ContextUUID>
        <DefinitionObjectUUID>757d665b-549a-4be6-a06b-11f55c783d62</DefinitionObjectUUID>
        <ValueField>2</ValueField>
      </DefinitionBusinessObjectContextRelation>
      <DefinitionBusinessObjectContextRelation>
        <ContextUUID>5ed36609-f641-488f-9b3b-26453f8b0ec4</ContextUUID>
        <DefinitionObjectUUID>757d665b-549a-4be6-a06b-11f55c783d62</DefinitionObjectUUID>
        <ValueField>100</ValueField>
      </DefinitionBusinessObjectContextRelation>
      <DefinitionBusinessObjectContextRelation>
        <ContextUUID>ab506d95-5cd3-4a0f-9b7a-ddc78635b53c</ContextUUID>
        <DefinitionObjectUUID>757d665b-549a-4be6-a06b-11f55c783d62</DefinitionObjectUUID>
      </DefinitionBusinessObjectContextRelation>
      <DefinitionBusinessObjectContextRelation>
        <ContextUUID>5d7eb442-cfcd-45d5-955c-7b2a98565d5f</ContextUUID>
        <DefinitionObjectUUID>757d665b-549a-4be6-a06b-11f55c783d62</DefinitionObjectUUID>
      </DefinitionBusinessObjectContextRelation>
    </ProductPolicyAttribute>
    <ProductPolicyAttribute name="ChequeNr" visibilityLevel="0" mandatory="false" unit="" format="" numberOfDecimals="0" attributeClass=" " type="Standard">
      <UUID>a30d618f-b134-42de-abdb-ffc794c53c17</UUID>
      <SortOrder>99</SortOrder>
      <InputType>Textbox</InputType>
      <DataType>String</DataType>
      <MaxLength>4000</MaxLength>
      <MinLength>0</MinLength>
      <ProductTextRelation>
        <ProductTextUUID>aeb806b5-fe84-4bdf-9dac-3ae68e529077</ProductTextUUID>
      </ProductTextRelation>
      <ProductBackendInfo name="Skye.AttributeAlias">
        <UUID>82a5f3fc-f124-42dc-9774-5aae90daa074</UUID>
        <Info />
      </ProductBackendInfo>
      <ProductBackendInfo name="Skye.AllowValueSetViaUnencryptedURL">
        <UUID>b13a7e37-0fd0-487b-88e3-e744d7855d2f</UUID>
        <Info>False</Info>
      </ProductBackendInfo>
      <ProductBackendInfo name="Skye.Core.DataSecurity">
        <UUID>e8b4bae4-7570-416a-81d3-d6fa5721cd29</UUID>
        <Info>Standard</Info>
      </ProductBackendInfo>
      <DefinitionValueRelation>
        <UUID>11e9ee8d-6bc8-eca6-adac-5bb79093b7ad</UUID>
        <DefinitionValueUUID>a9f9a1ee-3fbd-4ede-9b18-053f0dc02160</DefinitionValueUUID>
      </DefinitionValueRelation>
      <DefinitionBusinessObjectContextRelation>
        <ContextUUID>91eba913-b236-4046-bfee-84f92cfdd37c</ContextUUID>
        <DefinitionObjectUUID>a30d618f-b134-42de-abdb-ffc794c53c17</DefinitionObjectUUID>
        <ValueField>30</ValueField>
      </DefinitionBusinessObjectContextRelation>
      <DefinitionBusinessObjectContextRelation>
        <ContextUUID>6400302a-4da1-4631-90f9-cea0e9e27510</ContextUUID>
        <DefinitionObjectUUID>a30d618f-b134-42de-abdb-ffc794c53c17</DefinitionObjectUUID>
        <ValueField>True</ValueField>
      </DefinitionBusinessObjectContextRelation>
    </ProductPolicyAttribute>
    <ProductPolicyAttribute name="ChequeDate" visibilityLevel="0" mandatory="false" unit="" format="" numberOfDecimals="0" attributeClass=" " type="Standard">
      <UUID>d4ce9785-a54d-4df1-bd3d-be1dcce43286</UUID>
      <SortOrder>99</SortOrder>
      <InputType>Datepicker</InputType>
      <DataType>Date</DataType>
      <MaxLength>4000</MaxLength>
      <MinLength>0</MinLength>
      <ProductTextRelation>
        <ProductTextUUID>198d64d1-72d4-4afd-b5a9-f8eb7f891012</ProductTextUUID>
      </ProductTextRelation>
      <ProductBackendInfo name="Skye.AttributeAlias">
        <UUID>c7623fdb-335f-4f94-ab3d-d1277e6bf5eb</UUID>
        <Info />
      </ProductBackendInfo>
      <ProductBackendInfo name="Skye.AllowValueSetViaUnencryptedURL">
        <UUID>caf76b4e-56a4-4372-b19d-27f4bbbd0611</UUID>
        <Info>False</Info>
      </ProductBackendInfo>
      <ProductBackendInfo name="Skye.Core.DataSecurity">
        <UUID>e215302f-a6b3-45a1-854e-d458bc050206</UUID>
        <Info>Standard</Info>
      </ProductBackendInfo>
      <DefinitionValueRelation>
        <UUID>11e9ee8d-6bc8-eca2-adac-5bb79093b7ad</UUID>
        <DefinitionValueUUID>7fcdc8b6-45ba-451f-aa0e-944d74f4df55</DefinitionValueUUID>
      </DefinitionValueRelation>
      <DefinitionBusinessObjectContextRelation>
        <ContextUUID>89f7c4ab-26da-47ac-bda5-6ed9d162cd80</ContextUUID>
        <DefinitionObjectUUID>d4ce9785-a54d-4df1-bd3d-be1dcce43286</DefinitionObjectUUID>
        <ValueField>40</ValueField>
      </DefinitionBusinessObjectContextRelation>
      <DefinitionBusinessObjectContextRelation>
        <ContextUUID>6400302a-4da1-4631-90f9-cea0e9e27510</ContextUUID>
        <DefinitionObjectUUID>d4ce9785-a54d-4df1-bd3d-be1dcce43286</DefinitionObjectUUID>
        <ValueField>True</ValueField>
      </DefinitionBusinessObjectContextRelation>
    </ProductPolicyAttribute>
    <ProductPolicyAttribute name="PaymentID" visibilityLevel="0" mandatory="false" unit="" format="" numberOfDecimals="0" attributeClass="" type="Standard">
      <UUID>d58d844d-4fe8-40d3-937c-08090b63b27f</UUID>
      <SortOrder>99</SortOrder>
      <InputType>Textbox</InputType>
      <DataType>String</DataType>
      <MaxLength>4000</MaxLength>
      <MinLength>0</MinLength>
      <ProductTextRelation>
        <UUID>a58358be-b352-496c-ae43-fe1622d80e58</UUID>
        <ProductTextUUID>71a64e36-4c79-415f-abfd-398aeca7f9c9</ProductTextUUID>
      </ProductTextRelation>
      <ProductBackendInfo name="Skye.AttributeAlias">
        <UUID>c9b056bc-9396-4269-9201-fde826ab4235</UUID>
        <Info />
      </ProductBackendInfo>
      <ProductBackendInfo name="Skye.Core.DataSecurity">
        <UUID>121cb75d-f291-474f-891a-44ce0796c388</UUID>
        <Info>Standard</Info>
      </ProductBackendInfo>
      <ProductBackendInfo name="Skye.AllowValueSetViaUnencryptedURL">
        <UUID>a698827f-667f-423d-a3dd-c0e78e8724cb</UUID>
        <Info>False</Info>
      </ProductBackendInfo>
      <DefinitionValueRelation>
        <DefinitionValueUUID>80951b78-dfff-4b96-9f1d-a7319a83c28f</DefinitionValueUUID>
      </DefinitionValueRelation>
    </ProductPolicyAttribute>
    <ProductBackendInfo name="Skye.MultibrickType">
      <UUID>647824c3-1cc0-4e62-b9f3-38031503ae92</UUID>
      <Info />
    </ProductBackendInfo>
  </ProductBrick>
  <ProductBrick name="GeneralInsuredObject" visibilityLevel="3" brickClass=" " isAbstract="false" typeId="19">
    <UUID>ad1f020c-59b2-455f-9d75-eb8544ca7e28</UUID>
    <SortOrder>99</SortOrder>
    <MinimumUsage>1</MinimumUsage>
    <MaximumUsage>1</MaximumUsage>
    <InitialUsage>1</InitialUsage>
    <PredecessorBrickUUID />
    <PredecessorBrickName />
    <ProductBackendInfo name="Skye.MultibrickType">
      <UUID>ec308136-edb5-4f33-895b-14e8a97b9dcf</UUID>
      <Info />
    </ProductBackendInfo>
  </ProductBrick>
  <DefinitionDependentLists>
    <DefinitionDependencyDefaultValueList>
      <DefinitionDependencyDefaultValue name="PaymentValue#0">
        <UUID>f3e03579-7b58-42d2-888e-3a2cbed22ce9</UUID>
        <ClientUUID>757d665b-549a-4be6-a06b-11f55c783d62</ClientUUID>
        <Operator>NOT_EQUALS</Operator>
        <SupplierValueUUID>9878705f-2c04-4486-8f6e-1e4d4ce4600c</SupplierValueUUID>
        <RefreshOnChange>true</RefreshOnChange>
        <SupplierReference>ref[Shoppingcart.processModel to MotorCreatePolicy].ref[root.@CurrentProcessObject to Motor].Product.SelectedPackage</SupplierReference>
        <ClientValueUUID>9d3d081c-6de1-438d-a89e-18c1315dfb38</ClientValueUUID>
      </DefinitionDependencyDefaultValue>
    </DefinitionDependencyDefaultValueList>
    <DefinitionDependencyValueRangeList />
    <DefinitionDependencyVisibilityList>
      <DefinitionDependencyVisibility name="setVisible#0">
        <UUID>7bd99ae6-257e-402a-a258-974ce4518d73</UUID>
        <ClientUUID>d4ce9785-a54d-4df1-bd3d-be1dcce43286</ClientUUID>
        <Operator>EQUALS</Operator>
        <SupplierValueUUID>1b239f98-2e7f-4175-8bf6-7aaed51a2ea7</SupplierValueUUID>
        <RefreshOnChange>false</RefreshOnChange>
        <DependencyChangeRefreshPolicy>0</DependencyChangeRefreshPolicy>
        <DefinitionBusinessObjectContextRelation>
          <ContextUUID>c6864d4d-fbe8-4d16-b3ec-6daea6885091</ContextUUID>
          <DefinitionObjectUUID>7bd99ae6-257e-402a-a258-974ce4518d73</DefinitionObjectUUID>
          <ValueField>4</ValueField>
        </DefinitionBusinessObjectContextRelation>
        <SupplierReference>ref[Shoppingcart.processModel to HomeCreatePolicy].ref[root.@CurrentProcessObject to Home].Payment.PaymentOption</SupplierReference>
        <ClientVisibilityLevel>4</ClientVisibilityLevel>
      </DefinitionDependencyVisibility>
      <DefinitionDependencyVisibility name="setVisible#0">
        <UUID>8f0dbde0-19ad-4c07-9814-9f7b1a99b156</UUID>
        <ClientUUID>3dd07448-b5fb-4c11-b115-47641bd9c53d</ClientUUID>
        <Operator>EQUALS</Operator>
        <SupplierValueUUID>fbceb1dc-189b-47ef-8189-ddd2d0d8fd4b</SupplierValueUUID>
        <RefreshOnChange>false</RefreshOnChange>
        <DependencyChangeRefreshPolicy>0</DependencyChangeRefreshPolicy>
        <DefinitionBusinessObjectContextRelation>
          <ContextUUID>c6864d4d-fbe8-4d16-b3ec-6daea6885091</ContextUUID>
          <DefinitionObjectUUID>8f0dbde0-19ad-4c07-9814-9f7b1a99b156</DefinitionObjectUUID>
          <ValueField>4</ValueField>
        </DefinitionBusinessObjectContextRelation>
        <SupplierReference>ref[Shoppingcart.processModel to HomeCreatePolicy].ref[root.@CurrentProcessObject to Home].Payment.PaymentOption</SupplierReference>
        <ClientVisibilityLevel>4</ClientVisibilityLevel>
      </DefinitionDependencyVisibility>
      <DefinitionDependencyVisibility name="setVisible#0">
        <UUID>cc3ec160-a270-4c62-acb4-6b7c586111ba</UUID>
        <ClientUUID>a30d618f-b134-42de-abdb-ffc794c53c17</ClientUUID>
        <Operator>EQUALS</Operator>
        <SupplierValueUUID>aa91fd44-bca0-4d14-b663-74310949aabc</SupplierValueUUID>
        <RefreshOnChange>false</RefreshOnChange>
        <DependencyChangeRefreshPolicy>0</DependencyChangeRefreshPolicy>
        <DefinitionBusinessObjectContextRelation>
          <ContextUUID>c6864d4d-fbe8-4d16-b3ec-6daea6885091</ContextUUID>
          <DefinitionObjectUUID>cc3ec160-a270-4c62-acb4-6b7c586111ba</DefinitionObjectUUID>
          <ValueField>4</ValueField>
        </DefinitionBusinessObjectContextRelation>
        <SupplierReference>ref[Shoppingcart.processModel to HomeCreatePolicy].ref[root.@CurrentProcessObject to Home].Payment.PaymentOption</SupplierReference>
        <ClientVisibilityLevel>4</ClientVisibilityLevel>
      </DefinitionDependencyVisibility>
    </DefinitionDependencyVisibilityList>
    <DefinitionDependencyMandatoryList />
    <DefinitionDependencyToDependencyList />
    <DefinitionDependencyValueRangeFilterValuesList />
    <DefinitionDependencyDataSourceAttributeList />
  </DefinitionDependentLists>
</Product>