﻿<?xml version="1.0" encoding="utf-8"?>
<Product xmlns:xsd="http://www.w3.org/2001/XMLSchema" xmlns:xsi="http://www.w3.org/2001/XMLSchema-instance" name="Home" lastChanged="2019-10-09T14:44:36.3235615Z" implementationClass=" " versionUuid=" " modelType="product" skyeEditorVersion="7.15.0.16">
  <UUID>41beeb58-5243-48ac-8e1d-bb0afc4e6c09</UUID>
  <SortOrder>0</SortOrder>
  <BusinessUnit> </BusinessUnit>
  <Section> </Section>
  <ProductTextList>
    <ProductText name="search.fullTextIndexSearchResult" language="en" country="US">
      <UUID>6790c346-66aa-41a3-8a44-567f4035da5a</UUID>
      <Text>&lt;div class="skyeSearchResultItem"&gt; 
    &lt;h4&gt;
	Home search title
    &lt;/h4&gt;
    &lt;span class="skyeSearchResultItemDesc"&gt;
        Home search description
    &lt;/span&gt;
    &lt;div class="skyeSearchResultItemActions"&gt;  
    &lt;/div&gt; 
&lt;/div&gt; </Text>
    </ProductText>
    <ProductText name="header" language="en" country="US">
      <UUID>b21211ab-bea8-4f23-9a38-891e01b7780b</UUID>
      <Text>Home</Text>
    </ProductText>
    <ProductText name="infoPicture" language="en" country="US">
      <UUID>1478f2f6-f6fb-442d-ad0e-369dda6842c5</UUID>
      <Text>%definitionResource(def[Home], 'en', 'us', 'Home_ProductSelector.jpg')</Text>
    </ProductText>
    <ProductText name="productMarketing" language="en" country="US">
      <UUID>223c501b-fa4a-4210-8cf1-f96840db9883</UUID>
      <Text>&lt;article&gt;
   &lt;header&gt;
       &lt;h3&gt;Home insurance&lt;/h3&gt;
   &lt;/header&gt;
   &lt;section&gt;
       &lt;a href="%{SkyeConfigurationProperty['resourceBaseUrl']}/page/%{SkyeContext['channel']}/en/us/process/enter/HomeCreatePolicy?productId=Home&amp;activeZone=myproduct"&gt;Click to issue&lt;/a&gt;
   &lt;/section&gt;  
&lt;/article&gt;</Text>
    </ProductText>
    <ProductText name="productHeader" language="en" country="US">
      <UUID>547185ce-993a-47b3-81cb-f9d3af25c7ea</UUID>
      <Text>Home</Text>
    </ProductText>
    <ProductText name="short" language="en" country="US">
      <UUID>23e0c1be-10b7-4a97-8793-97f3cfba8680</UUID>
      <Text>Broker</Text>
    </ProductText>
    <ProductText name="short" language="en" country="US">
      <UUID>09cd99da-a754-4e64-aaa7-17a7d7f53b36</UUID>
      <Text>Type of Ownership</Text>
    </ProductText>
    <ProductText name="short" language="en" country="US">
      <UUID>fac5fd5b-b52f-49d5-83e8-4ef8d642b296</UUID>
      <Text>Tenant</Text>
    </ProductText>
    <ProductText name="short" language="en" country="US">
      <UUID>38f714ae-a844-4952-bcb1-5b28fd2aea29</UUID>
      <Text>Owner</Text>
    </ProductText>
    <ProductText name="short" language="en" country="US">
      <UUID>62595750-40b1-41ad-aed5-0c64ab437c77</UUID>
      <Text>Property type</Text>
    </ProductText>
    <ProductText name="short" language="en" country="US">
      <UUID>d98c0931-8ae4-4481-bf48-8983fd8836cd</UUID>
      <Text>Appartment</Text>
    </ProductText>
    <ProductText name="short" language="en" country="US">
      <UUID>948bae54-3bd4-48b1-828a-80d09a82dc2e</UUID>
      <Text>Detached house</Text>
    </ProductText>
    <ProductText name="short" language="en" country="US">
      <UUID>5844e783-8a95-4951-9f39-ab59286f67bf</UUID>
      <Text>Number of roomes</Text>
    </ProductText>
    <ProductText name="short" language="en" country="US">
      <UUID>6ce51521-3f74-4e59-a2c9-59271d31a549</UUID>
      <Text>1 - 1.5</Text>
    </ProductText>
    <ProductText name="short" language="en" country="US">
      <UUID>cf8f2945-b77d-49cf-8ff2-14e9dd88b064</UUID>
      <Text>2 - 2.5</Text>
    </ProductText>
    <ProductText name="short" language="en" country="US">
      <UUID>eaf540ad-9c9b-41a7-a850-0f06ca3faa83</UUID>
      <Text>3 - 3.5</Text>
    </ProductText>
    <ProductText name="short" language="en" country="US">
      <UUID>295d8cb8-9a49-41bc-9f7f-d1652a058114</UUID>
      <Text>4 - 4.5</Text>
    </ProductText>
    <ProductText name="short" language="en" country="US">
      <UUID>d3a61876-9f94-46f4-9652-b087ed56f593</UUID>
      <Text>5 - 5.5</Text>
    </ProductText>
    <ProductText name="short" language="en" country="US">
      <UUID>5e85074c-6025-4179-b5b9-994a654f0d1f</UUID>
      <Text>6 - 6.5</Text>
    </ProductText>
    <ProductText name="short" language="en" country="US">
      <UUID>79ea6e9c-cd33-4a22-8700-66ba7b8e249f</UUID>
      <Text>More</Text>
    </ProductText>
    <ProductText name="placeholder" language="en" country="US">
      <UUID>80bf15ef-286b-4947-8bff-bd11adf007ce</UUID>
      <Text>- Please select -</Text>
    </ProductText>
    <ProductText name="short" language="en" country="US">
      <UUID>77afd041-c641-4cfd-9259-d5129433f954</UUID>
      <Text>Furnishing</Text>
    </ProductText>
    <ProductText name="short" language="en" country="US">
      <UUID>0b9fbc9e-d0aa-4bd5-b818-ce63dbedb45f</UUID>
      <Text>Simple</Text>
    </ProductText>
    <ProductText name="short" language="en" country="US">
      <UUID>8e05fda9-ccf2-4f8f-86c0-b01a860e8d00</UUID>
      <Text>Normal</Text>
    </ProductText>
    <ProductText name="short" language="en" country="US">
      <UUID>60a9d54a-cc11-436f-beab-e610e53b05f3</UUID>
      <Text>Upscale</Text>
    </ProductText>
    <ProductText name="short" language="en" country="US">
      <UUID>134430d1-610b-4987-80df-212a0bf6d37c</UUID>
      <Text>Number of adults</Text>
    </ProductText>
    <ProductText name="short" language="en" country="US">
      <UUID>7b833a57-4714-4044-8d32-53d12ba0ae9a</UUID>
      <Text>Number of children</Text>
    </ProductText>
    <ProductText name="placeholder" language="en" country="US">
      <UUID>bb2e3ca8-c9a5-4a33-8de2-405c8b4159ba</UUID>
      <Text>- Please select -</Text>
    </ProductText>
    <ProductText name="placeholder" language="en" country="US">
      <UUID>3609e8e0-c1a2-432b-9d4b-da4740e12768</UUID>
      <Text>- Please select -</Text>
    </ProductText>
    <ProductText name="placeholder" language="en" country="US">
      <UUID>501f2218-d855-4cdc-9883-f9a32b864b5a</UUID>
      <Text>- Please select -</Text>
    </ProductText>
    <ProductText name="short" language="en" country="US">
      <UUID>f84dee52-0718-4825-b9cd-3b0804f3bc08</UUID>
      <Text>Date of birth</Text>
    </ProductText>
    <ProductText name="short" language="en" country="US">
      <UUID>3494aca1-e0bc-4362-bd21-e3f5598c7fe9</UUID>
      <Text>Price</Text>
    </ProductText>
    <ProductText name="short" language="en" country="US">
      <UUID>7da42c73-5f7c-4cbd-aeac-0de1bb4d3c20</UUID>
      <Text>Country</Text>
    </ProductText>
    <ProductText name="short" language="en" country="US">
      <UUID>f3ae8ec2-93d8-47c8-b6eb-c125e44ab47e</UUID>
      <Text>City</Text>
    </ProductText>
    <ProductText name="short" language="en" country="US">
      <UUID>b6c54085-e312-4f64-8505-681dd6de01de</UUID>
      <Text>Address 1</Text>
    </ProductText>
    <ProductText name="short" language="en" country="US">
      <UUID>6b8d497f-6cbe-4f75-92fe-a42a1e4d16ec</UUID>
      <Text>Address 2</Text>
    </ProductText>
    <ProductText name="header" language="en" country="US">
      <UUID>4ab0af35-a6af-44c1-b2ce-9120ad24ac5a</UUID>
      <Text>Basic information</Text>
    </ProductText>
    <ProductText name="short" language="en" country="US">
      <UUID>e6165364-e390-456d-8af2-eb12e1ea03b9</UUID>
      <Text>First name</Text>
    </ProductText>
    <ProductText name="short" language="en" country="US">
      <UUID>43e53007-a159-4ed1-806f-60be8ebc3ba0</UUID>
      <Text>Last name</Text>
    </ProductText>
  </ProductTextList>
  <ProductValueRangeList>
    <ProductValueRange name="Reference.referencedModelsVR" type="fix">
      <UUID>fa097bb8-f26b-4f12-96e8-b0408fe47068</UUID>
      <DefinitionValueRelation>
        <DefinitionValueUUID>0a1b950a-42b6-4d19-917a-53745686f214</DefinitionValueUUID>
      </DefinitionValueRelation>
    </ProductValueRange>
    <ProductValueRange name="Reference.attributeMappingVR" type="fix">
      <UUID>9c774d8f-fb99-4a62-ae34-c1b56f824461</UUID>
    </ProductValueRange>
    <ProductValueRange name="OwnershipTypeFixVR1" type="fix">
      <UUID>8c322e8b-62c0-4703-b7a4-5e57a640a978</UUID>
      <DefinitionValueRelation>
        <UUID>1cc99dd7-cd48-4aad-8a71-2c942b63bd10</UUID>
        <DefinitionValueUUID>d4e76d0d-98b3-4970-9965-810cc93fa310</DefinitionValueUUID>
      </DefinitionValueRelation>
      <DefinitionValueRelation>
        <UUID>f6246786-9dae-4182-bba2-fbc083928cec</UUID>
        <DefinitionValueUUID>6ec148eb-fdb1-47a6-bc18-0eea54147d62</DefinitionValueUUID>
      </DefinitionValueRelation>
    </ProductValueRange>
    <ProductValueRange name="PropertyTypeFixVR1" type="fix">
      <UUID>17939f75-fec6-4a60-af17-93e0b6d65fac</UUID>
      <DefinitionValueRelation>
        <UUID>00025bfb-42f8-4a84-91e3-477b64c18c4e</UUID>
        <DefinitionValueUUID>78b9f1d4-b639-4976-808c-1f26545d2ffc</DefinitionValueUUID>
      </DefinitionValueRelation>
      <DefinitionValueRelation>
        <UUID>31b0e173-35ac-4e5b-81e3-16a16de60f56</UUID>
        <DefinitionValueUUID>37b3a6c8-b936-4055-9736-812d83127577</DefinitionValueUUID>
      </DefinitionValueRelation>
    </ProductValueRange>
    <ProductValueRange name="NumberOfRoomsFixVR1" type="fix">
      <UUID>f4e27506-c0d4-4796-bd9d-38824cf58279</UUID>
      <DefinitionValueRelation>
        <UUID>5ab8fc6a-e2d1-4a4d-ae3f-90ec3175b783</UUID>
        <DefinitionValueUUID>424a4610-32c5-4c06-a7f0-86b74a16e835</DefinitionValueUUID>
      </DefinitionValueRelation>
      <DefinitionValueRelation>
        <UUID>31a8a056-a392-4480-b773-0030df1ef39a</UUID>
        <DefinitionValueUUID>687d2fa1-bb24-49e1-9b78-279dff9566f4</DefinitionValueUUID>
      </DefinitionValueRelation>
      <DefinitionValueRelation>
        <UUID>4aab6d9f-3629-4f6c-94e2-0f20d9671177</UUID>
        <DefinitionValueUUID>498d45f2-41dd-4df4-a34f-f5073369879d</DefinitionValueUUID>
      </DefinitionValueRelation>
      <DefinitionValueRelation>
        <UUID>f056bc2c-e687-47cc-bfc4-d2c368a7a6a6</UUID>
        <DefinitionValueUUID>99acc057-9d80-4e68-b58b-72c126384bd0</DefinitionValueUUID>
      </DefinitionValueRelation>
      <DefinitionValueRelation>
        <UUID>4010a069-38cb-4682-818c-934495e1dd70</UUID>
        <DefinitionValueUUID>27ba280a-eb7f-4125-a6ea-59c7a54029fd</DefinitionValueUUID>
      </DefinitionValueRelation>
      <DefinitionValueRelation>
        <UUID>2ca05c78-ffff-48ea-9b1f-c39b41137adc</UUID>
        <DefinitionValueUUID>f91cbaf3-33d0-431a-82ae-d4c7d1abcf1b</DefinitionValueUUID>
      </DefinitionValueRelation>
      <DefinitionValueRelation>
        <UUID>693828ac-b876-417c-a01b-1a6277c71331</UUID>
        <DefinitionValueUUID>b6a38c5e-58e9-450d-8c85-cbb92c8805f8</DefinitionValueUUID>
      </DefinitionValueRelation>
    </ProductValueRange>
    <ProductValueRange name="FurnishingFixVR1" type="fix">
      <UUID>90fc4567-5e89-4903-b4bc-422c8c18272c</UUID>
      <DefinitionValueRelation>
        <UUID>f9c2425b-6c45-4fc9-8ec0-1ae1b7fec4ae</UUID>
        <DefinitionValueUUID>03dee019-ebbe-447f-87a3-81593abc9530</DefinitionValueUUID>
      </DefinitionValueRelation>
      <DefinitionValueRelation>
        <UUID>9999bfc3-e587-4ed9-8802-2cc36d070e49</UUID>
        <DefinitionValueUUID>0f13f4b5-b53e-4a75-bb09-387940bd79eb</DefinitionValueUUID>
      </DefinitionValueRelation>
      <DefinitionValueRelation>
        <UUID>5b143452-7ec7-4e22-8359-5fcbaf4a6948</UUID>
        <DefinitionValueUUID>74be9c08-d305-474b-90ca-b0b3917dee3b</DefinitionValueUUID>
      </DefinitionValueRelation>
    </ProductValueRange>
    <ProductValueRange name="NumOfAdultsFixVR1" type="fix">
      <UUID>a9693b5f-3c0d-4cd6-9735-db93384ebf54</UUID>
      <DefinitionValueRelation>
        <UUID>efeda8c4-6313-4208-bcdc-dcffa5e1e07b</UUID>
        <DefinitionValueUUID>9bc54bda-12af-44aa-828c-38097ab781f2</DefinitionValueUUID>
      </DefinitionValueRelation>
      <DefinitionValueRelation>
        <UUID>b0647032-8488-48bf-ba4c-5a492102e4f0</UUID>
        <DefinitionValueUUID>3c37300b-842e-4a00-a5a9-9417817aa9f2</DefinitionValueUUID>
      </DefinitionValueRelation>
      <DefinitionValueRelation>
        <UUID>27f7d309-c39a-4a18-a4fa-8a87759c25e9</UUID>
        <DefinitionValueUUID>ab9f63b7-d27b-4e23-adec-9250dba7348f</DefinitionValueUUID>
      </DefinitionValueRelation>
      <DefinitionValueRelation>
        <UUID>678f9a83-9d76-4e94-aec0-1056df3fcd25</UUID>
        <DefinitionValueUUID>f9f0135e-13f8-42e9-8808-2b44747e0a37</DefinitionValueUUID>
      </DefinitionValueRelation>
      <DefinitionValueRelation>
        <UUID>ef4aed66-7937-4839-a600-2f477f117c03</UUID>
        <DefinitionValueUUID>2c21b544-4439-4d54-ab31-84dc1e75285e</DefinitionValueUUID>
      </DefinitionValueRelation>
      <DefinitionValueRelation>
        <UUID>22cfff70-9b41-421e-bb6b-ecc549d2d3d1</UUID>
        <DefinitionValueUUID>ffc2296d-5ff7-430a-a2a3-398d7bc92bf3</DefinitionValueUUID>
      </DefinitionValueRelation>
      <DefinitionValueRelation>
        <UUID>f8928562-90b4-4b2e-a7ce-229fdccd2052</UUID>
        <DefinitionValueUUID>e07b593a-eb9d-4369-8d2f-e1cf5399db53</DefinitionValueUUID>
      </DefinitionValueRelation>
      <DefinitionValueRelation>
        <UUID>97f1bdbf-a91e-43e1-9aaa-54df0473aec6</UUID>
        <DefinitionValueUUID>215f8118-bdd5-4dd6-bb21-1f3ac1b33d6a</DefinitionValueUUID>
      </DefinitionValueRelation>
      <DefinitionValueRelation>
        <UUID>da472cef-6ef9-4ba0-a956-20bfc0fa8637</UUID>
        <DefinitionValueUUID>9fc9f2a3-a1db-4455-beaf-dee6f9ccb093</DefinitionValueUUID>
      </DefinitionValueRelation>
      <DefinitionValueRelation>
        <UUID>3bdf7bd8-1076-4925-9624-4a7b03736181</UUID>
        <DefinitionValueUUID>298bf0ae-dfef-44ee-8079-c86f29e0f521</DefinitionValueUUID>
      </DefinitionValueRelation>
    </ProductValueRange>
    <ProductValueRange name="NumOfChildrenFixVR1" type="fix">
      <UUID>25d5851e-4b38-451e-b6a5-db0fa34ccd46</UUID>
      <DefinitionValueRelation>
        <UUID>3c9db7a9-a086-462e-a19e-0a0b7db8b006</UUID>
        <DefinitionValueUUID>39c18d75-6031-4593-845b-e58c258233b1</DefinitionValueUUID>
      </DefinitionValueRelation>
      <DefinitionValueRelation>
        <UUID>ce75db03-9a3f-4d79-a92b-41dfa06fcb2e</UUID>
        <DefinitionValueUUID>bc65ae92-d9af-4e12-8c69-b739a2ce2334</DefinitionValueUUID>
      </DefinitionValueRelation>
      <DefinitionValueRelation>
        <UUID>eb41be4e-6298-4dbf-9c2c-63f72b33a2fc</UUID>
        <DefinitionValueUUID>77c93943-1af6-4446-a4a6-1fd7aa32d033</DefinitionValueUUID>
      </DefinitionValueRelation>
      <DefinitionValueRelation>
        <UUID>d18b6be2-da04-4119-a8d5-df4ac653eca8</UUID>
        <DefinitionValueUUID>5df3e893-7951-4cb5-b938-ab72857337e9</DefinitionValueUUID>
      </DefinitionValueRelation>
      <DefinitionValueRelation>
        <UUID>54b44adb-0cf5-418a-a6bd-1261259c49ed</UUID>
        <DefinitionValueUUID>b9298f4e-fa41-4280-9e4f-98d0857253d7</DefinitionValueUUID>
      </DefinitionValueRelation>
      <DefinitionValueRelation>
        <UUID>14f273e5-3901-4319-8ef4-7892c8c30ec8</UUID>
        <DefinitionValueUUID>be7a42dc-3f77-4d21-a389-8eec366d40ab</DefinitionValueUUID>
      </DefinitionValueRelation>
      <DefinitionValueRelation>
        <UUID>f2e47df6-0a8e-4448-afb3-42abaa1fbedb</UUID>
        <DefinitionValueUUID>d9763bca-753a-4e9f-99fd-b56396dc1b2a</DefinitionValueUUID>
      </DefinitionValueRelation>
      <DefinitionValueRelation>
        <UUID>60a87bbd-8f50-482b-891e-d2ca8e7dbb27</UUID>
        <DefinitionValueUUID>422bd946-ce5d-4ec1-9779-5febc0efee10</DefinitionValueUUID>
      </DefinitionValueRelation>
      <DefinitionValueRelation>
        <UUID>e7b6b96a-2326-4578-a3aa-77dc62b212d5</UUID>
        <DefinitionValueUUID>cb17f01c-6373-42aa-8d96-146a2030aac2</DefinitionValueUUID>
      </DefinitionValueRelation>
      <DefinitionValueRelation>
        <UUID>480f9ded-b936-479e-95be-b83eab79a61c</UUID>
        <DefinitionValueUUID>924ccd45-0a60-48b7-807b-3af60ec064f0</DefinitionValueUUID>
      </DefinitionValueRelation>
    </ProductValueRange>
    <ProductValueRange name="Reference.referencedModelsVR" type="fix">
      <UUID>e40f6d17-c837-4a80-a74a-50686ed99934</UUID>
      <DefinitionValueRelation>
        <UUID>4e8d772b-53f7-42aa-b10d-6cf396ac2708</UUID>
        <DefinitionValueUUID>6d5b9943-8b99-42d3-aaf2-098460d7c2bf</DefinitionValueUUID>
      </DefinitionValueRelation>
    </ProductValueRange>
    <ProductValueRange name="Reference.referencedModelsVR" type="fix">
      <UUID>16a6690b-4eef-4647-b5fe-47ed256d5db9</UUID>
      <DefinitionValueRelation>
        <UUID>27769a80-8e79-41f4-b641-9a3c8bd1c0ba</UUID>
        <DefinitionValueUUID>f04f7b6b-35c4-475d-9727-0d0c0f340cec</DefinitionValueUUID>
      </DefinitionValueRelation>
    </ProductValueRange>
  </ProductValueRangeList>
  <DefinitionBusinessObjectContextList>
    <DefinitionBusinessObjectContext name="HomeCreatePolicy:QuickQuote-callcenter-callcenter">
      <UUID>e0f03851-738e-49f0-a7ae-c011fc55eeca</UUID>
      <SubclassId>visibilityLevelContext</SubclassId>
      <ValueField>4</ValueField>
    </DefinitionBusinessObjectContext>
    <DefinitionBusinessObjectContext name="HomeCreatePolicy:QuickQuote-callcenter-callcenter">
      <UUID>1266f440-6f41-4a14-8d79-d7eebb104735</UUID>
      <SubclassId>isMandatoryContext</SubclassId>
      <ValueField>True</ValueField>
    </DefinitionBusinessObjectContext>
    <DefinitionBusinessObjectContext name="HomeCreatePolicy:QuickQuote-callcenter-callcenter">
      <UUID>117c2a56-f47e-4f31-ab40-beb063bf1bbc</UUID>
      <SubclassId>sortOrderContext</SubclassId>
      <ValueField>10</ValueField>
    </DefinitionBusinessObjectContext>
    <DefinitionBusinessObjectContext name="HomeCreatePolicy:QuickQuote-callcenter-callcenter">
      <UUID>5e13d5e9-bd69-4078-8b5e-5eeae6eb83e5</UUID>
      <SubclassId>sortOrderContext</SubclassId>
      <ValueField>20</ValueField>
    </DefinitionBusinessObjectContext>
    <DefinitionBusinessObjectContext name="HomeCreatePolicy:QuickQuote-callcenter-callcenter">
      <UUID>836f9f7a-38f7-47ab-a7f0-cc544d97cb09</UUID>
      <SubclassId>sortOrderContext</SubclassId>
      <ValueField>30</ValueField>
    </DefinitionBusinessObjectContext>
    <DefinitionBusinessObjectContext name="HomeCreatePolicy:QuickQuote-callcenter-callcenter">
      <UUID>e583be51-b9bb-4109-9b77-a78d657ab35b</UUID>
      <SubclassId>sortOrderContext</SubclassId>
      <ValueField>40</ValueField>
    </DefinitionBusinessObjectContext>
    <DefinitionBusinessObjectContext name="HomeCreatePolicy:QuickQuote-callcenter-callcenter">
      <UUID>59deabf6-3605-434e-8404-0657e9bf27d9</UUID>
      <SubclassId>sortOrderContext</SubclassId>
      <ValueField>50</ValueField>
    </DefinitionBusinessObjectContext>
    <DefinitionBusinessObjectContext name="HomeCreatePolicy:QuickQuote-callcenter-callcenter">
      <UUID>be989475-e40e-4aa9-9473-dd9bc0319a47</UUID>
      <SubclassId>sortOrderContext</SubclassId>
      <ValueField>60</ValueField>
    </DefinitionBusinessObjectContext>
    <DefinitionBusinessObjectContext name="HomeCreatePolicy:QuickQuote-callcenter-callcenter">
      <UUID>e7231500-642a-403a-9c71-126e4c5f3685</UUID>
      <SubclassId>sortOrderContext</SubclassId>
      <ValueField>70</ValueField>
    </DefinitionBusinessObjectContext>
    <DefinitionBusinessObjectContext name="HomeCreatePolicy:QuickQuote-callcenter-callcenter">
      <UUID>9fe64d34-a76a-45c9-8986-f56c069f1379</UUID>
      <SubclassId>visibilityLevelContext</SubclassId>
      <ValueField>2</ValueField>
    </DefinitionBusinessObjectContext>
    <DefinitionBusinessObjectContext name="HomeCreatePolicy:QuickQuote-callcenter-callcenter">
      <UUID>08986ecf-32e8-40fe-9b16-c5c0ef585818</UUID>
      <SubclassId>sortOrderContext</SubclassId>
      <ValueField>80</ValueField>
    </DefinitionBusinessObjectContext>
    <DefinitionBusinessObjectContext name="HomeCreatePolicy:Details-callcenter-callcenter">
      <UUID>97c3903e-efc9-44d5-9bbc-3147cea52984</UUID>
      <SubclassId>visibilityLevelContext</SubclassId>
      <ValueField>4</ValueField>
    </DefinitionBusinessObjectContext>
    <DefinitionBusinessObjectContext name="HomeCreatePolicy:Details-callcenter-callcenter">
      <UUID>54daaf5b-c576-4e82-b7bf-a02dac35c961</UUID>
      <SubclassId>visibilityLevelContext</SubclassId>
      <ValueField>2</ValueField>
    </DefinitionBusinessObjectContext>
    <DefinitionBusinessObjectContext name="HomeCreatePolicy:Details-callcenter-callcenter">
      <UUID>08442fc5-aa09-4b33-8353-5bafe545d815</UUID>
      <SubclassId>sortOrderContext</SubclassId>
      <ValueField>10</ValueField>
    </DefinitionBusinessObjectContext>
    <DefinitionBusinessObjectContext name="HomeCreatePolicy:Details-callcenter-callcenter">
      <UUID>6278d0c8-68c6-449b-8646-345ee5bffb69</UUID>
      <SubclassId>sortOrderContext</SubclassId>
      <ValueField>20</ValueField>
    </DefinitionBusinessObjectContext>
    <DefinitionBusinessObjectContext name="HomeCreatePolicy:Details-callcenter-callcenter">
      <UUID>e66148e0-2be5-4c87-bf06-87578becbe83</UUID>
      <SubclassId>sortOrderContext</SubclassId>
      <ValueField>30</ValueField>
    </DefinitionBusinessObjectContext>
  </DefinitionBusinessObjectContextList>
  <DefinitionResourceList>
    <DefinitionResource name="matrix_150_85_jpg" language="en" country="US">
      <UUID>41feef08-7ad9-406a-96f0-810c63af9b3c</UUID>
      <resourceName>matrix_150_85.jpg</resourceName>
      <resourceType>resource</resourceType>
    </DefinitionResource>
    <DefinitionResource name="matrix_50_46_jpg" language="en" country="US">
      <UUID>9d40afb5-2c61-4c11-8720-c306405591d4</UUID>
      <resourceName>matrix_50_46.jpg</resourceName>
      <resourceType>resource</resourceType>
    </DefinitionResource>
    <DefinitionResource name="Home_ProductSelector_jpg" language="en" country="US">
      <UUID>f5a48249-e0b0-4342-94cc-d5a18dbc15c8</UUID>
      <resourceName>Home_ProductSelector.jpg</resourceName>
      <resourceType>resource</resourceType>
    </DefinitionResource>
  </DefinitionResourceList>
  <AbstractProductBrickList />
  <ProductValueList>
    <ProductValue name="AE-AHPA-Q%{AccidentAndHealth.quoteId-&gt;shortOrFormattedValue}" type="value">
      <UUID>c4b7e850-0a39-4316-8db7-b7cecb6b3dfa</UUID>
      <SortOrder>0</SortOrder>
      <Value>AE-AHPA-Q%{AccidentAndHealth.quoteId-&gt;shortOrFormattedValue}</Value>
    </ProductValue>
    <ProductValue name="ShoppingcartItem" type="value">
      <UUID>0a1b950a-42b6-4d19-917a-53745686f214</UUID>
      <SortOrder>0</SortOrder>
      <Value />
    </ProductValue>
    <ProductValue name="delete=ignore,copy=setnull" type="value">
      <UUID>6d46b338-decf-4f89-a34f-b8516159ae82</UUID>
      <SortOrder>0</SortOrder>
      <Value />
    </ProductValue>
    <ProductValue name="true" type="value">
      <UUID>bb7dfbb9-31e8-4ca4-a6a5-9cccc619386d</UUID>
      <SortOrder>0</SortOrder>
      <Value>true</Value>
    </ProductValue>
    <ProductValue name="tenant" type="value">
      <UUID>97216af7-f341-4883-8f6e-fd71f7b31c2d</UUID>
      <SortOrder>0</SortOrder>
      <Value>tenant</Value>
    </ProductValue>
    <ProductValue name="tenant" type="value">
      <UUID>d4e76d0d-98b3-4970-9965-810cc93fa310</UUID>
      <SortOrder>0</SortOrder>
      <Value>tenant</Value>
      <ProductTextRelation>
        <UUID>8f31ee15-5d53-4107-b637-12fa0f550a9e</UUID>
        <ProductTextUUID>fac5fd5b-b52f-49d5-83e8-4ef8d642b296</ProductTextUUID>
      </ProductTextRelation>
    </ProductValue>
    <ProductValue name="owner" type="value">
      <UUID>6ec148eb-fdb1-47a6-bc18-0eea54147d62</UUID>
      <SortOrder>1</SortOrder>
      <Value>owner</Value>
      <ProductTextRelation>
        <UUID>f687375b-1629-4d18-bfc8-1c5e84cf0a71</UUID>
        <ProductTextUUID>38f714ae-a844-4952-bcb1-5b28fd2aea29</ProductTextUUID>
      </ProductTextRelation>
    </ProductValue>
    <ProductValue name="appartment" type="value">
      <UUID>b60fd532-04bc-4afe-b101-80841fbd6b51</UUID>
      <SortOrder>0</SortOrder>
      <Value>appartment</Value>
    </ProductValue>
    <ProductValue name="appartment" type="value">
      <UUID>78b9f1d4-b639-4976-808c-1f26545d2ffc</UUID>
      <SortOrder>0</SortOrder>
      <Value>appartment</Value>
      <ProductTextRelation>
        <UUID>9b76271c-4e8b-48bd-b38b-7b44abe1f18f</UUID>
        <ProductTextUUID>d98c0931-8ae4-4481-bf48-8983fd8836cd</ProductTextUUID>
      </ProductTextRelation>
    </ProductValue>
    <ProductValue name="detachedhouse" type="value">
      <UUID>37b3a6c8-b936-4055-9736-812d83127577</UUID>
      <SortOrder>1</SortOrder>
      <Value>detachedhouse</Value>
      <ProductTextRelation>
        <UUID>fd6adae4-fed4-4eac-80dc-3f723d78066a</UUID>
        <ProductTextUUID>948bae54-3bd4-48b1-828a-80d09a82dc2e</ProductTextUUID>
      </ProductTextRelation>
    </ProductValue>
    <ProductValue name="" type="value">
      <UUID>e4f35c08-78a9-4334-9cf0-3283b7893c91</UUID>
      <SortOrder>0</SortOrder>
      <Value />
    </ProductValue>
    <ProductValue name="1_15" type="value">
      <UUID>424a4610-32c5-4c06-a7f0-86b74a16e835</UUID>
      <SortOrder>0</SortOrder>
      <Value>1_15</Value>
      <ProductTextRelation>
        <UUID>3d0bf236-da8d-4a80-aafe-410fafcc47d5</UUID>
        <ProductTextUUID>6ce51521-3f74-4e59-a2c9-59271d31a549</ProductTextUUID>
      </ProductTextRelation>
    </ProductValue>
    <ProductValue name="2_25" type="value">
      <UUID>687d2fa1-bb24-49e1-9b78-279dff9566f4</UUID>
      <SortOrder>1</SortOrder>
      <Value>2_25</Value>
      <ProductTextRelation>
        <UUID>fd55014e-311b-482b-a14d-7757d6a63584</UUID>
        <ProductTextUUID>cf8f2945-b77d-49cf-8ff2-14e9dd88b064</ProductTextUUID>
      </ProductTextRelation>
    </ProductValue>
    <ProductValue name="3_35" type="value">
      <UUID>498d45f2-41dd-4df4-a34f-f5073369879d</UUID>
      <SortOrder>2</SortOrder>
      <Value>3_35</Value>
      <ProductTextRelation>
        <UUID>d0d216ff-7bd3-4978-9a9b-65d5fdab6f30</UUID>
        <ProductTextUUID>eaf540ad-9c9b-41a7-a850-0f06ca3faa83</ProductTextUUID>
      </ProductTextRelation>
    </ProductValue>
    <ProductValue name="4_45" type="value">
      <UUID>99acc057-9d80-4e68-b58b-72c126384bd0</UUID>
      <SortOrder>3</SortOrder>
      <Value>4_45</Value>
      <ProductTextRelation>
        <UUID>d0cf8856-4c85-4329-b99e-ced5f6514c7a</UUID>
        <ProductTextUUID>295d8cb8-9a49-41bc-9f7f-d1652a058114</ProductTextUUID>
      </ProductTextRelation>
    </ProductValue>
    <ProductValue name="5_55" type="value">
      <UUID>27ba280a-eb7f-4125-a6ea-59c7a54029fd</UUID>
      <SortOrder>4</SortOrder>
      <Value>5_55</Value>
      <ProductTextRelation>
        <UUID>6223b742-c9fe-4780-a400-3e49ca65cc30</UUID>
        <ProductTextUUID>d3a61876-9f94-46f4-9652-b087ed56f593</ProductTextUUID>
      </ProductTextRelation>
    </ProductValue>
    <ProductValue name="6_65" type="value">
      <UUID>f91cbaf3-33d0-431a-82ae-d4c7d1abcf1b</UUID>
      <SortOrder>5</SortOrder>
      <Value>6_65</Value>
      <ProductTextRelation>
        <UUID>f5c30c8f-19d6-432f-ad0e-371911fce0e5</UUID>
        <ProductTextUUID>5e85074c-6025-4179-b5b9-994a654f0d1f</ProductTextUUID>
      </ProductTextRelation>
    </ProductValue>
    <ProductValue name="7+" type="value">
      <UUID>b6a38c5e-58e9-450d-8c85-cbb92c8805f8</UUID>
      <SortOrder>6</SortOrder>
      <Value>7+</Value>
      <ProductTextRelation>
        <UUID>48752fe7-81f9-4a83-ae3d-72d20ccd0602</UUID>
        <ProductTextUUID>79ea6e9c-cd33-4a22-8700-66ba7b8e249f</ProductTextUUID>
      </ProductTextRelation>
    </ProductValue>
    <ProductValue name="" type="value">
      <UUID>a6573edf-6284-4bb3-9916-9c66a2f374d9</UUID>
      <SortOrder>0</SortOrder>
      <Value />
    </ProductValue>
    <ProductValue name="simp" type="value">
      <UUID>03dee019-ebbe-447f-87a3-81593abc9530</UUID>
      <SortOrder>0</SortOrder>
      <Value>simp</Value>
      <ProductTextRelation>
        <UUID>67e3169c-57ec-4585-bad9-9833e5d7133f</UUID>
        <ProductTextUUID>0b9fbc9e-d0aa-4bd5-b818-ce63dbedb45f</ProductTextUUID>
      </ProductTextRelation>
    </ProductValue>
    <ProductValue name="norm" type="value">
      <UUID>0f13f4b5-b53e-4a75-bb09-387940bd79eb</UUID>
      <SortOrder>2</SortOrder>
      <Value>norm</Value>
      <ProductTextRelation>
        <UUID>57725511-e95e-42ee-90c4-b10c8e6d8834</UUID>
        <ProductTextUUID>8e05fda9-ccf2-4f8f-86c0-b01a860e8d00</ProductTextUUID>
      </ProductTextRelation>
    </ProductValue>
    <ProductValue name="ups" type="value">
      <UUID>74be9c08-d305-474b-90ca-b0b3917dee3b</UUID>
      <SortOrder>3</SortOrder>
      <Value>ups</Value>
      <ProductTextRelation>
        <UUID>74156a2d-8395-462d-a6f4-f82160e3f2d9</UUID>
        <ProductTextUUID>60a9d54a-cc11-436f-beab-e610e53b05f3</ProductTextUUID>
      </ProductTextRelation>
    </ProductValue>
    <ProductValue name="" type="value">
      <UUID>43ecd541-8607-4801-812d-5dcb87bfeb9b</UUID>
      <SortOrder>0</SortOrder>
      <Value />
    </ProductValue>
    <ProductValue name="1" type="value">
      <UUID>9bc54bda-12af-44aa-828c-38097ab781f2</UUID>
      <SortOrder>1</SortOrder>
      <Value>1</Value>
    </ProductValue>
    <ProductValue name="2" type="value">
      <UUID>3c37300b-842e-4a00-a5a9-9417817aa9f2</UUID>
      <SortOrder>2</SortOrder>
      <Value>2</Value>
    </ProductValue>
    <ProductValue name="3" type="value">
      <UUID>ab9f63b7-d27b-4e23-adec-9250dba7348f</UUID>
      <SortOrder>3</SortOrder>
      <Value>3</Value>
    </ProductValue>
    <ProductValue name="4" type="value">
      <UUID>f9f0135e-13f8-42e9-8808-2b44747e0a37</UUID>
      <SortOrder>4</SortOrder>
      <Value>4</Value>
    </ProductValue>
    <ProductValue name="5" type="value">
      <UUID>2c21b544-4439-4d54-ab31-84dc1e75285e</UUID>
      <SortOrder>5</SortOrder>
      <Value>5</Value>
    </ProductValue>
    <ProductValue name="6" type="value">
      <UUID>ffc2296d-5ff7-430a-a2a3-398d7bc92bf3</UUID>
      <SortOrder>6</SortOrder>
      <Value>6</Value>
    </ProductValue>
    <ProductValue name="7" type="value">
      <UUID>e07b593a-eb9d-4369-8d2f-e1cf5399db53</UUID>
      <SortOrder>7</SortOrder>
      <Value>7</Value>
    </ProductValue>
    <ProductValue name="8" type="value">
      <UUID>215f8118-bdd5-4dd6-bb21-1f3ac1b33d6a</UUID>
      <SortOrder>8</SortOrder>
      <Value>8</Value>
    </ProductValue>
    <ProductValue name="9" type="value">
      <UUID>9fc9f2a3-a1db-4455-beaf-dee6f9ccb093</UUID>
      <SortOrder>9</SortOrder>
      <Value>9</Value>
    </ProductValue>
    <ProductValue name="10" type="value">
      <UUID>298bf0ae-dfef-44ee-8079-c86f29e0f521</UUID>
      <SortOrder>10</SortOrder>
      <Value>10</Value>
    </ProductValue>
    <ProductValue name="" type="value">
      <UUID>6c827e2b-5025-4133-8a55-98552f90cef4</UUID>
      <SortOrder>0</SortOrder>
      <Value />
    </ProductValue>
    <ProductValue name="1" type="value">
      <UUID>39c18d75-6031-4593-845b-e58c258233b1</UUID>
      <SortOrder>1</SortOrder>
      <Value>1</Value>
    </ProductValue>
    <ProductValue name="2" type="value">
      <UUID>bc65ae92-d9af-4e12-8c69-b739a2ce2334</UUID>
      <SortOrder>2</SortOrder>
      <Value>2</Value>
    </ProductValue>
    <ProductValue name="3" type="value">
      <UUID>77c93943-1af6-4446-a4a6-1fd7aa32d033</UUID>
      <SortOrder>3</SortOrder>
      <Value>3</Value>
    </ProductValue>
    <ProductValue name="4" type="value">
      <UUID>5df3e893-7951-4cb5-b938-ab72857337e9</UUID>
      <SortOrder>4</SortOrder>
      <Value>4</Value>
    </ProductValue>
    <ProductValue name="5" type="value">
      <UUID>b9298f4e-fa41-4280-9e4f-98d0857253d7</UUID>
      <SortOrder>5</SortOrder>
      <Value>5</Value>
    </ProductValue>
    <ProductValue name="6" type="value">
      <UUID>be7a42dc-3f77-4d21-a389-8eec366d40ab</UUID>
      <SortOrder>6</SortOrder>
      <Value>6</Value>
    </ProductValue>
    <ProductValue name="7" type="value">
      <UUID>d9763bca-753a-4e9f-99fd-b56396dc1b2a</UUID>
      <SortOrder>7</SortOrder>
      <Value>7</Value>
    </ProductValue>
    <ProductValue name="8" type="value">
      <UUID>422bd946-ce5d-4ec1-9779-5febc0efee10</UUID>
      <SortOrder>8</SortOrder>
      <Value>8</Value>
    </ProductValue>
    <ProductValue name="9" type="value">
      <UUID>cb17f01c-6373-42aa-8d96-146a2030aac2</UUID>
      <SortOrder>9</SortOrder>
      <Value>9</Value>
    </ProductValue>
    <ProductValue name="10" type="value">
      <UUID>924ccd45-0a60-48b7-807b-3af60ec064f0</UUID>
      <SortOrder>10</SortOrder>
      <Value>10</Value>
    </ProductValue>
    <ProductValue name="" type="value">
      <UUID>cd2cfd99-0a15-4fa0-b09b-90e410592411</UUID>
      <SortOrder>0</SortOrder>
      <Value />
    </ProductValue>
    <ProductValue name="100.00 USD" type="value">
      <UUID>ea950f68-bd31-4039-804d-ca38ede2bdc2</UUID>
      <SortOrder>0</SortOrder>
      <Value>100.00 USD</Value>
    </ProductValue>
    <ProductValue name="" type="value">
      <UUID>5b05b708-0ab6-462f-96eb-a14469329780</UUID>
      <SortOrder>0</SortOrder>
      <Value />
    </ProductValue>
    <ProductValue name="" type="value">
      <UUID>410bbc87-1099-4770-bbfd-4d9f97daf28f</UUID>
      <SortOrder>0</SortOrder>
      <Value />
    </ProductValue>
    <ProductValue name="" type="value">
      <UUID>f3f30930-80a6-4ab2-8849-21ce46b1521a</UUID>
      <SortOrder>0</SortOrder>
      <Value />
    </ProductValue>
    <ProductValue name="" type="value">
      <UUID>da38ce88-b0e4-4f17-a19f-c9ec43b85cc3</UUID>
      <SortOrder>0</SortOrder>
      <Value />
    </ProductValue>
    <ProductValue name="" type="value">
      <UUID>be6f4ba9-4fe4-4768-98f7-80d9e32c15ca</UUID>
      <SortOrder>0</SortOrder>
      <Value />
    </ProductValue>
    <ProductValue name="HomeCreatePolicyCreateQuickQuoteUIDef" type="value">
      <UUID>6d5b9943-8b99-42d3-aaf2-098460d7c2bf</UUID>
      <SortOrder>0</SortOrder>
      <Value />
    </ProductValue>
    <ProductValue name="" type="value">
      <UUID>bceea56b-9e74-4d2e-b1af-dfa3ba6537a9</UUID>
      <SortOrder>0</SortOrder>
      <Value />
    </ProductValue>
    <ProductValue name="HomeCreatePolicyDetailsUIDef" type="value">
      <UUID>f04f7b6b-35c4-475d-9727-0d0c0f340cec</UUID>
      <SortOrder>0</SortOrder>
      <Value />
    </ProductValue>
    <ProductValue name="" type="value">
      <UUID>b4cde197-6e82-498b-bdc0-febcac01e0f3</UUID>
      <SortOrder>0</SortOrder>
      <Value />
    </ProductValue>
    <ProductValue name="" type="value">
      <UUID>fb8dc3b3-e3e3-459c-8a4c-ae80bd69537d</UUID>
      <SortOrder>0</SortOrder>
      <Value />
    </ProductValue>
  </ProductValueList>
  <ProductPolicyAttribute name="shoppingcartItemRef" visibilityLevel="0" mandatory="false" unit=" " format=" " numberOfDecimals="0" attributeClass=" " type="Reference">
    <UUID>bc641892-9407-47a2-932c-a3a0245831bf</UUID>
    <SortOrder>99</SortOrder>
    <InputType>Textbox</InputType>
    <DataType>shoppingcartitem</DataType>
    <MaxLength>4000</MaxLength>
    <MinLength>0</MinLength>
    <ProductValueRangeRelation>
      <UUID>d03c511d-f2f6-458a-9ec1-a4814fdcd285</UUID>
      <SortOrder>0</SortOrder>
      <ProductValueRangeUUID>fa097bb8-f26b-4f12-96e8-b0408fe47068</ProductValueRangeUUID>
    </ProductValueRangeRelation>
    <ProductValueRangeRelation>
      <UUID>7e5f02ba-5b92-4ff0-8f81-54c84a449947</UUID>
      <SortOrder>99</SortOrder>
      <ProductValueRangeUUID>9c774d8f-fb99-4a62-ae34-c1b56f824461</ProductValueRangeUUID>
    </ProductValueRangeRelation>
    <ProductBackendInfo name="Skye.AttributeAlias">
      <UUID>5ce2e401-5797-4dac-8893-46ac936c8d97</UUID>
      <Info />
    </ProductBackendInfo>
    <ProductBackendInfo name="Skye.AllowValueSetViaUnencryptedURL">
      <UUID>99995915-2cca-45ee-9508-bea2019ee8b0</UUID>
      <Info>False</Info>
    </ProductBackendInfo>
    <ProductBackendInfo name="Skye.Core.DataSecurity">
      <UUID>ecdedf5f-192d-4559-bbe0-f23142a30732</UUID>
      <Info>Standard</Info>
    </ProductBackendInfo>
    <ProductBackendInfo name="Skye.Reference.CopyBehavior">
      <UUID>6a4a4ce1-34c8-45d8-9c54-e790ff307bfa</UUID>
      <Info>setnull</Info>
    </ProductBackendInfo>
    <ProductBackendInfo name="Skye.Reference.DeleteBehavior">
      <UUID>e10c6c9d-608a-4463-8670-8e5cd8e5c546</UUID>
      <Info>ignore</Info>
    </ProductBackendInfo>
    <ProductBackendInfo name="Skye.Reference.SetReferenceBehaviour">
      <UUID>a6419857-2928-497c-b316-768fd6b887cb</UUID>
      <Info>ByUuid</Info>
    </ProductBackendInfo>
    <ProductBackendInfo name="Skye.Reference.SearchTextType">
      <UUID>9f3de86d-694b-4bb0-8ee8-bea95fede969</UUID>
      <Info />
    </ProductBackendInfo>
    <ProductBackendInfo name="Skye.Reference.ShouldCopyValues">
      <UUID>6177f68b-1df2-4531-bfa1-654bcdc5b84b</UUID>
      <Info>false</Info>
    </ProductBackendInfo>
    <ProductBackendInfo name="Skye.Reference.CheckValidity">
      <UUID>7a2b3786-9a20-4e62-90ad-44c298a209d5</UUID>
      <Info>false</Info>
    </ProductBackendInfo>
    <ProductBackendInfo name="Skye.MaximumNumberOfSearchResults">
      <UUID>d3c98dd0-9dc8-41be-910a-fe7e900918bf</UUID>
      <Info>20</Info>
    </ProductBackendInfo>
    <ProductBackendInfo name="Skye.Reference.DisplayValidationError">
      <UUID>6f1b655a-0ee0-4ed0-bff6-fb7f4d9825d8</UUID>
      <Info>False</Info>
    </ProductBackendInfo>
    <ProductBackendInfo name="Skye.CharsToTriggerSearch">
      <UUID>71bcfcdc-8153-4504-8a72-fe8f9942c66e</UUID>
      <Info>3</Info>
    </ProductBackendInfo>
    <DefinitionValueRelation>
      <DefinitionValueUUID>6d46b338-decf-4f89-a34f-b8516159ae82</DefinitionValueUUID>
    </DefinitionValueRelation>
  </ProductPolicyAttribute>
  <ProductPolicyAttribute name="@ReadyForFullTextIndex" visibilityLevel="0" mandatory="false" unit=" " format=" " numberOfDecimals="0" attributeClass=" " type="Standard">
    <UUID>53d33331-6f26-44d7-8038-5441ba371247</UUID>
    <SortOrder>99</SortOrder>
    <InputType>Textbox</InputType>
    <DataType>String</DataType>
    <MaxLength>4000</MaxLength>
    <MinLength>0</MinLength>
    <ProductBackendInfo name="Skye.AttributeAlias">
      <UUID>2d9c643e-370d-4769-b1c2-f277a57caf14</UUID>
      <Info />
    </ProductBackendInfo>
    <ProductBackendInfo name="Skye.AllowValueSetViaUnencryptedURL">
      <UUID>6ce3cc3c-1235-430d-86d9-302cdb45ebc1</UUID>
      <Info>False</Info>
    </ProductBackendInfo>
    <ProductBackendInfo name="Skye.Core.DataSecurity">
      <UUID>47b0a470-6c8d-4b03-809a-7b96423df489</UUID>
      <Info>Standard</Info>
    </ProductBackendInfo>
    <DefinitionValueRelation>
      <UUID>0eb4f578-cc71-4501-8132-fd3aa6bb38ee</UUID>
      <DefinitionValueUUID>bb7dfbb9-31e8-4ca4-a6a5-9cccc619386d</DefinitionValueUUID>
    </DefinitionValueRelation>
  </ProductPolicyAttribute>
  <ProductTextRelation>
    <ProductTextUUID>6790c346-66aa-41a3-8a44-567f4035da5a</ProductTextUUID>
  </ProductTextRelation>
  <ProductTextRelation>
    <ProductTextUUID>b21211ab-bea8-4f23-9a38-891e01b7780b</ProductTextUUID>
  </ProductTextRelation>
  <ProductTextRelation>
    <ProductTextUUID>1478f2f6-f6fb-442d-ad0e-369dda6842c5</ProductTextUUID>
  </ProductTextRelation>
  <ProductTextRelation>
    <ProductTextUUID>223c501b-fa4a-4210-8cf1-f96840db9883</ProductTextUUID>
  </ProductTextRelation>
  <ProductTextRelation>
    <ProductTextUUID>547185ce-993a-47b3-81cb-f9d3af25c7ea</ProductTextUUID>
  </ProductTextRelation>
  <ProductBrick name="Customer" visibilityLevel="3" brickClass="com.innoveo.skye.business.model.extension.brick.PartnerReferenceCopyBrickExtension" isAbstract="false" typeId="19">
    <UUID>25143622-d17b-44b7-b24c-17cdafc70f19</UUID>
    <SortOrder>1</SortOrder>
    <MinimumUsage>1</MinimumUsage>
    <MaximumUsage>1</MaximumUsage>
    <InitialUsage>1</InitialUsage>
    <ProductPolicyAttribute name="Country" visibilityLevel="0" mandatory="true" unit="" format="" numberOfDecimals="0" attributeClass="" type="Standard">
      <UUID>2432b1af-8969-4689-bed1-38a331b6a567</UUID>
      <SortOrder>10</SortOrder>
      <InputType>Textbox</InputType>
      <DataType>String</DataType>
      <MaxLength>4000</MaxLength>
      <MinLength>0</MinLength>
      <ProductTextRelation>
        <UUID>ebfbb366-e28f-4e98-8646-e7c04cbb9bf9</UUID>
        <ProductTextUUID>7da42c73-5f7c-4cbd-aeac-0de1bb4d3c20</ProductTextUUID>
      </ProductTextRelation>
      <ProductBackendInfo name="Skye.AttributeAlias">
        <UUID>3af49ab9-6144-4bfb-85cf-524a02407d3a</UUID>
        <Info />
      </ProductBackendInfo>
      <ProductBackendInfo name="Skye.Core.DataSecurity">
        <UUID>18d97d63-b46d-4b8c-b74c-71391f70db1a</UUID>
        <Info>Standard</Info>
      </ProductBackendInfo>
      <ProductBackendInfo name="Skye.AllowValueSetViaUnencryptedURL">
        <UUID>e55f2743-9e7c-46bf-8099-fb0a0f71ff3b</UUID>
        <Info>False</Info>
      </ProductBackendInfo>
      <ProductBackendInfo name="Skye.DisplayGroups">
        <UUID>184519b6-f662-4365-99d8-15386c2710f7</UUID>
        <Info>CustomerAddressDetails</Info>
      </ProductBackendInfo>
      <DefinitionValueRelation>
        <DefinitionValueUUID>5b05b708-0ab6-462f-96eb-a14469329780</DefinitionValueUUID>
      </DefinitionValueRelation>
      <DefinitionBusinessObjectContextRelation>
        <ContextUUID>97c3903e-efc9-44d5-9bbc-3147cea52984</ContextUUID>
        <DefinitionObjectUUID>2432b1af-8969-4689-bed1-38a331b6a567</DefinitionObjectUUID>
      </DefinitionBusinessObjectContextRelation>
    </ProductPolicyAttribute>
    <ProductPolicyAttribute name="City" visibilityLevel="0" mandatory="true" unit="" format="" numberOfDecimals="0" attributeClass="" type="Standard">
      <UUID>3395d92f-2c42-4996-9201-408bb5b25b7e</UUID>
      <SortOrder>20</SortOrder>
      <InputType>Textbox</InputType>
      <DataType>String</DataType>
      <MaxLength>4000</MaxLength>
      <MinLength>0</MinLength>
      <ProductTextRelation>
        <UUID>99c42a40-67b1-4c38-9dcd-9972c0e123d3</UUID>
        <ProductTextUUID>f3ae8ec2-93d8-47c8-b6eb-c125e44ab47e</ProductTextUUID>
      </ProductTextRelation>
      <ProductBackendInfo name="Skye.AttributeAlias">
        <UUID>4f695975-2f9e-4db7-bbee-8c29e92d184d</UUID>
        <Info />
      </ProductBackendInfo>
      <ProductBackendInfo name="Skye.Core.DataSecurity">
        <UUID>83132ced-940b-4f93-a13b-0176564e4be1</UUID>
        <Info>Standard</Info>
      </ProductBackendInfo>
      <ProductBackendInfo name="Skye.AllowValueSetViaUnencryptedURL">
        <UUID>735f2551-8c26-47a8-a47a-21a311f45e80</UUID>
        <Info>False</Info>
      </ProductBackendInfo>
      <ProductBackendInfo name="Skye.DisplayGroups">
        <UUID>aad1c248-7f1d-41fe-bed8-9b55a9950a6e</UUID>
        <Info>CustomerAddressDetails</Info>
      </ProductBackendInfo>
      <DefinitionValueRelation>
        <DefinitionValueUUID>410bbc87-1099-4770-bbfd-4d9f97daf28f</DefinitionValueUUID>
      </DefinitionValueRelation>
      <DefinitionBusinessObjectContextRelation>
        <ContextUUID>97c3903e-efc9-44d5-9bbc-3147cea52984</ContextUUID>
        <DefinitionObjectUUID>3395d92f-2c42-4996-9201-408bb5b25b7e</DefinitionObjectUUID>
      </DefinitionBusinessObjectContextRelation>
    </ProductPolicyAttribute>
    <ProductPolicyAttribute name="Address1" visibilityLevel="0" mandatory="true" unit="" format="" numberOfDecimals="0" attributeClass="" type="Standard">
      <UUID>82eb145d-4056-411e-9397-601ab17b550b</UUID>
      <SortOrder>30</SortOrder>
      <InputType>Textbox</InputType>
      <DataType>String</DataType>
      <MaxLength>4000</MaxLength>
      <MinLength>0</MinLength>
      <ProductTextRelation>
        <UUID>01ae2b51-13c6-471c-8482-00989b62bce9</UUID>
        <ProductTextUUID>b6c54085-e312-4f64-8505-681dd6de01de</ProductTextUUID>
      </ProductTextRelation>
      <ProductBackendInfo name="Skye.AttributeAlias">
        <UUID>136ad3b0-8ae5-4c29-887e-4892a87d5de5</UUID>
        <Info />
      </ProductBackendInfo>
      <ProductBackendInfo name="Skye.Core.DataSecurity">
        <UUID>52617134-58cb-4479-a239-81c3b0e77c27</UUID>
        <Info>Standard</Info>
      </ProductBackendInfo>
      <ProductBackendInfo name="Skye.AllowValueSetViaUnencryptedURL">
        <UUID>bdfa8270-b4db-473f-b250-c372938263a2</UUID>
        <Info>False</Info>
      </ProductBackendInfo>
      <ProductBackendInfo name="Skye.DisplayGroups">
        <UUID>21253c45-eb8b-4fc9-a727-65e742d46938</UUID>
        <Info>CustomerAddressDetails</Info>
      </ProductBackendInfo>
      <DefinitionValueRelation>
        <DefinitionValueUUID>f3f30930-80a6-4ab2-8849-21ce46b1521a</DefinitionValueUUID>
      </DefinitionValueRelation>
      <DefinitionBusinessObjectContextRelation>
        <ContextUUID>97c3903e-efc9-44d5-9bbc-3147cea52984</ContextUUID>
        <DefinitionObjectUUID>82eb145d-4056-411e-9397-601ab17b550b</DefinitionObjectUUID>
      </DefinitionBusinessObjectContextRelation>
    </ProductPolicyAttribute>
    <ProductPolicyAttribute name="Address2" visibilityLevel="0" mandatory="false" unit="" format="" numberOfDecimals="0" attributeClass="" type="Standard">
      <UUID>a52967ca-34c3-4819-857d-7dfd210e8b53</UUID>
      <SortOrder>40</SortOrder>
      <InputType>Textbox</InputType>
      <DataType>String</DataType>
      <MaxLength>4000</MaxLength>
      <MinLength>0</MinLength>
      <ProductTextRelation>
        <UUID>6c5b0ff6-812f-4619-8dc8-769a505d6df6</UUID>
        <ProductTextUUID>6b8d497f-6cbe-4f75-92fe-a42a1e4d16ec</ProductTextUUID>
      </ProductTextRelation>
      <ProductBackendInfo name="Skye.AttributeAlias">
        <UUID>b6af66e8-da80-4741-8744-b317df91f4a3</UUID>
        <Info />
      </ProductBackendInfo>
      <ProductBackendInfo name="Skye.Core.DataSecurity">
        <UUID>74950aa0-3d7b-4de2-b0e1-1f1a66f25230</UUID>
        <Info>Standard</Info>
      </ProductBackendInfo>
      <ProductBackendInfo name="Skye.AllowValueSetViaUnencryptedURL">
        <UUID>7c331b19-aa95-414f-bf4b-dc72f5994cd9</UUID>
        <Info>False</Info>
      </ProductBackendInfo>
      <ProductBackendInfo name="Skye.DisplayGroups">
        <UUID>36faf135-a1bd-4329-a79d-af4ff0f6053a</UUID>
        <Info>CustomerAddressDetails</Info>
      </ProductBackendInfo>
      <DefinitionValueRelation>
        <DefinitionValueUUID>da38ce88-b0e4-4f17-a19f-c9ec43b85cc3</DefinitionValueUUID>
      </DefinitionValueRelation>
      <DefinitionBusinessObjectContextRelation>
        <ContextUUID>97c3903e-efc9-44d5-9bbc-3147cea52984</ContextUUID>
        <DefinitionObjectUUID>a52967ca-34c3-4819-857d-7dfd210e8b53</DefinitionObjectUUID>
      </DefinitionBusinessObjectContextRelation>
    </ProductPolicyAttribute>
    <ProductBackendInfo name="Skye.MultibrickType">
      <UUID>2b3e077f-4964-431e-8690-f9f0dd155608</UUID>
      <Info />
    </ProductBackendInfo>
  </ProductBrick>
  <ProductBrick name="Product" visibilityLevel="3" brickClass=" " isAbstract="false" typeId="0">
    <UUID>4d1322a2-ed69-4a26-9990-4e3bfa97c9fe</UUID>
    <SortOrder>2</SortOrder>
    <MinimumUsage>1</MinimumUsage>
    <MaximumUsage>1</MaximumUsage>
    <InitialUsage>1</InitialUsage>
    <ProductPolicyAttribute name="OwnershipType" visibilityLevel="0" mandatory="false" unit="" format="" numberOfDecimals="0" attributeClass="" type="Standard">
      <UUID>9fa4b409-0a58-4211-bbae-6f225c89eadf</UUID>
      <SortOrder>99</SortOrder>
      <InputType>RadioButton</InputType>
      <DataType>String</DataType>
      <MaxLength>4000</MaxLength>
      <MinLength>0</MinLength>
      <ProductTextRelation>
        <UUID>d5ba4e1e-c4df-45d8-838d-5851d9367c67</UUID>
        <ProductTextUUID>09cd99da-a754-4e64-aaa7-17a7d7f53b36</ProductTextUUID>
      </ProductTextRelation>
      <ProductValueRangeRelation>
        <UUID>de2f69c8-d740-4562-a531-29b3db544c85</UUID>
        <SortOrder>99</SortOrder>
        <ProductValueRangeUUID>8c322e8b-62c0-4703-b7a4-5e57a640a978</ProductValueRangeUUID>
      </ProductValueRangeRelation>
      <ProductBackendInfo name="Skye.AttributeAlias">
        <UUID>4fdc3410-7a92-4fea-90ea-c63a54e5e4ec</UUID>
        <Info />
      </ProductBackendInfo>
      <ProductBackendInfo name="Skye.Core.DataSecurity">
        <UUID>57ddbf6e-5c37-4287-9a1c-561a6616f9c2</UUID>
        <Info>Standard</Info>
      </ProductBackendInfo>
      <ProductBackendInfo name="Skye.AllowValueSetViaUnencryptedURL">
        <UUID>852a837f-8942-4315-898d-d7c9b8f7eb62</UUID>
        <Info>False</Info>
      </ProductBackendInfo>
      <ProductBackendInfo name="Skye.InputTypeOrientation">
        <UUID>18004c99-86c6-4dcd-8ae7-742647be36ed</UUID>
        <Info>horizontal</Info>
      </ProductBackendInfo>
      <ProductBackendInfo name="Skye.DisplayGroups">
        <UUID>1bf0daae-e4df-4e6c-a659-0ee86c670da4</UUID>
        <Info>BasicInformation</Info>
      </ProductBackendInfo>
      <DefinitionValueRelation>
        <DefinitionValueUUID>97216af7-f341-4883-8f6e-fd71f7b31c2d</DefinitionValueUUID>
      </DefinitionValueRelation>
      <DefinitionBusinessObjectContextRelation>
        <ContextUUID>e0f03851-738e-49f0-a7ae-c011fc55eeca</ContextUUID>
        <DefinitionObjectUUID>9fa4b409-0a58-4211-bbae-6f225c89eadf</DefinitionObjectUUID>
      </DefinitionBusinessObjectContextRelation>
      <DefinitionBusinessObjectContextRelation>
        <ContextUUID>1266f440-6f41-4a14-8d79-d7eebb104735</ContextUUID>
        <DefinitionObjectUUID>9fa4b409-0a58-4211-bbae-6f225c89eadf</DefinitionObjectUUID>
      </DefinitionBusinessObjectContextRelation>
      <DefinitionBusinessObjectContextRelation>
        <ContextUUID>117c2a56-f47e-4f31-ab40-beb063bf1bbc</ContextUUID>
        <DefinitionObjectUUID>9fa4b409-0a58-4211-bbae-6f225c89eadf</DefinitionObjectUUID>
      </DefinitionBusinessObjectContextRelation>
    </ProductPolicyAttribute>
    <ProductPolicyAttribute name="PropertyType" visibilityLevel="0" mandatory="false" unit="" format="" numberOfDecimals="0" attributeClass="" type="Standard">
      <UUID>f4edf09e-626c-418b-8f30-4edadd10e5a1</UUID>
      <SortOrder>99</SortOrder>
      <InputType>RadioButton</InputType>
      <DataType>String</DataType>
      <MaxLength>4000</MaxLength>
      <MinLength>0</MinLength>
      <ProductTextRelation>
        <UUID>4101e2a2-3326-41f9-b395-debdf53359d7</UUID>
        <ProductTextUUID>62595750-40b1-41ad-aed5-0c64ab437c77</ProductTextUUID>
      </ProductTextRelation>
      <ProductValueRangeRelation>
        <UUID>3b0f9023-6de6-4a7c-9ebb-645941e7fd5f</UUID>
        <SortOrder>99</SortOrder>
        <ProductValueRangeUUID>17939f75-fec6-4a60-af17-93e0b6d65fac</ProductValueRangeUUID>
      </ProductValueRangeRelation>
      <ProductBackendInfo name="Skye.AttributeAlias">
        <UUID>ba2730f3-7093-48c8-9851-7365119b5515</UUID>
        <Info />
      </ProductBackendInfo>
      <ProductBackendInfo name="Skye.Core.DataSecurity">
        <UUID>337d0ec5-e90d-4376-8987-b2a8381138fb</UUID>
        <Info>Standard</Info>
      </ProductBackendInfo>
      <ProductBackendInfo name="Skye.AllowValueSetViaUnencryptedURL">
        <UUID>40941186-df86-46f7-9dfa-54918e419cf7</UUID>
        <Info>False</Info>
      </ProductBackendInfo>
      <ProductBackendInfo name="Skye.InputTypeOrientation">
        <UUID>77093086-994e-4332-a97e-b49297b14ed0</UUID>
        <Info>horizontal</Info>
      </ProductBackendInfo>
      <ProductBackendInfo name="Skye.DisplayGroups">
        <UUID>d678bb75-b509-4867-ac80-095c2f20bb74</UUID>
        <Info>BasicInformation</Info>
      </ProductBackendInfo>
      <DefinitionValueRelation>
        <DefinitionValueUUID>b60fd532-04bc-4afe-b101-80841fbd6b51</DefinitionValueUUID>
      </DefinitionValueRelation>
      <DefinitionBusinessObjectContextRelation>
        <ContextUUID>e0f03851-738e-49f0-a7ae-c011fc55eeca</ContextUUID>
        <DefinitionObjectUUID>f4edf09e-626c-418b-8f30-4edadd10e5a1</DefinitionObjectUUID>
      </DefinitionBusinessObjectContextRelation>
      <DefinitionBusinessObjectContextRelation>
        <ContextUUID>1266f440-6f41-4a14-8d79-d7eebb104735</ContextUUID>
        <DefinitionObjectUUID>f4edf09e-626c-418b-8f30-4edadd10e5a1</DefinitionObjectUUID>
      </DefinitionBusinessObjectContextRelation>
      <DefinitionBusinessObjectContextRelation>
        <ContextUUID>5e13d5e9-bd69-4078-8b5e-5eeae6eb83e5</ContextUUID>
        <DefinitionObjectUUID>f4edf09e-626c-418b-8f30-4edadd10e5a1</DefinitionObjectUUID>
      </DefinitionBusinessObjectContextRelation>
    </ProductPolicyAttribute>
    <ProductPolicyAttribute name="NumberOfRooms" visibilityLevel="0" mandatory="false" unit="" format="" numberOfDecimals="0" attributeClass="" type="Standard">
      <UUID>19ae5186-af70-4c19-a3a4-a87789ca5b77</UUID>
      <SortOrder>99</SortOrder>
      <InputType>DropdownList</InputType>
      <DataType>String</DataType>
      <MaxLength>4000</MaxLength>
      <MinLength>0</MinLength>
      <ProductTextRelation>
        <UUID>a4f3c25d-0846-4024-80b2-adf2ac6d1a03</UUID>
        <ProductTextUUID>5844e783-8a95-4951-9f39-ab59286f67bf</ProductTextUUID>
      </ProductTextRelation>
      <ProductTextRelation>
        <UUID>80974da3-cbbb-451b-9c26-d112109c9914</UUID>
        <ProductTextUUID>80bf15ef-286b-4947-8bff-bd11adf007ce</ProductTextUUID>
      </ProductTextRelation>
      <ProductValueRangeRelation>
        <UUID>14e39aea-0b6d-490d-a116-724804859d73</UUID>
        <SortOrder>99</SortOrder>
        <ProductValueRangeUUID>f4e27506-c0d4-4796-bd9d-38824cf58279</ProductValueRangeUUID>
      </ProductValueRangeRelation>
      <ProductBackendInfo name="Skye.AttributeAlias">
        <UUID>fb5378bd-90b3-4cd1-8dd6-8b4d759f9bac</UUID>
        <Info />
      </ProductBackendInfo>
      <ProductBackendInfo name="Skye.Core.DataSecurity">
        <UUID>d16507c4-870f-4829-aec7-22c775f1c25c</UUID>
        <Info>Standard</Info>
      </ProductBackendInfo>
      <ProductBackendInfo name="Skye.AllowValueSetViaUnencryptedURL">
        <UUID>672a9484-2039-4bbc-9e1f-032bb2ec792d</UUID>
        <Info>False</Info>
      </ProductBackendInfo>
      <ProductBackendInfo name="Skye.DisplayGroups">
        <UUID>d3507059-5b2f-4c4c-91dd-eda5a425e7f5</UUID>
        <Info>BasicInformation</Info>
      </ProductBackendInfo>
      <DefinitionValueRelation>
        <DefinitionValueUUID>e4f35c08-78a9-4334-9cf0-3283b7893c91</DefinitionValueUUID>
      </DefinitionValueRelation>
      <DefinitionBusinessObjectContextRelation>
        <ContextUUID>e0f03851-738e-49f0-a7ae-c011fc55eeca</ContextUUID>
        <DefinitionObjectUUID>19ae5186-af70-4c19-a3a4-a87789ca5b77</DefinitionObjectUUID>
      </DefinitionBusinessObjectContextRelation>
      <DefinitionBusinessObjectContextRelation>
        <ContextUUID>836f9f7a-38f7-47ab-a7f0-cc544d97cb09</ContextUUID>
        <DefinitionObjectUUID>19ae5186-af70-4c19-a3a4-a87789ca5b77</DefinitionObjectUUID>
      </DefinitionBusinessObjectContextRelation>
      <DefinitionBusinessObjectContextRelation>
        <ContextUUID>1266f440-6f41-4a14-8d79-d7eebb104735</ContextUUID>
        <DefinitionObjectUUID>19ae5186-af70-4c19-a3a4-a87789ca5b77</DefinitionObjectUUID>
      </DefinitionBusinessObjectContextRelation>
    </ProductPolicyAttribute>
    <ProductPolicyAttribute name="Furnishing" visibilityLevel="0" mandatory="false" unit="" format="" numberOfDecimals="0" attributeClass="" type="Standard">
      <UUID>6b77abbf-58df-48cf-9760-5351f097064d</UUID>
      <SortOrder>99</SortOrder>
      <InputType>DropdownList</InputType>
      <DataType>String</DataType>
      <MaxLength>4000</MaxLength>
      <MinLength>0</MinLength>
      <ProductTextRelation>
        <UUID>124cd501-6b7c-44f3-b760-82884df3c291</UUID>
        <ProductTextUUID>77afd041-c641-4cfd-9259-d5129433f954</ProductTextUUID>
      </ProductTextRelation>
      <ProductTextRelation>
        <UUID>0768addb-31c4-434f-bfb7-4f73835c85b5</UUID>
        <ProductTextUUID>501f2218-d855-4cdc-9883-f9a32b864b5a</ProductTextUUID>
      </ProductTextRelation>
      <ProductValueRangeRelation>
        <UUID>97dfd766-1762-4db9-bc94-d1e4a60c2ef2</UUID>
        <SortOrder>99</SortOrder>
        <ProductValueRangeUUID>90fc4567-5e89-4903-b4bc-422c8c18272c</ProductValueRangeUUID>
      </ProductValueRangeRelation>
      <ProductBackendInfo name="Skye.AttributeAlias">
        <UUID>942c7379-3036-4306-a418-687a32eccb67</UUID>
        <Info />
      </ProductBackendInfo>
      <ProductBackendInfo name="Skye.Core.DataSecurity">
        <UUID>7b31d791-3736-4414-9303-9309b2dc1d94</UUID>
        <Info>Standard</Info>
      </ProductBackendInfo>
      <ProductBackendInfo name="Skye.AllowValueSetViaUnencryptedURL">
        <UUID>90eb9380-f9b9-4174-b231-040726cc5fe4</UUID>
        <Info>False</Info>
      </ProductBackendInfo>
      <ProductBackendInfo name="Skye.DisplayGroups">
        <UUID>e0802dc3-9ca4-475c-aa27-6fdbbb4bdc62</UUID>
        <Info>BasicInformation</Info>
      </ProductBackendInfo>
      <DefinitionValueRelation>
        <DefinitionValueUUID>a6573edf-6284-4bb3-9916-9c66a2f374d9</DefinitionValueUUID>
      </DefinitionValueRelation>
      <DefinitionBusinessObjectContextRelation>
        <ContextUUID>e583be51-b9bb-4109-9b77-a78d657ab35b</ContextUUID>
        <DefinitionObjectUUID>6b77abbf-58df-48cf-9760-5351f097064d</DefinitionObjectUUID>
      </DefinitionBusinessObjectContextRelation>
      <DefinitionBusinessObjectContextRelation>
        <ContextUUID>1266f440-6f41-4a14-8d79-d7eebb104735</ContextUUID>
        <DefinitionObjectUUID>6b77abbf-58df-48cf-9760-5351f097064d</DefinitionObjectUUID>
      </DefinitionBusinessObjectContextRelation>
      <DefinitionBusinessObjectContextRelation>
        <ContextUUID>e0f03851-738e-49f0-a7ae-c011fc55eeca</ContextUUID>
        <DefinitionObjectUUID>6b77abbf-58df-48cf-9760-5351f097064d</DefinitionObjectUUID>
      </DefinitionBusinessObjectContextRelation>
    </ProductPolicyAttribute>
    <ProductPolicyAttribute name="NumOfAdults" visibilityLevel="0" mandatory="false" unit="" format="" numberOfDecimals="0" attributeClass="" type="Standard">
      <UUID>5fafff26-ac06-4bf6-9af6-85a8d1547988</UUID>
      <SortOrder>99</SortOrder>
      <InputType>DropdownList</InputType>
      <DataType>String</DataType>
      <MaxLength>4000</MaxLength>
      <MinLength>0</MinLength>
      <ProductTextRelation>
        <UUID>450e78e3-447a-42c1-839b-1b00830a32cb</UUID>
        <ProductTextUUID>134430d1-610b-4987-80df-212a0bf6d37c</ProductTextUUID>
      </ProductTextRelation>
      <ProductTextRelation>
        <UUID>4b3496b4-5342-408a-83b5-04937ac70b7e</UUID>
        <ProductTextUUID>3609e8e0-c1a2-432b-9d4b-da4740e12768</ProductTextUUID>
      </ProductTextRelation>
      <ProductValueRangeRelation>
        <UUID>542f745f-36d8-401a-97b2-50f17f630637</UUID>
        <SortOrder>99</SortOrder>
        <ProductValueRangeUUID>a9693b5f-3c0d-4cd6-9735-db93384ebf54</ProductValueRangeUUID>
      </ProductValueRangeRelation>
      <ProductBackendInfo name="Skye.AttributeAlias">
        <UUID>3ac2eac6-78d7-44f3-9d52-946100cb7c8a</UUID>
        <Info />
      </ProductBackendInfo>
      <ProductBackendInfo name="Skye.Core.DataSecurity">
        <UUID>65d7efdc-4db2-4bfb-a641-341a671f4c1b</UUID>
        <Info>Standard</Info>
      </ProductBackendInfo>
      <ProductBackendInfo name="Skye.AllowValueSetViaUnencryptedURL">
        <UUID>2589d3ba-879a-46b0-959b-d96c15b0a88a</UUID>
        <Info>False</Info>
      </ProductBackendInfo>
      <ProductBackendInfo name="Skye.DisplayGroups">
        <UUID>591706d9-017b-4384-beef-8ba61d0ad101</UUID>
        <Info>BasicInformation</Info>
      </ProductBackendInfo>
      <DefinitionValueRelation>
        <DefinitionValueUUID>43ecd541-8607-4801-812d-5dcb87bfeb9b</DefinitionValueUUID>
      </DefinitionValueRelation>
      <DefinitionBusinessObjectContextRelation>
        <ContextUUID>e0f03851-738e-49f0-a7ae-c011fc55eeca</ContextUUID>
        <DefinitionObjectUUID>5fafff26-ac06-4bf6-9af6-85a8d1547988</DefinitionObjectUUID>
      </DefinitionBusinessObjectContextRelation>
      <DefinitionBusinessObjectContextRelation>
        <ContextUUID>59deabf6-3605-434e-8404-0657e9bf27d9</ContextUUID>
        <DefinitionObjectUUID>5fafff26-ac06-4bf6-9af6-85a8d1547988</DefinitionObjectUUID>
      </DefinitionBusinessObjectContextRelation>
      <DefinitionBusinessObjectContextRelation>
        <ContextUUID>1266f440-6f41-4a14-8d79-d7eebb104735</ContextUUID>
        <DefinitionObjectUUID>5fafff26-ac06-4bf6-9af6-85a8d1547988</DefinitionObjectUUID>
      </DefinitionBusinessObjectContextRelation>
    </ProductPolicyAttribute>
    <ProductPolicyAttribute name="NumOfChildren" visibilityLevel="0" mandatory="false" unit="" format="" numberOfDecimals="0" attributeClass="" type="Standard">
      <UUID>b2b5be88-5742-468b-af26-9cc3aeb83cfb</UUID>
      <SortOrder>99</SortOrder>
      <InputType>DropdownList</InputType>
      <DataType>String</DataType>
      <MaxLength>4000</MaxLength>
      <MinLength>0</MinLength>
      <ProductTextRelation>
        <UUID>23e36336-72e8-4f61-8997-ac0807beb2df</UUID>
        <ProductTextUUID>7b833a57-4714-4044-8d32-53d12ba0ae9a</ProductTextUUID>
      </ProductTextRelation>
      <ProductTextRelation>
        <UUID>2c7c274e-6a6f-45e5-999b-2ffe49ae87c0</UUID>
        <ProductTextUUID>bb2e3ca8-c9a5-4a33-8de2-405c8b4159ba</ProductTextUUID>
      </ProductTextRelation>
      <ProductValueRangeRelation>
        <UUID>5c604b7f-4421-49ce-a223-2ccd695fce84</UUID>
        <SortOrder>99</SortOrder>
        <ProductValueRangeUUID>25d5851e-4b38-451e-b6a5-db0fa34ccd46</ProductValueRangeUUID>
      </ProductValueRangeRelation>
      <ProductBackendInfo name="Skye.AttributeAlias">
        <UUID>23e48eb4-24b1-4b9c-b245-6905de3f976b</UUID>
        <Info />
      </ProductBackendInfo>
      <ProductBackendInfo name="Skye.Core.DataSecurity">
        <UUID>135060cc-f038-4422-80b2-5a33ff88fff3</UUID>
        <Info>Standard</Info>
      </ProductBackendInfo>
      <ProductBackendInfo name="Skye.AllowValueSetViaUnencryptedURL">
        <UUID>6abeb01c-e30d-4879-a586-73a54fcd5367</UUID>
        <Info>False</Info>
      </ProductBackendInfo>
      <ProductBackendInfo name="Skye.DisplayGroups">
        <UUID>f59200c3-9fa9-424a-b3ec-73a78c095148</UUID>
        <Info>BasicInformation</Info>
      </ProductBackendInfo>
      <DefinitionValueRelation>
        <DefinitionValueUUID>6c827e2b-5025-4133-8a55-98552f90cef4</DefinitionValueUUID>
      </DefinitionValueRelation>
      <DefinitionBusinessObjectContextRelation>
        <ContextUUID>1266f440-6f41-4a14-8d79-d7eebb104735</ContextUUID>
        <DefinitionObjectUUID>b2b5be88-5742-468b-af26-9cc3aeb83cfb</DefinitionObjectUUID>
      </DefinitionBusinessObjectContextRelation>
      <DefinitionBusinessObjectContextRelation>
        <ContextUUID>be989475-e40e-4aa9-9473-dd9bc0319a47</ContextUUID>
        <DefinitionObjectUUID>b2b5be88-5742-468b-af26-9cc3aeb83cfb</DefinitionObjectUUID>
      </DefinitionBusinessObjectContextRelation>
      <DefinitionBusinessObjectContextRelation>
        <ContextUUID>e0f03851-738e-49f0-a7ae-c011fc55eeca</ContextUUID>
        <DefinitionObjectUUID>b2b5be88-5742-468b-af26-9cc3aeb83cfb</DefinitionObjectUUID>
      </DefinitionBusinessObjectContextRelation>
    </ProductPolicyAttribute>
    <ProductPolicyAttribute name="DateOfBirth" visibilityLevel="0" mandatory="false" unit="" format="" numberOfDecimals="0" attributeClass="" type="Standard">
      <UUID>489710c0-bc9a-42f3-8d16-96991760ecc4</UUID>
      <SortOrder>99</SortOrder>
      <InputType>Datepicker</InputType>
      <DataType>String</DataType>
      <MaxLength>4000</MaxLength>
      <MinLength>0</MinLength>
      <ProductTextRelation>
        <UUID>2c837cfe-0c7c-48e7-a581-262844296d83</UUID>
        <ProductTextUUID>f84dee52-0718-4825-b9cd-3b0804f3bc08</ProductTextUUID>
      </ProductTextRelation>
      <ProductBackendInfo name="Skye.AttributeAlias">
        <UUID>c8c9b913-d423-4ae6-bc1b-3bc5eb7502c0</UUID>
        <Info />
      </ProductBackendInfo>
      <ProductBackendInfo name="Skye.Core.DataSecurity">
        <UUID>d2ada1c3-86d2-4830-a122-db80b4eed2b6</UUID>
        <Info>Standard</Info>
      </ProductBackendInfo>
      <ProductBackendInfo name="Skye.AllowValueSetViaUnencryptedURL">
        <UUID>c4f25f15-7e5e-4ac6-a9f2-7a49f8867ec1</UUID>
        <Info>False</Info>
      </ProductBackendInfo>
      <ProductBackendInfo name="Skye.DisplayGroups">
        <UUID>0f0a4741-f1b0-4291-950c-94e021e7b2e2</UUID>
        <Info>BasicInformation;CustomerDetails</Info>
      </ProductBackendInfo>
      <DefinitionValueRelation>
        <DefinitionValueUUID>cd2cfd99-0a15-4fa0-b09b-90e410592411</DefinitionValueUUID>
      </DefinitionValueRelation>
      <DefinitionBusinessObjectContextRelation>
        <ContextUUID>e0f03851-738e-49f0-a7ae-c011fc55eeca</ContextUUID>
        <DefinitionObjectUUID>489710c0-bc9a-42f3-8d16-96991760ecc4</DefinitionObjectUUID>
      </DefinitionBusinessObjectContextRelation>
      <DefinitionBusinessObjectContextRelation>
        <ContextUUID>e7231500-642a-403a-9c71-126e4c5f3685</ContextUUID>
        <DefinitionObjectUUID>489710c0-bc9a-42f3-8d16-96991760ecc4</DefinitionObjectUUID>
      </DefinitionBusinessObjectContextRelation>
      <DefinitionBusinessObjectContextRelation>
        <ContextUUID>1266f440-6f41-4a14-8d79-d7eebb104735</ContextUUID>
        <DefinitionObjectUUID>489710c0-bc9a-42f3-8d16-96991760ecc4</DefinitionObjectUUID>
      </DefinitionBusinessObjectContextRelation>
      <DefinitionBusinessObjectContextRelation>
        <ContextUUID>54daaf5b-c576-4e82-b7bf-a02dac35c961</ContextUUID>
        <DefinitionObjectUUID>489710c0-bc9a-42f3-8d16-96991760ecc4</DefinitionObjectUUID>
      </DefinitionBusinessObjectContextRelation>
      <DefinitionBusinessObjectContextRelation>
        <ContextUUID>e66148e0-2be5-4c87-bf06-87578becbe83</ContextUUID>
        <DefinitionObjectUUID>489710c0-bc9a-42f3-8d16-96991760ecc4</DefinitionObjectUUID>
      </DefinitionBusinessObjectContextRelation>
    </ProductPolicyAttribute>
    <ProductPolicyAttribute name="Price" visibilityLevel="0" mandatory="false" unit="" format="" numberOfDecimals="0" attributeClass="" type="Standard">
      <UUID>d3b81740-9cf3-4328-ba7a-bc2606f9f5d0</UUID>
      <SortOrder>99</SortOrder>
      <InputType>Textbox</InputType>
      <DataType>String</DataType>
      <MaxLength>4000</MaxLength>
      <MinLength>0</MinLength>
      <ProductTextRelation>
        <UUID>b2879eec-e977-45cc-abb6-6f1cbdcb7c1c</UUID>
        <ProductTextUUID>3494aca1-e0bc-4362-bd21-e3f5598c7fe9</ProductTextUUID>
      </ProductTextRelation>
      <ProductBackendInfo name="Skye.AttributeAlias">
        <UUID>9d0ecbd3-e47a-4970-834b-288425961bd5</UUID>
        <Info />
      </ProductBackendInfo>
      <ProductBackendInfo name="Skye.Core.DataSecurity">
        <UUID>4dea5a5d-d3b9-4b05-b42e-302566d93b1a</UUID>
        <Info>Standard</Info>
      </ProductBackendInfo>
      <ProductBackendInfo name="Skye.AllowValueSetViaUnencryptedURL">
        <UUID>1ca4cea4-59b0-4869-8e8b-97fd568753a0</UUID>
        <Info>False</Info>
      </ProductBackendInfo>
      <ProductBackendInfo name="Skye.DisplayGroups">
        <UUID>d276defc-6707-435b-9a61-3ba7c81f1488</UUID>
        <Info>BasicInformation</Info>
      </ProductBackendInfo>
      <DefinitionValueRelation>
        <DefinitionValueUUID>ea950f68-bd31-4039-804d-ca38ede2bdc2</DefinitionValueUUID>
      </DefinitionValueRelation>
      <DefinitionBusinessObjectContextRelation>
        <ContextUUID>9fe64d34-a76a-45c9-8986-f56c069f1379</ContextUUID>
        <DefinitionObjectUUID>d3b81740-9cf3-4328-ba7a-bc2606f9f5d0</DefinitionObjectUUID>
      </DefinitionBusinessObjectContextRelation>
      <DefinitionBusinessObjectContextRelation>
        <ContextUUID>08986ecf-32e8-40fe-9b16-c5c0ef585818</ContextUUID>
        <DefinitionObjectUUID>d3b81740-9cf3-4328-ba7a-bc2606f9f5d0</DefinitionObjectUUID>
      </DefinitionBusinessObjectContextRelation>
    </ProductPolicyAttribute>
    <ProductPolicyAttribute name="FirstName" visibilityLevel="0" mandatory="false" unit="" format="" numberOfDecimals="0" attributeClass="" type="Standard">
      <UUID>be2b3045-a649-45b2-b146-4f4b7476bd36</UUID>
      <SortOrder>99</SortOrder>
      <InputType>Textbox</InputType>
      <DataType>String</DataType>
      <MaxLength>4000</MaxLength>
      <MinLength>0</MinLength>
      <ProductTextRelation>
        <UUID>c89cbbe7-385b-462d-b9ee-e4e8950ff76f</UUID>
        <ProductTextUUID>e6165364-e390-456d-8af2-eb12e1ea03b9</ProductTextUUID>
      </ProductTextRelation>
      <ProductBackendInfo name="Skye.AttributeAlias">
        <UUID>6218ba02-fde6-4c68-ad04-278f82b34644</UUID>
        <Info />
      </ProductBackendInfo>
      <ProductBackendInfo name="Skye.Core.DataSecurity">
        <UUID>33dba793-466a-485d-93fa-2249a67ed76c</UUID>
        <Info>Standard</Info>
      </ProductBackendInfo>
      <ProductBackendInfo name="Skye.AllowValueSetViaUnencryptedURL">
        <UUID>7429e27f-ff23-49f7-824f-fad25dd0cc7b</UUID>
        <Info>False</Info>
      </ProductBackendInfo>
      <ProductBackendInfo name="Skye.DisplayGroups">
        <UUID>81400b1b-069c-4563-8ea6-59857f7e357b</UUID>
        <Info>CustomerDetails</Info>
      </ProductBackendInfo>
      <DefinitionValueRelation>
        <DefinitionValueUUID>b4cde197-6e82-498b-bdc0-febcac01e0f3</DefinitionValueUUID>
      </DefinitionValueRelation>
      <DefinitionBusinessObjectContextRelation>
        <ContextUUID>08442fc5-aa09-4b33-8353-5bafe545d815</ContextUUID>
        <DefinitionObjectUUID>be2b3045-a649-45b2-b146-4f4b7476bd36</DefinitionObjectUUID>
      </DefinitionBusinessObjectContextRelation>
      <DefinitionBusinessObjectContextRelation>
        <ContextUUID>97c3903e-efc9-44d5-9bbc-3147cea52984</ContextUUID>
        <DefinitionObjectUUID>be2b3045-a649-45b2-b146-4f4b7476bd36</DefinitionObjectUUID>
      </DefinitionBusinessObjectContextRelation>
    </ProductPolicyAttribute>
    <ProductPolicyAttribute name="LastName" visibilityLevel="0" mandatory="false" unit="" format="" numberOfDecimals="0" attributeClass="" type="Standard">
      <UUID>c2a5a453-7ee9-4c74-82a1-63fc25b5b054</UUID>
      <SortOrder>99</SortOrder>
      <InputType>Textbox</InputType>
      <DataType>String</DataType>
      <MaxLength>4000</MaxLength>
      <MinLength>0</MinLength>
      <ProductTextRelation>
        <UUID>2bc12d76-46b1-42be-8398-521defa72809</UUID>
        <ProductTextUUID>43e53007-a159-4ed1-806f-60be8ebc3ba0</ProductTextUUID>
      </ProductTextRelation>
      <ProductBackendInfo name="Skye.AttributeAlias">
        <UUID>bcb18147-a103-4471-8f62-52e9b7dad5e2</UUID>
        <Info />
      </ProductBackendInfo>
      <ProductBackendInfo name="Skye.Core.DataSecurity">
        <UUID>4a59be56-7996-409f-b98b-903d79f0b092</UUID>
        <Info>Standard</Info>
      </ProductBackendInfo>
      <ProductBackendInfo name="Skye.AllowValueSetViaUnencryptedURL">
        <UUID>89feb789-4a63-4486-86a4-76d4bbdcc39b</UUID>
        <Info>False</Info>
      </ProductBackendInfo>
      <ProductBackendInfo name="Skye.DisplayGroups">
        <UUID>d02e13b8-a4eb-4cce-971c-ee7712611d61</UUID>
        <Info>CustomerDetails</Info>
      </ProductBackendInfo>
      <DefinitionValueRelation>
        <DefinitionValueUUID>fb8dc3b3-e3e3-459c-8a4c-ae80bd69537d</DefinitionValueUUID>
      </DefinitionValueRelation>
      <DefinitionBusinessObjectContextRelation>
        <ContextUUID>6278d0c8-68c6-449b-8646-345ee5bffb69</ContextUUID>
        <DefinitionObjectUUID>c2a5a453-7ee9-4c74-82a1-63fc25b5b054</DefinitionObjectUUID>
      </DefinitionBusinessObjectContextRelation>
      <DefinitionBusinessObjectContextRelation>
        <ContextUUID>97c3903e-efc9-44d5-9bbc-3147cea52984</ContextUUID>
        <DefinitionObjectUUID>c2a5a453-7ee9-4c74-82a1-63fc25b5b054</DefinitionObjectUUID>
      </DefinitionBusinessObjectContextRelation>
    </ProductPolicyAttribute>
    <ProductBackendInfo name="Skye.MultibrickType">
      <UUID>e9960292-f72a-4300-974d-c68ab0d58983</UUID>
      <Info />
    </ProductBackendInfo>
  </ProductBrick>
  <ProductBrick name="AuthorizationFields" visibilityLevel="3" brickClass=" " isAbstract="false" typeId="0">
    <UUID>d9b6af22-2aab-43be-82a0-269eaa172de7</UUID>
    <SortOrder>30</SortOrder>
    <MinimumUsage>0</MinimumUsage>
    <MaximumUsage>0</MaximumUsage>
    <InitialUsage>0</InitialUsage>
    <ProductTextRelation>
      <ProductTextUUID>23e0c1be-10b7-4a97-8793-97f3cfba8680</ProductTextUUID>
    </ProductTextRelation>
    <ProductBackendInfo name="Skye.MultibrickType">
      <UUID>ed8d52b0-084b-42e0-941a-b2f86ac1eb57</UUID>
      <Info />
    </ProductBackendInfo>
  </ProductBrick>
  <ProductBrick name="UIDefinitionReferences" visibilityLevel="3" brickClass=" " isAbstract="false" typeId="0">
    <UUID>d2eaafb3-19b9-4b6d-b7df-75eb04e53e4f</UUID>
    <SortOrder>100</SortOrder>
    <MinimumUsage>1</MinimumUsage>
    <MaximumUsage>1</MaximumUsage>
    <InitialUsage>1</InitialUsage>
    <ProductTextRelation>
      <UUID>f2bb24de-46e5-46b3-99da-408939c0f8a5</UUID>
      <ProductTextUUID>4ab0af35-a6af-44c1-b2ce-9120ad24ac5a</ProductTextUUID>
    </ProductTextRelation>
    <ProductPolicyAttribute name="HomeCreatePolicyQuickQuoteUIDefRef" visibilityLevel="0" mandatory="false" unit="" format="" numberOfDecimals="0" attributeClass="" type="DefinitionReference">
      <UUID>32863326-6a67-4c12-8368-1f54feaa5a9c</UUID>
      <SortOrder>99</SortOrder>
      <InputType>ReferenceAutoComplete</InputType>
      <DataType>uidefinition</DataType>
      <MaxLength>4000</MaxLength>
      <MinLength>0</MinLength>
      <ProductValueRangeRelation>
        <UUID>17b00062-6d51-4768-a2a9-72024c81da29</UUID>
        <SortOrder>99</SortOrder>
        <ProductValueRangeUUID>e40f6d17-c837-4a80-a74a-50686ed99934</ProductValueRangeUUID>
      </ProductValueRangeRelation>
      <ProductBackendInfo name="Skye.AttributeAlias">
        <UUID>0f147724-40c8-4d23-b40c-73aa0f81e306</UUID>
        <Info />
      </ProductBackendInfo>
      <ProductBackendInfo name="Skye.Core.DataSecurity">
        <UUID>d9cf51c6-8471-44ea-8144-03e9296a4725</UUID>
        <Info>Standard</Info>
      </ProductBackendInfo>
      <ProductBackendInfo name="Skye.AllowValueSetViaUnencryptedURL">
        <UUID>91c6f0ea-25e6-4ad3-85a0-ebe53b49c368</UUID>
        <Info>False</Info>
      </ProductBackendInfo>
      <DefinitionValueRelation>
        <DefinitionValueUUID>be6f4ba9-4fe4-4768-98f7-80d9e32c15ca</DefinitionValueUUID>
      </DefinitionValueRelation>
      <DefinitionBusinessObjectContextRelation>
        <ContextUUID>9fe64d34-a76a-45c9-8986-f56c069f1379</ContextUUID>
        <DefinitionObjectUUID>32863326-6a67-4c12-8368-1f54feaa5a9c</DefinitionObjectUUID>
      </DefinitionBusinessObjectContextRelation>
    </ProductPolicyAttribute>
    <ProductPolicyAttribute name="HomeCreatePolicyDetailsDefRef" visibilityLevel="0" mandatory="false" unit="" format="" numberOfDecimals="0" attributeClass="" type="DefinitionReference">
      <UUID>3d97d297-94c3-44ad-90a1-c8e43d577b2e</UUID>
      <SortOrder>99</SortOrder>
      <InputType>ReferenceAutoComplete</InputType>
      <DataType>uidefinition</DataType>
      <MaxLength>4000</MaxLength>
      <MinLength>0</MinLength>
      <ProductValueRangeRelation>
        <UUID>2a2f621a-f9c0-4e30-bbb0-beddf40ce075</UUID>
        <SortOrder>99</SortOrder>
        <ProductValueRangeUUID>16a6690b-4eef-4647-b5fe-47ed256d5db9</ProductValueRangeUUID>
      </ProductValueRangeRelation>
      <ProductBackendInfo name="Skye.AttributeAlias">
        <UUID>d998f22a-837a-4e29-83dc-d32fc61ad7aa</UUID>
        <Info />
      </ProductBackendInfo>
      <ProductBackendInfo name="Skye.Core.DataSecurity">
        <UUID>de40ff5c-84fa-451f-8fb8-95f8816278a8</UUID>
        <Info>Standard</Info>
      </ProductBackendInfo>
      <ProductBackendInfo name="Skye.AllowValueSetViaUnencryptedURL">
        <UUID>6a64d06b-e28e-43a5-b86d-460cbe38f232</UUID>
        <Info>False</Info>
      </ProductBackendInfo>
      <DefinitionValueRelation>
        <DefinitionValueUUID>bceea56b-9e74-4d2e-b1af-dfa3ba6537a9</DefinitionValueUUID>
      </DefinitionValueRelation>
      <DefinitionBusinessObjectContextRelation>
        <ContextUUID>54daaf5b-c576-4e82-b7bf-a02dac35c961</ContextUUID>
        <DefinitionObjectUUID>3d97d297-94c3-44ad-90a1-c8e43d577b2e</DefinitionObjectUUID>
      </DefinitionBusinessObjectContextRelation>
    </ProductPolicyAttribute>
    <ProductBackendInfo name="Skye.MultibrickType">
      <UUID>03a2acea-3ea2-4715-b32e-8e0e18953c3b</UUID>
      <Info />
    </ProductBackendInfo>
  </ProductBrick>
  <ProductBrick name="CompletionMessages" visibilityLevel="3" brickClass=" " isAbstract="false" typeId="0">
    <UUID>7a13365d-cd21-4338-ae12-d502fd104b32</UUID>
    <SortOrder>110</SortOrder>
    <MinimumUsage>0</MinimumUsage>
    <MaximumUsage>1</MaximumUsage>
    <InitialUsage>0</InitialUsage>
    <ProductBackendInfo name="Skye.MultibrickType">
      <UUID>65122f98-0ddf-43d9-8820-6040fc8682ac</UUID>
      <Info />
    </ProductBackendInfo>
  </ProductBrick>
  <ProductBrick name="SearchResultLinks" visibilityLevel="0" brickClass=" " isAbstract="false" typeId="0">
    <UUID>834395c7-f0b6-44b5-9576-faf8eaefbf08</UUID>
    <SortOrder>130</SortOrder>
    <MinimumUsage>0</MinimumUsage>
    <MaximumUsage>1</MaximumUsage>
    <InitialUsage>0</InitialUsage>
    <ProductBackendInfo name="Skye.MultibrickType">
      <UUID>6c6eaa48-d2da-41d3-b0da-55a67ae264e5</UUID>
      <Info />
    </ProductBackendInfo>
  </ProductBrick>
  <DefinitionDependentLists>
    <DefinitionDependencyDefaultValueList />
    <DefinitionDependencyValueRangeList />
    <DefinitionDependencyVisibilityList />
    <DefinitionDependencyMandatoryList />
    <DefinitionDependencyToDependencyList />
    <DefinitionDependencyValueRangeFilterValuesList />
    <DefinitionDependencyDataSourceAttributeList />
  </DefinitionDependentLists>
  <DefinitionResourceRelation>
    <UUID>2647f441-96f5-4ee3-83c4-a2db36c3cfce</UUID>
    <DefinitionResourceUUID>41feef08-7ad9-406a-96f0-810c63af9b3c</DefinitionResourceUUID>
    <DefinitionObjectUUID>41beeb58-5243-48ac-8e1d-bb0afc4e6c09</DefinitionObjectUUID>
  </DefinitionResourceRelation>
  <DefinitionResourceRelation>
    <UUID>879d826a-b323-47e1-9a1a-f75c76577476</UUID>
    <DefinitionResourceUUID>9d40afb5-2c61-4c11-8720-c306405591d4</DefinitionResourceUUID>
    <DefinitionObjectUUID>41beeb58-5243-48ac-8e1d-bb0afc4e6c09</DefinitionObjectUUID>
  </DefinitionResourceRelation>
  <DefinitionResourceRelation>
    <UUID>2a0d6326-abfb-4feb-8f47-a9e0a2370266</UUID>
    <DefinitionResourceUUID>f5a48249-e0b0-4342-94cc-d5a18dbc15c8</DefinitionResourceUUID>
    <DefinitionObjectUUID>41beeb58-5243-48ac-8e1d-bb0afc4e6c09</DefinitionObjectUUID>
  </DefinitionResourceRelation>
</Product>