﻿<?xml version="1.0" encoding="utf-8"?>
<Product xmlns:xsd="http://www.w3.org/2001/XMLSchema" xmlns:xsi="http://www.w3.org/2001/XMLSchema-instance" name="ZonePublicDefinition" lastChanged="2019-10-15T13:58:10Z" implementationClass=" " versionUuid=" " modelType="zonedefinition" subModelType="ZonePublic" skyeEditorVersion="7.15.0.16">
  <UUID>a8022341-4909-4312-a922-0b6480e5f1db</UUID>
  <SortOrder>0</SortOrder>
  <BusinessUnit> </BusinessUnit>
  <Section> </Section>
  <ProductTextList>
    <ProductText name="leftZoneMenuCollapsedImage" language="en" country="US">
      <UUID>950d4b09-2e72-4a57-af17-942e7af9a43b</UUID>
      <Text />
    </ProductText>
    <ProductText name="icon" language="en" country="US">
      <UUID>ae3a3b39-1801-4e22-b408-55be9cfc1250</UUID>
      <Text />
    </ProductText>
    <ProductText name="leftZoneMenuExpandedImage" language="en" country="US">
      <UUID>b7ac60d4-98fc-49c2-891a-bdb960e15b28</UUID>
      <Text />
    </ProductText>
    <ProductText name="zoneMenuHeader" language="en" country="US">
      <UUID>ca2bb350-ab41-4032-91ea-133b4196e962</UUID>
      <Text />
    </ProductText>
    <ProductText name="header" language="en" country="US">
      <UUID>d5d6b8ba-659d-4c6a-9fee-5cea01d64c34</UUID>
      <Text>My zone</Text>
    </ProductText>
  </ProductTextList>
  <ProductValueRangeList />
  <DefinitionBusinessObjectContextList />
  <DefinitionResourceList />
  <AbstractProductBrickList />
  <ProductValueList>
    <ProductValue name="MyZone" type="value">
      <UUID>3c1d3067-dc40-4d7f-8aa3-0fd8022aae60</UUID>
      <SortOrder>0</SortOrder>
      <Value>MyZone</Value>
    </ProductValue>
    <ProductValue name="/componentZone" type="value">
      <UUID>3e3d32a9-6f07-47fe-8dbd-48d8666563f3</UUID>
      <SortOrder>0</SortOrder>
      <Value>/componentZone</Value>
    </ProductValue>
    <ProductValue name=" " type="value">
      <UUID>7a596b18-9488-4275-b0f5-f4d574ffc506</UUID>
      <SortOrder>0</SortOrder>
      <Value />
    </ProductValue>
    <ProductValue name="true" type="value">
      <UUID>ff9419d6-d3c1-49e6-8e4a-188d4673e3cd</UUID>
      <SortOrder>0</SortOrder>
      <Value>true</Value>
    </ProductValue>
  </ProductValueList>
  <ProductPolicyAttribute name="@DefaultZone" visibilityLevel="0" mandatory="false" unit="" format="" numberOfDecimals="0" attributeClass=" " type="Standard">
    <UUID>45e06396-c962-42b1-abf1-2e5f4e673b43</UUID>
    <SortOrder>99</SortOrder>
    <InputType>Textbox</InputType>
    <DataType>String</DataType>
    <MaxLength>4000</MaxLength>
    <MinLength>0</MinLength>
    <ProductBackendInfo name="Skye.Core.DataSecurity">
      <UUID>177f88d3-6b3a-42b1-afe9-8273b47b8641</UUID>
      <Info>Standard</Info>
    </ProductBackendInfo>
    <ProductBackendInfo name="Skye.AllowValueSetViaUnencryptedURL">
      <UUID>85a0d8cd-dcb5-48b3-ae3b-2a3a3961f750</UUID>
      <Info>False</Info>
    </ProductBackendInfo>
    <ProductBackendInfo name="Skye.AttributeAlias">
      <UUID>b51cc2bd-6822-4c48-887a-feeb281b9faa</UUID>
      <Info />
    </ProductBackendInfo>
    <DefinitionValueRelation>
      <UUID>11e9f0dd-85bf-d115-8a2d-1f914ab48f5c</UUID>
      <DefinitionValueUUID>3c1d3067-dc40-4d7f-8aa3-0fd8022aae60</DefinitionValueUUID>
    </DefinitionValueRelation>
  </ProductPolicyAttribute>
  <ProductTextRelation>
    <ProductTextUUID>950d4b09-2e72-4a57-af17-942e7af9a43b</ProductTextUUID>
  </ProductTextRelation>
  <ProductTextRelation>
    <ProductTextUUID>b7ac60d4-98fc-49c2-891a-bdb960e15b28</ProductTextUUID>
  </ProductTextRelation>
  <ProductBrick name="MyZone" visibilityLevel="4" brickClass=" " isAbstract="false" typeId="0">
    <UUID>acac1ed3-dbfd-4a2e-9731-524f739c361b</UUID>
    <SortOrder>1</SortOrder>
    <MinimumUsage>1</MinimumUsage>
    <MaximumUsage>1</MaximumUsage>
    <InitialUsage>1</InitialUsage>
    <PredecessorBrickUUID />
    <PredecessorBrickName />
    <ProductTextRelation>
      <ProductTextUUID>d5d6b8ba-659d-4c6a-9fee-5cea01d64c34</ProductTextUUID>
    </ProductTextRelation>
    <ProductTextRelation>
      <ProductTextUUID>ae3a3b39-1801-4e22-b408-55be9cfc1250</ProductTextUUID>
    </ProductTextRelation>
    <ProductPolicyAttribute name="@RefreshZoneOnSwitch" visibilityLevel="0" mandatory="false" unit="" format="" numberOfDecimals="0" attributeClass=" " type="Standard">
      <UUID>298ea375-08d8-4023-abef-88dbf08eb936</UUID>
      <SortOrder>99</SortOrder>
      <InputType>Textbox</InputType>
      <DataType>String</DataType>
      <MaxLength>4000</MaxLength>
      <MinLength>0</MinLength>
      <ProductBackendInfo name="Skye.Core.DataSecurity">
        <UUID>46cf1dc7-091b-4df1-857e-191135c0f74e</UUID>
        <Info>Standard</Info>
      </ProductBackendInfo>
      <ProductBackendInfo name="Skye.AllowValueSetViaUnencryptedURL">
        <UUID>cef2d8b0-2c26-4075-91d5-db64329b52c6</UUID>
        <Info>False</Info>
      </ProductBackendInfo>
      <ProductBackendInfo name="Skye.AttributeAlias">
        <UUID>f2268cff-b33a-4fb1-8fb0-8e1622564329</UUID>
        <Info />
      </ProductBackendInfo>
      <DefinitionValueRelation>
        <UUID>11e9f0dd-85bf-d116-8a2d-1f914ab48f5c</UUID>
        <DefinitionValueUUID>ff9419d6-d3c1-49e6-8e4a-188d4673e3cd</DefinitionValueUUID>
      </DefinitionValueRelation>
    </ProductPolicyAttribute>
    <ProductPolicyAttribute name="@ZoneContentUrl" visibilityLevel="0" mandatory="false" unit="" format="" numberOfDecimals="0" attributeClass=" " type="Standard">
      <UUID>573eb3d3-3ed3-490c-b1b4-138c656a89ee</UUID>
      <SortOrder>99</SortOrder>
      <InputType>Textbox</InputType>
      <DataType>String</DataType>
      <MaxLength>4000</MaxLength>
      <MinLength>0</MinLength>
      <ProductBackendInfo name="Skye.AllowValueSetViaUnencryptedURL">
        <UUID>061aa3ee-c33f-4427-b087-a60cf94ac494</UUID>
        <Info>False</Info>
      </ProductBackendInfo>
      <ProductBackendInfo name="Skye.Core.DataSecurity">
        <UUID>06c2e1d8-2c07-4805-93c7-fe7394db12b9</UUID>
        <Info>Standard</Info>
      </ProductBackendInfo>
      <ProductBackendInfo name="Skye.AttributeAlias">
        <UUID>f0784653-905d-438d-b7d5-3e1a0461cd36</UUID>
        <Info />
      </ProductBackendInfo>
      <DefinitionValueRelation>
        <UUID>11e9f0dd-85bf-d117-8a2d-1f914ab48f5c</UUID>
        <DefinitionValueUUID>3e3d32a9-6f07-47fe-8dbd-48d8666563f3</DefinitionValueUUID>
      </DefinitionValueRelation>
    </ProductPolicyAttribute>
    <ProductPolicyAttribute name="ProductSelctorComponent" visibilityLevel="4" mandatory="false" unit="" format="" numberOfDecimals="0" attributeClass=" " type="UIComponent">
      <UUID>888776bb-ffcc-4b9b-8b98-e6d2d8f0f04f</UUID>
      <SortOrder>99</SortOrder>
      <InputType>Textbox</InputType>
      <DataType>String</DataType>
      <MaxLength>4000</MaxLength>
      <MinLength>0</MinLength>
      <ProductTextRelation>
        <ProductTextUUID>ca2bb350-ab41-4032-91ea-133b4196e962</ProductTextUUID>
      </ProductTextRelation>
      <ProductBackendInfo name="Skye.AllowValueSetViaUnencryptedURL">
        <UUID>30e0464e-f914-40f0-ba2b-c21446b8a790</UUID>
        <Info>False</Info>
      </ProductBackendInfo>
      <ProductBackendInfo name="Skye.Core.DataSecurity">
        <UUID>41d47fa1-6d74-4f93-b348-e635b7ffacba</UUID>
        <Info>Standard</Info>
      </ProductBackendInfo>
      <ProductBackendInfo name="Skye.Component.ModelType">
        <UUID>90df6f33-99a8-44c7-994f-dc5447971c40</UUID>
        <Info>modelselectorcomponent</Info>
      </ProductBackendInfo>
      <ProductBackendInfo name="Skye.Component.ModelTextId">
        <UUID>9d0f9837-b14a-4d9f-943b-578fc28aebb8</UUID>
        <Info>MyProductSelectorProductComponent</Info>
      </ProductBackendInfo>
      <ProductBackendInfo name="Skye.Component.ContextPage">
        <UUID>b1f7e1ad-0f5d-4c73-9b7e-9bcc29638722</UUID>
        <Info>Product</Info>
      </ProductBackendInfo>
      <ProductBackendInfo name="Skye.AttributeAlias">
        <UUID>cbd70a3b-e5fa-4a6c-9f53-dd73becfe7de</UUID>
        <Info />
      </ProductBackendInfo>
      <DefinitionValueRelation>
        <UUID>11e9f0dd-85bf-d118-8a2d-1f914ab48f5c</UUID>
        <DefinitionValueUUID>7a596b18-9488-4275-b0f5-f4d574ffc506</DefinitionValueUUID>
      </DefinitionValueRelation>
    </ProductPolicyAttribute>
    <ProductBackendInfo name="Skye.MultibrickType">
      <UUID>8026a9f3-ccee-4df3-a4e8-b1aab9394be1</UUID>
      <Info />
    </ProductBackendInfo>
  </ProductBrick>
  <DefinitionDependentLists>
    <DefinitionDependencyDefaultValueList />
    <DefinitionDependencyValueRangeList />
    <DefinitionDependencyVisibilityList />
    <DefinitionDependencyMandatoryList />
    <DefinitionDependencyToDependencyList />
    <DefinitionDependencyValueRangeFilterValuesList />
    <DefinitionDependencyDataSourceAttributeList />
  </DefinitionDependentLists>
</Product>