﻿<?xml version="1.0" encoding="utf-8"?>
<Product xmlns:xsd="http://www.w3.org/2001/XMLSchema" xmlns:xsi="http://www.w3.org/2001/XMLSchema-instance" name="SendEmailMessageEvent" validFrom="18.05.2015" validTo="18.05.2114" lastChanged="2015-06-09 18:20:16" implementationClass=" " versionUuid=" " modelType="event" subModelType="" creationSource="editor" skyeEditorVersion="4.31.0.46">
  <UUID>6f2b38ca-f1fd-4aca-859c-994839033acd</UUID>
  <SortOrder>0</SortOrder>
  <BusinessUnit> </BusinessUnit>
  <Section> </Section>
  <ProductTextList />
  <ProductValueRangeList />
  <DefinitionBusinessObjectContextList />
  <DefinitionResourceList>
    <DefinitionResource name="ProductSettings" language=" " country=" " lastModified="2015-05-18 00:00:00" creationSource="editor">
      <UUID>0d4f30a2-037c-4df4-b813-5d7a23296175</UUID>
      <resourceName>ProductSettings.xml</resourceName>
      <resourceType>xml</resourceType>
    </DefinitionResource>
  </DefinitionResourceList>
  <AbstractProductBrickList />
  <ProductValueList>
    <ProductValue name="public" type="value" lastModified="2015-05-18 17:25:39" creationSource="editor">
      <UUID>e864649d-be9e-4e31-b1a0-71445c165197</UUID>
      <SortOrder>0</SortOrder>
      <Value>public</Value>
    </ProductValue>
    <ProductValue name="" type="value" lastModified="2015-05-18 16:37:15" creationSource="editor">
      <UUID>afcae34e-f539-4efd-ab95-f5598142181c</UUID>
      <SortOrder>0</SortOrder>
      <Value />
    </ProductValue>
    <ProductValue name="SendEmailMessageEvent" type="value" lastModified="2015-05-18 16:30:05" creationSource="editor">
      <UUID>d611b69a-2ec5-480c-914e-3a0c1ca1d9a0</UUID>
      <SortOrder>0</SortOrder>
      <Value>SendEmailMessageEvent</Value>
    </ProductValue>
    <ProductValue name=" " type="value" lastModified="2015-05-18 16:30:57" creationSource="editor">
      <UUID>ef425d32-0562-4f6f-88a7-1f3d5ec9818d</UUID>
      <SortOrder>0</SortOrder>
      <Value />
    </ProductValue>
    <ProductValue name="TestEmail" type="value" lastModified="2015-05-19 09:34:38" creationSource="editor">
      <UUID>46471a0f-16df-436c-9f19-5efc8269d729</UUID>
      <SortOrder>0</SortOrder>
      <Value>TestEmail</Value>
    </ProductValue>
    <ProductValue name=" " type="value" lastModified="2015-05-18 16:31:58" creationSource="editor">
      <UUID>66d0b71e-1ed8-47ba-ab14-70c4c874dac3</UUID>
      <SortOrder>0</SortOrder>
      <Value />
    </ProductValue>
    <ProductValue name="" type="value" lastModified="2015-05-18 16:37:26" creationSource="editor">
      <UUID>53938525-5bcc-4706-b508-a1358e04848e</UUID>
      <SortOrder>0</SortOrder>
      <Value />
    </ProductValue>
    <ProductValue name="anonymous" type="value" lastModified="2015-05-18 17:25:47" creationSource="editor">
      <UUID>01d6e073-8e09-4c1a-8a0a-503621f24857</UUID>
      <SortOrder>0</SortOrder>
      <Value>anonymous</Value>
    </ProductValue>
  </ProductValueList>
  <LastModifiedOnRootObject>2015-06-09 18:20:16</LastModifiedOnRootObject>
  <ProductPolicyAttribute name="@Channel" visibilityLevel="0" mandatory="false" unit=" " format=" " lastModified="2015-05-18 17:25:39" numberOfDecimals="0" attributeClass=" " type="Standard" creationSource="editor">
    <UUID>9ac33f37-2b1f-4b67-8d92-e1d8166a3ed6</UUID>
    <SortOrder>99</SortOrder>
    <InputType>Textbox</InputType>
    <DataType>String</DataType>
    <MaxLength>100</MaxLength>
    <MinLength>0</MinLength>
    <ProductBackendInfo name="Skye.AttributeAlias" lastModified="2015-05-18 18:06:56">
      <UUID>2ef50b46-b122-48ba-9af9-d1bbe8a8297e</UUID>
      <Info />
    </ProductBackendInfo>
    <ProductBackendInfo name="Skye.AllowValueSetViaUnencryptedURL" lastModified="2015-05-18 18:06:56">
      <UUID>a8600298-ee94-434b-941e-898168796be6</UUID>
      <Info>False</Info>
    </ProductBackendInfo>
    <ProductBackendInfo name="Skye.Core.DataSecurity" lastModified="2015-05-18 18:06:56">
      <UUID>f129c5dc-4a06-45d2-8a8c-99904083ef34</UUID>
      <Info>Standard</Info>
    </ProductBackendInfo>
    <DefinitionValueRelation>
      <DefinitionValueUUID>e864649d-be9e-4e31-b1a0-71445c165197</DefinitionValueUUID>
      <DefinitionValueValue>callcenter</DefinitionValueValue>
    </DefinitionValueRelation>
  </ProductPolicyAttribute>
  <ProductPolicyAttribute name="@DocumentContext" visibilityLevel="0" mandatory="false" unit=" " format=" " lastModified="2015-05-18 16:37:15" numberOfDecimals="0" attributeClass=" " type="Standard" creationSource="editor">
    <UUID>14f959f3-029f-42da-b387-1fe31080cc9b</UUID>
    <SortOrder>99</SortOrder>
    <InputType>Textbox</InputType>
    <DataType>String</DataType>
    <MaxLength>100</MaxLength>
    <MinLength>0</MinLength>
    <ProductBackendInfo name="Skye.AllowValueSetViaUnencryptedURL" lastModified="2015-05-18 18:06:56">
      <UUID>af0ccb83-7ae6-42a5-b119-eef6cb9bd362</UUID>
      <Info>False</Info>
    </ProductBackendInfo>
    <ProductBackendInfo name="Skye.AttributeAlias" lastModified="2015-05-18 18:06:56">
      <UUID>29e53bc2-7f37-4edb-99a1-51f0f39cfeb8</UUID>
      <Info />
    </ProductBackendInfo>
    <ProductBackendInfo name="Skye.Core.DataSecurity" lastModified="2015-05-18 18:06:56">
      <UUID>82b8dab3-88a4-468d-b394-c694fc46e8ce</UUID>
      <Info>Standard</Info>
    </ProductBackendInfo>
    <DefinitionValueRelation>
      <DefinitionValueUUID>afcae34e-f539-4efd-ab95-f5598142181c</DefinitionValueUUID>
      <DefinitionValueValue>EmailtoCustomerPage</DefinitionValueValue>
    </DefinitionValueRelation>
  </ProductPolicyAttribute>
  <ProductPolicyAttribute name="@EventHandlerService" visibilityLevel="0" mandatory="false" unit=" " format=" " lastModified="2015-05-18 16:30:05" numberOfDecimals="0" attributeClass=" " type="Standard" creationSource="editor">
    <UUID>ea9c7b4d-e36e-415c-993d-f6c2a26770fd</UUID>
    <SortOrder>99</SortOrder>
    <InputType>Textbox</InputType>
    <DataType>String</DataType>
    <MaxLength>100</MaxLength>
    <MinLength>0</MinLength>
    <ProductBackendInfo name="Skye.AttributeAlias" lastModified="2015-05-18 18:06:56">
      <UUID>10bdcee9-b07c-4d5e-aadd-8e577effeb28</UUID>
      <Info />
    </ProductBackendInfo>
    <ProductBackendInfo name="Skye.AllowValueSetViaUnencryptedURL" lastModified="2015-05-18 18:06:56">
      <UUID>4a8dd901-c9a4-4780-9096-ac54c057adc1</UUID>
      <Info>False</Info>
    </ProductBackendInfo>
    <ProductBackendInfo name="Skye.Core.DataSecurity" lastModified="2015-05-18 18:06:56">
      <UUID>f88ceccc-f0b9-4eb3-8b0e-26f3da655035</UUID>
      <Info>Standard</Info>
    </ProductBackendInfo>
    <DefinitionValueRelation>
      <DefinitionValueUUID>d611b69a-2ec5-480c-914e-3a0c1ca1d9a0</DefinitionValueUUID>
      <DefinitionValueValue>SendEmailMessageEvent</DefinitionValueValue>
    </DefinitionValueRelation>
  </ProductPolicyAttribute>
  <ProductPolicyAttribute name="@EventTriggerStatus" visibilityLevel="0" mandatory="false" unit=" " format=" " lastModified="2015-05-18 16:30:57" numberOfDecimals="0" attributeClass=" " type="Standard" creationSource="editor">
    <UUID>745b3fed-1ce2-44ac-8c01-188094ffdb39</UUID>
    <SortOrder>99</SortOrder>
    <InputType>Textbox</InputType>
    <DataType>String</DataType>
    <MaxLength>100</MaxLength>
    <MinLength>0</MinLength>
    <ProductBackendInfo name="Skye.AttributeAlias" lastModified="2015-05-18 18:06:56">
      <UUID>b39833fc-6810-4f04-8c39-c466e63adb0b</UUID>
      <Info />
    </ProductBackendInfo>
    <ProductBackendInfo name="Skye.Core.DataSecurity" lastModified="2015-05-18 18:06:56">
      <UUID>38541171-d9b9-4bea-ab81-0526bf4ae9d3</UUID>
      <Info>Standard</Info>
    </ProductBackendInfo>
    <ProductBackendInfo name="Skye.AllowValueSetViaUnencryptedURL" lastModified="2015-05-18 18:06:56">
      <UUID>d6576a55-142b-46ac-8ad1-565910ad8bd5</UUID>
      <Info>False</Info>
    </ProductBackendInfo>
    <DefinitionValueRelation>
      <DefinitionValueUUID>ef425d32-0562-4f6f-88a7-1f3d5ec9818d</DefinitionValueUUID>
      <DefinitionValueValue />
    </DefinitionValueRelation>
  </ProductPolicyAttribute>
  <ProductPolicyAttribute name="@EventTriggerTextId" visibilityLevel="0" mandatory="false" unit=" " format=" " lastModified="2015-05-19 09:34:38" numberOfDecimals="0" attributeClass=" " type="Standard" creationSource="editor">
    <UUID>38970994-6eb2-423c-959c-2bdbaee823ea</UUID>
    <SortOrder>99</SortOrder>
    <InputType>Textbox</InputType>
    <DataType>String</DataType>
    <MaxLength>100</MaxLength>
    <MinLength>0</MinLength>
    <ProductBackendInfo name="Skye.AllowValueSetViaUnencryptedURL" lastModified="2015-05-19 18:39:21">
      <UUID>94896834-21b9-4217-8805-57753210ef4e</UUID>
      <Info>False</Info>
    </ProductBackendInfo>
    <ProductBackendInfo name="Skye.AttributeAlias" lastModified="2015-05-19 18:39:21">
      <UUID>43449471-0515-4556-92b4-d41b1a62efce</UUID>
      <Info />
    </ProductBackendInfo>
    <ProductBackendInfo name="Skye.Core.DataSecurity" lastModified="2015-05-19 18:39:21">
      <UUID>45143bcf-c30a-40b6-8b31-9c5eca87b841</UUID>
      <Info>Standard</Info>
    </ProductBackendInfo>
    <DefinitionValueRelation>
      <DefinitionValueUUID>46471a0f-16df-436c-9f19-5efc8269d729</DefinitionValueUUID>
      <DefinitionValueValue />
    </DefinitionValueRelation>
  </ProductPolicyAttribute>
  <ProductPolicyAttribute name="@EventTriggerTime" visibilityLevel="0" mandatory="false" unit=" " format=" " lastModified="2015-05-18 16:31:58" numberOfDecimals="0" attributeClass=" " type="Standard" creationSource="editor">
    <UUID>3c04c032-cd77-4a66-9561-6f5398ef38e8</UUID>
    <SortOrder>99</SortOrder>
    <InputType>Textbox</InputType>
    <DataType>String</DataType>
    <MaxLength>100</MaxLength>
    <MinLength>0</MinLength>
    <ProductBackendInfo name="Skye.Core.DataSecurity" lastModified="2015-05-18 18:06:56">
      <UUID>17f2834a-c0d7-42b5-a939-60e4aba528b6</UUID>
      <Info>Standard</Info>
    </ProductBackendInfo>
    <ProductBackendInfo name="Skye.AttributeAlias" lastModified="2015-05-18 18:06:56">
      <UUID>ff2cd532-4a8a-462f-bf68-44382020b28e</UUID>
      <Info />
    </ProductBackendInfo>
    <ProductBackendInfo name="Skye.AllowValueSetViaUnencryptedURL" lastModified="2015-05-18 18:06:56">
      <UUID>2f4593da-0fe6-469a-9357-833b8db44c82</UUID>
      <Info>False</Info>
    </ProductBackendInfo>
    <DefinitionValueRelation>
      <DefinitionValueUUID>66d0b71e-1ed8-47ba-ab14-70c4c874dac3</DefinitionValueUUID>
      <DefinitionValueValue />
    </DefinitionValueRelation>
  </ProductPolicyAttribute>
  <ProductPolicyAttribute name="@EventTriggerTypeId" visibilityLevel="0" mandatory="false" unit=" " format=" " lastModified="2015-05-18 16:37:26" numberOfDecimals="0" attributeClass=" " type="Standard" creationSource="editor">
    <UUID>ec33bdfc-d312-47e7-8882-ec3c25a56273</UUID>
    <SortOrder>99</SortOrder>
    <InputType>Textbox</InputType>
    <DataType>String</DataType>
    <MaxLength>100</MaxLength>
    <MinLength>0</MinLength>
    <ProductBackendInfo name="Skye.AllowValueSetViaUnencryptedURL" lastModified="2015-05-18 18:06:56">
      <UUID>96c8c94c-4c75-47a4-999a-0eaf319fa9f6</UUID>
      <Info>False</Info>
    </ProductBackendInfo>
    <ProductBackendInfo name="Skye.AttributeAlias" lastModified="2015-05-18 18:06:56">
      <UUID>f05ac0ca-8684-4dfa-8b5e-7a57a373f499</UUID>
      <Info />
    </ProductBackendInfo>
    <ProductBackendInfo name="Skye.Core.DataSecurity" lastModified="2015-05-18 18:06:56">
      <UUID>579543ad-4f35-4100-a2fb-a5a814e2f825</UUID>
      <Info>Standard</Info>
    </ProductBackendInfo>
    <DefinitionValueRelation>
      <DefinitionValueUUID>53938525-5bcc-4706-b508-a1358e04848e</DefinitionValueUUID>
      <DefinitionValueValue />
    </DefinitionValueRelation>
  </ProductPolicyAttribute>
  <ProductPolicyAttribute name="@Role" visibilityLevel="0" mandatory="false" unit=" " format=" " lastModified="2015-05-18 17:25:47" numberOfDecimals="0" attributeClass=" " type="Standard" creationSource="editor">
    <UUID>517f774d-2d35-4dbc-baca-b9eb9cd7a259</UUID>
    <SortOrder>99</SortOrder>
    <InputType>Textbox</InputType>
    <DataType>String</DataType>
    <MaxLength>100</MaxLength>
    <MinLength>0</MinLength>
    <ProductBackendInfo name="Skye.Core.DataSecurity" lastModified="2015-05-18 18:06:56">
      <UUID>34a65865-b4d1-41a8-9e4d-06873c1c6237</UUID>
      <Info>Standard</Info>
    </ProductBackendInfo>
    <ProductBackendInfo name="Skye.AttributeAlias" lastModified="2015-05-18 18:06:56">
      <UUID>01af80a2-c6f4-4f9e-90c9-a5f7dddbb8ab</UUID>
      <Info />
    </ProductBackendInfo>
    <ProductBackendInfo name="Skye.AllowValueSetViaUnencryptedURL" lastModified="2015-05-18 18:06:56">
      <UUID>26442872-c7cd-4fcb-bd87-4a12697198d0</UUID>
      <Info>False</Info>
    </ProductBackendInfo>
    <DefinitionValueRelation>
      <DefinitionValueUUID>01d6e073-8e09-4c1a-8a0a-503621f24857</DefinitionValueUUID>
      <DefinitionValueValue>callcenter</DefinitionValueValue>
    </DefinitionValueRelation>
  </ProductPolicyAttribute>
  <DefinitionDependentLists>
    <DefinitionDependencyDefaultValueList />
    <DefinitionDependencyValueRangeList />
    <DefinitionDependencyVisibilityList />
    <DefinitionDependencyMandatoryList />
    <DefinitionDependencyToDependencyList />
    <DefinitionDependencyValueRangeFilterValuesList />
  </DefinitionDependentLists>
  <DefinitionResourceRelation>
    <UUID>cd6f2a69-2d26-4c3b-badd-769416d3c1ac</UUID>
    <DefinitionResourceUUID>0d4f30a2-037c-4df4-b813-5d7a23296175</DefinitionResourceUUID>
  </DefinitionResourceRelation>
</Product>