﻿<?xml version="1.0" encoding="utf-8"?>
<Product xmlns:xsd="http://www.w3.org/2001/XMLSchema" xmlns:xsi="http://www.w3.org/2001/XMLSchema-instance" name="HelpFloatingButton" lastChanged="2019-11-18T14:09:27Z" implementationClass=" " versionUuid=" " modelType="floatingbutton" subModelType="" skyeEditorVersion="7.15.0.16">
  <UUID>6b343c11-d39f-4261-814a-f7bfe1f36388</UUID>
  <SortOrder>0</SortOrder>
  <BusinessUnit> </BusinessUnit>
  <Section> </Section>
  <ProductTextList>
    <ProductText name="short" language="en" country="US">
      <UUID>0b3cb7d5-1e3f-44dc-90e3-eeb3f538b863</UUID>
      <Text>&lt;li&gt;Phone us: 0800 111 222&lt;/li&gt;
&lt;li&gt;
	&lt;a href="mailto:example@mail.com"&gt;Send us a mail&lt;/a&gt;
&lt;/li&gt;
&lt;li&gt;Visit us at Hohlstrasse 560, 8048 Zürich&lt;/li&gt;
&lt;li&gt;
	&lt;a href="https://www.innoveo.com/"&gt;Visit out website&lt;/a&gt;
&lt;/li&gt;</Text>
    </ProductText>
    <ProductText name="icon" language="en" country="US">
      <UUID>8bf80faa-f84b-43ae-a6cd-045ee39a6331</UUID>
      <Text>far fa-question-circle</Text>
    </ProductText>
    <ProductText name="header" language="en" country="US">
      <UUID>b3b3be1c-e8d2-4705-b5b0-0afa6de33419</UUID>
      <Text>Help</Text>
    </ProductText>
  </ProductTextList>
  <ProductValueRangeList>
    <ProductValueRange name="Reference.referencedModelsVR" type="fix">
      <UUID>9342c5c9-4ac0-4535-8ec3-6a2e179a3cb3</UUID>
    </ProductValueRange>
  </ProductValueRangeList>
  <DefinitionBusinessObjectContextList />
  <DefinitionResourceList />
  <AbstractProductBrickList />
  <ProductValueList>
    <ProductValue name=" " type="value">
      <UUID>68b5da77-02c4-4652-bc91-e98ba7140867</UUID>
      <SortOrder>0</SortOrder>
      <Value />
    </ProductValue>
    <ProductValue name="expanded initially" type="value">
      <UUID>6abc7ed8-4007-4800-b732-bcb6b2481669</UUID>
      <SortOrder>0</SortOrder>
      <Value>expanded initially</Value>
    </ProductValue>
    <ProductValue name="tab" type="value">
      <UUID>be1e2b2e-fa5a-4f2d-a84a-73d402f33f43</UUID>
      <SortOrder>0</SortOrder>
      <Value>tab</Value>
    </ProductValue>
    <ProductValue name="right" type="value">
      <UUID>d92061f6-fdb0-4598-ac4a-dfb5b17e799a</UUID>
      <SortOrder>0</SortOrder>
      <Value>right</Value>
    </ProductValue>
  </ProductValueList>
  <ProductPolicyAttribute name="@ButtonExpandDefault" visibilityLevel="0" mandatory="false" unit="" format="" numberOfDecimals="0" attributeClass=" " type="Standard">
    <UUID>329753ab-6d12-4bfa-be9d-f5512e63528c</UUID>
    <SortOrder>99</SortOrder>
    <InputType>Textbox</InputType>
    <DataType>String</DataType>
    <MaxLength>4000</MaxLength>
    <MinLength>0</MinLength>
    <ProductBackendInfo name="Skye.AllowValueSetViaUnencryptedURL">
      <UUID>239e2839-4319-48a6-bafa-e1e73c913a52</UUID>
      <Info>False</Info>
    </ProductBackendInfo>
    <ProductBackendInfo name="Skye.Core.DataSecurity">
      <UUID>7ec186d1-7ce4-4bea-a27e-b297788d6808</UUID>
      <Info>Standard</Info>
    </ProductBackendInfo>
    <ProductBackendInfo name="Skye.AttributeAlias">
      <UUID>a8b9ed4c-22a7-4e8f-908d-82a0c02de1aa</UUID>
      <Info />
    </ProductBackendInfo>
    <DefinitionValueRelation>
      <UUID>11ea11e6-7454-8e71-9bb3-63709490e9be</UUID>
      <DefinitionValueUUID>6abc7ed8-4007-4800-b732-bcb6b2481669</DefinitionValueUUID>
    </DefinitionValueRelation>
  </ProductPolicyAttribute>
  <ProductPolicyAttribute name="@ComponentOwner" visibilityLevel="0" mandatory="false" unit="" format="" numberOfDecimals="0" attributeClass=" " type="Reference">
    <UUID>8eae5465-4a17-48f2-820f-75dc6a5ec3b5</UUID>
    <SortOrder>99</SortOrder>
    <InputType>Textbox</InputType>
    <DataType>product</DataType>
    <MaxLength>4000</MaxLength>
    <MinLength>0</MinLength>
    <ProductValueRangeRelation>
      <UUID>ea7ed969-118b-4f3d-b55e-d3b9f82531fb</UUID>
      <SortOrder>99</SortOrder>
      <ProductValueRangeUUID>9342c5c9-4ac0-4535-8ec3-6a2e179a3cb3</ProductValueRangeUUID>
    </ProductValueRangeRelation>
    <ProductBackendInfo name="Skye.AttributeAlias">
      <UUID>168657a3-26ef-486f-aec5-1f2df04ba2f4</UUID>
      <Info />
    </ProductBackendInfo>
    <ProductBackendInfo name="Skye.Core.DataSecurity">
      <UUID>669b3611-3e2e-4cad-872b-973490c19428</UUID>
      <Info>Standard</Info>
    </ProductBackendInfo>
    <ProductBackendInfo name="Skye.AllowValueSetViaUnencryptedURL">
      <UUID>9af52890-2aa1-4d89-a706-5cafdf55d052</UUID>
      <Info>False</Info>
    </ProductBackendInfo>
    <DefinitionValueRelation>
      <UUID>11ea11e6-7454-8e6f-9bb3-63709490e9be</UUID>
      <DefinitionValueUUID>68b5da77-02c4-4652-bc91-e98ba7140867</DefinitionValueUUID>
    </DefinitionValueRelation>
  </ProductPolicyAttribute>
  <ProductPolicyAttribute name="@Style" visibilityLevel="0" mandatory="false" unit="" format="" numberOfDecimals="0" attributeClass=" " type="Standard">
    <UUID>b884e7bb-a63c-4668-a766-586711bdc522</UUID>
    <SortOrder>99</SortOrder>
    <InputType>Textbox</InputType>
    <DataType>String</DataType>
    <MaxLength>4000</MaxLength>
    <MinLength>0</MinLength>
    <ProductBackendInfo name="Skye.AttributeAlias">
      <UUID>7e510413-1600-42bd-b91d-6e86729c2b33</UUID>
      <Info />
    </ProductBackendInfo>
    <ProductBackendInfo name="Skye.AllowValueSetViaUnencryptedURL">
      <UUID>ccde159c-feaf-4887-9b06-d66c8647b0d2</UUID>
      <Info>False</Info>
    </ProductBackendInfo>
    <ProductBackendInfo name="Skye.Core.DataSecurity">
      <UUID>f1ec5af7-ebaa-4349-bbb2-097ee93e5ce9</UUID>
      <Info>Standard</Info>
    </ProductBackendInfo>
    <DefinitionValueRelation>
      <UUID>11ea11e6-7454-8e70-9bb3-63709490e9be</UUID>
      <DefinitionValueUUID>be1e2b2e-fa5a-4f2d-a84a-73d402f33f43</DefinitionValueUUID>
    </DefinitionValueRelation>
  </ProductPolicyAttribute>
  <ProductPolicyAttribute name="@Position" visibilityLevel="0" mandatory="false" unit="" format="" numberOfDecimals="0" attributeClass=" " type="Standard">
    <UUID>ebd9be86-f9fd-41d5-9d5b-f95a31810afd</UUID>
    <SortOrder>99</SortOrder>
    <InputType>Textbox</InputType>
    <DataType>String</DataType>
    <MaxLength>4000</MaxLength>
    <MinLength>0</MinLength>
    <ProductBackendInfo name="Skye.Core.DataSecurity">
      <UUID>1c886c06-3e75-4aa7-be81-c8b19293fff5</UUID>
      <Info>Standard</Info>
    </ProductBackendInfo>
    <ProductBackendInfo name="Skye.AllowValueSetViaUnencryptedURL">
      <UUID>2e2d437f-7a70-4068-9ea2-5bf9a0bd38f5</UUID>
      <Info>False</Info>
    </ProductBackendInfo>
    <ProductBackendInfo name="Skye.AttributeAlias">
      <UUID>2ef78bfc-5a7c-423f-b161-c5be1dfca8b1</UUID>
      <Info />
    </ProductBackendInfo>
    <DefinitionValueRelation>
      <UUID>11ea11e6-7454-8e72-9bb3-63709490e9be</UUID>
      <DefinitionValueUUID>d92061f6-fdb0-4598-ac4a-dfb5b17e799a</DefinitionValueUUID>
    </DefinitionValueRelation>
  </ProductPolicyAttribute>
  <ProductTextRelation>
    <ProductTextUUID>b3b3be1c-e8d2-4705-b5b0-0afa6de33419</ProductTextUUID>
  </ProductTextRelation>
  <ProductTextRelation>
    <ProductTextUUID>8bf80faa-f84b-43ae-a6cd-045ee39a6331</ProductTextUUID>
  </ProductTextRelation>
  <ProductTextRelation>
    <ProductTextUUID>0b3cb7d5-1e3f-44dc-90e3-eeb3f538b863</ProductTextUUID>
  </ProductTextRelation>
  <DefinitionDependentLists>
    <DefinitionDependencyDefaultValueList />
    <DefinitionDependencyValueRangeList />
    <DefinitionDependencyVisibilityList />
    <DefinitionDependencyMandatoryList />
    <DefinitionDependencyToDependencyList />
    <DefinitionDependencyValueRangeFilterValuesList />
    <DefinitionDependencyDataSourceAttributeList />
  </DefinitionDependentLists>
</Product>