﻿<?xml version="1.0" encoding="utf-8"?>
<Product xmlns:xsd="http://www.w3.org/2001/XMLSchema" xmlns:xsi="http://www.w3.org/2001/XMLSchema-instance" name="ProductCategorization" lastChanged="2020-05-15T12:42:17.5533567Z" implementationClass=" " versionUuid=" " modelType="productcategorization" subModelType="" skyeEditorVersion="7.26.1.50">
  <UUID>c709c728-28d4-4353-a323-5f272f5c42ac</UUID>
  <SortOrder>0</SortOrder>
  <BusinessUnit> </BusinessUnit>
  <Section> </Section>
  <ProductTextList>
    <ProductText name="label" language="en" country="US">
      <UUID>66377793-b78c-4bba-8723-5beb166319af</UUID>
      <Text>channel</Text>
    </ProductText>
  </ProductTextList>
  <ProductValueRangeList>
    <ProductValueRange name="Reference.referencedModelsVR" type="fix">
      <UUID>22b87777-fea3-4c1a-a671-49412315be27</UUID>
      <DefinitionValueRelation>
        <UUID>11ea9365-17a0-42d6-8a40-a95c9c2090ce</UUID>
        <DefinitionValueUUID>d462221a-1c8f-4393-b33b-0e609133618e</DefinitionValueUUID>
      </DefinitionValueRelation>
    </ProductValueRange>
    <ProductValueRange name="Reference.referencedModelsVR" type="fix">
      <UUID>32e96929-2e0f-4a89-86b9-582df91371c2</UUID>
      <DefinitionValueRelation>
        <UUID>11ea9365-17a0-42d2-8a40-a95c9c2090ce</UUID>
        <DefinitionValueUUID>3055f9a4-3420-405d-bbb1-82fd87b2d13e</DefinitionValueUUID>
      </DefinitionValueRelation>
    </ProductValueRange>
  </ProductValueRangeList>
  <DefinitionBusinessObjectContextList>
    <DefinitionBusinessObjectContext name="Product-callcenter-callcenter">
      <UUID>36a9febf-97af-4cad-827c-76b578d4b0c8</UUID>
      <SubclassId>sortOrderContext</SubclassId>
      <ValueField>1</ValueField>
    </DefinitionBusinessObjectContext>
    <DefinitionBusinessObjectContext name="Zone-callcenter-callcenter">
      <UUID>399fd355-0241-4601-bbb2-d7ce494e910b</UUID>
      <SubclassId>visibilityLevelContext</SubclassId>
      <ValueField>4</ValueField>
    </DefinitionBusinessObjectContext>
    <DefinitionBusinessObjectContext name="Zone-callcenter-callcenter">
      <UUID>3ee0dd9e-90cc-4248-8189-35140489426e</UUID>
      <SubclassId>sortOrderContext</SubclassId>
      <ValueField>2</ValueField>
    </DefinitionBusinessObjectContext>
    <DefinitionBusinessObjectContext name="Zone-callcenter-callcenter">
      <UUID>6be34555-7f0d-4804-be99-2a97c30b24f7</UUID>
      <SubclassId>sortOrderContext</SubclassId>
      <ValueField>1</ValueField>
    </DefinitionBusinessObjectContext>
    <DefinitionBusinessObjectContext name="en_us-callcenter-callcenter">
      <UUID>91ef318b-eba1-4df1-9d0b-5e69c017cefc</UUID>
      <SubclassId>visibilityLevelContext</SubclassId>
      <ValueField>4</ValueField>
    </DefinitionBusinessObjectContext>
    <DefinitionBusinessObjectContext name="Product-callcenter-callcenter">
      <UUID>a0d9c911-f640-42f6-9d05-1fc8ce31695f</UUID>
      <SubclassId>visibilityLevelContext</SubclassId>
      <ValueField>4</ValueField>
    </DefinitionBusinessObjectContext>
    <DefinitionBusinessObjectContext name="Product-callcenter-callcenter">
      <UUID>e52649fa-d0c9-4e4c-9b3c-46b450e0b096</UUID>
      <SubclassId>sortOrderContext</SubclassId>
      <ValueField>2</ValueField>
    </DefinitionBusinessObjectContext>
    <DefinitionBusinessObjectContext name="en_us-public-anonymous">
      <UUID>ef4e5d10-7a4d-40f5-bded-3642ac3b311b</UUID>
      <SubclassId>visibilityLevelContext</SubclassId>
      <ValueField>2</ValueField>
    </DefinitionBusinessObjectContext>
    <DefinitionBusinessObjectContext name="en_us-public-anonymous">
      <UUID>5e076288-9cfb-44fb-b019-e6ccdc0774e1</UUID>
      <SubclassId>sortOrderContext</SubclassId>
      <ValueField>99</ValueField>
    </DefinitionBusinessObjectContext>
  </DefinitionBusinessObjectContextList>
  <DefinitionResourceList />
  <AbstractProductBrickList />
  <ProductValueList>
    <ProductValue name=" " type="value">
      <UUID>18c2464b-c134-4439-a970-d7bfdacd81a9</UUID>
      <SortOrder>0</SortOrder>
      <Value />
    </ProductValue>
    <ProductValue name="Home" type="value">
      <UUID>3055f9a4-3420-405d-bbb1-82fd87b2d13e</UUID>
      <SortOrder>0</SortOrder>
      <Value />
    </ProductValue>
    <ProductValue name="%{SkyeContext['channel']}" type="value">
      <UUID>824d4ef6-df5f-4c58-8322-539ff7e540f8</UUID>
      <SortOrder>0</SortOrder>
      <Value>%{SkyeContext['channel']}</Value>
    </ProductValue>
    <ProductValue name="FamilyInsurance" type="value">
      <UUID>d462221a-1c8f-4393-b33b-0e609133618e</UUID>
      <SortOrder>0</SortOrder>
      <Value />
    </ProductValue>
    <ProductValue name=" " type="value">
      <UUID>d7d01a11-0c45-4b48-b3f5-3f93a15d1969</UUID>
      <SortOrder>0</SortOrder>
      <Value />
    </ProductValue>
  </ProductValueList>
  <ProductPolicyAttribute name="channel" visibilityLevel="0" mandatory="false" unit="" format="" numberOfDecimals="0" attributeClass=" " type="Standard">
    <UUID>a3ec0b19-dd44-41cc-aa5e-a834f2f3305d</UUID>
    <SortOrder>99</SortOrder>
    <InputType>Textbox</InputType>
    <DataType>String</DataType>
    <MaxLength>4000</MaxLength>
    <MinLength>0</MinLength>
    <ProductTextRelation>
      <ProductTextUUID>66377793-b78c-4bba-8723-5beb166319af</ProductTextUUID>
    </ProductTextRelation>
    <ProductBackendInfo name="Skye.Core.DataSecurity">
      <UUID>236c049a-9f16-48d3-9a77-631cededc26b</UUID>
      <Info>Standard</Info>
    </ProductBackendInfo>
    <ProductBackendInfo name="Skye.AttributeAlias">
      <UUID>8add15bd-b727-4131-ad89-dbd813a6cc69</UUID>
      <Info />
    </ProductBackendInfo>
    <ProductBackendInfo name="Skye.AllowValueSetViaUnencryptedURL">
      <UUID>b9646bc9-997b-4a52-83b5-3c6eee0f0e8e</UUID>
      <Info>False</Info>
    </ProductBackendInfo>
    <DefinitionValueRelation>
      <UUID>11ea9365-17a0-42d3-8a40-a95c9c2090ce</UUID>
      <DefinitionValueUUID>824d4ef6-df5f-4c58-8322-539ff7e540f8</DefinitionValueUUID>
    </DefinitionValueRelation>
  </ProductPolicyAttribute>
  <ProductBrick name="default" visibilityLevel="3" brickClass=" " isAbstract="false" typeId="0">
    <UUID>48234d77-1d79-4e6e-94b4-b68a5f4cd26d</UUID>
    <SortOrder>99</SortOrder>
    <MinimumUsage>1</MinimumUsage>
    <MaximumUsage>1</MaximumUsage>
    <InitialUsage>1</InitialUsage>
    <ProductPolicyAttribute name="homeDefRef" visibilityLevel="0" mandatory="false" unit="" format="" numberOfDecimals="0" attributeClass=" " type="DefinitionReference">
      <UUID>a168740f-c7e6-4009-bc7f-7bfe6179a054</UUID>
      <SortOrder>99</SortOrder>
      <InputType>ReferenceAutoComplete</InputType>
      <DataType>String</DataType>
      <MaxLength>4000</MaxLength>
      <MinLength>0</MinLength>
      <ProductValueRangeRelation>
        <UUID>a33f25db-5837-48a1-9e70-591c322e6718</UUID>
        <SortOrder>99</SortOrder>
        <ProductValueRangeUUID>32e96929-2e0f-4a89-86b9-582df91371c2</ProductValueRangeUUID>
      </ProductValueRangeRelation>
      <ProductBackendInfo name="Skye.Reference.ModelType">
        <UUID>2f0908ef-ec16-4fe9-bf1a-18f8217b61f8</UUID>
        <Info>product</Info>
      </ProductBackendInfo>
      <ProductBackendInfo name="Skye.AllowValueSetViaUnencryptedURL">
        <UUID>3d1213db-fb90-47a3-b5e4-5e74e918929e</UUID>
        <Info>False</Info>
      </ProductBackendInfo>
      <ProductBackendInfo name="Skye.AttributeAlias">
        <UUID>5f292d37-9a41-4f17-ad2a-40942b423eda</UUID>
        <Info />
      </ProductBackendInfo>
      <ProductBackendInfo name="Skye.Core.DataSecurity">
        <UUID>7dfa34cb-17ca-4eaf-a64d-3a7358671a8d</UUID>
        <Info>Standard</Info>
      </ProductBackendInfo>
      <DefinitionValueRelation>
        <UUID>11ea9365-17a0-42d4-8a40-a95c9c2090ce</UUID>
        <DefinitionValueUUID>18c2464b-c134-4439-a970-d7bfdacd81a9</DefinitionValueUUID>
      </DefinitionValueRelation>
      <DefinitionBusinessObjectContextRelation>
        <ContextUUID>91ef318b-eba1-4df1-9d0b-5e69c017cefc</ContextUUID>
        <DefinitionObjectUUID>a168740f-c7e6-4009-bc7f-7bfe6179a054</DefinitionObjectUUID>
        <ValueField>4</ValueField>
      </DefinitionBusinessObjectContextRelation>
      <DefinitionBusinessObjectContextRelation>
        <ContextUUID>399fd355-0241-4601-bbb2-d7ce494e910b</ContextUUID>
        <DefinitionObjectUUID>a168740f-c7e6-4009-bc7f-7bfe6179a054</DefinitionObjectUUID>
        <ValueField>4</ValueField>
      </DefinitionBusinessObjectContextRelation>
      <DefinitionBusinessObjectContextRelation>
        <ContextUUID>6be34555-7f0d-4804-be99-2a97c30b24f7</ContextUUID>
        <DefinitionObjectUUID>a168740f-c7e6-4009-bc7f-7bfe6179a054</DefinitionObjectUUID>
        <ValueField>1</ValueField>
      </DefinitionBusinessObjectContextRelation>
      <DefinitionBusinessObjectContextRelation>
        <ContextUUID>a0d9c911-f640-42f6-9d05-1fc8ce31695f</ContextUUID>
        <DefinitionObjectUUID>a168740f-c7e6-4009-bc7f-7bfe6179a054</DefinitionObjectUUID>
        <ValueField>4</ValueField>
      </DefinitionBusinessObjectContextRelation>
      <DefinitionBusinessObjectContextRelation>
        <ContextUUID>e52649fa-d0c9-4e4c-9b3c-46b450e0b096</ContextUUID>
        <DefinitionObjectUUID>a168740f-c7e6-4009-bc7f-7bfe6179a054</DefinitionObjectUUID>
        <ValueField>2</ValueField>
      </DefinitionBusinessObjectContextRelation>
      <DefinitionBusinessObjectContextRelation>
        <ContextUUID>ef4e5d10-7a4d-40f5-bded-3642ac3b311b</ContextUUID>
        <DefinitionObjectUUID>a168740f-c7e6-4009-bc7f-7bfe6179a054</DefinitionObjectUUID>
      </DefinitionBusinessObjectContextRelation>
      <DefinitionBusinessObjectContextRelation>
        <ContextUUID>5e076288-9cfb-44fb-b019-e6ccdc0774e1</ContextUUID>
        <DefinitionObjectUUID>a168740f-c7e6-4009-bc7f-7bfe6179a054</DefinitionObjectUUID>
      </DefinitionBusinessObjectContextRelation>
    </ProductPolicyAttribute>
    <ProductPolicyAttribute name="FamilyInsuranceDefRef" visibilityLevel="0" mandatory="false" unit="" format="" numberOfDecimals="0" attributeClass=" " type="DefinitionReference">
      <UUID>d2b359fb-34f8-4db6-909a-6522b4a2ac50</UUID>
      <SortOrder>99</SortOrder>
      <InputType>ReferenceAutoComplete</InputType>
      <DataType>String</DataType>
      <MaxLength>4000</MaxLength>
      <MinLength>0</MinLength>
      <ProductValueRangeRelation>
        <UUID>c963d8be-2de3-419c-9e9e-d4ab221cf7ac</UUID>
        <SortOrder>99</SortOrder>
        <ProductValueRangeUUID>22b87777-fea3-4c1a-a671-49412315be27</ProductValueRangeUUID>
      </ProductValueRangeRelation>
      <ProductBackendInfo name="Skye.AttributeAlias">
        <UUID>568c9140-e38e-4709-a43b-51198e0f5dd3</UUID>
        <Info />
      </ProductBackendInfo>
      <ProductBackendInfo name="Skye.Reference.ModelType">
        <UUID>5c7d92f3-5ec3-47f7-aca3-a0fe69cdced7</UUID>
        <Info>product</Info>
      </ProductBackendInfo>
      <ProductBackendInfo name="Skye.Core.DataSecurity">
        <UUID>63943487-fe99-4313-baef-d243a9c61238</UUID>
        <Info>Standard</Info>
      </ProductBackendInfo>
      <ProductBackendInfo name="Skye.AllowValueSetViaUnencryptedURL">
        <UUID>69510751-0a14-43b9-a9e2-a28235695732</UUID>
        <Info>False</Info>
      </ProductBackendInfo>
      <DefinitionValueRelation>
        <UUID>11ea9365-17a0-42d5-8a40-a95c9c2090ce</UUID>
        <DefinitionValueUUID>d7d01a11-0c45-4b48-b3f5-3f93a15d1969</DefinitionValueUUID>
      </DefinitionValueRelation>
      <DefinitionBusinessObjectContextRelation>
        <ContextUUID>a0d9c911-f640-42f6-9d05-1fc8ce31695f</ContextUUID>
        <DefinitionObjectUUID>d2b359fb-34f8-4db6-909a-6522b4a2ac50</DefinitionObjectUUID>
        <ValueField>4</ValueField>
      </DefinitionBusinessObjectContextRelation>
      <DefinitionBusinessObjectContextRelation>
        <ContextUUID>399fd355-0241-4601-bbb2-d7ce494e910b</ContextUUID>
        <DefinitionObjectUUID>d2b359fb-34f8-4db6-909a-6522b4a2ac50</DefinitionObjectUUID>
        <ValueField>4</ValueField>
      </DefinitionBusinessObjectContextRelation>
      <DefinitionBusinessObjectContextRelation>
        <ContextUUID>91ef318b-eba1-4df1-9d0b-5e69c017cefc</ContextUUID>
        <DefinitionObjectUUID>d2b359fb-34f8-4db6-909a-6522b4a2ac50</DefinitionObjectUUID>
        <ValueField>4</ValueField>
      </DefinitionBusinessObjectContextRelation>
      <DefinitionBusinessObjectContextRelation>
        <ContextUUID>3ee0dd9e-90cc-4248-8189-35140489426e</ContextUUID>
        <DefinitionObjectUUID>d2b359fb-34f8-4db6-909a-6522b4a2ac50</DefinitionObjectUUID>
        <ValueField>2</ValueField>
      </DefinitionBusinessObjectContextRelation>
      <DefinitionBusinessObjectContextRelation>
        <ContextUUID>36a9febf-97af-4cad-827c-76b578d4b0c8</ContextUUID>
        <DefinitionObjectUUID>d2b359fb-34f8-4db6-909a-6522b4a2ac50</DefinitionObjectUUID>
        <ValueField>1</ValueField>
      </DefinitionBusinessObjectContextRelation>
    </ProductPolicyAttribute>
    <ProductBackendInfo name="Skye.MultibrickType">
      <UUID>4a16e716-5dbc-48c7-a93e-d3a03a41fa50</UUID>
      <Info />
    </ProductBackendInfo>
  </ProductBrick>
  <DefinitionDependentLists>
    <DefinitionDependencyDefaultValueList />
    <DefinitionDependencyValueRangeList />
    <DefinitionDependencyVisibilityList />
    <DefinitionDependencyMandatoryList />
    <DefinitionDependencyToDependencyList />
    <DefinitionDependencyValueRangeFilterValuesList />
    <DefinitionDependencyDataSourceAttributeList />
  </DefinitionDependentLists>
</Product>