﻿<?xml version="1.0" encoding="utf-8"?>
<Product xmlns:xsd="http://www.w3.org/2001/XMLSchema" xmlns:xsi="http://www.w3.org/2001/XMLSchema-instance" name="MorotCreatePolicyInsuredsInformationUIDefinition" lastChanged="2019-10-21T11:54:07.3693835Z" implementationClass="" modelType="uidefinition" subModelType="ProcessLayout" skyeEditorVersion="7.15.0.16">
  <UUID>befa634b-893b-42d0-8162-34ac5010fe8c</UUID>
  <BusinessUnit> </BusinessUnit>
  <Section> </Section>
  <ProductTextList>
    <ProductText name="header" language="en" country="US">
      <UUID>b25e639b-fd86-4818-ba2a-d2571bacaa63</UUID>
      <Text>First driver</Text>
    </ProductText>
    <ProductText name="header" language="en" country="US">
      <UUID>cbe71828-bf73-4239-90c2-81da826be492</UUID>
      <Text>Second driver</Text>
    </ProductText>
    <ProductText name="header" language="en" country="US">
      <UUID>0856a08c-6d4b-4d98-b00a-c3d97b3957a2</UUID>
      <Text>Package</Text>
    </ProductText>
    <ProductText name="header" language="en" country="US">
      <UUID>f914731a-495b-4789-b12f-e61fb3c65f4c</UUID>
      <Text>Address</Text>
    </ProductText>
    <ProductText name="header" language="en" country="US">
      <UUID>2a74603e-6503-4905-92c1-cbb893e279f6</UUID>
      <Text>Address</Text>
    </ProductText>
    <ProductText name="header" language="en" country="US">
      <UUID>a83544e7-b087-4e67-aad1-7529766abad5</UUID>
      <Text>Please select from one of the package prices based on your inputs:</Text>
    </ProductText>
    <ProductText name="header" language="en" country="US">
      <UUID>ff9a2fc7-9747-4fbe-a254-17b6ae49f46a</UUID>
      <Text>Package - Grid attribute</Text>
    </ProductText>
    <ProductText name="header" language="en" country="US">
      <UUID>f7b6107f-c392-4892-a077-4308c2f4c079</UUID>
      <Text>Please select from one of the package prices based on your inputs:</Text>
    </ProductText>
  </ProductTextList>
  <ProductValueRangeList />
  <DefinitionBusinessObjectContextList />
  <DefinitionResourceList />
  <AbstractProductBrickList />
  <ProductValueList />
  <ProductBrick name="PanelGroup" visibilityLevel="3" brickClass="" isAbstract="false" typeId="0">
    <UUID>0bd3f6c9-8924-4bf7-86fa-5ab3c79dafec</UUID>
    <SortOrder>10</SortOrder>
    <MinimumUsage>1</MinimumUsage>
    <MaximumUsage>1</MaximumUsage>
    <InitialUsage>1</InitialUsage>
    <ProductBrick name="Driver1" visibilityLevel="3" brickClass="" isAbstract="false" typeId="0">
      <UUID>50f0eb2d-4283-442d-ae29-3c530f6e6407</UUID>
      <SortOrder>10</SortOrder>
      <MinimumUsage>1</MinimumUsage>
      <MaximumUsage>1</MaximumUsage>
      <InitialUsage>1</InitialUsage>
      <ProductTextRelation>
        <UUID>7263cb1d-572c-4d2f-b218-f0a72cb3311f</UUID>
        <ProductTextUUID>b25e639b-fd86-4818-ba2a-d2571bacaa63</ProductTextUUID>
      </ProductTextRelation>
      <ProductBrick name="FieldsetGroup1" visibilityLevel="3" brickClass="" isAbstract="false" typeId="0">
        <UUID>89e40011-6ad0-46fd-83e7-e733c2d219b7</UUID>
        <SortOrder>20</SortOrder>
        <MinimumUsage>1</MinimumUsage>
        <MaximumUsage>1</MaximumUsage>
        <InitialUsage>1</InitialUsage>
        <ProductBrick name="Address1" visibilityLevel="3" brickClass="" isAbstract="false" typeId="0">
          <UUID>77d6c463-fc53-4a1c-98e1-3aebd3cfb9b5</UUID>
          <SortOrder>10</SortOrder>
          <MinimumUsage>1</MinimumUsage>
          <MaximumUsage>1</MaximumUsage>
          <InitialUsage>1</InitialUsage>
          <ProductTextRelation>
            <UUID>1e1ca847-1380-40ce-ba11-b7e09a6e2d7b</UUID>
            <ProductTextUUID>f914731a-495b-4789-b12f-e61fb3c65f4c</ProductTextUUID>
          </ProductTextRelation>
          <ProductBackendInfo name="Skye.NumberOfColumns">
            <UUID>96974b02-25ad-4b4b-9cf4-56beaa33867c</UUID>
            <Info>1</Info>
          </ProductBackendInfo>
          <ProductBackendInfo name="Skye.DisplayControlWithEmptyContent">
            <UUID>184feb98-7687-4f21-ac10-d4e5f7bf567f</UUID>
            <Info>False</Info>
          </ProductBackendInfo>
          <ProductBackendInfo name="Skye.StyleClass">
            <UUID>5e32c31d-5625-403e-a6ef-60f383f7e592</UUID>
            <Info />
          </ProductBackendInfo>
          <ProductBackendInfo name="Skye.MultibrickType">
            <UUID>67ba1dfa-02a3-4536-bcff-9a2f6ff4cfd8</UUID>
            <Info />
          </ProductBackendInfo>
        </ProductBrick>
        <ProductBackendInfo name="Skye.ProcessStepUIType">
          <UUID>b65090ac-798e-4118-b850-d2651fd153ea</UUID>
          <Info>FieldsetGroup</Info>
        </ProductBackendInfo>
        <ProductBackendInfo name="Skye.StyleClass">
          <UUID>a5b13960-1246-4de0-ab68-4c97dc50a193</UUID>
          <Info />
        </ProductBackendInfo>
        <ProductBackendInfo name="Skye.MultibrickType">
          <UUID>118a2cba-4608-4e4f-a721-6e4d8b6b9287</UUID>
          <Info />
        </ProductBackendInfo>
      </ProductBrick>
      <ProductBackendInfo name="Skye.NumberOfColumns">
        <UUID>5b53cc96-d675-4425-b366-c457c19a16d1</UUID>
        <Info>2</Info>
      </ProductBackendInfo>
      <ProductBackendInfo name="Skye.DisplayControlWithEmptyContent">
        <UUID>048c68e2-9e9c-4954-8e26-c112dd816948</UUID>
        <Info>True</Info>
      </ProductBackendInfo>
      <ProductBackendInfo name="Skye.StyleClass">
        <UUID>4fe428bf-d54c-401f-bedc-c1848a061db7</UUID>
        <Info />
      </ProductBackendInfo>
      <ProductBackendInfo name="Skye.MultibrickType">
        <UUID>b80f52c6-c257-4dda-9e6f-bbc2095977e6</UUID>
        <Info />
      </ProductBackendInfo>
    </ProductBrick>
    <ProductBrick name="Driver2" visibilityLevel="3" brickClass="" isAbstract="false" typeId="0">
      <UUID>4e99aabc-d8cf-4dfc-a445-187388b9a19f</UUID>
      <SortOrder>20</SortOrder>
      <MinimumUsage>1</MinimumUsage>
      <MaximumUsage>1</MaximumUsage>
      <InitialUsage>1</InitialUsage>
      <ProductTextRelation>
        <UUID>7b97f991-a5fc-48ab-b57d-366a116bfc6f</UUID>
        <ProductTextUUID>cbe71828-bf73-4239-90c2-81da826be492</ProductTextUUID>
      </ProductTextRelation>
      <ProductBrick name="FieldsetGroup2" visibilityLevel="3" brickClass="" isAbstract="false" typeId="0">
        <UUID>822c6062-5218-4c32-ad2b-aa0e782fa53e</UUID>
        <SortOrder>10</SortOrder>
        <MinimumUsage>1</MinimumUsage>
        <MaximumUsage>1</MaximumUsage>
        <InitialUsage>1</InitialUsage>
        <ProductBrick name="Address2" visibilityLevel="3" brickClass="" isAbstract="false" typeId="0">
          <UUID>0ede30b5-57ab-4378-a116-fb1613311337</UUID>
          <SortOrder>10</SortOrder>
          <MinimumUsage>1</MinimumUsage>
          <MaximumUsage>1</MaximumUsage>
          <InitialUsage>1</InitialUsage>
          <ProductTextRelation>
            <UUID>b2661e35-189b-48cb-9857-4e128f031eff</UUID>
            <ProductTextUUID>2a74603e-6503-4905-92c1-cbb893e279f6</ProductTextUUID>
          </ProductTextRelation>
          <ProductBackendInfo name="Skye.NumberOfColumns">
            <UUID>a7dce62a-e325-4ab8-bc87-5da3fbc16d03</UUID>
            <Info>1</Info>
          </ProductBackendInfo>
          <ProductBackendInfo name="Skye.DisplayControlWithEmptyContent">
            <UUID>aa163020-a250-4654-a3bd-750dfbe9dbeb</UUID>
            <Info>False</Info>
          </ProductBackendInfo>
          <ProductBackendInfo name="Skye.StyleClass">
            <UUID>688dd1dd-28c9-4db0-8463-3ca23e57ed58</UUID>
            <Info />
          </ProductBackendInfo>
          <ProductBackendInfo name="Skye.MultibrickType">
            <UUID>14250de0-864e-44b0-bf19-ff04c9804746</UUID>
            <Info />
          </ProductBackendInfo>
        </ProductBrick>
        <ProductBackendInfo name="Skye.ProcessStepUIType">
          <UUID>eafadb42-44e5-4b00-af54-eaca6075a365</UUID>
          <Info>FieldsetGroup</Info>
        </ProductBackendInfo>
        <ProductBackendInfo name="Skye.StyleClass">
          <UUID>00061837-8e35-445c-8968-dc30ff79db88</UUID>
          <Info />
        </ProductBackendInfo>
        <ProductBackendInfo name="Skye.MultibrickType">
          <UUID>d1efe411-b3bd-4728-ba12-006e3dfbedd8</UUID>
          <Info />
        </ProductBackendInfo>
      </ProductBrick>
      <ProductBackendInfo name="Skye.NumberOfColumns">
        <UUID>a38a0d9a-8289-46b9-a8c6-b3d61fd8ffef</UUID>
        <Info>2</Info>
      </ProductBackendInfo>
      <ProductBackendInfo name="Skye.DisplayControlWithEmptyContent">
        <UUID>4a8972ac-593c-4cad-ba52-88072cc83916</UUID>
        <Info>False</Info>
      </ProductBackendInfo>
      <ProductBackendInfo name="Skye.StyleClass">
        <UUID>88d5b86a-97fd-4250-b48c-3daa26903215</UUID>
        <Info />
      </ProductBackendInfo>
      <ProductBackendInfo name="Skye.MultibrickType">
        <UUID>b77960a9-69d8-4782-9dab-8e4e137b007c</UUID>
        <Info />
      </ProductBackendInfo>
    </ProductBrick>
    <ProductBrick name="Package" visibilityLevel="3" brickClass="" isAbstract="false" typeId="0">
      <UUID>8193a61b-15cd-4a0f-9901-06c1e0cc9a11</UUID>
      <SortOrder>30</SortOrder>
      <MinimumUsage>1</MinimumUsage>
      <MaximumUsage>1</MaximumUsage>
      <InitialUsage>1</InitialUsage>
      <ProductTextRelation>
        <UUID>302a2ba1-a602-418b-8cd3-13a0776e524e</UUID>
        <ProductTextUUID>0856a08c-6d4b-4d98-b00a-c3d97b3957a2</ProductTextUUID>
      </ProductTextRelation>
      <ProductBrick name="FieldsetGroup3" visibilityLevel="3" brickClass="" isAbstract="false" typeId="0">
        <UUID>aa3190b7-bb6b-4b10-9cb6-479dc637253e</UUID>
        <SortOrder>10</SortOrder>
        <MinimumUsage>1</MinimumUsage>
        <MaximumUsage>1</MaximumUsage>
        <InitialUsage>1</InitialUsage>
        <ProductBrick name="PackageHeader" visibilityLevel="3" brickClass="" isAbstract="false" typeId="0">
          <UUID>ed215aec-3b31-46b8-95d7-9770f6405ce9</UUID>
          <SortOrder>10</SortOrder>
          <MinimumUsage>1</MinimumUsage>
          <MaximumUsage>1</MaximumUsage>
          <InitialUsage>1</InitialUsage>
          <ProductTextRelation>
            <UUID>f8c435b4-26da-4adb-afc8-622a923cccff</UUID>
            <ProductTextUUID>a83544e7-b087-4e67-aad1-7529766abad5</ProductTextUUID>
          </ProductTextRelation>
          <ProductBackendInfo name="Skye.NumberOfColumns">
            <UUID>b0b46dfc-01e7-483e-98b6-909e62c1d905</UUID>
            <Info>2</Info>
          </ProductBackendInfo>
          <ProductBackendInfo name="Skye.DisplayControlWithEmptyContent">
            <UUID>7aea7f5b-eb9e-4be7-b423-10c0cab05c0b</UUID>
            <Info>False</Info>
          </ProductBackendInfo>
          <ProductBackendInfo name="Skye.StyleClass">
            <UUID>6579cae1-45fd-4a24-9de2-6d829b8c4a1e</UUID>
            <Info />
          </ProductBackendInfo>
          <ProductBackendInfo name="Skye.MultibrickType">
            <UUID>cbd39c86-a413-4ae4-bb76-f1fb0d1bdda4</UUID>
            <Info />
          </ProductBackendInfo>
        </ProductBrick>
        <ProductBackendInfo name="Skye.ProcessStepUIType">
          <UUID>688d070d-b41c-431d-a488-117a50ca0d0c</UUID>
          <Info>FieldsetGroup</Info>
        </ProductBackendInfo>
        <ProductBackendInfo name="Skye.StyleClass">
          <UUID>497e2fe2-cce6-41fe-932e-ce1fd4aa787e</UUID>
          <Info />
        </ProductBackendInfo>
        <ProductBackendInfo name="Skye.MultibrickType">
          <UUID>a182e15d-c60b-4b36-820e-e4cb4951d2ed</UUID>
          <Info />
        </ProductBackendInfo>
      </ProductBrick>
      <ProductBackendInfo name="Skye.NumberOfColumns">
        <UUID>79d14f8b-4c31-485e-9dda-2de8a2d624f3</UUID>
        <Info>2</Info>
      </ProductBackendInfo>
      <ProductBackendInfo name="Skye.DisplayControlWithEmptyContent">
        <UUID>f9fa9803-e9da-4d78-8b05-721797c29434</UUID>
        <Info>True</Info>
      </ProductBackendInfo>
      <ProductBackendInfo name="Skye.StyleClass">
        <UUID>d7619452-13e0-4465-8d2d-0235a2c9f65c</UUID>
        <Info />
      </ProductBackendInfo>
      <ProductBackendInfo name="Skye.MultibrickType">
        <UUID>e64f8a43-0881-46b3-b6c7-57549cd517d2</UUID>
        <Info />
      </ProductBackendInfo>
    </ProductBrick>
    <ProductBrick name="PackageVersion2" visibilityLevel="3" brickClass="" isAbstract="false" typeId="0">
      <UUID>38567a14-1bf9-428f-b190-f65b46f8a0e9</UUID>
      <SortOrder>40</SortOrder>
      <MinimumUsage>1</MinimumUsage>
      <MaximumUsage>1</MaximumUsage>
      <InitialUsage>1</InitialUsage>
      <ProductTextRelation>
        <UUID>a12a5292-2162-4f81-ba3e-b796ab3c4af7</UUID>
        <ProductTextUUID>ff9a2fc7-9747-4fbe-a254-17b6ae49f46a</ProductTextUUID>
      </ProductTextRelation>
      <ProductBrick name="FieldsetGroup4" visibilityLevel="3" brickClass="" isAbstract="false" typeId="0">
        <UUID>f26eeb8f-3f6a-46c0-b24d-68efa6197324</UUID>
        <SortOrder>10</SortOrder>
        <MinimumUsage>1</MinimumUsage>
        <MaximumUsage>1</MaximumUsage>
        <InitialUsage>1</InitialUsage>
        <ProductBrick name="PackageGrid" visibilityLevel="3" brickClass="" isAbstract="false" typeId="0">
          <UUID>e9086367-725e-42db-9941-963ea1a500b4</UUID>
          <SortOrder>10</SortOrder>
          <MinimumUsage>1</MinimumUsage>
          <MaximumUsage>1</MaximumUsage>
          <InitialUsage>1</InitialUsage>
          <ProductTextRelation>
            <UUID>9670eaa8-1328-4497-8149-ccad294caed1</UUID>
            <ProductTextUUID>f7b6107f-c392-4892-a077-4308c2f4c079</ProductTextUUID>
          </ProductTextRelation>
          <ProductBackendInfo name="Skye.NumberOfColumns">
            <UUID>99874979-4bf0-467a-ac2d-3a8d39c19c4b</UUID>
            <Info>2</Info>
          </ProductBackendInfo>
          <ProductBackendInfo name="Skye.DisplayControlWithEmptyContent">
            <UUID>4716ab1e-a65a-490a-b3ec-62028d5d8eee</UUID>
            <Info>True</Info>
          </ProductBackendInfo>
          <ProductBackendInfo name="Skye.StyleClass">
            <UUID>bb95f389-92d7-4133-8398-e3d5703dde0b</UUID>
            <Info />
          </ProductBackendInfo>
          <ProductBackendInfo name="Skye.MultibrickType">
            <UUID>e1281f83-d9ea-4fa2-9f74-e355b1bb2900</UUID>
            <Info />
          </ProductBackendInfo>
        </ProductBrick>
        <ProductBackendInfo name="Skye.ProcessStepUIType">
          <UUID>cb09b5dd-b009-4515-982d-5a030fc34a0f</UUID>
          <Info>FieldsetGroup</Info>
        </ProductBackendInfo>
        <ProductBackendInfo name="Skye.StyleClass">
          <UUID>96408268-6b5f-4333-b5b7-795ee6538975</UUID>
          <Info />
        </ProductBackendInfo>
        <ProductBackendInfo name="Skye.MultibrickType">
          <UUID>20428823-a3a7-423f-81b4-688f3734249f</UUID>
          <Info />
        </ProductBackendInfo>
      </ProductBrick>
      <ProductBackendInfo name="Skye.NumberOfColumns">
        <UUID>d1f093ce-698c-4b27-9e43-adaa87d817d4</UUID>
        <Info>2</Info>
      </ProductBackendInfo>
      <ProductBackendInfo name="Skye.DisplayControlWithEmptyContent">
        <UUID>74988d2c-7b8e-445c-ab04-c9e9bd594ba7</UUID>
        <Info>False</Info>
      </ProductBackendInfo>
      <ProductBackendInfo name="Skye.StyleClass">
        <UUID>1bac66a6-f657-4d6a-953a-d6752a3ae8a1</UUID>
        <Info />
      </ProductBackendInfo>
      <ProductBackendInfo name="Skye.MultibrickType">
        <UUID>854f0c7c-f1d8-4d59-bfdc-8ae0210a56f5</UUID>
        <Info />
      </ProductBackendInfo>
    </ProductBrick>
    <ProductBackendInfo name="Skye.ProcessStepUIType">
      <UUID>fc9c673f-74e1-4ce3-be25-c7e8b49f54ea</UUID>
      <Info>PanelGroup</Info>
    </ProductBackendInfo>
    <ProductBackendInfo name="Skye.StyleClass">
      <UUID>4be224b9-f8b5-4222-8a22-dad2ba5371ad</UUID>
      <Info />
    </ProductBackendInfo>
    <ProductBackendInfo name="Skye.MultibrickType">
      <UUID>4f0e6bd9-38c0-4715-8fc4-02e1b17138f4</UUID>
      <Info />
    </ProductBackendInfo>
  </ProductBrick>
  <DefinitionDependentLists>
    <DefinitionDependencyDefaultValueList />
    <DefinitionDependencyValueRangeList />
    <DefinitionDependencyVisibilityList />
    <DefinitionDependencyMandatoryList />
    <DefinitionDependencyToDependencyList />
    <DefinitionDependencyValueRangeFilterValuesList />
    <DefinitionDependencyDataSourceAttributeList />
  </DefinitionDependentLists>
</Product>