﻿<?xml version="1.0" encoding="utf-8"?>
<Product xmlns:xsd="http://www.w3.org/2001/XMLSchema" xmlns:xsi="http://www.w3.org/2001/XMLSchema-instance" name="MorotCreatePolicyInsuredsInformationUIDefinition" lastChanged="2019-10-17T10:30:42.4123260Z" implementationClass="" modelType="uidefinition" subModelType="ProcessLayout" skyeEditorVersion="7.15.0.16">
  <UUID>befa634b-893b-42d0-8162-34ac5010fe8c</UUID>
  <BusinessUnit> </BusinessUnit>
  <Section> </Section>
  <ProductTextList>
    <ProductText name="header" language="en" country="US">
      <UUID>b25e639b-fd86-4818-ba2a-d2571bacaa63</UUID>
      <Text>First driver</Text>
    </ProductText>
    <ProductText name="header" language="en" country="US">
      <UUID>cbe71828-bf73-4239-90c2-81da826be492</UUID>
      <Text>Second driver</Text>
    </ProductText>
    <ProductText name="header" language="en" country="US">
      <UUID>68cfb716-2290-4658-ab4b-797f10b6d22f</UUID>
      <Text>Address</Text>
    </ProductText>
    <ProductText name="header" language="en" country="US">
      <UUID>cdb444fd-63c7-492b-aab3-e5a3e8f3ceff</UUID>
      <Text>Address</Text>
    </ProductText>
    <ProductText name="header" language="en" country="US">
      <UUID>0856a08c-6d4b-4d98-b00a-c3d97b3957a2</UUID>
      <Text>Package</Text>
    </ProductText>
  </ProductTextList>
  <ProductValueRangeList />
  <DefinitionBusinessObjectContextList />
  <DefinitionResourceList />
  <ProductValueList />
  <ProductBrick name="PanelGroup" visibilityLevel="3" brickClass="" isAbstract="false" typeId="0">
    <UUID>0bd3f6c9-8924-4bf7-86fa-5ab3c79dafec</UUID>
    <SortOrder>10</SortOrder>
    <MinimumUsage>1</MinimumUsage>
    <MaximumUsage>1</MaximumUsage>
    <InitialUsage>1</InitialUsage>
    <ProductBrick name="Driver1" visibilityLevel="3" brickClass="" isAbstract="false" typeId="0">
      <UUID>50f0eb2d-4283-442d-ae29-3c530f6e6407</UUID>
      <SortOrder>10</SortOrder>
      <MinimumUsage>1</MinimumUsage>
      <MaximumUsage>1</MaximumUsage>
      <InitialUsage>1</InitialUsage>
      <ProductTextRelation>
        <UUID>7263cb1d-572c-4d2f-b218-f0a72cb3311f</UUID>
        <ProductTextUUID>b25e639b-fd86-4818-ba2a-d2571bacaa63</ProductTextUUID>
      </ProductTextRelation>
      <ProductBrick name="NoStyleGroup1" visibilityLevel="3" brickClass="" isAbstract="false" typeId="0">
        <UUID>9d0fa4dd-33a0-4256-864a-10c5f999c354</UUID>
        <SortOrder>10</SortOrder>
        <MinimumUsage>1</MinimumUsage>
        <MaximumUsage>1</MaximumUsage>
        <InitialUsage>1</InitialUsage>
        <ProductBrick name="Address1" visibilityLevel="3" brickClass="" isAbstract="false" typeId="0">
          <UUID>1974ef14-d47c-43a3-9ad2-b1d9dc001786</UUID>
          <SortOrder>10</SortOrder>
          <MinimumUsage>1</MinimumUsage>
          <MaximumUsage>1</MaximumUsage>
          <InitialUsage>1</InitialUsage>
          <ProductTextRelation>
            <UUID>002ef48b-0642-48bb-a0eb-c7aab4000cb9</UUID>
            <ProductTextUUID>68cfb716-2290-4658-ab4b-797f10b6d22f</ProductTextUUID>
          </ProductTextRelation>
          <ProductBackendInfo name="Skye.NumberOfColumns">
            <UUID>24ed8e97-895a-4b1a-982f-1fc8ac37dd61</UUID>
            <Info>2</Info>
          </ProductBackendInfo>
          <ProductBackendInfo name="Skye.DisplayControlWithEmptyContent">
            <UUID>5fa85ec1-c767-48ab-bea4-aaa00b5cd5e3</UUID>
            <Info>False</Info>
          </ProductBackendInfo>
          <ProductBackendInfo name="Skye.StyleClass">
            <UUID>dee4e3f9-8add-4a71-ac94-46b048a01e4d</UUID>
            <Info />
          </ProductBackendInfo>
          <ProductBackendInfo name="Skye.MultibrickType">
            <UUID>2aab39c9-d724-4c27-bbba-4ec8f7be7bc7</UUID>
            <Info />
          </ProductBackendInfo>
        </ProductBrick>
        <ProductBackendInfo name="Skye.ProcessStepUIType">
          <UUID>0c81345a-7e11-44ca-afb0-a6c93ff563ab</UUID>
          <Info>NoStyleFieldsetGroup</Info>
        </ProductBackendInfo>
        <ProductBackendInfo name="Skye.StyleClass">
          <UUID>d739c460-ec3c-462f-aad9-1ed0abe9abff</UUID>
          <Info />
        </ProductBackendInfo>
        <ProductBackendInfo name="Skye.MultibrickType">
          <UUID>d4c58860-7c31-49b6-8724-d0e624484df2</UUID>
          <Info />
        </ProductBackendInfo>
      </ProductBrick>
      <ProductBackendInfo name="Skye.NumberOfColumns">
        <UUID>5b53cc96-d675-4425-b366-c457c19a16d1</UUID>
        <Info>2</Info>
      </ProductBackendInfo>
      <ProductBackendInfo name="Skye.DisplayControlWithEmptyContent">
        <UUID>048c68e2-9e9c-4954-8e26-c112dd816948</UUID>
        <Info>True</Info>
      </ProductBackendInfo>
      <ProductBackendInfo name="Skye.StyleClass">
        <UUID>4fe428bf-d54c-401f-bedc-c1848a061db7</UUID>
        <Info />
      </ProductBackendInfo>
      <ProductBackendInfo name="Skye.MultibrickType">
        <UUID>b80f52c6-c257-4dda-9e6f-bbc2095977e6</UUID>
        <Info />
      </ProductBackendInfo>
    </ProductBrick>
    <ProductBrick name="Driver2" visibilityLevel="3" brickClass="" isAbstract="false" typeId="0">
      <UUID>4e99aabc-d8cf-4dfc-a445-187388b9a19f</UUID>
      <SortOrder>20</SortOrder>
      <MinimumUsage>1</MinimumUsage>
      <MaximumUsage>1</MaximumUsage>
      <InitialUsage>1</InitialUsage>
      <ProductTextRelation>
        <UUID>7b97f991-a5fc-48ab-b57d-366a116bfc6f</UUID>
        <ProductTextUUID>cbe71828-bf73-4239-90c2-81da826be492</ProductTextUUID>
      </ProductTextRelation>
      <ProductBrick name="NoStyleGroup2" visibilityLevel="3" brickClass="" isAbstract="false" typeId="0">
        <UUID>5faa2a5b-312c-4c4d-b226-fef18af132c1</UUID>
        <SortOrder>10</SortOrder>
        <MinimumUsage>1</MinimumUsage>
        <MaximumUsage>1</MaximumUsage>
        <InitialUsage>1</InitialUsage>
        <ProductBrick name="Address2" visibilityLevel="3" brickClass="" isAbstract="false" typeId="0">
          <UUID>5b16dfcd-0f9b-4589-8100-427ae4b58e35</UUID>
          <SortOrder>10</SortOrder>
          <MinimumUsage>1</MinimumUsage>
          <MaximumUsage>1</MaximumUsage>
          <InitialUsage>1</InitialUsage>
          <ProductTextRelation>
            <UUID>f1e45976-d434-4ca2-99f5-d2443e947437</UUID>
            <ProductTextUUID>cdb444fd-63c7-492b-aab3-e5a3e8f3ceff</ProductTextUUID>
          </ProductTextRelation>
          <ProductBackendInfo name="Skye.NumberOfColumns">
            <UUID>d66dd193-caee-4363-823d-d449fb63e7d5</UUID>
            <Info>2</Info>
          </ProductBackendInfo>
          <ProductBackendInfo name="Skye.DisplayControlWithEmptyContent">
            <UUID>aa2db1fa-7be6-4852-a936-87633195ceeb</UUID>
            <Info>False</Info>
          </ProductBackendInfo>
          <ProductBackendInfo name="Skye.StyleClass">
            <UUID>41e47bae-44f1-4521-813e-6361de5f952c</UUID>
            <Info />
          </ProductBackendInfo>
          <ProductBackendInfo name="Skye.MultibrickType">
            <UUID>278ef6b0-94f7-4edd-a301-e945f1ea44d0</UUID>
            <Info />
          </ProductBackendInfo>
        </ProductBrick>
        <ProductBackendInfo name="Skye.ProcessStepUIType">
          <UUID>bab3417f-c80e-4e24-aa0b-58525b8fee75</UUID>
          <Info>NoStyleFieldsetGroup</Info>
        </ProductBackendInfo>
        <ProductBackendInfo name="Skye.StyleClass">
          <UUID>87284f72-30f9-43b2-aac0-893aa26fe333</UUID>
          <Info />
        </ProductBackendInfo>
        <ProductBackendInfo name="Skye.MultibrickType">
          <UUID>9f0ddce2-0d7b-44ca-85e8-fa525ee79c69</UUID>
          <Info />
        </ProductBackendInfo>
      </ProductBrick>
      <ProductBackendInfo name="Skye.NumberOfColumns">
        <UUID>a38a0d9a-8289-46b9-a8c6-b3d61fd8ffef</UUID>
        <Info>2</Info>
      </ProductBackendInfo>
      <ProductBackendInfo name="Skye.DisplayControlWithEmptyContent">
        <UUID>4a8972ac-593c-4cad-ba52-88072cc83916</UUID>
        <Info>True</Info>
      </ProductBackendInfo>
      <ProductBackendInfo name="Skye.StyleClass">
        <UUID>88d5b86a-97fd-4250-b48c-3daa26903215</UUID>
        <Info />
      </ProductBackendInfo>
      <ProductBackendInfo name="Skye.MultibrickType">
        <UUID>b77960a9-69d8-4782-9dab-8e4e137b007c</UUID>
        <Info />
      </ProductBackendInfo>
    </ProductBrick>
    <ProductBrick name="Package" visibilityLevel="3" brickClass="" isAbstract="false" typeId="0">
      <UUID>8193a61b-15cd-4a0f-9901-06c1e0cc9a11</UUID>
      <SortOrder>30</SortOrder>
      <MinimumUsage>1</MinimumUsage>
      <MaximumUsage>1</MaximumUsage>
      <InitialUsage>1</InitialUsage>
      <ProductTextRelation>
        <UUID>302a2ba1-a602-418b-8cd3-13a0776e524e</UUID>
        <ProductTextUUID>0856a08c-6d4b-4d98-b00a-c3d97b3957a2</ProductTextUUID>
      </ProductTextRelation>
      <ProductBackendInfo name="Skye.NumberOfColumns">
        <UUID>79d14f8b-4c31-485e-9dda-2de8a2d624f3</UUID>
        <Info>2</Info>
      </ProductBackendInfo>
      <ProductBackendInfo name="Skye.DisplayControlWithEmptyContent">
        <UUID>f9fa9803-e9da-4d78-8b05-721797c29434</UUID>
        <Info>True</Info>
      </ProductBackendInfo>
      <ProductBackendInfo name="Skye.StyleClass">
        <UUID>d7619452-13e0-4465-8d2d-0235a2c9f65c</UUID>
        <Info />
      </ProductBackendInfo>
      <ProductBackendInfo name="Skye.MultibrickType">
        <UUID>e64f8a43-0881-46b3-b6c7-57549cd517d2</UUID>
        <Info />
      </ProductBackendInfo>
    </ProductBrick>
    <ProductBackendInfo name="Skye.ProcessStepUIType">
      <UUID>fc9c673f-74e1-4ce3-be25-c7e8b49f54ea</UUID>
      <Info>PanelGroup</Info>
    </ProductBackendInfo>
    <ProductBackendInfo name="Skye.StyleClass">
      <UUID>4be224b9-f8b5-4222-8a22-dad2ba5371ad</UUID>
      <Info />
    </ProductBackendInfo>
    <ProductBackendInfo name="Skye.MultibrickType">
      <UUID>4f0e6bd9-38c0-4715-8fc4-02e1b17138f4</UUID>
      <Info />
    </ProductBackendInfo>
  </ProductBrick>
  <DefinitionDependentLists>
    <DefinitionDependencyDefaultValueList />
    <DefinitionDependencyValueRangeList />
    <DefinitionDependencyVisibilityList />
    <DefinitionDependencyMandatoryList />
    <DefinitionDependencyToDependencyList />
    <DefinitionDependencyValueRangeFilterValuesList />
    <DefinitionDependencyDataSourceAttributeList />
  </DefinitionDependentLists>
</Product>