﻿<?xml version="1.0" encoding="utf-8"?>
<Product xmlns:xsd="http://www.w3.org/2001/XMLSchema" xmlns:xsi="http://www.w3.org/2001/XMLSchema-instance" name="HomeCreatePolicyQuickQuoteUIDef" lastChanged="2020-05-19T09:03:52.3820778Z" implementationClass="" modelType="uidefinition" subModelType="ProcessLayout" skyeEditorVersion="7.26.1.50">
  <UUID>6c8163c9-b092-450a-8864-b74969fc4284</UUID>
  <BusinessUnit> </BusinessUnit>
  <Section> </Section>
  <ProductTextList>
    <ProductText name="header" language="en" country="US">
      <UUID>99f520be-c40d-4612-b27b-5ee67c03676e</UUID>
      <Text>Basic information</Text>
    </ProductText>
  </ProductTextList>
  <ProductValueRangeList />
  <DefinitionBusinessObjectContextList />
  <DefinitionResourceList />
  <AbstractProductBrickList />
  <ProductValueList>
    <ProductValue name="" type="value">
      <UUID>efd1f62c-06a2-4185-85b7-e14bae7fd225</UUID>
      <SortOrder>0</SortOrder>
      <Value />
    </ProductValue>
    <ProductValue name="" type="value">
      <UUID>5cffb88d-40e9-4a27-b6ba-b3379ca28928</UUID>
      <SortOrder>0</SortOrder>
      <Value />
    </ProductValue>
    <ProductValue name="" type="value">
      <UUID>10de5c54-e29b-437a-a81b-03f54757ace4</UUID>
      <SortOrder>0</SortOrder>
      <Value />
    </ProductValue>
    <ProductValue name="" type="value">
      <UUID>961d3c93-2edd-4cde-8355-fb2e0537c99b</UUID>
      <SortOrder>0</SortOrder>
      <Value />
    </ProductValue>
    <ProductValue name="" type="value">
      <UUID>dd0176ae-7859-4fbc-b5fc-7136c36f87a1</UUID>
      <SortOrder>0</SortOrder>
      <Value />
    </ProductValue>
    <ProductValue name="" type="value">
      <UUID>b40881a8-91ae-48aa-a518-874bd77d037e</UUID>
      <SortOrder>0</SortOrder>
      <Value />
    </ProductValue>
    <ProductValue name="" type="value">
      <UUID>448081c3-93f2-4299-8f65-f564ce8e9b00</UUID>
      <SortOrder>0</SortOrder>
      <Value />
    </ProductValue>
    <ProductValue name="" type="value">
      <UUID>94824eb9-9e23-48cb-9fef-7cb60069e697</UUID>
      <SortOrder>0</SortOrder>
      <Value />
    </ProductValue>
    <ProductValue name="" type="value">
      <UUID>c9514bf9-58c2-4be4-ba14-f7c3c9f0d80f</UUID>
      <SortOrder>0</SortOrder>
      <Value />
    </ProductValue>
    <ProductValue name="" type="value">
      <UUID>6b86dfaa-7b89-4514-813b-8f4acce8a2ad</UUID>
      <SortOrder>0</SortOrder>
      <Value />
    </ProductValue>
    <ProductValue name="" type="value">
      <UUID>bb86a25f-660f-4b85-8dc3-38ff816377d6</UUID>
      <SortOrder>0</SortOrder>
      <Value />
    </ProductValue>
    <ProductValue name="" type="value">
      <UUID>03a2304f-2a71-46d3-9a2e-8f27357dac62</UUID>
      <SortOrder>0</SortOrder>
      <Value />
    </ProductValue>
  </ProductValueList>
  <ProductBrick name="PanelGroup" visibilityLevel="3" brickClass="" isAbstract="false" typeId="0">
    <UUID>792495b1-0a62-4864-b765-2692e3beece0</UUID>
    <SortOrder>10</SortOrder>
    <MinimumUsage>1</MinimumUsage>
    <MaximumUsage>1</MaximumUsage>
    <InitialUsage>1</InitialUsage>
    <ProductBrick name="BasicInformation" visibilityLevel="3" brickClass="" isAbstract="false" typeId="0">
      <UUID>b8b7ef5b-cdbd-4303-9993-52dbba091387</UUID>
      <SortOrder>10</SortOrder>
      <MinimumUsage>1</MinimumUsage>
      <MaximumUsage>1</MaximumUsage>
      <InitialUsage>1</InitialUsage>
      <ProductTextRelation>
        <UUID>e56c9ed2-76c1-423e-8ae1-b0720e2e2ca7</UUID>
        <ProductTextUUID>99f520be-c40d-4612-b27b-5ee67c03676e</ProductTextUUID>
      </ProductTextRelation>
      <ProductPolicyAttribute name="dateOfBirth" visibilityLevel="0" mandatory="false" unit="" format="" numberOfDecimals="0" attributeClass="" type="UI">
        <UUID>f29ece14-a31a-4ca6-9a4c-16f069fa038f</UUID>
        <SortOrder>99</SortOrder>
        <InputType>Textbox</InputType>
        <DataType>String</DataType>
        <MaxLength>4000</MaxLength>
        <MinLength>0</MinLength>
        <ProductBackendInfo name="Skye.AttributeAlias">
          <UUID>ca95d23c-5d06-428b-ab49-19fc44bdc58d</UUID>
          <Info />
        </ProductBackendInfo>
        <ProductBackendInfo name="Skye.Core.DataSecurity">
          <UUID>8c46bdcc-132b-4df7-82cf-ce9cfd6452fc</UUID>
          <Info>Standard</Info>
        </ProductBackendInfo>
        <ProductBackendInfo name="Skye.AllowValueSetViaUnencryptedURL">
          <UUID>e7668bd0-58a8-4df1-9bef-d38a06f95dce</UUID>
          <Info>False</Info>
        </ProductBackendInfo>
        <ProductBackendInfo name="Skye.UIAttribute.ReferencedModel">
          <UUID>93268417-eeb6-4435-9dc7-8ddf48bc9f58</UUID>
          <Info>Home</Info>
        </ProductBackendInfo>
        <ProductBackendInfo name="Skye.UIAttribute.ReferencedAttribute">
          <UUID>65f4252b-877e-4b11-951d-32e75768be18</UUID>
          <Info>Customer.dateOfBirth</Info>
        </ProductBackendInfo>
        <DefinitionValueRelation>
          <DefinitionValueUUID>efd1f62c-06a2-4185-85b7-e14bae7fd225</DefinitionValueUUID>
        </DefinitionValueRelation>
      </ProductPolicyAttribute>
      <ProductPolicyAttribute name="furnishing" visibilityLevel="0" mandatory="false" unit="" format="" numberOfDecimals="0" attributeClass="" type="UI">
        <UUID>d2c59d39-b65a-47a6-ab74-1a6dc8ccd825</UUID>
        <SortOrder>99</SortOrder>
        <InputType>Textbox</InputType>
        <DataType>String</DataType>
        <MaxLength>4000</MaxLength>
        <MinLength>0</MinLength>
        <ProductBackendInfo name="Skye.AttributeAlias">
          <UUID>aa8c2a4a-d20e-4c02-a199-2145de5586e1</UUID>
          <Info />
        </ProductBackendInfo>
        <ProductBackendInfo name="Skye.Core.DataSecurity">
          <UUID>51b0ad0d-a921-422c-b7cb-503bf1e23d27</UUID>
          <Info>Standard</Info>
        </ProductBackendInfo>
        <ProductBackendInfo name="Skye.AllowValueSetViaUnencryptedURL">
          <UUID>5b856444-eece-4167-8a60-41c12681c65a</UUID>
          <Info>False</Info>
        </ProductBackendInfo>
        <ProductBackendInfo name="Skye.UIAttribute.ReferencedModel">
          <UUID>834bf298-e5df-4531-9947-b857b1a55e82</UUID>
          <Info>Home</Info>
        </ProductBackendInfo>
        <ProductBackendInfo name="Skye.UIAttribute.ReferencedAttribute">
          <UUID>fced2cbb-042a-4c04-bced-6d8c280887ed</UUID>
          <Info>Product.furnishing</Info>
        </ProductBackendInfo>
        <DefinitionValueRelation>
          <DefinitionValueUUID>5cffb88d-40e9-4a27-b6ba-b3379ca28928</DefinitionValueUUID>
        </DefinitionValueRelation>
      </ProductPolicyAttribute>
      <ProductPolicyAttribute name="numberOfAdults" visibilityLevel="0" mandatory="false" unit="" format="" numberOfDecimals="0" attributeClass="" type="UI">
        <UUID>869a8c1e-6ca7-49a0-95c8-ae07065c96e7</UUID>
        <SortOrder>99</SortOrder>
        <InputType>Textbox</InputType>
        <DataType>String</DataType>
        <MaxLength>4000</MaxLength>
        <MinLength>0</MinLength>
        <ProductBackendInfo name="Skye.AttributeAlias">
          <UUID>8b25ecd4-f884-473e-ab5f-aa07f740dd45</UUID>
          <Info />
        </ProductBackendInfo>
        <ProductBackendInfo name="Skye.Core.DataSecurity">
          <UUID>10ec5163-d874-46ea-ad64-516d692a60e5</UUID>
          <Info>Standard</Info>
        </ProductBackendInfo>
        <ProductBackendInfo name="Skye.AllowValueSetViaUnencryptedURL">
          <UUID>171e37c3-233b-40e3-917c-4f99736d17ae</UUID>
          <Info>False</Info>
        </ProductBackendInfo>
        <ProductBackendInfo name="Skye.UIAttribute.ReferencedModel">
          <UUID>1e5b2f90-bf19-4660-896d-1479d5b03324</UUID>
          <Info>Home</Info>
        </ProductBackendInfo>
        <ProductBackendInfo name="Skye.UIAttribute.ReferencedAttribute">
          <UUID>5b068f0f-9f1e-47c4-a729-d7a406206e00</UUID>
          <Info>Product.numberOfAdults</Info>
        </ProductBackendInfo>
        <DefinitionValueRelation>
          <DefinitionValueUUID>10de5c54-e29b-437a-a81b-03f54757ace4</DefinitionValueUUID>
        </DefinitionValueRelation>
      </ProductPolicyAttribute>
      <ProductPolicyAttribute name="numberOfChildren" visibilityLevel="0" mandatory="false" unit="" format="" numberOfDecimals="0" attributeClass="" type="UI">
        <UUID>a934d9b4-6fd8-42dd-9ae8-59fc64f927a4</UUID>
        <SortOrder>99</SortOrder>
        <InputType>Textbox</InputType>
        <DataType>String</DataType>
        <MaxLength>4000</MaxLength>
        <MinLength>0</MinLength>
        <ProductBackendInfo name="Skye.AttributeAlias">
          <UUID>fe0a1779-faf5-4f40-8764-22ee5b8e7027</UUID>
          <Info />
        </ProductBackendInfo>
        <ProductBackendInfo name="Skye.Core.DataSecurity">
          <UUID>58b08cc4-89b2-4816-875f-7610f8c06b06</UUID>
          <Info>Standard</Info>
        </ProductBackendInfo>
        <ProductBackendInfo name="Skye.AllowValueSetViaUnencryptedURL">
          <UUID>1595ac6d-0bca-48e1-8dc3-e947ea2462f1</UUID>
          <Info>False</Info>
        </ProductBackendInfo>
        <ProductBackendInfo name="Skye.UIAttribute.ReferencedModel">
          <UUID>ae1323a4-c588-4d65-839e-07bef09b5a3c</UUID>
          <Info>Home</Info>
        </ProductBackendInfo>
        <ProductBackendInfo name="Skye.UIAttribute.ReferencedAttribute">
          <UUID>ae60f9a1-a478-4c93-8173-b7c65ed2d6db</UUID>
          <Info>Product.numberOfChildren</Info>
        </ProductBackendInfo>
        <DefinitionValueRelation>
          <DefinitionValueUUID>961d3c93-2edd-4cde-8355-fb2e0537c99b</DefinitionValueUUID>
        </DefinitionValueRelation>
      </ProductPolicyAttribute>
      <ProductPolicyAttribute name="numberOfRooms" visibilityLevel="0" mandatory="false" unit="" format="" numberOfDecimals="0" attributeClass="" type="UI">
        <UUID>e5862340-8b54-4368-bd6c-127dcea47f85</UUID>
        <SortOrder>99</SortOrder>
        <InputType>Textbox</InputType>
        <DataType>String</DataType>
        <MaxLength>4000</MaxLength>
        <MinLength>0</MinLength>
        <ProductBackendInfo name="Skye.AttributeAlias">
          <UUID>d09d0dbd-607d-4a57-8291-154e16819c45</UUID>
          <Info />
        </ProductBackendInfo>
        <ProductBackendInfo name="Skye.Core.DataSecurity">
          <UUID>72fa9669-7990-426b-8188-63986356d564</UUID>
          <Info>Standard</Info>
        </ProductBackendInfo>
        <ProductBackendInfo name="Skye.AllowValueSetViaUnencryptedURL">
          <UUID>cfb557ba-fc42-4dd0-bc03-b0a99eb30747</UUID>
          <Info>False</Info>
        </ProductBackendInfo>
        <ProductBackendInfo name="Skye.UIAttribute.ReferencedModel">
          <UUID>54f76761-2f1a-4c5b-98d2-a18a2ee0844b</UUID>
          <Info>Home</Info>
        </ProductBackendInfo>
        <ProductBackendInfo name="Skye.UIAttribute.ReferencedAttribute">
          <UUID>1480acd7-2878-4051-bf81-1a2942af4446</UUID>
          <Info>Product.numberOfRooms</Info>
        </ProductBackendInfo>
        <DefinitionValueRelation>
          <DefinitionValueUUID>dd0176ae-7859-4fbc-b5fc-7136c36f87a1</DefinitionValueUUID>
        </DefinitionValueRelation>
      </ProductPolicyAttribute>
      <ProductPolicyAttribute name="propertyType" visibilityLevel="0" mandatory="false" unit="" format="" numberOfDecimals="0" attributeClass="" type="UI">
        <UUID>c4c1e181-3563-4ca2-9dff-ebb2a2cc9fc7</UUID>
        <SortOrder>99</SortOrder>
        <InputType>Textbox</InputType>
        <DataType>String</DataType>
        <MaxLength>4000</MaxLength>
        <MinLength>0</MinLength>
        <ProductBackendInfo name="Skye.AttributeAlias">
          <UUID>d8f50be7-79b8-48ce-a1de-726c869d23dc</UUID>
          <Info />
        </ProductBackendInfo>
        <ProductBackendInfo name="Skye.Core.DataSecurity">
          <UUID>f73c11e8-b05f-4cd4-addf-c38a0947ca49</UUID>
          <Info>Standard</Info>
        </ProductBackendInfo>
        <ProductBackendInfo name="Skye.AllowValueSetViaUnencryptedURL">
          <UUID>1bffadfd-f878-4421-a7f0-a53e5d06f833</UUID>
          <Info>False</Info>
        </ProductBackendInfo>
        <ProductBackendInfo name="Skye.UIAttribute.ReferencedModel">
          <UUID>ab8864b4-b7fb-495e-aa2d-007a7ed13317</UUID>
          <Info>Home</Info>
        </ProductBackendInfo>
        <ProductBackendInfo name="Skye.UIAttribute.ReferencedAttribute">
          <UUID>c21560fd-b679-4f28-9bd5-e372d8767e5a</UUID>
          <Info>Product.propertyType</Info>
        </ProductBackendInfo>
        <DefinitionValueRelation>
          <DefinitionValueUUID>b40881a8-91ae-48aa-a518-874bd77d037e</DefinitionValueUUID>
        </DefinitionValueRelation>
      </ProductPolicyAttribute>
      <ProductPolicyAttribute name="typeOfOwnership" visibilityLevel="0" mandatory="false" unit="" format="" numberOfDecimals="0" attributeClass="" type="UI">
        <UUID>4c4004bc-48f5-4070-8b09-5e91069088b6</UUID>
        <SortOrder>99</SortOrder>
        <InputType>Textbox</InputType>
        <DataType>String</DataType>
        <MaxLength>4000</MaxLength>
        <MinLength>0</MinLength>
        <ProductBackendInfo name="Skye.AttributeAlias">
          <UUID>629f587e-d54e-4740-a33a-c1a4af3bd6bd</UUID>
          <Info />
        </ProductBackendInfo>
        <ProductBackendInfo name="Skye.Core.DataSecurity">
          <UUID>e2d2a082-ea1d-461e-a192-132183c77612</UUID>
          <Info>Standard</Info>
        </ProductBackendInfo>
        <ProductBackendInfo name="Skye.AllowValueSetViaUnencryptedURL">
          <UUID>36ee9922-b5e3-44d4-9835-f23308aa91be</UUID>
          <Info>False</Info>
        </ProductBackendInfo>
        <ProductBackendInfo name="Skye.UIAttribute.ReferencedModel">
          <UUID>aa804ab8-cd6a-4e9f-87b2-f4598879bc7d</UUID>
          <Info>Home</Info>
        </ProductBackendInfo>
        <ProductBackendInfo name="Skye.UIAttribute.ReferencedAttribute">
          <UUID>9d7e3a86-5ace-4e84-a174-2ba260534ded</UUID>
          <Info>Product.typeOfOwnership</Info>
        </ProductBackendInfo>
        <DefinitionValueRelation>
          <DefinitionValueUUID>448081c3-93f2-4299-8f65-f564ce8e9b00</DefinitionValueUUID>
        </DefinitionValueRelation>
      </ProductPolicyAttribute>
      <ProductPolicyAttribute name="ColorsFlexdata" visibilityLevel="0" mandatory="false" unit="" format="" numberOfDecimals="0" attributeClass="" type="UI">
        <UUID>f04514cd-9501-42f2-88cc-973f2fb172a8</UUID>
        <SortOrder>99</SortOrder>
        <InputType>Textbox</InputType>
        <DataType>String</DataType>
        <MaxLength>4000</MaxLength>
        <MinLength>0</MinLength>
        <ProductBackendInfo name="Skye.AttributeAlias">
          <UUID>76cc9536-f86e-425a-805f-10d41d318ff7</UUID>
          <Info />
        </ProductBackendInfo>
        <ProductBackendInfo name="Skye.Core.DataSecurity">
          <UUID>e335cd87-0a2b-40a1-ad09-ce6f3a31468d</UUID>
          <Info>Standard</Info>
        </ProductBackendInfo>
        <ProductBackendInfo name="Skye.AllowValueSetViaUnencryptedURL">
          <UUID>2c9a3427-649d-4e95-b7f2-26433d306961</UUID>
          <Info>False</Info>
        </ProductBackendInfo>
        <ProductBackendInfo name="Skye.UIAttribute.ReferencedModel">
          <UUID>c6aa6f03-4af5-4ad5-a1f2-8c7ff59c1784</UUID>
          <Info>Home</Info>
        </ProductBackendInfo>
        <ProductBackendInfo name="Skye.UIAttribute.ReferencedAttribute">
          <UUID>89d2fe85-65b0-4129-8137-7dcb73d9e4b6</UUID>
          <Info>Product.ColorsFlexdata</Info>
        </ProductBackendInfo>
        <DefinitionValueRelation>
          <DefinitionValueUUID>94824eb9-9e23-48cb-9fef-7cb60069e697</DefinitionValueUUID>
        </DefinitionValueRelation>
      </ProductPolicyAttribute>
      <ProductPolicyAttribute name="ColorAbbreviation" visibilityLevel="0" mandatory="false" unit="" format="" numberOfDecimals="0" attributeClass="" type="UI">
        <UUID>131704fa-bda0-4c7a-963d-6bb073ebc42e</UUID>
        <SortOrder>99</SortOrder>
        <InputType>Textbox</InputType>
        <DataType>String</DataType>
        <MaxLength>4000</MaxLength>
        <MinLength>0</MinLength>
        <ProductBackendInfo name="Skye.AttributeAlias">
          <UUID>09c80919-a278-4b54-b8f6-c9b2f5d65b3a</UUID>
          <Info />
        </ProductBackendInfo>
        <ProductBackendInfo name="Skye.Core.DataSecurity">
          <UUID>f4a8ae8b-5724-47d1-99c5-6e2982ebf0a1</UUID>
          <Info>Standard</Info>
        </ProductBackendInfo>
        <ProductBackendInfo name="Skye.AllowValueSetViaUnencryptedURL">
          <UUID>13dfd9df-1d72-4a4e-a7f3-c256fa411ea1</UUID>
          <Info>False</Info>
        </ProductBackendInfo>
        <ProductBackendInfo name="Skye.UIAttribute.ReferencedModel">
          <UUID>7968f240-fb51-456e-b47b-98682702f7ae</UUID>
          <Info>Home</Info>
        </ProductBackendInfo>
        <ProductBackendInfo name="Skye.UIAttribute.ReferencedAttribute">
          <UUID>dd6f232a-ea04-4a0f-8d26-030dcc4775ad</UUID>
          <Info>Product.ColorAbbreviation</Info>
        </ProductBackendInfo>
        <DefinitionValueRelation>
          <DefinitionValueUUID>c9514bf9-58c2-4be4-ba14-f7c3c9f0d80f</DefinitionValueUUID>
        </DefinitionValueRelation>
      </ProductPolicyAttribute>
      <ProductPolicyAttribute name="SolarPanels" visibilityLevel="0" mandatory="false" unit="" format="" numberOfDecimals="0" attributeClass="" type="UI">
        <UUID>94318fd9-7ffe-43e9-a4fb-1d81ceb5cd50</UUID>
        <SortOrder>99</SortOrder>
        <InputType>Textbox</InputType>
        <DataType>String</DataType>
        <MaxLength>4000</MaxLength>
        <MinLength>0</MinLength>
        <ProductBackendInfo name="Skye.AttributeAlias">
          <UUID>25905cbd-7183-42e6-ae53-bad91105cae5</UUID>
          <Info />
        </ProductBackendInfo>
        <ProductBackendInfo name="Skye.Core.DataSecurity">
          <UUID>3fd1c44a-b17c-4300-8c0f-2eecb54ab28e</UUID>
          <Info>Standard</Info>
        </ProductBackendInfo>
        <ProductBackendInfo name="Skye.AllowValueSetViaUnencryptedURL">
          <UUID>a73095ef-46e6-4751-b30c-1f3c4a6a710f</UUID>
          <Info>False</Info>
        </ProductBackendInfo>
        <ProductBackendInfo name="Skye.UIAttribute.ReferencedModel">
          <UUID>1f8a38a6-55f9-4bd0-99a5-b6e165e38e96</UUID>
          <Info>Home</Info>
        </ProductBackendInfo>
        <ProductBackendInfo name="Skye.UIAttribute.ReferencedAttribute">
          <UUID>4c7f897f-6822-4b1f-9c2d-388e6295d6b3</UUID>
          <Info>Product.SolarPanels</Info>
        </ProductBackendInfo>
        <DefinitionValueRelation>
          <DefinitionValueUUID>6b86dfaa-7b89-4514-813b-8f4acce8a2ad</DefinitionValueUUID>
        </DefinitionValueRelation>
      </ProductPolicyAttribute>
      <ProductPolicyAttribute name="ContentSumInsuredGrid" visibilityLevel="0" mandatory="false" unit="" format="" numberOfDecimals="0" attributeClass="" type="UI">
        <UUID>121947ec-bc81-4c1d-a49a-c86743539280</UUID>
        <SortOrder>99</SortOrder>
        <InputType>Textbox</InputType>
        <DataType>String</DataType>
        <MaxLength>4000</MaxLength>
        <MinLength>0</MinLength>
        <ProductBackendInfo name="Skye.AttributeAlias">
          <UUID>4d53330f-b485-45f1-b28e-c80b81c45886</UUID>
          <Info />
        </ProductBackendInfo>
        <ProductBackendInfo name="Skye.Core.DataSecurity">
          <UUID>ee760c19-c598-4ed0-abf7-a780cbd83d24</UUID>
          <Info>Standard</Info>
        </ProductBackendInfo>
        <ProductBackendInfo name="Skye.AllowValueSetViaUnencryptedURL">
          <UUID>4c480593-d75e-46a6-bacc-3a142f58ad53</UUID>
          <Info>False</Info>
        </ProductBackendInfo>
        <ProductBackendInfo name="Skye.UIAttribute.ReferencedModel">
          <UUID>0585a1d8-13f0-473d-8f09-215cb19e9e53</UUID>
          <Info>Home</Info>
        </ProductBackendInfo>
        <ProductBackendInfo name="Skye.UIAttribute.ReferencedAttribute">
          <UUID>b9c8228e-5e20-48ff-a7c8-dd0c223e58e2</UUID>
          <Info>Product.ContentSumInsuredGrid</Info>
        </ProductBackendInfo>
        <DefinitionValueRelation>
          <DefinitionValueUUID>03a2304f-2a71-46d3-9a2e-8f27357dac62</DefinitionValueUUID>
        </DefinitionValueRelation>
      </ProductPolicyAttribute>
      <ProductBackendInfo name="Skye.NumberOfColumns">
        <UUID>8dc4affa-b95b-4de3-af72-cabcf9f74197</UUID>
        <Info>2</Info>
      </ProductBackendInfo>
      <ProductBackendInfo name="Skye.DisplayControlWithEmptyContent">
        <UUID>f70bf075-342b-4a19-835a-a6eb10e1d862</UUID>
        <Info>False</Info>
      </ProductBackendInfo>
      <ProductBackendInfo name="Skye.StyleClass">
        <UUID>1926ff6d-1f6b-44cf-a6c4-2973edb43e32</UUID>
        <Info />
      </ProductBackendInfo>
      <ProductBackendInfo name="Skye.WidthPercentage">
        <UUID>82dc3aeb-7722-436a-abeb-44d4c763a5d7</UUID>
        <Info />
      </ProductBackendInfo>
      <ProductBackendInfo name="Skye.MaxWidthInPixels">
        <UUID>802105d7-ef85-483e-8522-6efd1504c06e</UUID>
        <Info />
      </ProductBackendInfo>
      <ProductBackendInfo name="Skye.MinWidthInPixels">
        <UUID>c7cdcdc8-b5d9-4291-a38a-058060d3f73f</UUID>
        <Info />
      </ProductBackendInfo>
      <ProductBackendInfo name="Skye.MultibrickType">
        <UUID>985bacde-82fa-432d-9d73-7a1080b77fa2</UUID>
        <Info />
      </ProductBackendInfo>
    </ProductBrick>
    <ProductBackendInfo name="Skye.ProcessStepUIType">
      <UUID>9cfa87b3-01b3-41ef-b713-80072da4b7c8</UUID>
      <Info>PanelGroup</Info>
    </ProductBackendInfo>
    <ProductBackendInfo name="Skye.StyleClass">
      <UUID>2cd6fc24-f7e5-43c7-b7ad-aeb16c90d083</UUID>
      <Info />
    </ProductBackendInfo>
    <ProductBackendInfo name="Skye.OrientationUIType">
      <UUID>dad6387c-14a6-41e5-bb99-bd4db318f064</UUID>
      <Info>vertical</Info>
    </ProductBackendInfo>
    <ProductBackendInfo name="Skye.VerticalAlignmentUIType">
      <UUID>eef2ac22-8db8-4c2f-9635-14d8133b76ab</UUID>
      <Info>top</Info>
    </ProductBackendInfo>
    <ProductBackendInfo name="Skye.PreCalculatedWidths">
      <UUID>8190b28b-cfa9-47d0-a160-7e73ee6bc417</UUID>
      <Info>False</Info>
    </ProductBackendInfo>
    <ProductBackendInfo name="Skye.MultibrickType">
      <UUID>33e1bdba-7add-494c-a647-e5f364768886</UUID>
      <Info />
    </ProductBackendInfo>
  </ProductBrick>
  <ProductBrick name="HomeCreatePolicyQuickQuoteUIDefStickyBar" visibilityLevel="3" brickClass="" isAbstract="false" typeId="0">
    <UUID>39bdcb25-6b9a-420d-9071-807c1deb768c</UUID>
    <SortOrder>20</SortOrder>
    <MinimumUsage>1</MinimumUsage>
    <MaximumUsage>1</MaximumUsage>
    <InitialUsage>1</InitialUsage>
    <ProductPolicyAttribute name="StickyMessage" visibilityLevel="0" mandatory="false" unit="" format="" numberOfDecimals="0" attributeClass="" type="UI">
      <UUID>f5227464-51b7-410d-8f31-73b4183a823a</UUID>
      <SortOrder>99</SortOrder>
      <InputType>Textbox</InputType>
      <DataType>String</DataType>
      <MaxLength>4000</MaxLength>
      <MinLength>0</MinLength>
      <ProductBackendInfo name="Skye.AttributeAlias">
        <UUID>c9be51f5-2a5d-49b6-b358-1a2ffc1ac49a</UUID>
        <Info />
      </ProductBackendInfo>
      <ProductBackendInfo name="Skye.Core.DataSecurity">
        <UUID>33be36f2-3baa-4fee-9651-6b64acfcbb70</UUID>
        <Info>Standard</Info>
      </ProductBackendInfo>
      <ProductBackendInfo name="Skye.AllowValueSetViaUnencryptedURL">
        <UUID>416b4f94-8739-4123-a74b-28ab5a9240f4</UUID>
        <Info>False</Info>
      </ProductBackendInfo>
      <ProductBackendInfo name="Skye.UIAttribute.ReferencedModel">
        <UUID>8293fe62-8419-40d3-90c8-4b0bf2829399</UUID>
        <Info>Home</Info>
      </ProductBackendInfo>
      <ProductBackendInfo name="Skye.UIAttribute.ReferencedAttribute">
        <UUID>4ac41b46-09ae-4b83-9fc9-46c3796ccbf8</UUID>
        <Info>Home.StickyMessage</Info>
      </ProductBackendInfo>
      <DefinitionValueRelation>
        <DefinitionValueUUID>bb86a25f-660f-4b85-8dc3-38ff816377d6</DefinitionValueUUID>
      </DefinitionValueRelation>
    </ProductPolicyAttribute>
    <ProductBackendInfo name="Skye.StickyBarPositionUIType">
      <UUID>f0f5efe1-af9b-4e0f-b7ab-0914874d5e9a</UUID>
      <Info>top</Info>
    </ProductBackendInfo>
    <ProductBackendInfo name="Skye.ProcessStepUIType">
      <UUID>23943738-2484-43aa-8cdd-7787e8220869</UUID>
      <Info>StickyBar</Info>
    </ProductBackendInfo>
    <ProductBackendInfo name="Skye.StyleClass">
      <UUID>8e7fc5d7-177d-43c8-b753-32fb564a03eb</UUID>
      <Info />
    </ProductBackendInfo>
    <ProductBackendInfo name="Skye.MultibrickType">
      <UUID>a6c2af95-4daa-498d-a2b4-ebba6936423a</UUID>
      <Info />
    </ProductBackendInfo>
  </ProductBrick>
  <DefinitionDependentLists>
    <DefinitionDependencyDefaultValueList />
    <DefinitionDependencyValueRangeList />
    <DefinitionDependencyVisibilityList />
    <DefinitionDependencyMandatoryList />
    <DefinitionDependencyToDependencyList />
    <DefinitionDependencyValueRangeFilterValuesList />
    <DefinitionDependencyDataSourceAttributeList />
  </DefinitionDependentLists>
</Product>