﻿<?xml version="1.0" encoding="utf-8"?>
<Product xmlns:xsd="http://www.w3.org/2001/XMLSchema" xmlns:xsi="http://www.w3.org/2001/XMLSchema-instance" name="ProductCategorization" lastChanged="2020-05-15T12:41:22.7169345Z" implementationClass=" " versionUuid=" " modelType="productcategorization" subModelType="" skyeEditorVersion="7.26.1.50">
  <UUID>c709c728-28d4-4353-a323-5f272f5c42ac</UUID>
  <SortOrder>0</SortOrder>
  <BusinessUnit> </BusinessUnit>
  <Section> </Section>
  <ProductTextList>
    <ProductText name="label" language="en" country="US">
      <UUID>66377793-b78c-4bba-8723-5beb166319af</UUID>
      <Text>channel</Text>
    </ProductText>
  </ProductTextList>
  <ProductValueRangeList>
    <ProductValueRange name="Reference.referencedModelsVR" type="fix">
      <UUID>22b87777-fea3-4c1a-a671-49412315be27</UUID>
      <DefinitionValueRelation>
        <UUID>11ea906e-ea96-dff1-9fcc-1f11df4cb88a</UUID>
        <DefinitionValueUUID>d462221a-1c8f-4393-b33b-0e609133618e</DefinitionValueUUID>
      </DefinitionValueRelation>
    </ProductValueRange>
    <ProductValueRange name="Reference.referencedModelsVR" type="fix">
      <UUID>54ef5962-f2b6-42e7-b16e-2dddea5ff203</UUID>
      <DefinitionValueRelation>
        <UUID>b3b3e9d5-cd94-4404-bd37-377058c14494</UUID>
        <DefinitionValueUUID>c9eeeb49-f2ba-4572-9089-ecb9dc0779f3</DefinitionValueUUID>
      </DefinitionValueRelation>
    </ProductValueRange>
  </ProductValueRangeList>
  <DefinitionBusinessObjectContextList>
    <DefinitionBusinessObjectContext name="Zone-callcenter-callcenter">
      <UUID>399fd355-0241-4601-bbb2-d7ce494e910b</UUID>
      <SubclassId>visibilityLevelContext</SubclassId>
      <ValueField>4</ValueField>
    </DefinitionBusinessObjectContext>
    <DefinitionBusinessObjectContext name="en_us-callcenter-callcenter">
      <UUID>91ef318b-eba1-4df1-9d0b-5e69c017cefc</UUID>
      <SubclassId>visibilityLevelContext</SubclassId>
      <ValueField>4</ValueField>
    </DefinitionBusinessObjectContext>
    <DefinitionBusinessObjectContext name="Product-callcenter-callcenter">
      <UUID>a0d9c911-f640-42f6-9d05-1fc8ce31695f</UUID>
      <SubclassId>visibilityLevelContext</SubclassId>
      <ValueField>4</ValueField>
    </DefinitionBusinessObjectContext>
    <DefinitionBusinessObjectContext name="Zone-callcenter-callcenter">
      <UUID>e2d5aa3f-5164-4dfd-b7e5-6aef566230f6</UUID>
      <SubclassId>sortOrderContext</SubclassId>
      <ValueField>1</ValueField>
    </DefinitionBusinessObjectContext>
    <DefinitionBusinessObjectContext name="Zone-callcenter-callcenter">
      <UUID>890d6e3e-4e39-43ef-b9a7-341da08694e4</UUID>
      <SubclassId>sortOrderContext</SubclassId>
      <ValueField>2</ValueField>
    </DefinitionBusinessObjectContext>
    <DefinitionBusinessObjectContext name="Product-callcenter-callcenter">
      <UUID>4076137e-5652-473e-82da-b7ac98d320bf</UUID>
      <SubclassId>sortOrderContext</SubclassId>
      <ValueField>1</ValueField>
    </DefinitionBusinessObjectContext>
    <DefinitionBusinessObjectContext name="Product-callcenter-callcenter">
      <UUID>8056a7e2-1150-4965-8c31-018041793049</UUID>
      <SubclassId>sortOrderContext</SubclassId>
      <ValueField>0</ValueField>
    </DefinitionBusinessObjectContext>
    <DefinitionBusinessObjectContext name="en_us-public-anonymous">
      <UUID>73ceae31-c53c-469d-9744-57c250301312</UUID>
      <SubclassId>sortOrderContext</SubclassId>
      <ValueField>10</ValueField>
    </DefinitionBusinessObjectContext>
    <DefinitionBusinessObjectContext name="en_us-public-anonymous">
      <UUID>cb809cfc-0e16-48ab-936f-d4e8fec4f7c4</UUID>
      <SubclassId>visibilityLevelContext</SubclassId>
      <ValueField>2</ValueField>
    </DefinitionBusinessObjectContext>
  </DefinitionBusinessObjectContextList>
  <DefinitionResourceList />
  <AbstractProductBrickList />
  <ProductValueList>
    <ProductValue name="%{SkyeContext['channel']}" type="value">
      <UUID>824d4ef6-df5f-4c58-8322-539ff7e540f8</UUID>
      <SortOrder>0</SortOrder>
      <Value>%{SkyeContext['channel']}</Value>
    </ProductValue>
    <ProductValue name="FamilyInsurance" type="value">
      <UUID>d462221a-1c8f-4393-b33b-0e609133618e</UUID>
      <SortOrder>0</SortOrder>
      <Value />
    </ProductValue>
    <ProductValue name=" " type="value">
      <UUID>d7d01a11-0c45-4b48-b3f5-3f93a15d1969</UUID>
      <SortOrder>0</SortOrder>
      <Value />
    </ProductValue>
    <ProductValue name="" type="value">
      <UUID>a65892de-ae89-425c-85cf-2d840b7113df</UUID>
      <SortOrder>0</SortOrder>
      <Value />
    </ProductValue>
    <ProductValue name="Home" type="value">
      <UUID>c9eeeb49-f2ba-4572-9089-ecb9dc0779f3</UUID>
      <SortOrder>0</SortOrder>
      <Value />
    </ProductValue>
  </ProductValueList>
  <ProductPolicyAttribute name="channel" visibilityLevel="0" mandatory="false" unit="" format="" numberOfDecimals="0" attributeClass=" " type="Standard">
    <UUID>a3ec0b19-dd44-41cc-aa5e-a834f2f3305d</UUID>
    <SortOrder>99</SortOrder>
    <InputType>Textbox</InputType>
    <DataType>String</DataType>
    <MaxLength>4000</MaxLength>
    <MinLength>0</MinLength>
    <ProductTextRelation>
      <ProductTextUUID>66377793-b78c-4bba-8723-5beb166319af</ProductTextUUID>
    </ProductTextRelation>
    <ProductBackendInfo name="Skye.Core.DataSecurity">
      <UUID>236c049a-9f16-48d3-9a77-631cededc26b</UUID>
      <Info>Standard</Info>
    </ProductBackendInfo>
    <ProductBackendInfo name="Skye.AttributeAlias">
      <UUID>8add15bd-b727-4131-ad89-dbd813a6cc69</UUID>
      <Info />
    </ProductBackendInfo>
    <ProductBackendInfo name="Skye.AllowValueSetViaUnencryptedURL">
      <UUID>b9646bc9-997b-4a52-83b5-3c6eee0f0e8e</UUID>
      <Info>False</Info>
    </ProductBackendInfo>
    <DefinitionValueRelation>
      <UUID>11ea906e-ea96-dfef-9fcc-1f11df4cb88a</UUID>
      <DefinitionValueUUID>824d4ef6-df5f-4c58-8322-539ff7e540f8</DefinitionValueUUID>
    </DefinitionValueRelation>
  </ProductPolicyAttribute>
  <ProductBrick name="default" visibilityLevel="3" brickClass=" " isAbstract="false" typeId="0">
    <UUID>48234d77-1d79-4e6e-94b4-b68a5f4cd26d</UUID>
    <SortOrder>99</SortOrder>
    <MinimumUsage>1</MinimumUsage>
    <MaximumUsage>1</MaximumUsage>
    <InitialUsage>1</InitialUsage>
    <ProductPolicyAttribute name="FamilyInsuranceDefRef" visibilityLevel="0" mandatory="false" unit="" format="" numberOfDecimals="0" attributeClass=" " type="DefinitionReference">
      <UUID>d2b359fb-34f8-4db6-909a-6522b4a2ac50</UUID>
      <SortOrder>99</SortOrder>
      <InputType>ReferenceAutoComplete</InputType>
      <DataType>String</DataType>
      <MaxLength>4000</MaxLength>
      <MinLength>0</MinLength>
      <ProductValueRangeRelation>
        <UUID>c963d8be-2de3-419c-9e9e-d4ab221cf7ac</UUID>
        <SortOrder>99</SortOrder>
        <ProductValueRangeUUID>22b87777-fea3-4c1a-a671-49412315be27</ProductValueRangeUUID>
      </ProductValueRangeRelation>
      <ProductBackendInfo name="Skye.AttributeAlias">
        <UUID>568c9140-e38e-4709-a43b-51198e0f5dd3</UUID>
        <Info />
      </ProductBackendInfo>
      <ProductBackendInfo name="Skye.Reference.ModelType">
        <UUID>5c7d92f3-5ec3-47f7-aca3-a0fe69cdced7</UUID>
        <Info>product</Info>
      </ProductBackendInfo>
      <ProductBackendInfo name="Skye.Core.DataSecurity">
        <UUID>63943487-fe99-4313-baef-d243a9c61238</UUID>
        <Info>Standard</Info>
      </ProductBackendInfo>
      <ProductBackendInfo name="Skye.AllowValueSetViaUnencryptedURL">
        <UUID>69510751-0a14-43b9-a9e2-a28235695732</UUID>
        <Info>False</Info>
      </ProductBackendInfo>
      <DefinitionValueRelation>
        <UUID>11ea906e-ea96-dff0-9fcc-1f11df4cb88a</UUID>
        <DefinitionValueUUID>d7d01a11-0c45-4b48-b3f5-3f93a15d1969</DefinitionValueUUID>
      </DefinitionValueRelation>
      <DefinitionBusinessObjectContextRelation>
        <ContextUUID>a0d9c911-f640-42f6-9d05-1fc8ce31695f</ContextUUID>
        <DefinitionObjectUUID>d2b359fb-34f8-4db6-909a-6522b4a2ac50</DefinitionObjectUUID>
        <ValueField>4</ValueField>
      </DefinitionBusinessObjectContextRelation>
      <DefinitionBusinessObjectContextRelation>
        <ContextUUID>399fd355-0241-4601-bbb2-d7ce494e910b</ContextUUID>
        <DefinitionObjectUUID>d2b359fb-34f8-4db6-909a-6522b4a2ac50</DefinitionObjectUUID>
        <ValueField>4</ValueField>
      </DefinitionBusinessObjectContextRelation>
      <DefinitionBusinessObjectContextRelation>
        <ContextUUID>91ef318b-eba1-4df1-9d0b-5e69c017cefc</ContextUUID>
        <DefinitionObjectUUID>d2b359fb-34f8-4db6-909a-6522b4a2ac50</DefinitionObjectUUID>
        <ValueField>4</ValueField>
      </DefinitionBusinessObjectContextRelation>
      <DefinitionBusinessObjectContextRelation>
        <ContextUUID>890d6e3e-4e39-43ef-b9a7-341da08694e4</ContextUUID>
        <DefinitionObjectUUID>d2b359fb-34f8-4db6-909a-6522b4a2ac50</DefinitionObjectUUID>
      </DefinitionBusinessObjectContextRelation>
      <DefinitionBusinessObjectContextRelation>
        <ContextUUID>8056a7e2-1150-4965-8c31-018041793049</ContextUUID>
        <DefinitionObjectUUID>d2b359fb-34f8-4db6-909a-6522b4a2ac50</DefinitionObjectUUID>
      </DefinitionBusinessObjectContextRelation>
    </ProductPolicyAttribute>
    <ProductPolicyAttribute name="homeDefRef" visibilityLevel="0" mandatory="false" unit="" format="" numberOfDecimals="0" attributeClass="" type="DefinitionReference">
      <UUID>0aba8678-5f5d-4c81-8acd-3419b7c38e37</UUID>
      <SortOrder>99</SortOrder>
      <InputType>ReferenceAutoComplete</InputType>
      <DataType>String</DataType>
      <MaxLength>4000</MaxLength>
      <MinLength>0</MinLength>
      <ProductValueRangeRelation>
        <UUID>209c0a69-4051-42f9-98cb-2c0a05158df6</UUID>
        <SortOrder>99</SortOrder>
        <ProductValueRangeUUID>54ef5962-f2b6-42e7-b16e-2dddea5ff203</ProductValueRangeUUID>
      </ProductValueRangeRelation>
      <ProductBackendInfo name="Skye.AttributeAlias">
        <UUID>5c09db56-1a94-4a00-b1bc-7a6823a30d9b</UUID>
        <Info />
      </ProductBackendInfo>
      <ProductBackendInfo name="Skye.Core.DataSecurity">
        <UUID>85b21d8f-28ad-4647-82a6-16d639a52ff8</UUID>
        <Info>Standard</Info>
      </ProductBackendInfo>
      <ProductBackendInfo name="Skye.AllowValueSetViaUnencryptedURL">
        <UUID>8a3f9478-7c6f-4986-b4cc-7e86dedc2646</UUID>
        <Info>False</Info>
      </ProductBackendInfo>
      <ProductBackendInfo name="Skye.Reference.ModelType">
        <UUID>9ff1277d-b42a-42ff-85ff-43600e2c8bf5</UUID>
        <Info>product</Info>
      </ProductBackendInfo>
      <DefinitionValueRelation>
        <DefinitionValueUUID>a65892de-ae89-425c-85cf-2d840b7113df</DefinitionValueUUID>
      </DefinitionValueRelation>
      <DefinitionBusinessObjectContextRelation>
        <ContextUUID>91ef318b-eba1-4df1-9d0b-5e69c017cefc</ContextUUID>
        <DefinitionObjectUUID>0aba8678-5f5d-4c81-8acd-3419b7c38e37</DefinitionObjectUUID>
      </DefinitionBusinessObjectContextRelation>
      <DefinitionBusinessObjectContextRelation>
        <ContextUUID>399fd355-0241-4601-bbb2-d7ce494e910b</ContextUUID>
        <DefinitionObjectUUID>0aba8678-5f5d-4c81-8acd-3419b7c38e37</DefinitionObjectUUID>
      </DefinitionBusinessObjectContextRelation>
      <DefinitionBusinessObjectContextRelation>
        <ContextUUID>e2d5aa3f-5164-4dfd-b7e5-6aef566230f6</ContextUUID>
        <DefinitionObjectUUID>0aba8678-5f5d-4c81-8acd-3419b7c38e37</DefinitionObjectUUID>
      </DefinitionBusinessObjectContextRelation>
      <DefinitionBusinessObjectContextRelation>
        <ContextUUID>a0d9c911-f640-42f6-9d05-1fc8ce31695f</ContextUUID>
        <DefinitionObjectUUID>0aba8678-5f5d-4c81-8acd-3419b7c38e37</DefinitionObjectUUID>
      </DefinitionBusinessObjectContextRelation>
      <DefinitionBusinessObjectContextRelation>
        <ContextUUID>4076137e-5652-473e-82da-b7ac98d320bf</ContextUUID>
        <DefinitionObjectUUID>0aba8678-5f5d-4c81-8acd-3419b7c38e37</DefinitionObjectUUID>
      </DefinitionBusinessObjectContextRelation>
      <DefinitionBusinessObjectContextRelation>
        <ContextUUID>73ceae31-c53c-469d-9744-57c250301312</ContextUUID>
        <DefinitionObjectUUID>0aba8678-5f5d-4c81-8acd-3419b7c38e37</DefinitionObjectUUID>
      </DefinitionBusinessObjectContextRelation>
      <DefinitionBusinessObjectContextRelation>
        <ContextUUID>cb809cfc-0e16-48ab-936f-d4e8fec4f7c4</ContextUUID>
        <DefinitionObjectUUID>0aba8678-5f5d-4c81-8acd-3419b7c38e37</DefinitionObjectUUID>
      </DefinitionBusinessObjectContextRelation>
    </ProductPolicyAttribute>
    <ProductBackendInfo name="Skye.MultibrickType">
      <UUID>4a16e716-5dbc-48c7-a93e-d3a03a41fa50</UUID>
      <Info />
    </ProductBackendInfo>
  </ProductBrick>
  <DefinitionDependentLists>
    <DefinitionDependencyDefaultValueList />
    <DefinitionDependencyValueRangeList />
    <DefinitionDependencyVisibilityList />
    <DefinitionDependencyMandatoryList />
    <DefinitionDependencyToDependencyList />
    <DefinitionDependencyValueRangeFilterValuesList />
    <DefinitionDependencyDataSourceAttributeList />
  </DefinitionDependentLists>
</Product>