﻿<?xml version="1.0" encoding="utf-8"?>
<Product xmlns:xsd="http://www.w3.org/2001/XMLSchema" xmlns:xsi="http://www.w3.org/2001/XMLSchema-instance" name="CallcenterAutomaticSearch" lastChanged="2019-10-21T14:48:57.4271472Z" implementationClass="" modelType="search" subModelType="automatic" skyeEditorVersion="7.15.0.16">
  <UUID>6c0d3e48-fabd-4c80-8b4e-c01fd9d3d11a</UUID>
  <BusinessUnit> </BusinessUnit>
  <Section> </Section>
  <ProductTextList>
    <ProductText name="defaultSortingFieldLabel" language="en" country="US">
      <UUID>482109cc-4046-46c1-83a5-37c3a6077197</UUID>
      <Text />
    </ProductText>
    <ProductText name="short" language="en" country="US">
      <UUID>54325695-8ef7-41c7-968e-7d4221623285</UUID>
      <Text />
    </ProductText>
    <ProductText name="header" language="en" country="US">
      <UUID>359e31b4-b60e-496c-9389-4ca5269dad08</UUID>
      <Text>All</Text>
    </ProductText>
    <ProductText name="searchInfo" language="en" country="US">
      <UUID>a052be95-4b66-45de-85c1-db91a21ebdfa</UUID>
      <Text />
    </ProductText>
    <ProductText name="searchNoRecords" language="en" country="US">
      <UUID>d7358244-4b36-49ee-8888-642ef8bb3c48</UUID>
      <Text />
    </ProductText>
    <ProductText name="defaultSortingFieldLabel" language="en" country="US">
      <UUID>dbaff253-07cd-429c-b782-a498ceb64948</UUID>
      <Text />
    </ProductText>
    <ProductText name="short" language="en" country="US">
      <UUID>f3286fb1-c885-4558-a901-2f7bde983e8e</UUID>
      <Text />
    </ProductText>
    <ProductText name="header" language="en" country="US">
      <UUID>ecfd60ac-2d10-4aec-a7be-f97aabf23a24</UUID>
      <Text>Quotes
</Text>
    </ProductText>
    <ProductText name="defaultSortingFieldLabel" language="en" country="US">
      <UUID>03245b96-4ca5-481a-943b-516170750f2f</UUID>
      <Text />
    </ProductText>
    <ProductText name="short" language="en" country="US">
      <UUID>d4826554-efb3-4ac3-8bb2-1b2c12269c60</UUID>
      <Text />
    </ProductText>
    <ProductText name="header" language="en" country="US">
      <UUID>4e5c1f64-84cb-4aaf-8951-83c7c2f83ec7</UUID>
      <Text>Mine
</Text>
    </ProductText>
    <ProductText name="columnName" language="en" country="US">
      <UUID>0bb0a8f1-b20c-4d99-87b1-2e3f6ef4ab1b</UUID>
      <Text>Car Model</Text>
    </ProductText>
    <ProductText name="columnName" language="en" country="US">
      <UUID>7e31485e-250c-4b13-98f7-096d4cedc13a</UUID>
      <Text>First name</Text>
    </ProductText>
    <ProductText name="columnName" language="en" country="US">
      <UUID>79ecd028-bb30-4bad-b7a4-de2d73152384</UUID>
      <Text>Last name</Text>
    </ProductText>
    <ProductText name="columnName" language="en" country="US">
      <UUID>fe0134ac-b280-4b20-a0ee-819603b52353</UUID>
      <Text>Selected package</Text>
    </ProductText>
    <ProductText name="header" language="en" country="US">
      <UUID>2733b0e8-fe4b-4244-bb79-fef9e8fb3135</UUID>
      <Text>Search...</Text>
    </ProductText>
    <ProductText name="columnName" language="en" country="US">
      <UUID>11fc02b1-8f4d-4eb8-a898-da3372a7efd5</UUID>
      <Text>Edit</Text>
    </ProductText>
  </ProductTextList>
  <ProductValueRangeList>
    <ProductValueRange name="Reference.referencedModelsVR" type="fix">
      <UUID>5ebe32ea-4ad0-4794-a800-2cb12c8e8707</UUID>
    </ProductValueRange>
    <ProductValueRange name="Skye.SearchResultTable.ColumnHeadersVR" type="fix">
      <UUID>6c5353d8-796b-4abf-a40e-63b677a70832</UUID>
      <DefinitionValueRelation>
        <UUID>ff6a9e36-f46f-4782-9510-d3a87fe1423e</UUID>
        <DefinitionValueUUID>db2acf5d-9af5-4ca4-b7fa-0f7a4431136c</DefinitionValueUUID>
      </DefinitionValueRelation>
      <DefinitionValueRelation>
        <UUID>8cf2500f-11aa-45fc-90f9-fdae29bd3705</UUID>
        <DefinitionValueUUID>e80889b7-4d62-45c6-87e1-da6edf99e6c5</DefinitionValueUUID>
      </DefinitionValueRelation>
      <DefinitionValueRelation>
        <UUID>603575f3-2329-4bbe-a296-1ecbaba140d5</UUID>
        <DefinitionValueUUID>e4ad3f31-0f69-4967-84d5-f295f8bf0f06</DefinitionValueUUID>
      </DefinitionValueRelation>
      <DefinitionValueRelation>
        <UUID>50da1f33-608a-4cb4-adf4-e96b277a9a45</UUID>
        <DefinitionValueUUID>c8fb5d6e-3ec1-423f-bd17-88c75af23d63</DefinitionValueUUID>
      </DefinitionValueRelation>
      <DefinitionValueRelation>
        <UUID>92201ffb-2357-4033-ba8d-3c5a784e8302</UUID>
        <DefinitionValueUUID>e0ccc10f-4459-43e6-b503-23062fde03f3</DefinitionValueUUID>
      </DefinitionValueRelation>
    </ProductValueRange>
  </ProductValueRangeList>
  <DefinitionBusinessObjectContextList />
  <DefinitionResourceList />
  <AbstractProductBrickList />
  <ProductValueList>
    <ProductValue name="QUERY:(Motor)" type="value">
      <UUID>0da36eef-2126-41a9-b668-71300123dbe0</UUID>
      <SortOrder>0</SortOrder>
      <Value>QUERY:(Motor)</Value>
    </ProductValue>
    <ProductValue name="" type="value">
      <UUID>2112d0b7-9d07-4e59-9230-fd8d2d10695b</UUID>
      <SortOrder>0</SortOrder>
      <Value />
    </ProductValue>
    <ProductValue name="Motor" type="value">
      <UUID>06a63b47-0ef8-45b9-b029-3e1859fa1200</UUID>
      <SortOrder>0</SortOrder>
      <Value>Motor</Value>
    </ProductValue>
    <ProductValue name="5" type="value">
      <UUID>61eaa01e-e3c3-41c5-be6a-2a4e28bd604f</UUID>
      <SortOrder>0</SortOrder>
      <Value>5</Value>
    </ProductValue>
    <ProductValue name="tableSearch" type="value">
      <UUID>6dae83c3-1cba-4ac4-9410-cadc9afd1e22</UUID>
      <SortOrder>0</SortOrder>
      <Value>tableSearch</Value>
    </ProductValue>
    <ProductValue name="LastModified" type="value">
      <UUID>551047ca-9225-4af6-8c77-14ca1fe7de01</UUID>
      <SortOrder>0</SortOrder>
      <Value>LastModified</Value>
    </ProductValue>
    <ProductValue name="" type="value">
      <UUID>6db80ae8-b37f-4db9-b354-8d9d3c782e3c</UUID>
      <SortOrder>0</SortOrder>
      <Value />
    </ProductValue>
    <ProductValue name="QUERY:(*)" type="value">
      <UUID>a3f442e9-3438-409e-aadc-47656e398795</UUID>
      <SortOrder>0</SortOrder>
      <Value>QUERY:(*)</Value>
    </ProductValue>
    <ProductValue name="" type="value">
      <UUID>00b00ea8-cee9-45b4-be03-49bbded3911f</UUID>
      <SortOrder>0</SortOrder>
      <Value />
    </ProductValue>
    <ProductValue name="Home" type="value">
      <UUID>dd0303c0-1a8e-4991-a264-17a4b814216b</UUID>
      <SortOrder>0</SortOrder>
      <Value>Home</Value>
    </ProductValue>
    <ProductValue name="5" type="value">
      <UUID>3c877da4-e90c-44da-9c9b-80ce89026567</UUID>
      <SortOrder>0</SortOrder>
      <Value>5</Value>
    </ProductValue>
    <ProductValue name="homeAutomaticSearchResult" type="value">
      <UUID>d75e2c01-3a81-4d45-a5c0-28c0a7dfad5d</UUID>
      <SortOrder>0</SortOrder>
      <Value>homeAutomaticSearchResult</Value>
    </ProductValue>
    <ProductValue name="LastModified" type="value">
      <UUID>09d51c93-5a24-441d-a18c-0f448190c485</UUID>
      <SortOrder>0</SortOrder>
      <Value>LastModified</Value>
    </ProductValue>
    <ProductValue name="QUERY:(*)" type="value">
      <UUID>21082df1-1439-47b8-be25-3bd10af77aed</UUID>
      <SortOrder>0</SortOrder>
      <Value>QUERY:(*)</Value>
    </ProductValue>
    <ProductValue name="" type="value">
      <UUID>c7a7ac0e-9d79-49f0-93ef-0a16eb769e4c</UUID>
      <SortOrder>0</SortOrder>
      <Value />
    </ProductValue>
    <ProductValue name="Home" type="value">
      <UUID>c372ade8-2419-44be-bd76-93c5440111b1</UUID>
      <SortOrder>0</SortOrder>
      <Value>Home</Value>
    </ProductValue>
    <ProductValue name="5" type="value">
      <UUID>57b2ad80-bc96-4370-b68c-6e01529ff16d</UUID>
      <SortOrder>0</SortOrder>
      <Value>5</Value>
    </ProductValue>
    <ProductValue name="homeAutomaticSearchResult" type="value">
      <UUID>2667fed5-27a0-479d-a77f-6b50ccee8766</UUID>
      <SortOrder>0</SortOrder>
      <Value>homeAutomaticSearchResult</Value>
    </ProductValue>
    <ProductValue name="LastModified" type="value">
      <UUID>0c5a993a-1208-40ab-8d6b-fe96820cd63a</UUID>
      <SortOrder>0</SortOrder>
      <Value>LastModified</Value>
    </ProductValue>
    <ProductValue name="" type="value">
      <UUID>7b31239a-b09d-4600-ab95-d36aa411dc25</UUID>
      <SortOrder>0</SortOrder>
      <Value />
    </ProductValue>
    <ProductValue name="String" type="value">
      <UUID>db2acf5d-9af5-4ca4-b7fa-0f7a4431136c</UUID>
      <SortOrder>1</SortOrder>
      <Value>String</Value>
      <ProductTextRelation>
        <UUID>c98eeba0-7aba-45f5-a2ba-d739e82fd33c</UUID>
        <ProductTextUUID>0bb0a8f1-b20c-4d99-87b1-2e3f6ef4ab1b</ProductTextUUID>
      </ProductTextRelation>
    </ProductValue>
    <ProductValue name="String" type="value">
      <UUID>e80889b7-4d62-45c6-87e1-da6edf99e6c5</UUID>
      <SortOrder>2</SortOrder>
      <Value>String</Value>
      <ProductTextRelation>
        <UUID>fba4f615-40e8-4fbb-bbf7-e846f1640f76</UUID>
        <ProductTextUUID>7e31485e-250c-4b13-98f7-096d4cedc13a</ProductTextUUID>
      </ProductTextRelation>
    </ProductValue>
    <ProductValue name="String" type="value">
      <UUID>e4ad3f31-0f69-4967-84d5-f295f8bf0f06</UUID>
      <SortOrder>3</SortOrder>
      <Value>String</Value>
      <ProductTextRelation>
        <UUID>79a6a607-94c2-4640-ac36-8b5ec8136a1d</UUID>
        <ProductTextUUID>79ecd028-bb30-4bad-b7a4-de2d73152384</ProductTextUUID>
      </ProductTextRelation>
    </ProductValue>
    <ProductValue name="String" type="value">
      <UUID>c8fb5d6e-3ec1-423f-bd17-88c75af23d63</UUID>
      <SortOrder>4</SortOrder>
      <Value>String</Value>
      <ProductTextRelation>
        <UUID>62eeef2c-5324-4d9f-9ddb-0826f6a97c50</UUID>
        <ProductTextUUID>fe0134ac-b280-4b20-a0ee-819603b52353</ProductTextUUID>
      </ProductTextRelation>
    </ProductValue>
    <ProductValue name="String" type="value">
      <UUID>e0ccc10f-4459-43e6-b503-23062fde03f3</UUID>
      <SortOrder>5</SortOrder>
      <Value>String</Value>
      <ProductTextRelation>
        <UUID>e247e026-fc6c-40be-8841-e204514c7a42</UUID>
        <ProductTextUUID>11fc02b1-8f4d-4eb8-a898-da3372a7efd5</ProductTextUUID>
      </ProductTextRelation>
    </ProductValue>
  </ProductValueList>
  <ProductPolicyAttribute name="@ComponentOwner" visibilityLevel="0" mandatory="false" unit="" format="" numberOfDecimals="0" attributeClass="" type="Reference">
    <UUID>179e5be7-3ad2-407b-add1-a77bfb9a241a</UUID>
    <SortOrder>99</SortOrder>
    <InputType>Textbox</InputType>
    <DataType>product</DataType>
    <MaxLength>4000</MaxLength>
    <MinLength>0</MinLength>
    <ProductValueRangeRelation>
      <UUID>8d34492d-1a82-46a6-a869-051e74f01040</UUID>
      <SortOrder>99</SortOrder>
      <ProductValueRangeUUID>5ebe32ea-4ad0-4794-a800-2cb12c8e8707</ProductValueRangeUUID>
    </ProductValueRangeRelation>
    <ProductBackendInfo name="Skye.AttributeAlias">
      <UUID>0867bb3a-dcf5-42de-ab55-dc360af28b90</UUID>
      <Info />
    </ProductBackendInfo>
    <ProductBackendInfo name="Skye.Core.DataSecurity">
      <UUID>60a22cbf-c487-45db-b9a8-2cb43bf75a9f</UUID>
      <Info>Standard</Info>
    </ProductBackendInfo>
    <ProductBackendInfo name="Skye.AllowValueSetViaUnencryptedURL">
      <UUID>d479e2ae-59cc-4338-974a-0c1eae1c4b3a</UUID>
      <Info>False</Info>
    </ProductBackendInfo>
    <DefinitionValueRelation>
      <DefinitionValueUUID>6db80ae8-b37f-4db9-b354-8d9d3c782e3c</DefinitionValueUUID>
    </DefinitionValueRelation>
  </ProductPolicyAttribute>
  <ProductTextRelation>
    <UUID>1bb4d05b-ac8a-4ba0-8ae8-7ecff860d44a</UUID>
    <ProductTextUUID>a052be95-4b66-45de-85c1-db91a21ebdfa</ProductTextUUID>
  </ProductTextRelation>
  <ProductTextRelation>
    <UUID>cf4b2078-1213-4359-aba5-144088d61c8b</UUID>
    <ProductTextUUID>d7358244-4b36-49ee-8888-642ef8bb3c48</ProductTextUUID>
  </ProductTextRelation>
  <ProductTextRelation>
    <UUID>c333607e-28c8-4946-b0af-870b25c251a4</UUID>
    <ProductTextUUID>2733b0e8-fe4b-4244-bb79-fef9e8fb3135</ProductTextUUID>
  </ProductTextRelation>
  <ProductBrick name="All" visibilityLevel="3" brickClass="" isAbstract="false" typeId="0">
    <UUID>82e81d11-4536-4907-9328-1473d8a00872</UUID>
    <SortOrder>1</SortOrder>
    <MinimumUsage>1</MinimumUsage>
    <MaximumUsage>1</MaximumUsage>
    <InitialUsage>1</InitialUsage>
    <ProductTextRelation>
      <UUID>e4abf5c5-da83-4a3d-85b6-c387be35c302</UUID>
      <ProductTextUUID>359e31b4-b60e-496c-9389-4ca5269dad08</ProductTextUUID>
    </ProductTextRelation>
    <ProductPolicyAttribute name="@SearchQuery" visibilityLevel="1" mandatory="false" unit="" format="" numberOfDecimals="0" attributeClass="" type="Standard">
      <UUID>c8fea002-288d-4a7c-b8fa-f7a0cd16e0d1</UUID>
      <SortOrder>99</SortOrder>
      <InputType>Textbox</InputType>
      <DataType>String</DataType>
      <MaxLength>4000</MaxLength>
      <MinLength>0</MinLength>
      <ProductBackendInfo name="Skye.AttributeAlias">
        <UUID>46b56cf6-5803-46f2-93df-ed8659336ea7</UUID>
        <Info />
      </ProductBackendInfo>
      <ProductBackendInfo name="Skye.Core.DataSecurity">
        <UUID>2ef2f973-7ecd-457e-b04e-865de626ed40</UUID>
        <Info>Standard</Info>
      </ProductBackendInfo>
      <ProductBackendInfo name="Skye.AllowValueSetViaUnencryptedURL">
        <UUID>4d33a464-5e5a-4e74-be3b-c2114f3afb2e</UUID>
        <Info>False</Info>
      </ProductBackendInfo>
      <DefinitionValueRelation>
        <DefinitionValueUUID>0da36eef-2126-41a9-b668-71300123dbe0</DefinitionValueUUID>
      </DefinitionValueRelation>
    </ProductPolicyAttribute>
    <ProductPolicyAttribute name="@SearchForModelTypes" visibilityLevel="1" mandatory="false" unit="" format="" numberOfDecimals="0" attributeClass="" type="Standard">
      <UUID>caa0f5c3-bd76-4385-beab-eb8b67e4386d</UUID>
      <SortOrder>99</SortOrder>
      <InputType>Textbox</InputType>
      <DataType>String</DataType>
      <MaxLength>4000</MaxLength>
      <MinLength>0</MinLength>
      <ProductBackendInfo name="Skye.AttributeAlias">
        <UUID>045c1bb7-d8c8-4855-82fc-a317f10fad10</UUID>
        <Info />
      </ProductBackendInfo>
      <ProductBackendInfo name="Skye.Core.DataSecurity">
        <UUID>e01f26f8-3c23-401e-907b-2efac49006fd</UUID>
        <Info>Standard</Info>
      </ProductBackendInfo>
      <ProductBackendInfo name="Skye.AllowValueSetViaUnencryptedURL">
        <UUID>450651b5-75a8-4c46-937e-010e230e131b</UUID>
        <Info>False</Info>
      </ProductBackendInfo>
      <DefinitionValueRelation>
        <DefinitionValueUUID>2112d0b7-9d07-4e59-9230-fd8d2d10695b</DefinitionValueUUID>
      </DefinitionValueRelation>
    </ProductPolicyAttribute>
    <ProductPolicyAttribute name="@SearchForModelTextIds" visibilityLevel="1" mandatory="false" unit="" format="" numberOfDecimals="0" attributeClass="" type="Standard">
      <UUID>4df91b06-c536-4e27-bed6-a533edb03568</UUID>
      <SortOrder>99</SortOrder>
      <InputType>Textbox</InputType>
      <DataType>String</DataType>
      <MaxLength>4000</MaxLength>
      <MinLength>0</MinLength>
      <ProductBackendInfo name="Skye.AttributeAlias">
        <UUID>a2eef34a-50db-41fd-902e-51b4314ad133</UUID>
        <Info />
      </ProductBackendInfo>
      <ProductBackendInfo name="Skye.Core.DataSecurity">
        <UUID>e0f7888e-ac43-4039-8140-560d9110f385</UUID>
        <Info>Standard</Info>
      </ProductBackendInfo>
      <ProductBackendInfo name="Skye.AllowValueSetViaUnencryptedURL">
        <UUID>d8e22ea7-5a21-4219-b7d7-027688aa8f91</UUID>
        <Info>False</Info>
      </ProductBackendInfo>
      <DefinitionValueRelation>
        <DefinitionValueUUID>06a63b47-0ef8-45b9-b029-3e1859fa1200</DefinitionValueUUID>
      </DefinitionValueRelation>
    </ProductPolicyAttribute>
    <ProductPolicyAttribute name="@NumberOfSearchResultsPerPage" visibilityLevel="1" mandatory="false" unit="" format="" numberOfDecimals="0" attributeClass="" type="Standard">
      <UUID>277691bf-bf10-4fa1-885a-e1c33e67ec2f</UUID>
      <SortOrder>99</SortOrder>
      <InputType>Textbox</InputType>
      <DataType>String</DataType>
      <MaxLength>4000</MaxLength>
      <MinLength>0</MinLength>
      <ProductBackendInfo name="Skye.AttributeAlias">
        <UUID>5a83f122-f28e-4dd8-ab3c-784c9ae2f509</UUID>
        <Info />
      </ProductBackendInfo>
      <ProductBackendInfo name="Skye.Core.DataSecurity">
        <UUID>62af0c4c-85a7-4c32-b1ed-d8e29dc16d11</UUID>
        <Info>Standard</Info>
      </ProductBackendInfo>
      <ProductBackendInfo name="Skye.AllowValueSetViaUnencryptedURL">
        <UUID>f6f7bcde-71b3-40ad-96c1-b13bf7721403</UUID>
        <Info>False</Info>
      </ProductBackendInfo>
      <DefinitionValueRelation>
        <DefinitionValueUUID>61eaa01e-e3c3-41c5-be6a-2a4e28bd604f</DefinitionValueUUID>
      </DefinitionValueRelation>
    </ProductPolicyAttribute>
    <ProductPolicyAttribute name="@SearchTextType" visibilityLevel="1" mandatory="false" unit="" format="" numberOfDecimals="0" attributeClass="" type="Standard">
      <UUID>e24eaea1-2de4-4ffa-80de-83abf045a0ec</UUID>
      <SortOrder>99</SortOrder>
      <InputType>Textbox</InputType>
      <DataType>String</DataType>
      <MaxLength>4000</MaxLength>
      <MinLength>0</MinLength>
      <ProductBackendInfo name="Skye.AttributeAlias">
        <UUID>c452e85c-b396-4204-8fdc-404b1af4657c</UUID>
        <Info />
      </ProductBackendInfo>
      <ProductBackendInfo name="Skye.Core.DataSecurity">
        <UUID>129ebb3a-51ff-42d9-9a05-bf4ba0690bc4</UUID>
        <Info>Standard</Info>
      </ProductBackendInfo>
      <ProductBackendInfo name="Skye.AllowValueSetViaUnencryptedURL">
        <UUID>d71e0063-27b5-45e2-a9b5-cfd865ede7f0</UUID>
        <Info>False</Info>
      </ProductBackendInfo>
      <DefinitionValueRelation>
        <DefinitionValueUUID>6dae83c3-1cba-4ac4-9410-cadc9afd1e22</DefinitionValueUUID>
      </DefinitionValueRelation>
    </ProductPolicyAttribute>
    <ProductPolicyAttribute name="@SearchSorting" visibilityLevel="0" mandatory="false" unit="" format="" numberOfDecimals="0" attributeClass="" type="Standard">
      <UUID>d15c23ad-2b7f-476d-80f2-081dd1ceda3b</UUID>
      <SortOrder>99</SortOrder>
      <InputType>Textbox</InputType>
      <DataType>String</DataType>
      <MaxLength>4000</MaxLength>
      <MinLength>0</MinLength>
      <ProductTextRelation>
        <UUID>1ce4acc9-9e63-4959-8bfd-0203cd573f96</UUID>
        <ProductTextUUID>482109cc-4046-46c1-83a5-37c3a6077197</ProductTextUUID>
      </ProductTextRelation>
      <ProductTextRelation>
        <UUID>0c967b1e-df8a-42e7-a3bd-2bf331b65b21</UUID>
        <ProductTextUUID>54325695-8ef7-41c7-968e-7d4221623285</ProductTextUUID>
      </ProductTextRelation>
      <ProductBackendInfo name="Skye.AttributeAlias">
        <UUID>ac9b5e10-b363-4646-aca7-73a48ff655d2</UUID>
        <Info />
      </ProductBackendInfo>
      <ProductBackendInfo name="Skye.Core.DataSecurity">
        <UUID>d106ff2c-a9eb-4530-9ded-5fd35092e55d</UUID>
        <Info>Standard</Info>
      </ProductBackendInfo>
      <ProductBackendInfo name="Skye.AllowValueSetViaUnencryptedURL">
        <UUID>2e69fdd2-d8c5-486b-91d4-45d2f12b3ca0</UUID>
        <Info>False</Info>
      </ProductBackendInfo>
      <ProductBackendInfo name="Skye.search.sortingOrder">
        <UUID>423e1acb-ff71-48aa-b54a-f79d739efbdf</UUID>
        <Info>Descending</Info>
      </ProductBackendInfo>
      <DefinitionValueRelation>
        <DefinitionValueUUID>551047ca-9225-4af6-8c77-14ca1fe7de01</DefinitionValueUUID>
      </DefinitionValueRelation>
    </ProductPolicyAttribute>
    <ProductPolicyAttribute name="@SearchResultTable" visibilityLevel="0" mandatory="false" unit="" format="" numberOfDecimals="0" attributeClass="" type="Standard">
      <UUID>1d8f0e7f-717f-4a04-817e-78cbf0e0482c</UUID>
      <SortOrder>99</SortOrder>
      <InputType>Textbox</InputType>
      <DataType>String</DataType>
      <MaxLength>4000</MaxLength>
      <MinLength>0</MinLength>
      <ProductValueRangeRelation>
        <UUID>be77ba21-04ec-49d2-abe8-96e6bb6079f2</UUID>
        <SortOrder>99</SortOrder>
        <ProductValueRangeUUID>6c5353d8-796b-4abf-a40e-63b677a70832</ProductValueRangeUUID>
      </ProductValueRangeRelation>
      <ProductBackendInfo name="Skye.AttributeAlias">
        <UUID>0f76d3e1-84fa-44f8-a4f8-a73a4ce5ba99</UUID>
        <Info />
      </ProductBackendInfo>
      <ProductBackendInfo name="Skye.Core.DataSecurity">
        <UUID>5be05713-3b67-4f7f-a4d4-c291aca49b37</UUID>
        <Info>Standard</Info>
      </ProductBackendInfo>
      <ProductBackendInfo name="Skye.AllowValueSetViaUnencryptedURL">
        <UUID>cae6f751-d7e1-4901-ba6e-f738709c5150</UUID>
        <Info>False</Info>
      </ProductBackendInfo>
      <DefinitionValueRelation>
        <DefinitionValueUUID>7b31239a-b09d-4600-ab95-d36aa411dc25</DefinitionValueUUID>
      </DefinitionValueRelation>
    </ProductPolicyAttribute>
    <ProductBackendInfo name="Skye.MultibrickType">
      <UUID>de868267-3020-4dc4-a76a-1f7609b164c7</UUID>
      <Info />
    </ProductBackendInfo>
  </ProductBrick>
  <ProductBrick name="Quotes" visibilityLevel="0" brickClass="" isAbstract="false" typeId="0">
    <UUID>6a3c18f0-741e-4abd-b6c4-e75fb9d69a5f</UUID>
    <SortOrder>2</SortOrder>
    <MinimumUsage>1</MinimumUsage>
    <MaximumUsage>1</MaximumUsage>
    <InitialUsage>1</InitialUsage>
    <ProductTextRelation>
      <UUID>01c32820-569c-436a-b893-8fd66460e90c</UUID>
      <ProductTextUUID>ecfd60ac-2d10-4aec-a7be-f97aabf23a24</ProductTextUUID>
    </ProductTextRelation>
    <ProductPolicyAttribute name="@SearchQuery" visibilityLevel="1" mandatory="false" unit="" format="" numberOfDecimals="0" attributeClass="" type="Standard">
      <UUID>1898d816-6706-475d-8b3b-1fc8158d659f</UUID>
      <SortOrder>99</SortOrder>
      <InputType>Textbox</InputType>
      <DataType>String</DataType>
      <MaxLength>4000</MaxLength>
      <MinLength>0</MinLength>
      <ProductBackendInfo name="Skye.AttributeAlias">
        <UUID>36736c3a-1c9e-4157-a877-84c59214cdd6</UUID>
        <Info />
      </ProductBackendInfo>
      <ProductBackendInfo name="Skye.Core.DataSecurity">
        <UUID>4d962b38-1f96-46bb-b482-0467a69e2681</UUID>
        <Info>Standard</Info>
      </ProductBackendInfo>
      <ProductBackendInfo name="Skye.AllowValueSetViaUnencryptedURL">
        <UUID>85f771bb-9bde-4c30-9c0e-1214249ab15d</UUID>
        <Info>False</Info>
      </ProductBackendInfo>
      <DefinitionValueRelation>
        <DefinitionValueUUID>a3f442e9-3438-409e-aadc-47656e398795</DefinitionValueUUID>
      </DefinitionValueRelation>
    </ProductPolicyAttribute>
    <ProductPolicyAttribute name="@SearchForModelTypes" visibilityLevel="1" mandatory="false" unit="" format="" numberOfDecimals="0" attributeClass="" type="Standard">
      <UUID>70788af9-1829-4351-be79-c6e9665cc5c0</UUID>
      <SortOrder>99</SortOrder>
      <InputType>Textbox</InputType>
      <DataType>String</DataType>
      <MaxLength>4000</MaxLength>
      <MinLength>0</MinLength>
      <ProductBackendInfo name="Skye.AttributeAlias">
        <UUID>808e2cf7-57e7-495a-972e-7a187fe88b5b</UUID>
        <Info />
      </ProductBackendInfo>
      <ProductBackendInfo name="Skye.Core.DataSecurity">
        <UUID>722f840a-ab5b-4b43-8583-b7b225dc7f15</UUID>
        <Info>Standard</Info>
      </ProductBackendInfo>
      <ProductBackendInfo name="Skye.AllowValueSetViaUnencryptedURL">
        <UUID>77b60b93-99b8-43a5-abd9-9bd2ad56acb3</UUID>
        <Info>False</Info>
      </ProductBackendInfo>
      <DefinitionValueRelation>
        <DefinitionValueUUID>00b00ea8-cee9-45b4-be03-49bbded3911f</DefinitionValueUUID>
      </DefinitionValueRelation>
    </ProductPolicyAttribute>
    <ProductPolicyAttribute name="@SearchForModelTextIds" visibilityLevel="1" mandatory="false" unit="" format="" numberOfDecimals="0" attributeClass="" type="Standard">
      <UUID>06905bb5-a717-4205-a241-1ed59abdc7d4</UUID>
      <SortOrder>99</SortOrder>
      <InputType>Textbox</InputType>
      <DataType>String</DataType>
      <MaxLength>4000</MaxLength>
      <MinLength>0</MinLength>
      <ProductBackendInfo name="Skye.AttributeAlias">
        <UUID>a84e38a5-7bf5-4e05-b69d-918a2deb41f6</UUID>
        <Info />
      </ProductBackendInfo>
      <ProductBackendInfo name="Skye.Core.DataSecurity">
        <UUID>98cc876d-1b4e-46ab-8e8b-6c596b4ea368</UUID>
        <Info>Standard</Info>
      </ProductBackendInfo>
      <ProductBackendInfo name="Skye.AllowValueSetViaUnencryptedURL">
        <UUID>35efda4c-cb18-4ef7-9706-0cc16489990c</UUID>
        <Info>False</Info>
      </ProductBackendInfo>
      <DefinitionValueRelation>
        <DefinitionValueUUID>dd0303c0-1a8e-4991-a264-17a4b814216b</DefinitionValueUUID>
      </DefinitionValueRelation>
    </ProductPolicyAttribute>
    <ProductPolicyAttribute name="@NumberOfSearchResultsPerPage" visibilityLevel="1" mandatory="false" unit="" format="" numberOfDecimals="0" attributeClass="" type="Standard">
      <UUID>978e5961-0136-4308-8bab-ac76ab722b23</UUID>
      <SortOrder>99</SortOrder>
      <InputType>Textbox</InputType>
      <DataType>String</DataType>
      <MaxLength>4000</MaxLength>
      <MinLength>0</MinLength>
      <ProductBackendInfo name="Skye.AttributeAlias">
        <UUID>79193f25-285f-4878-b55a-855e56b8139a</UUID>
        <Info />
      </ProductBackendInfo>
      <ProductBackendInfo name="Skye.Core.DataSecurity">
        <UUID>d59224f9-c846-49d6-ad17-a5698c8875cf</UUID>
        <Info>Standard</Info>
      </ProductBackendInfo>
      <ProductBackendInfo name="Skye.AllowValueSetViaUnencryptedURL">
        <UUID>cc9563a1-02a2-4602-83f9-b3371422fe1a</UUID>
        <Info>False</Info>
      </ProductBackendInfo>
      <DefinitionValueRelation>
        <DefinitionValueUUID>3c877da4-e90c-44da-9c9b-80ce89026567</DefinitionValueUUID>
      </DefinitionValueRelation>
    </ProductPolicyAttribute>
    <ProductPolicyAttribute name="@SearchTextType" visibilityLevel="1" mandatory="false" unit="" format="" numberOfDecimals="0" attributeClass="" type="Standard">
      <UUID>993b9bde-44be-4ce0-b509-e47b1c444003</UUID>
      <SortOrder>99</SortOrder>
      <InputType>Textbox</InputType>
      <DataType>String</DataType>
      <MaxLength>4000</MaxLength>
      <MinLength>0</MinLength>
      <ProductBackendInfo name="Skye.AttributeAlias">
        <UUID>4b8be1ac-07d0-495c-852d-4578e913b137</UUID>
        <Info />
      </ProductBackendInfo>
      <ProductBackendInfo name="Skye.Core.DataSecurity">
        <UUID>3b64716c-de0a-4a01-ac89-f56bf03646c0</UUID>
        <Info>Standard</Info>
      </ProductBackendInfo>
      <ProductBackendInfo name="Skye.AllowValueSetViaUnencryptedURL">
        <UUID>0a7d3590-273e-4521-92cd-7af97f5052b2</UUID>
        <Info>False</Info>
      </ProductBackendInfo>
      <DefinitionValueRelation>
        <DefinitionValueUUID>d75e2c01-3a81-4d45-a5c0-28c0a7dfad5d</DefinitionValueUUID>
      </DefinitionValueRelation>
    </ProductPolicyAttribute>
    <ProductPolicyAttribute name="@SearchSorting" visibilityLevel="0" mandatory="false" unit="" format="" numberOfDecimals="0" attributeClass="" type="Standard">
      <UUID>3baa0190-7bdb-4cc0-ba80-1e50d5863ac2</UUID>
      <SortOrder>99</SortOrder>
      <InputType>Textbox</InputType>
      <DataType>String</DataType>
      <MaxLength>4000</MaxLength>
      <MinLength>0</MinLength>
      <ProductTextRelation>
        <UUID>35711204-add7-4eb5-ab3d-339304f5c96a</UUID>
        <ProductTextUUID>dbaff253-07cd-429c-b782-a498ceb64948</ProductTextUUID>
      </ProductTextRelation>
      <ProductTextRelation>
        <UUID>a5b6b4e9-c99e-4b14-8abe-1238ffc47fe7</UUID>
        <ProductTextUUID>f3286fb1-c885-4558-a901-2f7bde983e8e</ProductTextUUID>
      </ProductTextRelation>
      <ProductBackendInfo name="Skye.AttributeAlias">
        <UUID>6aa28cc8-0392-4bfd-846f-28c6ea08c5e1</UUID>
        <Info />
      </ProductBackendInfo>
      <ProductBackendInfo name="Skye.Core.DataSecurity">
        <UUID>6e182f35-dbaa-4161-894f-882bc63859ea</UUID>
        <Info>Standard</Info>
      </ProductBackendInfo>
      <ProductBackendInfo name="Skye.AllowValueSetViaUnencryptedURL">
        <UUID>681ca8bf-bc93-4659-bd3f-7cd8f03bfa65</UUID>
        <Info>False</Info>
      </ProductBackendInfo>
      <ProductBackendInfo name="Skye.search.sortingOrder">
        <UUID>fc2a522e-9556-4046-b2cf-bfe2727bdc7e</UUID>
        <Info>Descending</Info>
      </ProductBackendInfo>
      <DefinitionValueRelation>
        <DefinitionValueUUID>09d51c93-5a24-441d-a18c-0f448190c485</DefinitionValueUUID>
      </DefinitionValueRelation>
    </ProductPolicyAttribute>
    <ProductBackendInfo name="Skye.MultibrickType">
      <UUID>32db17c6-eb1c-41e5-8b16-d031ece429ce</UUID>
      <Info />
    </ProductBackendInfo>
  </ProductBrick>
  <ProductBrick name="Mine" visibilityLevel="0" brickClass="" isAbstract="false" typeId="0">
    <UUID>bd490f79-77f7-4d33-b3f9-66669b181e37</UUID>
    <SortOrder>3</SortOrder>
    <MinimumUsage>1</MinimumUsage>
    <MaximumUsage>1</MaximumUsage>
    <InitialUsage>1</InitialUsage>
    <ProductTextRelation>
      <UUID>74efe3e4-4217-4e1f-b8d3-1dfbdd73ba62</UUID>
      <ProductTextUUID>4e5c1f64-84cb-4aaf-8951-83c7c2f83ec7</ProductTextUUID>
    </ProductTextRelation>
    <ProductPolicyAttribute name="@SearchQuery" visibilityLevel="1" mandatory="false" unit="" format="" numberOfDecimals="0" attributeClass="" type="Standard">
      <UUID>05c9041a-6f7f-4abd-b63b-a7231a8fa529</UUID>
      <SortOrder>99</SortOrder>
      <InputType>Textbox</InputType>
      <DataType>String</DataType>
      <MaxLength>4000</MaxLength>
      <MinLength>0</MinLength>
      <ProductBackendInfo name="Skye.AttributeAlias">
        <UUID>9c6b0ce5-e7b1-421e-82d9-17a45b66c03d</UUID>
        <Info />
      </ProductBackendInfo>
      <ProductBackendInfo name="Skye.Core.DataSecurity">
        <UUID>96c1508d-33ae-4f6e-bbfd-c9824e8fb78f</UUID>
        <Info>Standard</Info>
      </ProductBackendInfo>
      <ProductBackendInfo name="Skye.AllowValueSetViaUnencryptedURL">
        <UUID>76825c84-0432-4e2c-8014-dbec82ae45af</UUID>
        <Info>False</Info>
      </ProductBackendInfo>
      <DefinitionValueRelation>
        <DefinitionValueUUID>21082df1-1439-47b8-be25-3bd10af77aed</DefinitionValueUUID>
      </DefinitionValueRelation>
    </ProductPolicyAttribute>
    <ProductPolicyAttribute name="@SearchForModelTypes" visibilityLevel="1" mandatory="false" unit="" format="" numberOfDecimals="0" attributeClass="" type="Standard">
      <UUID>ef02cb44-52b8-4916-ad71-8c64ab63b3ad</UUID>
      <SortOrder>99</SortOrder>
      <InputType>Textbox</InputType>
      <DataType>String</DataType>
      <MaxLength>4000</MaxLength>
      <MinLength>0</MinLength>
      <ProductBackendInfo name="Skye.AttributeAlias">
        <UUID>f68bd21b-ce67-4ef3-b958-2d598a8b0f3e</UUID>
        <Info />
      </ProductBackendInfo>
      <ProductBackendInfo name="Skye.Core.DataSecurity">
        <UUID>c0d4faf3-0f90-4fe7-9758-fa00ba930bcb</UUID>
        <Info>Standard</Info>
      </ProductBackendInfo>
      <ProductBackendInfo name="Skye.AllowValueSetViaUnencryptedURL">
        <UUID>f64338ae-51af-4529-bd29-686c82bb5697</UUID>
        <Info>False</Info>
      </ProductBackendInfo>
      <DefinitionValueRelation>
        <DefinitionValueUUID>c7a7ac0e-9d79-49f0-93ef-0a16eb769e4c</DefinitionValueUUID>
      </DefinitionValueRelation>
    </ProductPolicyAttribute>
    <ProductPolicyAttribute name="@SearchForModelTextIds" visibilityLevel="1" mandatory="false" unit="" format="" numberOfDecimals="0" attributeClass="" type="Standard">
      <UUID>e4351eb1-0adb-4bc7-bae2-71572fdc9544</UUID>
      <SortOrder>99</SortOrder>
      <InputType>Textbox</InputType>
      <DataType>String</DataType>
      <MaxLength>4000</MaxLength>
      <MinLength>0</MinLength>
      <ProductBackendInfo name="Skye.AttributeAlias">
        <UUID>3d34e32f-a66b-48b5-a889-66acc1ae8871</UUID>
        <Info />
      </ProductBackendInfo>
      <ProductBackendInfo name="Skye.Core.DataSecurity">
        <UUID>492063db-1910-474e-8886-87f53955b010</UUID>
        <Info>Standard</Info>
      </ProductBackendInfo>
      <ProductBackendInfo name="Skye.AllowValueSetViaUnencryptedURL">
        <UUID>150bd3cd-9a78-4797-bbb8-04ea60e52f49</UUID>
        <Info>False</Info>
      </ProductBackendInfo>
      <DefinitionValueRelation>
        <DefinitionValueUUID>c372ade8-2419-44be-bd76-93c5440111b1</DefinitionValueUUID>
      </DefinitionValueRelation>
    </ProductPolicyAttribute>
    <ProductPolicyAttribute name="@NumberOfSearchResultsPerPage" visibilityLevel="1" mandatory="false" unit="" format="" numberOfDecimals="0" attributeClass="" type="Standard">
      <UUID>bee562f1-2093-40fc-b3da-87a48dadbd59</UUID>
      <SortOrder>99</SortOrder>
      <InputType>Textbox</InputType>
      <DataType>String</DataType>
      <MaxLength>4000</MaxLength>
      <MinLength>0</MinLength>
      <ProductBackendInfo name="Skye.AttributeAlias">
        <UUID>ea013e22-97d7-4baf-a83d-84074871e419</UUID>
        <Info />
      </ProductBackendInfo>
      <ProductBackendInfo name="Skye.Core.DataSecurity">
        <UUID>bf688143-8a02-434b-af93-18bb9bbc68bc</UUID>
        <Info>Standard</Info>
      </ProductBackendInfo>
      <ProductBackendInfo name="Skye.AllowValueSetViaUnencryptedURL">
        <UUID>9dd5f12a-2b6b-4022-9dec-5d797149e4e1</UUID>
        <Info>False</Info>
      </ProductBackendInfo>
      <DefinitionValueRelation>
        <DefinitionValueUUID>57b2ad80-bc96-4370-b68c-6e01529ff16d</DefinitionValueUUID>
      </DefinitionValueRelation>
    </ProductPolicyAttribute>
    <ProductPolicyAttribute name="@SearchTextType" visibilityLevel="1" mandatory="false" unit="" format="" numberOfDecimals="0" attributeClass="" type="Standard">
      <UUID>961e7689-2a68-4e2b-a0bf-7fd296bdbbc1</UUID>
      <SortOrder>99</SortOrder>
      <InputType>Textbox</InputType>
      <DataType>String</DataType>
      <MaxLength>4000</MaxLength>
      <MinLength>0</MinLength>
      <ProductBackendInfo name="Skye.AttributeAlias">
        <UUID>dc758f0d-7313-4df3-9142-02a58f012c36</UUID>
        <Info />
      </ProductBackendInfo>
      <ProductBackendInfo name="Skye.Core.DataSecurity">
        <UUID>c34df49d-4332-425a-b53c-fc4721f17ffa</UUID>
        <Info>Standard</Info>
      </ProductBackendInfo>
      <ProductBackendInfo name="Skye.AllowValueSetViaUnencryptedURL">
        <UUID>5d7e43a5-6fd7-4672-a38e-f1eb1c9c12c9</UUID>
        <Info>False</Info>
      </ProductBackendInfo>
      <DefinitionValueRelation>
        <DefinitionValueUUID>2667fed5-27a0-479d-a77f-6b50ccee8766</DefinitionValueUUID>
      </DefinitionValueRelation>
    </ProductPolicyAttribute>
    <ProductPolicyAttribute name="@SearchSorting" visibilityLevel="0" mandatory="false" unit="" format="" numberOfDecimals="0" attributeClass="" type="Standard">
      <UUID>ed03687b-9a78-4135-b472-5e0eeeb04925</UUID>
      <SortOrder>99</SortOrder>
      <InputType>Textbox</InputType>
      <DataType>String</DataType>
      <MaxLength>4000</MaxLength>
      <MinLength>0</MinLength>
      <ProductTextRelation>
        <UUID>636ce1c9-82df-421f-80a9-64d540762c98</UUID>
        <ProductTextUUID>03245b96-4ca5-481a-943b-516170750f2f</ProductTextUUID>
      </ProductTextRelation>
      <ProductTextRelation>
        <UUID>7a8f41e0-672d-40b1-9ffc-84a9df4c9bd5</UUID>
        <ProductTextUUID>d4826554-efb3-4ac3-8bb2-1b2c12269c60</ProductTextUUID>
      </ProductTextRelation>
      <ProductBackendInfo name="Skye.AttributeAlias">
        <UUID>f2e503c7-d5e1-44ef-b81d-2e92c904dedf</UUID>
        <Info />
      </ProductBackendInfo>
      <ProductBackendInfo name="Skye.Core.DataSecurity">
        <UUID>dd3f8ff2-f4ca-4b10-84ef-d90d591917ae</UUID>
        <Info>Standard</Info>
      </ProductBackendInfo>
      <ProductBackendInfo name="Skye.AllowValueSetViaUnencryptedURL">
        <UUID>f8e090b6-6d02-4362-a490-193415c1cb29</UUID>
        <Info>False</Info>
      </ProductBackendInfo>
      <ProductBackendInfo name="Skye.search.sortingOrder">
        <UUID>6447a083-a476-4613-a560-61da271de7c0</UUID>
        <Info>Descending</Info>
      </ProductBackendInfo>
      <DefinitionValueRelation>
        <DefinitionValueUUID>0c5a993a-1208-40ab-8d6b-fe96820cd63a</DefinitionValueUUID>
      </DefinitionValueRelation>
    </ProductPolicyAttribute>
    <ProductBackendInfo name="Skye.MultibrickType">
      <UUID>0901a805-b5a6-4b11-a70e-66c607d0e34e</UUID>
      <Info />
    </ProductBackendInfo>
  </ProductBrick>
  <DefinitionDependentLists>
    <DefinitionDependencyDefaultValueList />
    <DefinitionDependencyValueRangeList />
    <DefinitionDependencyVisibilityList />
    <DefinitionDependencyMandatoryList />
    <DefinitionDependencyToDependencyList />
    <DefinitionDependencyValueRangeFilterValuesList />
    <DefinitionDependencyDataSourceAttributeList />
  </DefinitionDependentLists>
</Product>