﻿<?xml version="1.0" encoding="utf-8"?>
<Product xmlns:xsd="http://www.w3.org/2001/XMLSchema" xmlns:xsi="http://www.w3.org/2001/XMLSchema-instance" name="ZonePublicDefinition" lastChanged="2020-05-15T12:22:37.5662944Z" implementationClass="" modelType="zonedefinition" subModelType="ZonePublic" skyeEditorVersion="7.26.1.50">
  <UUID>36ead569-4cda-4601-af27-cc44058f3d1b</UUID>
  <BusinessUnit> </BusinessUnit>
  <Section> </Section>
  <ProductTextList>
    <ProductText name="leftZoneMenuCollapsedImage" language="en" country="US">
      <UUID>03507dca-0395-4660-b14b-cb0f9c945bda</UUID>
      <Text />
    </ProductText>
    <ProductText name="leftZoneMenuExpandedImage" language="en" country="US">
      <UUID>3b6da6ac-7470-4a74-b6ed-1d4fcfb80fcc</UUID>
      <Text />
    </ProductText>
    <ProductText name="header" language="en" country="US">
      <UUID>79992bb8-f919-4333-9646-67b314165757</UUID>
      <Text>My product public</Text>
    </ProductText>
    <ProductText name="icon" language="en" country="US">
      <UUID>904df7f8-4907-40d7-bc0d-51a6a513ef6d</UUID>
      <Text />
    </ProductText>
  </ProductTextList>
  <ProductValueRangeList />
  <DefinitionBusinessObjectContextList />
  <DefinitionResourceList />
  <ProductValueList>
    <ProductValue name="myproductpublic" type="value">
      <UUID>8400ea2a-43ad-4371-ac24-ad58b238670f</UUID>
      <SortOrder>0</SortOrder>
      <Value>myproductpublic</Value>
    </ProductValue>
    <ProductValue name="true" type="value">
      <UUID>4163fd31-c24d-48f4-a4e5-7b337bdb11f2</UUID>
      <SortOrder>0</SortOrder>
      <Value>true</Value>
    </ProductValue>
  </ProductValueList>
  <ProductPolicyAttribute name="@DefaultZone" visibilityLevel="0" mandatory="false" unit="" format="" numberOfDecimals="0" attributeClass="" type="Standard">
    <UUID>24185239-3811-49da-9838-76654bbc2705</UUID>
    <SortOrder>99</SortOrder>
    <InputType>Textbox</InputType>
    <DataType>String</DataType>
    <MaxLength>4000</MaxLength>
    <MinLength>0</MinLength>
    <ProductBackendInfo name="Skye.AttributeAlias">
      <UUID>953c88bc-c24e-4688-8daa-f2eab8213f70</UUID>
      <Info />
    </ProductBackendInfo>
    <ProductBackendInfo name="Skye.Core.DataSecurity">
      <UUID>c99c946f-3f15-45a2-af4b-232915e6f283</UUID>
      <Info>Standard</Info>
    </ProductBackendInfo>
    <ProductBackendInfo name="Skye.AllowValueSetViaUnencryptedURL">
      <UUID>55b13151-3fda-4b41-9e2c-0d8e6736b25c</UUID>
      <Info>False</Info>
    </ProductBackendInfo>
    <DefinitionValueRelation>
      <DefinitionValueUUID>8400ea2a-43ad-4371-ac24-ad58b238670f</DefinitionValueUUID>
    </DefinitionValueRelation>
  </ProductPolicyAttribute>
  <ProductTextRelation>
    <UUID>176acade-65f1-4eb0-8f1b-4c7c5b7a9ec2</UUID>
    <ProductTextUUID>03507dca-0395-4660-b14b-cb0f9c945bda</ProductTextUUID>
  </ProductTextRelation>
  <ProductTextRelation>
    <UUID>9652e5e4-d36c-41e1-b423-10553d0b2c00</UUID>
    <ProductTextUUID>3b6da6ac-7470-4a74-b6ed-1d4fcfb80fcc</ProductTextUUID>
  </ProductTextRelation>
  <ProductBrick name="myproductpublic" visibilityLevel="4" brickClass="" isAbstract="false" typeId="0">
    <UUID>66c8bf57-339f-4e7b-8be7-1664519880a8</UUID>
    <SortOrder>1</SortOrder>
    <MinimumUsage>1</MinimumUsage>
    <MaximumUsage>1</MaximumUsage>
    <InitialUsage>1</InitialUsage>
    <ProductTextRelation>
      <UUID>2e3823d3-c0b3-4373-92d0-5df93309b1c7</UUID>
      <ProductTextUUID>79992bb8-f919-4333-9646-67b314165757</ProductTextUUID>
    </ProductTextRelation>
    <ProductTextRelation>
      <UUID>6399e01f-a328-4955-85f2-a7d61d2fd72a</UUID>
      <ProductTextUUID>904df7f8-4907-40d7-bc0d-51a6a513ef6d</ProductTextUUID>
    </ProductTextRelation>
    <ProductPolicyAttribute name="@RefreshZoneOnSwitch" visibilityLevel="0" mandatory="false" unit="" format="" numberOfDecimals="0" attributeClass="" type="Standard">
      <UUID>0d9b3aad-0890-44f5-9e41-673a6b491fa1</UUID>
      <SortOrder>99</SortOrder>
      <InputType>Textbox</InputType>
      <DataType>String</DataType>
      <MaxLength>4000</MaxLength>
      <MinLength>0</MinLength>
      <ProductBackendInfo name="Skye.AttributeAlias">
        <UUID>430cce97-8237-437b-85ef-eef4ba3f72ee</UUID>
        <Info />
      </ProductBackendInfo>
      <ProductBackendInfo name="Skye.Core.DataSecurity">
        <UUID>218b2f6c-ff17-4a37-9e85-48992eab521d</UUID>
        <Info>Standard</Info>
      </ProductBackendInfo>
      <ProductBackendInfo name="Skye.AllowValueSetViaUnencryptedURL">
        <UUID>a191482f-dfb2-45dd-8247-f4743b3ed0ec</UUID>
        <Info>False</Info>
      </ProductBackendInfo>
      <DefinitionValueRelation>
        <DefinitionValueUUID>4163fd31-c24d-48f4-a4e5-7b337bdb11f2</DefinitionValueUUID>
      </DefinitionValueRelation>
    </ProductPolicyAttribute>
    <ProductBackendInfo name="Skye.MultibrickType">
      <UUID>34befb78-0b0b-4c47-94b2-18a21bc1f533</UUID>
      <Info />
    </ProductBackendInfo>
  </ProductBrick>
  <DefinitionDependentLists>
    <DefinitionDependencyDefaultValueList />
    <DefinitionDependencyValueRangeList />
    <DefinitionDependencyVisibilityList />
    <DefinitionDependencyMandatoryList />
    <DefinitionDependencyToDependencyList />
    <DefinitionDependencyValueRangeFilterValuesList />
    <DefinitionDependencyDataSourceAttributeList />
  </DefinitionDependentLists>
</Product>