﻿<?xml version="1.0" encoding="utf-8"?>
<Product xmlns:xsd="http://www.w3.org/2001/XMLSchema" xmlns:xsi="http://www.w3.org/2001/XMLSchema-instance" name="MyProductSelectorZoneComponent" lastChanged="2019-05-08T07:33:02Z" implementationClass=" " versionUuid=" " modelType="modelselectorcomponent" subModelType="" skyeEditorVersion="7.15.0.16">
  <UUID>2341b90a-faa1-40dd-9964-7cc4ac8570ce</UUID>
  <SortOrder>0</SortOrder>
  <BusinessUnit> </BusinessUnit>
  <Section> </Section>
  <ProductTextList>
    <ProductText name="header" language="en" country="US">
      <UUID>9ee1ee2c-aa62-4090-bcb5-f2ceb95d12d8</UUID>
      <Text />
    </ProductText>
  </ProductTextList>
  <ProductValueRangeList>
    <ProductValueRange name="Reference.referencedModelsVR" type="fix">
      <UUID>0f716f12-bb4c-4633-a3bc-5ea8a27cb858</UUID>
    </ProductValueRange>
  </ProductValueRangeList>
  <DefinitionBusinessObjectContextList />
  <DefinitionResourceList />
  <AbstractProductBrickList />
  <ProductValueList>
    <ProductValue name="True" type="value">
      <UUID>3b3fc3b1-8c18-473a-9f26-b33bf29685e4</UUID>
      <SortOrder>0</SortOrder>
      <Value>True</Value>
    </ProductValue>
    <ProductValue name=" " type="value">
      <UUID>8c3d10ae-118c-404b-8db6-18973d6638fd</UUID>
      <SortOrder>0</SortOrder>
      <Value />
    </ProductValue>
    <ProductValue name="vertical" type="value">
      <UUID>f3189877-96f1-4873-aaf9-0cd97fc35942</UUID>
      <SortOrder>0</SortOrder>
      <Value>vertical</Value>
    </ProductValue>
  </ProductValueList>
  <ProductPolicyAttribute name="@Orientation" visibilityLevel="0" mandatory="false" unit="" format="" numberOfDecimals="0" attributeClass=" " type="Standard">
    <UUID>b0f6cf9c-3e83-4235-8cd7-b53095b59f97</UUID>
    <SortOrder>99</SortOrder>
    <InputType>Textbox</InputType>
    <DataType>String</DataType>
    <MaxLength>4000</MaxLength>
    <MinLength>0</MinLength>
    <ProductBackendInfo name="Skye.Core.DataSecurity">
      <UUID>533b6fe2-1818-45f1-ba05-165f540b1c6a</UUID>
      <Info>Standard</Info>
    </ProductBackendInfo>
    <ProductBackendInfo name="Skye.AllowValueSetViaUnencryptedURL">
      <UUID>9b2b31ba-af44-42cb-ba78-e043529048b7</UUID>
      <Info>False</Info>
    </ProductBackendInfo>
    <ProductBackendInfo name="Skye.AttributeAlias">
      <UUID>9b89587e-7ab1-4075-8e70-75498dbdec81</UUID>
      <Info />
    </ProductBackendInfo>
    <DefinitionValueRelation>
      <UUID>11e9ee89-0d2a-5962-ace9-5ff23aa7cc38</UUID>
      <DefinitionValueUUID>f3189877-96f1-4873-aaf9-0cd97fc35942</DefinitionValueUUID>
    </DefinitionValueRelation>
  </ProductPolicyAttribute>
  <ProductPolicyAttribute name="@Scrollable" visibilityLevel="0" mandatory="false" unit="" format="" numberOfDecimals="0" attributeClass=" " type="Standard">
    <UUID>b980e26c-508f-42b2-bdb4-b1eef8007eb6</UUID>
    <SortOrder>99</SortOrder>
    <InputType>Textbox</InputType>
    <DataType>String</DataType>
    <MaxLength>4000</MaxLength>
    <MinLength>0</MinLength>
    <ProductBackendInfo name="Skye.AllowValueSetViaUnencryptedURL">
      <UUID>1e86f3e0-f8aa-49bb-b287-d2c8e8bc3562</UUID>
      <Info>False</Info>
    </ProductBackendInfo>
    <ProductBackendInfo name="Skye.AttributeAlias">
      <UUID>8c3c9c80-e16c-43b8-8f19-5754c15a4cf7</UUID>
      <Info />
    </ProductBackendInfo>
    <ProductBackendInfo name="Skye.Core.DataSecurity">
      <UUID>bbdcedd9-437b-4a8a-b8f1-78e92d73c9dd</UUID>
      <Info>Standard</Info>
    </ProductBackendInfo>
    <ProductBackendInfo name="Skye.Scrollable.NumberOfVisibleModels">
      <UUID>e25b94b3-fb63-4b24-b9f8-3911e3b0244e</UUID>
      <Info>3</Info>
    </ProductBackendInfo>
    <DefinitionValueRelation>
      <UUID>11e9ee89-0d2a-5961-ace9-5ff23aa7cc38</UUID>
      <DefinitionValueUUID>3b3fc3b1-8c18-473a-9f26-b33bf29685e4</DefinitionValueUUID>
    </DefinitionValueRelation>
  </ProductPolicyAttribute>
  <ProductPolicyAttribute name="@ComponentOwner" visibilityLevel="0" mandatory="false" unit="" format="" numberOfDecimals="0" attributeClass=" " type="Reference">
    <UUID>f56f247d-3b3d-46ec-8d9a-ae063a040bbc</UUID>
    <SortOrder>99</SortOrder>
    <InputType>Textbox</InputType>
    <DataType>product</DataType>
    <MaxLength>4000</MaxLength>
    <MinLength>0</MinLength>
    <ProductValueRangeRelation>
      <UUID>2ab5f9b2-ba4b-4dcf-93ad-1671b0071bdd</UUID>
      <SortOrder>99</SortOrder>
      <ProductValueRangeUUID>0f716f12-bb4c-4633-a3bc-5ea8a27cb858</ProductValueRangeUUID>
    </ProductValueRangeRelation>
    <ProductBackendInfo name="Skye.AttributeAlias">
      <UUID>0e2d03b9-db69-42ef-99d0-6d0092100ccf</UUID>
      <Info />
    </ProductBackendInfo>
    <ProductBackendInfo name="Skye.AllowValueSetViaUnencryptedURL">
      <UUID>24b5609f-dc55-4ef5-8156-264029d4bf13</UUID>
      <Info>False</Info>
    </ProductBackendInfo>
    <ProductBackendInfo name="Skye.Core.DataSecurity">
      <UUID>9c21cf51-e8dd-446f-b03f-5323f4c12f6a</UUID>
      <Info>Standard</Info>
    </ProductBackendInfo>
    <DefinitionValueRelation>
      <UUID>11e9ee89-0d2a-5963-ace9-5ff23aa7cc38</UUID>
      <DefinitionValueUUID>8c3d10ae-118c-404b-8db6-18973d6638fd</DefinitionValueUUID>
    </DefinitionValueRelation>
  </ProductPolicyAttribute>
  <ProductTextRelation>
    <ProductTextUUID>9ee1ee2c-aa62-4090-bcb5-f2ceb95d12d8</ProductTextUUID>
  </ProductTextRelation>
  <DefinitionDependentLists>
    <DefinitionDependencyDefaultValueList />
    <DefinitionDependencyValueRangeList />
    <DefinitionDependencyVisibilityList />
    <DefinitionDependencyMandatoryList />
    <DefinitionDependencyToDependencyList />
    <DefinitionDependencyValueRangeFilterValuesList />
    <DefinitionDependencyDataSourceAttributeList />
  </DefinitionDependentLists>
</Product>