﻿<?xml version="1.0" encoding="utf-8"?>
<Product xmlns:xsd="http://www.w3.org/2001/XMLSchema" xmlns:xsi="http://www.w3.org/2001/XMLSchema-instance" name="HelpFloatingButton" lastChanged="2020-05-19T07:31:14.1047444Z" implementationClass="" modelType="floatingbutton" subModelType="" skyeEditorVersion="7.26.1.50">
  <UUID>e578416f-8cf2-422f-8241-ac67729e2b4f</UUID>
  <BusinessUnit> </BusinessUnit>
  <Section> </Section>
  <ProductTextList>
    <ProductText name="header" language="en" country="US">
      <UUID>26d306d2-17d9-4efd-a42b-27903b3bde1b</UUID>
      <Text>Help</Text>
    </ProductText>
    <ProductText name="icon" language="en" country="US">
      <UUID>6f5ee9dd-94e1-4166-9db7-2a0cb0eb985d</UUID>
      <Text>far fa-question-circle</Text>
    </ProductText>
    <ProductText name="label" language="en" country="US">
      <UUID>bf2d872a-910e-4b0f-8faf-63275bc05ae8</UUID>
      <Text>&lt;li&gt;Phone us: 0800 111 222&lt;/li&gt;
&lt;li&gt;
    &lt;a href="mailto:example@mail.com"&gt;Send us a mail&lt;/a&gt;
&lt;/li&gt;
&lt;li&gt;Visit us at Hohlstrasse 560, 8048 Zürich&lt;/li&gt;
&lt;li&gt;
    &lt;a href="https://www.innoveo.com/"&gt;Visit our website&lt;/a&gt;
&lt;/li&gt;</Text>
    </ProductText>
  </ProductTextList>
  <ProductValueRangeList>
    <ProductValueRange name="Reference.referencedModelsVR" type="fix">
      <UUID>c549e1ed-6c31-4b37-aad4-3fcd82822c92</UUID>
    </ProductValueRange>
  </ProductValueRangeList>
  <DefinitionBusinessObjectContextList />
  <DefinitionResourceList />
  <ProductValueList>
    <ProductValue name="" type="value">
      <UUID>49938b0a-9f44-4249-8ee2-327a75c879ae</UUID>
      <SortOrder>0</SortOrder>
      <Value />
    </ProductValue>
    <ProductValue name="tab" type="value">
      <UUID>437a7e7f-74bc-4ea6-ae1a-cab9a1d86426</UUID>
      <SortOrder>0</SortOrder>
      <Value>tab</Value>
    </ProductValue>
    <ProductValue name="right" type="value">
      <UUID>466b285c-f957-46ec-b951-eaf8a019d3ef</UUID>
      <SortOrder>0</SortOrder>
      <Value>right</Value>
    </ProductValue>
    <ProductValue name="expanded initially" type="value">
      <UUID>7cc35281-9799-4102-8569-7854c4446005</UUID>
      <SortOrder>0</SortOrder>
      <Value>expanded initially</Value>
    </ProductValue>
  </ProductValueList>
  <ProductPolicyAttribute name="@ComponentOwner" visibilityLevel="0" mandatory="false" unit="" format="" numberOfDecimals="0" attributeClass="" type="Reference">
    <UUID>73ca8bcc-8aca-467d-a2cf-1140e937a14d</UUID>
    <SortOrder>99</SortOrder>
    <InputType>Textbox</InputType>
    <DataType>String</DataType>
    <MaxLength>4000</MaxLength>
    <MinLength>0</MinLength>
    <ProductValueRangeRelation>
      <UUID>84c5c16a-96fd-47de-91ed-c2bead3fd8cc</UUID>
      <SortOrder>99</SortOrder>
      <ProductValueRangeUUID>c549e1ed-6c31-4b37-aad4-3fcd82822c92</ProductValueRangeUUID>
    </ProductValueRangeRelation>
    <ProductBackendInfo name="Skye.AttributeAlias">
      <UUID>9fb54ba5-d5f0-4c7f-91a0-31a7de91e276</UUID>
      <Info />
    </ProductBackendInfo>
    <ProductBackendInfo name="Skye.Core.DataSecurity">
      <UUID>af659a79-f1a8-4d35-84c6-2a3b19e83085</UUID>
      <Info>Standard</Info>
    </ProductBackendInfo>
    <ProductBackendInfo name="Skye.AllowValueSetViaUnencryptedURL">
      <UUID>d1066747-9c9c-4aa1-8c79-db5ecf308a79</UUID>
      <Info>False</Info>
    </ProductBackendInfo>
    <ProductBackendInfo name="Skye.Reference.ModelType">
      <UUID>2ff29353-5910-46d7-87b2-1fe4da93eec5</UUID>
      <Info>product</Info>
    </ProductBackendInfo>
    <DefinitionValueRelation>
      <DefinitionValueUUID>49938b0a-9f44-4249-8ee2-327a75c879ae</DefinitionValueUUID>
    </DefinitionValueRelation>
  </ProductPolicyAttribute>
  <ProductPolicyAttribute name="@Style" visibilityLevel="0" mandatory="false" unit="" format="" numberOfDecimals="0" attributeClass="" type="Standard">
    <UUID>ff1cfa42-32f9-418e-9aa1-1f2e0a587b16</UUID>
    <SortOrder>99</SortOrder>
    <InputType>Textbox</InputType>
    <DataType>String</DataType>
    <MaxLength>4000</MaxLength>
    <MinLength>0</MinLength>
    <ProductBackendInfo name="Skye.AttributeAlias">
      <UUID>d1b77bb9-d0a0-47df-844b-f2ea2344e6be</UUID>
      <Info />
    </ProductBackendInfo>
    <ProductBackendInfo name="Skye.Core.DataSecurity">
      <UUID>a5b988c8-24d3-4292-9666-9e017b301810</UUID>
      <Info>Standard</Info>
    </ProductBackendInfo>
    <ProductBackendInfo name="Skye.AllowValueSetViaUnencryptedURL">
      <UUID>4b86818d-3f61-45c1-a30f-cc274780a16f</UUID>
      <Info>False</Info>
    </ProductBackendInfo>
    <DefinitionValueRelation>
      <DefinitionValueUUID>437a7e7f-74bc-4ea6-ae1a-cab9a1d86426</DefinitionValueUUID>
    </DefinitionValueRelation>
  </ProductPolicyAttribute>
  <ProductPolicyAttribute name="@Position" visibilityLevel="0" mandatory="false" unit="" format="" numberOfDecimals="0" attributeClass="" type="Standard">
    <UUID>34dec79e-0c3d-4cdf-8fb8-53308897398f</UUID>
    <SortOrder>99</SortOrder>
    <InputType>Textbox</InputType>
    <DataType>String</DataType>
    <MaxLength>4000</MaxLength>
    <MinLength>0</MinLength>
    <ProductBackendInfo name="Skye.AttributeAlias">
      <UUID>1dc077ee-35d0-4b73-810e-f81ebeed1ef7</UUID>
      <Info />
    </ProductBackendInfo>
    <ProductBackendInfo name="Skye.Core.DataSecurity">
      <UUID>3ef034a4-e6fc-499c-bc1a-f17417dd001b</UUID>
      <Info>Standard</Info>
    </ProductBackendInfo>
    <ProductBackendInfo name="Skye.AllowValueSetViaUnencryptedURL">
      <UUID>a4baa5eb-ad71-47c4-ae25-a7460c8b2bbe</UUID>
      <Info>False</Info>
    </ProductBackendInfo>
    <DefinitionValueRelation>
      <DefinitionValueUUID>466b285c-f957-46ec-b951-eaf8a019d3ef</DefinitionValueUUID>
    </DefinitionValueRelation>
  </ProductPolicyAttribute>
  <ProductPolicyAttribute name="@ButtonExpandDefault" visibilityLevel="0" mandatory="false" unit="" format="" numberOfDecimals="0" attributeClass="" type="Standard">
    <UUID>1e9cb3e2-4df8-4e48-9d38-c619c2620f8b</UUID>
    <SortOrder>99</SortOrder>
    <InputType>Textbox</InputType>
    <DataType>String</DataType>
    <MaxLength>4000</MaxLength>
    <MinLength>0</MinLength>
    <ProductBackendInfo name="Skye.AttributeAlias">
      <UUID>19edf6ce-b2f9-468a-aa2e-d68c0de809b0</UUID>
      <Info />
    </ProductBackendInfo>
    <ProductBackendInfo name="Skye.Core.DataSecurity">
      <UUID>ddb65392-1210-47c3-8ace-910a2c536d0e</UUID>
      <Info>Standard</Info>
    </ProductBackendInfo>
    <ProductBackendInfo name="Skye.AllowValueSetViaUnencryptedURL">
      <UUID>911e2021-69d6-4320-bf8f-cf706bebcded</UUID>
      <Info>False</Info>
    </ProductBackendInfo>
    <DefinitionValueRelation>
      <DefinitionValueUUID>7cc35281-9799-4102-8569-7854c4446005</DefinitionValueUUID>
    </DefinitionValueRelation>
  </ProductPolicyAttribute>
  <ProductTextRelation>
    <UUID>2796960a-d470-4a5b-84a1-07f74745b312</UUID>
    <ProductTextUUID>26d306d2-17d9-4efd-a42b-27903b3bde1b</ProductTextUUID>
  </ProductTextRelation>
  <ProductTextRelation>
    <UUID>66133952-87be-41cf-8328-3e808dc318e1</UUID>
    <ProductTextUUID>6f5ee9dd-94e1-4166-9db7-2a0cb0eb985d</ProductTextUUID>
  </ProductTextRelation>
  <ProductTextRelation>
    <UUID>158db81b-f552-46bd-9a38-f91ff0854102</UUID>
    <ProductTextUUID>bf2d872a-910e-4b0f-8faf-63275bc05ae8</ProductTextUUID>
  </ProductTextRelation>
  <DefinitionDependentLists>
    <DefinitionDependencyDefaultValueList />
    <DefinitionDependencyValueRangeList />
    <DefinitionDependencyVisibilityList />
    <DefinitionDependencyMandatoryList />
    <DefinitionDependencyToDependencyList />
    <DefinitionDependencyValueRangeFilterValuesList />
    <DefinitionDependencyDataSourceAttributeList />
  </DefinitionDependentLists>
</Product>