﻿<?xml version="1.0" encoding="utf-8"?>
<Product xmlns:xsd="http://www.w3.org/2001/XMLSchema" xmlns:xsi="http://www.w3.org/2001/XMLSchema-instance" name="DashboardSection2HTMLComponent" lastChanged="2020-04-02T08:19:25.307Z" implementationClass=" " versionUuid=" " modelType="htmlcomponent" subModelType="" skyeEditorVersion="7.26.1.50">
  <UUID>14586849-513d-4501-9941-f65d9170752c</UUID>
  <SortOrder>0</SortOrder>
  <BusinessUnit> </BusinessUnit>
  <Section> </Section>
  <ProductTextList>
    <ProductText name="label" language="en" country="US">
      <UUID>b8c89172-b334-45d8-b6b7-73dbf7fb2567</UUID>
      <Text>&lt;div class="skyeLeft"&gt;
      &lt;div class="skyeSubTitle"&gt;
           My Zone
      &lt;/div&gt;
     &lt;div class="skyeText"&gt;
            Here you can describe what "My Zone" is used for. Currently you can display pending actions to a user in the right upper corner. Below the "Actions" section the products available for the logged in user are displayed. In both zone descriptions you can put a text of maximum 250 characters.
      &lt;/div&gt;
&lt;/div&gt;
&lt;div class="skyeRight"&gt;
      &lt;div class="skyeSubTitle"&gt;
              Products
      &lt;/div&gt;
      &lt;div class="skyeText"&gt;
           Here you can describe what "Products" zone is used for. This is the area where your agents can issue quotes and sell policies.  This section has been designed to ensure your agents can service your customers as quickly and efficiently as possible.
      &lt;/div&gt;
&lt;/div&gt;
&lt;div class="skyeFooter"&gt;
    Contact us at &lt;b&gt;0800 123 456&lt;/b&gt; or &lt;a href="mailto:info@insurance.com" target="_blank"&gt;email us&lt;/a&gt;
&lt;/div&gt;</Text>
    </ProductText>
    <ProductText name="header" language="en" country="US">
      <UUID>e9fe3f18-ac8a-4219-af24-338ccdcce6a6</UUID>
      <Text>Your World. Our Insurance.</Text>
    </ProductText>
  </ProductTextList>
  <ProductValueRangeList>
    <ProductValueRange name="Reference.referencedModelsVR" type="fix">
      <UUID>e861b1f4-9865-4253-88b8-cec11624d741</UUID>
    </ProductValueRange>
  </ProductValueRangeList>
  <DefinitionBusinessObjectContextList />
  <DefinitionResourceList />
  <AbstractProductBrickList />
  <ProductValueList>
    <ProductValue name=" " type="value">
      <UUID>e3ffce29-6a3c-409a-87d4-f9e7fe4e0a3b</UUID>
      <SortOrder>0</SortOrder>
      <Value />
    </ProductValue>
  </ProductValueList>
  <ProductPolicyAttribute name="@ComponentOwner" visibilityLevel="0" mandatory="false" unit="" format="" numberOfDecimals="0" attributeClass=" " type="Reference">
    <UUID>3c98bec8-4742-47fe-993a-901404fc8642</UUID>
    <SortOrder>99</SortOrder>
    <InputType>Textbox</InputType>
    <DataType>String</DataType>
    <MaxLength>4000</MaxLength>
    <MinLength>0</MinLength>
    <ProductValueRangeRelation>
      <UUID>12d25c63-7880-4d12-8ac2-128660f7332a</UUID>
      <SortOrder>99</SortOrder>
      <ProductValueRangeUUID>e861b1f4-9865-4253-88b8-cec11624d741</ProductValueRangeUUID>
    </ProductValueRangeRelation>
    <ProductBackendInfo name="Skye.AttributeAlias">
      <UUID>25c84363-6136-4918-89f5-2288338d95d4</UUID>
      <Info />
    </ProductBackendInfo>
    <ProductBackendInfo name="Skye.Core.DataSecurity">
      <UUID>2b6b3192-2f97-4a85-af4f-8bc4b37bd596</UUID>
      <Info>Standard</Info>
    </ProductBackendInfo>
    <ProductBackendInfo name="Skye.Reference.ModelType">
      <UUID>532923bd-7dd0-493a-a7ac-ab600464321c</UUID>
      <Info>product</Info>
    </ProductBackendInfo>
    <ProductBackendInfo name="Skye.AllowValueSetViaUnencryptedURL">
      <UUID>a8c1b3f8-5a99-4e73-a203-c42f4f0f72a0</UUID>
      <Info>False</Info>
    </ProductBackendInfo>
    <DefinitionValueRelation>
      <UUID>11ea906e-eb7c-5e0a-9fcc-1f11df4cb88a</UUID>
      <DefinitionValueUUID>e3ffce29-6a3c-409a-87d4-f9e7fe4e0a3b</DefinitionValueUUID>
    </DefinitionValueRelation>
  </ProductPolicyAttribute>
  <ProductTextRelation>
    <ProductTextUUID>e9fe3f18-ac8a-4219-af24-338ccdcce6a6</ProductTextUUID>
  </ProductTextRelation>
  <ProductTextRelation>
    <ProductTextUUID>b8c89172-b334-45d8-b6b7-73dbf7fb2567</ProductTextUUID>
  </ProductTextRelation>
  <DefinitionDependentLists>
    <DefinitionDependencyDefaultValueList />
    <DefinitionDependencyValueRangeList />
    <DefinitionDependencyVisibilityList />
    <DefinitionDependencyMandatoryList />
    <DefinitionDependencyToDependencyList />
    <DefinitionDependencyValueRangeFilterValuesList />
    <DefinitionDependencyDataSourceAttributeList />
  </DefinitionDependentLists>
</Product>