﻿<?xml version="1.0" encoding="utf-8"?>
<Product xmlns:xsd="http://www.w3.org/2001/XMLSchema" xmlns:xsi="http://www.w3.org/2001/XMLSchema-instance" name="HomeCreatePolicyConfirmationUIDef" lastChanged="2019-10-14T09:24:28Z" implementationClass=" " versionUuid=" " modelType="uidefinition" subModelType="ProcessLayout" skyeEditorVersion="7.15.0.16">
  <UUID>20de1173-6187-45b0-aa06-6036dc85d2fc</UUID>
  <SortOrder>0</SortOrder>
  <BusinessUnit> </BusinessUnit>
  <Section> </Section>
  <ProductTextList>
    <ProductText name="header" language="en" country="US">
      <UUID>658cced7-ae3d-42b8-90e2-a2cfa332b847</UUID>
      <Text />
    </ProductText>
  </ProductTextList>
  <ProductValueRangeList />
  <DefinitionBusinessObjectContextList />
  <DefinitionResourceList />
  <AbstractProductBrickList />
  <ProductValueList />
  <ProductBrick name="NoStyleGroup" visibilityLevel="3" brickClass=" " isAbstract="false" typeId="0">
    <UUID>c2aa9e57-b40d-4250-aa00-5a508226ba64</UUID>
    <SortOrder>10</SortOrder>
    <MinimumUsage>1</MinimumUsage>
    <MaximumUsage>1</MaximumUsage>
    <InitialUsage>1</InitialUsage>
    <PredecessorBrickUUID />
    <PredecessorBrickName />
    <ProductBrick name="Confirmation" visibilityLevel="3" brickClass=" " isAbstract="false" typeId="0">
      <UUID>7b9f6da0-4cd7-4d7e-8970-93b21bdad4d4</UUID>
      <SortOrder>10</SortOrder>
      <MinimumUsage>1</MinimumUsage>
      <MaximumUsage>1</MaximumUsage>
      <InitialUsage>1</InitialUsage>
      <PredecessorBrickUUID>c2aa9e57-b40d-4250-aa00-5a508226ba64</PredecessorBrickUUID>
      <PredecessorBrickName>NoStyleGroup</PredecessorBrickName>
      <ProductTextRelation>
        <ProductTextUUID>658cced7-ae3d-42b8-90e2-a2cfa332b847</ProductTextUUID>
      </ProductTextRelation>
      <ProductBackendInfo name="Skye.MultibrickType">
        <UUID>1865b3a0-14cf-4111-b76d-5dbfc82bef23</UUID>
        <Info />
      </ProductBackendInfo>
      <ProductBackendInfo name="Skye.StyleClass">
        <UUID>20f0b06f-3988-4eb7-bf53-9a5379f404f8</UUID>
        <Info />
      </ProductBackendInfo>
      <ProductBackendInfo name="Skye.NumberOfColumns">
        <UUID>8f1b6291-d7c1-43bb-8ad2-41e805c04cb0</UUID>
        <Info>1</Info>
      </ProductBackendInfo>
      <ProductBackendInfo name="Skye.DisplayControlWithEmptyContent">
        <UUID>bb4387b9-a766-4729-8b65-e7bfdd5d9d3b</UUID>
        <Info>False</Info>
      </ProductBackendInfo>
    </ProductBrick>
    <ProductBackendInfo name="Skye.ProcessStepUIType">
      <UUID>48bc1885-f081-40f1-84de-2be86016ae31</UUID>
      <Info>NoStyleFieldsetGroup</Info>
    </ProductBackendInfo>
    <ProductBackendInfo name="Skye.StyleClass">
      <UUID>4e98b464-8260-4d19-b0b1-9460e40281cf</UUID>
      <Info />
    </ProductBackendInfo>
    <ProductBackendInfo name="Skye.MultibrickType">
      <UUID>7dfb7ced-062a-4b18-9b6a-1e45f8f18cb9</UUID>
      <Info />
    </ProductBackendInfo>
  </ProductBrick>
  <DefinitionDependentLists>
    <DefinitionDependencyDefaultValueList />
    <DefinitionDependencyValueRangeList />
    <DefinitionDependencyVisibilityList />
    <DefinitionDependencyMandatoryList />
    <DefinitionDependencyToDependencyList />
    <DefinitionDependencyValueRangeFilterValuesList />
    <DefinitionDependencyDataSourceAttributeList />
  </DefinitionDependentLists>
</Product>