﻿<?xml version="1.0" encoding="utf-8"?>
<Product xmlns:xsd="http://www.w3.org/2001/XMLSchema" xmlns:xsi="http://www.w3.org/2001/XMLSchema-instance" name="HeaderHTMLComponent" lastChanged="2020-05-18T13:00:22.6737338Z" implementationClass="" modelType="htmlcomponent" subModelType="" skyeEditorVersion="7.26.1.50">
  <UUID>81e7f43b-b729-4f78-af75-27c3c3671bf0</UUID>
  <BusinessUnit> </BusinessUnit>
  <Section> </Section>
  <ProductTextList>
    <ProductText name="label" language="en" country="US">
      <UUID>b032b5c7-02fa-43c0-9584-1fa1ee413b95</UUID>
      <Text>&lt;div style="float:right"&gt;
    &lt;h3 style="display:inline;margin-left:1em"&gt;
        &lt;a href="https://www.innoveo.com/"&gt;Home&lt;/a&gt;
    &lt;/h3&gt;
    &lt;h3 style="display:inline;margin-left:1em"&gt;
        &lt;a href="https://www.innoveo.com/ui-ux-devops-rd-training-configuration-services-innoveo/"&gt;Services&lt;/a&gt;
    &lt;/h3&gt;
    &lt;h3 style="display:inline;margin-left:1em"&gt;
        &lt;a href="https://www.innoveo.com/innoveo-skye-platform-features-innoveo/"&gt;Features&lt;/a&gt;
    &lt;/h3&gt;
    &lt;h3 style="display:inline;margin-left:1em"&gt;
        &lt;a href="https://www.innoveo.com/our-team-innoveo/"&gt;About us&lt;/a&gt;
    &lt;/h3&gt;
&lt;/div&gt;</Text>
    </ProductText>
  </ProductTextList>
  <ProductValueRangeList>
    <ProductValueRange name="Reference.referencedModelsVR" type="fix">
      <UUID>d506c47e-6cf4-433b-a323-224ee5e05248</UUID>
    </ProductValueRange>
  </ProductValueRangeList>
  <DefinitionBusinessObjectContextList />
  <DefinitionResourceList />
  <ProductValueList>
    <ProductValue name="" type="value">
      <UUID>5b598d07-e5cc-4c98-b31e-672f1e6ec413</UUID>
      <SortOrder>0</SortOrder>
      <Value />
    </ProductValue>
  </ProductValueList>
  <ProductPolicyAttribute name="@ComponentOwner" visibilityLevel="0" mandatory="false" unit="" format="" numberOfDecimals="0" attributeClass="" type="Reference">
    <UUID>26d1ae97-b2a4-4a88-a6a9-b6069ccb0438</UUID>
    <SortOrder>99</SortOrder>
    <InputType>Textbox</InputType>
    <DataType>String</DataType>
    <MaxLength>4000</MaxLength>
    <MinLength>0</MinLength>
    <ProductValueRangeRelation>
      <UUID>752ad36f-a836-43fa-87e8-074f23bae18a</UUID>
      <SortOrder>99</SortOrder>
      <ProductValueRangeUUID>d506c47e-6cf4-433b-a323-224ee5e05248</ProductValueRangeUUID>
    </ProductValueRangeRelation>
    <ProductBackendInfo name="Skye.AttributeAlias">
      <UUID>e732e4a1-b79c-42fc-861f-83d6cf5228d2</UUID>
      <Info />
    </ProductBackendInfo>
    <ProductBackendInfo name="Skye.Core.DataSecurity">
      <UUID>0667f995-6886-4d6c-9d1a-555c8e77aea9</UUID>
      <Info>Standard</Info>
    </ProductBackendInfo>
    <ProductBackendInfo name="Skye.AllowValueSetViaUnencryptedURL">
      <UUID>05e61b8c-79dd-489a-aee2-6c135938f82f</UUID>
      <Info>False</Info>
    </ProductBackendInfo>
    <ProductBackendInfo name="Skye.Reference.ModelType">
      <UUID>67763eef-0107-4d0a-9a02-8e0b64944b1e</UUID>
      <Info>product</Info>
    </ProductBackendInfo>
    <DefinitionValueRelation>
      <DefinitionValueUUID>5b598d07-e5cc-4c98-b31e-672f1e6ec413</DefinitionValueUUID>
    </DefinitionValueRelation>
  </ProductPolicyAttribute>
  <ProductTextRelation>
    <UUID>a879b5b9-87ba-4a1b-9e78-48ebf2381642</UUID>
    <ProductTextUUID>b032b5c7-02fa-43c0-9584-1fa1ee413b95</ProductTextUUID>
  </ProductTextRelation>
  <DefinitionDependentLists>
    <DefinitionDependencyDefaultValueList />
    <DefinitionDependencyValueRangeList />
    <DefinitionDependencyVisibilityList />
    <DefinitionDependencyMandatoryList />
    <DefinitionDependencyToDependencyList />
    <DefinitionDependencyValueRangeFilterValuesList />
    <DefinitionDependencyDataSourceAttributeList />
  </DefinitionDependentLists>
</Product>