﻿<?xml version="1.0" encoding="utf-8"?>
<Product xmlns:xsd="http://www.w3.org/2001/XMLSchema" xmlns:xsi="http://www.w3.org/2001/XMLSchema-instance" name="FamilyInsuranceCreatePolicyProductInformationUIDefinition" lastChanged="2019-05-08T07:33:05Z" implementationClass=" " versionUuid=" " modelType="uidefinition" subModelType="ProcessLayout" skyeEditorVersion="7.15.0.16">
  <UUID>4199791a-a2fb-450e-88be-f09a6fd06d84</UUID>
  <SortOrder>0</SortOrder>
  <BusinessUnit> </BusinessUnit>
  <Section> </Section>
  <ProductTextList>
    <ProductText name="header" language="en" country="US">
      <UUID>35d1e78f-66de-49f4-924d-3f4240da779f</UUID>
      <Text />
    </ProductText>
    <ProductText name="header" language="en" country="US">
      <UUID>5a7eab31-c509-4bad-816a-c1c79873bb20</UUID>
      <Text />
    </ProductText>
    <ProductText name="header" language="en" country="US">
      <UUID>87851e80-c322-4a4d-a24b-b72ab67a861b</UUID>
      <Text>Product Information</Text>
    </ProductText>
  </ProductTextList>
  <ProductValueRangeList />
  <DefinitionBusinessObjectContextList />
  <DefinitionResourceList />
  <AbstractProductBrickList />
  <ProductValueList />
  <ProductBrick name="PanelGroup" visibilityLevel="3" brickClass=" " isAbstract="false" typeId="0">
    <UUID>213a0bda-2bdb-43f6-a363-fedf2910c811</UUID>
    <SortOrder>99</SortOrder>
    <MinimumUsage>1</MinimumUsage>
    <MaximumUsage>1</MaximumUsage>
    <InitialUsage>1</InitialUsage>
    <PredecessorBrickUUID />
    <PredecessorBrickName />
    <ProductBrick name="PrimaryInformation" visibilityLevel="3" brickClass=" " isAbstract="false" typeId="0">
      <UUID>52940f10-1bf4-4744-ba58-fbc84ebb3f34</UUID>
      <SortOrder>1</SortOrder>
      <MinimumUsage>1</MinimumUsage>
      <MaximumUsage>1</MaximumUsage>
      <InitialUsage>1</InitialUsage>
      <PredecessorBrickUUID>213a0bda-2bdb-43f6-a363-fedf2910c811</PredecessorBrickUUID>
      <PredecessorBrickName>PanelGroup</PredecessorBrickName>
      <ProductTextRelation>
        <ProductTextUUID>87851e80-c322-4a4d-a24b-b72ab67a861b</ProductTextUUID>
      </ProductTextRelation>
      <ProductBrick name="Brick1Group" visibilityLevel="3" brickClass=" " isAbstract="false" typeId="0">
        <UUID>e8b809d8-168c-45b7-b2a9-a6456936fae9</UUID>
        <SortOrder>1</SortOrder>
        <MinimumUsage>1</MinimumUsage>
        <MaximumUsage>1</MaximumUsage>
        <InitialUsage>1</InitialUsage>
        <PredecessorBrickUUID>52940f10-1bf4-4744-ba58-fbc84ebb3f34</PredecessorBrickUUID>
        <PredecessorBrickName>PrimaryInformation</PredecessorBrickName>
        <ProductBrick name="Brick1" visibilityLevel="3" brickClass=" " isAbstract="false" typeId="0">
          <UUID>ab97d869-9c64-4fd1-9bec-6111f15073bd</UUID>
          <SortOrder>99</SortOrder>
          <MinimumUsage>1</MinimumUsage>
          <MaximumUsage>1</MaximumUsage>
          <InitialUsage>1</InitialUsage>
          <PredecessorBrickUUID>e8b809d8-168c-45b7-b2a9-a6456936fae9</PredecessorBrickUUID>
          <PredecessorBrickName>Brick1Group</PredecessorBrickName>
          <ProductTextRelation>
            <ProductTextUUID>5a7eab31-c509-4bad-816a-c1c79873bb20</ProductTextUUID>
          </ProductTextRelation>
          <ProductBackendInfo name="Skye.NumberOfColumns">
            <UUID>66ef4d1d-9045-4147-8732-58c02587a08e</UUID>
            <Info>2</Info>
          </ProductBackendInfo>
          <ProductBackendInfo name="Skye.MultibrickType">
            <UUID>ad31d280-1dd8-452a-b04e-fa13490c23fb</UUID>
            <Info />
          </ProductBackendInfo>
          <ProductBackendInfo name="Skye.DisplayControlWithEmptyContent">
            <UUID>d1f69116-a021-4e8f-856e-e9712261be68</UUID>
            <Info>False</Info>
          </ProductBackendInfo>
          <ProductBackendInfo name="Skye.StyleClass">
            <UUID>f60a21de-e3f2-41a7-ab32-7fd67e4e4f72</UUID>
            <Info />
          </ProductBackendInfo>
        </ProductBrick>
        <ProductBackendInfo name="Skye.MultibrickType">
          <UUID>15035caf-fa6b-4907-aa0e-ad49008e1830</UUID>
          <Info />
        </ProductBackendInfo>
        <ProductBackendInfo name="Skye.ProcessStepUIType">
          <UUID>1b970b75-800b-4a84-a1b0-59dec8fa8cbf</UUID>
          <Info>NoStyleFieldsetGroup</Info>
        </ProductBackendInfo>
        <ProductBackendInfo name="Skye.StyleClass">
          <UUID>6bf79e12-d36c-4428-97db-ff88aa4c82e6</UUID>
          <Info />
        </ProductBackendInfo>
      </ProductBrick>
      <ProductBrick name="Brick2Group" visibilityLevel="3" brickClass=" " isAbstract="false" typeId="0">
        <UUID>c5e07070-e335-4cf3-9105-6e6aa16a36a0</UUID>
        <SortOrder>2</SortOrder>
        <MinimumUsage>1</MinimumUsage>
        <MaximumUsage>1</MaximumUsage>
        <InitialUsage>1</InitialUsage>
        <PredecessorBrickUUID>52940f10-1bf4-4744-ba58-fbc84ebb3f34</PredecessorBrickUUID>
        <PredecessorBrickName>PrimaryInformation</PredecessorBrickName>
        <ProductBrick name="Brick2" visibilityLevel="3" brickClass=" " isAbstract="false" typeId="0">
          <UUID>5a3495c6-a8fd-4743-a466-d0c01863d9b6</UUID>
          <SortOrder>99</SortOrder>
          <MinimumUsage>1</MinimumUsage>
          <MaximumUsage>1</MaximumUsage>
          <InitialUsage>1</InitialUsage>
          <PredecessorBrickUUID>c5e07070-e335-4cf3-9105-6e6aa16a36a0</PredecessorBrickUUID>
          <PredecessorBrickName>Brick2Group</PredecessorBrickName>
          <ProductTextRelation>
            <ProductTextUUID>35d1e78f-66de-49f4-924d-3f4240da779f</ProductTextUUID>
          </ProductTextRelation>
          <ProductBackendInfo name="Skye.MultibrickType">
            <UUID>3b3cdd61-9f0b-4751-abf4-55260e8803dd</UUID>
            <Info />
          </ProductBackendInfo>
          <ProductBackendInfo name="Skye.NumberOfColumns">
            <UUID>91c3492e-fbdf-44f7-9035-9fa26003cc39</UUID>
            <Info>2</Info>
          </ProductBackendInfo>
          <ProductBackendInfo name="Skye.DisplayControlWithEmptyContent">
            <UUID>931c029e-424b-43c1-a304-b800ef95addf</UUID>
            <Info>False</Info>
          </ProductBackendInfo>
          <ProductBackendInfo name="Skye.StyleClass">
            <UUID>b7f75ff6-d547-4082-a011-0e9bebdcbd9b</UUID>
            <Info />
          </ProductBackendInfo>
        </ProductBrick>
        <ProductBackendInfo name="Skye.StyleClass">
          <UUID>02132cd0-a469-467f-a6ed-deeb80d3de64</UUID>
          <Info />
        </ProductBackendInfo>
        <ProductBackendInfo name="Skye.MultibrickType">
          <UUID>79d362f5-c7ad-43ba-b9c4-d5ba815ee687</UUID>
          <Info />
        </ProductBackendInfo>
        <ProductBackendInfo name="Skye.ProcessStepUIType">
          <UUID>f31703bc-fa3b-4cac-9a75-ccf790046758</UUID>
          <Info>NoStyleFieldsetGroup</Info>
        </ProductBackendInfo>
      </ProductBrick>
      <ProductBackendInfo name="Skye.MultibrickType">
        <UUID>3e969d7e-38bc-4676-8cae-1ea32d73b7ab</UUID>
        <Info />
      </ProductBackendInfo>
      <ProductBackendInfo name="Skye.StyleClass">
        <UUID>6e9ed32d-717c-4b7c-98b5-9a742d12b83d</UUID>
        <Info />
      </ProductBackendInfo>
      <ProductBackendInfo name="Skye.DisplayControlWithEmptyContent">
        <UUID>8e1bbe4a-7c6c-4bd7-bc16-55d770af5d4a</UUID>
        <Info>True</Info>
      </ProductBackendInfo>
      <ProductBackendInfo name="Skye.NumberOfColumns">
        <UUID>f3316c30-0168-45e6-a8f7-51f47ab9d498</UUID>
        <Info>2</Info>
      </ProductBackendInfo>
    </ProductBrick>
    <ProductBackendInfo name="Skye.ProcessStepUIType">
      <UUID>8172125a-81cb-4935-8976-4e2e7670cb62</UUID>
      <Info>PanelGroup</Info>
    </ProductBackendInfo>
    <ProductBackendInfo name="Skye.StyleClass">
      <UUID>9a1a4acc-14be-4054-b1f8-664945069ea0</UUID>
      <Info />
    </ProductBackendInfo>
    <ProductBackendInfo name="Skye.MultibrickType">
      <UUID>d01429e8-32e4-4bee-a7a8-5734be133fab</UUID>
      <Info />
    </ProductBackendInfo>
  </ProductBrick>
  <DefinitionDependentLists>
    <DefinitionDependencyDefaultValueList />
    <DefinitionDependencyValueRangeList />
    <DefinitionDependencyVisibilityList />
    <DefinitionDependencyMandatoryList />
    <DefinitionDependencyToDependencyList />
    <DefinitionDependencyValueRangeFilterValuesList />
    <DefinitionDependencyDataSourceAttributeList />
  </DefinitionDependentLists>
</Product>