﻿<?xml version="1.0" encoding="utf-8"?>
<Product xmlns:xsd="http://www.w3.org/2001/XMLSchema" xmlns:xsi="http://www.w3.org/2001/XMLSchema-instance" name="HomeCustomerAddressDetailsUIDef" lastChanged="2020-05-19T11:18:26.4252717Z" implementationClass="" modelType="uidefinition" subModelType="ProcessLayout" skyeEditorVersion="7.26.1.50">
  <UUID>c84ee1fb-767e-4d3c-8606-33a78a26163d</UUID>
  <BusinessUnit> </BusinessUnit>
  <Section> </Section>
  <ProductTextList>
    <ProductText name="header" language="en" country="US">
      <UUID>073fb120-d04c-412e-9ecb-c1bf9a664553</UUID>
      <Text>Customer information</Text>
    </ProductText>
    <ProductText name="header" language="en" country="US">
      <UUID>7a7d198a-2059-4341-befe-ead216cb39c2</UUID>
      <Text>Insurance details</Text>
    </ProductText>
    <ProductText name="header" language="en" country="US">
      <UUID>80d4655e-bda6-4b5f-aece-d31e2ac57e9b</UUID>
      <Text>Policy details</Text>
    </ProductText>
    <ProductText name="header" language="en" country="US">
      <UUID>74ec50ba-28ea-420b-ab78-c283ee888ffc</UUID>
      <Text>Customer details</Text>
    </ProductText>
    <ProductText name="header" language="en" country="US">
      <UUID>88a96d2b-a1f2-497d-8e56-4a408284ecff</UUID>
      <Text>Customer Address Details</Text>
    </ProductText>
    <ProductText name="header" language="en" country="US">
      <UUID>57eebce8-1564-4d47-b8b7-ce02f0d119c0</UUID>
      <Text>Content sum insured &amp; Excess</Text>
    </ProductText>
    <ProductText name="header" language="en" country="US">
      <UUID>9eb24c5f-9d78-49a0-b689-d8cbc7058e29</UUID>
      <Text>Optional covers</Text>
    </ProductText>
    <ProductText name="header" language="en" country="US">
      <UUID>370e7eee-9509-4884-9327-097034f73ad0</UUID>
      <Text>Premium</Text>
    </ProductText>
    <ProductText name="header" language="en" country="US">
      <UUID>1e27fb6a-2fce-471c-984d-896270aeb5ba</UUID>
      <Text />
    </ProductText>
    <ProductText name="addButtonLabel" language="en" country="US">
      <UUID>9c518721-41ce-4dd2-87c6-4d2775c3c212</UUID>
      <Text />
    </ProductText>
    <ProductText name="deleteButtonLabel" language="en" country="US">
      <UUID>e8259593-c0e8-45ee-9481-96e06a53998c</UUID>
      <Text />
    </ProductText>
    <ProductText name="header" language="en" country="US">
      <UUID>e63b69ba-861a-487d-8a33-c37e58ff1483</UUID>
      <Text />
    </ProductText>
  </ProductTextList>
  <ProductValueRangeList />
  <DefinitionBusinessObjectContextList />
  <DefinitionResourceList />
  <AbstractProductBrickList />
  <ProductValueList>
    <ProductValue name="" type="value">
      <UUID>5c5a94bc-d194-4803-a814-f78ab203994c</UUID>
      <SortOrder>0</SortOrder>
      <Value />
    </ProductValue>
    <ProductValue name="" type="value">
      <UUID>8745b738-f95c-4165-bf96-4e2f12bf6e7e</UUID>
      <SortOrder>0</SortOrder>
      <Value />
    </ProductValue>
    <ProductValue name="" type="value">
      <UUID>d0ba071f-7200-48f2-b53b-5860c09baced</UUID>
      <SortOrder>0</SortOrder>
      <Value />
    </ProductValue>
    <ProductValue name="" type="value">
      <UUID>d6bddbfa-a7c5-4be1-8a1c-82d08ac1d060</UUID>
      <SortOrder>0</SortOrder>
      <Value />
    </ProductValue>
    <ProductValue name="" type="value">
      <UUID>cb8788e1-89ee-4f59-99e8-41a49a5d5408</UUID>
      <SortOrder>0</SortOrder>
      <Value />
    </ProductValue>
    <ProductValue name="" type="value">
      <UUID>41e12806-48c8-4542-8521-78f8a18b719a</UUID>
      <SortOrder>0</SortOrder>
      <Value />
    </ProductValue>
    <ProductValue name="" type="value">
      <UUID>2755bdb1-b78a-4404-b68d-52f0a61122c9</UUID>
      <SortOrder>0</SortOrder>
      <Value />
    </ProductValue>
    <ProductValue name="" type="value">
      <UUID>72d0ccc4-46af-467c-b7bc-b8b864b331c8</UUID>
      <SortOrder>0</SortOrder>
      <Value />
    </ProductValue>
    <ProductValue name="" type="value">
      <UUID>150b0dcd-296d-4e78-989c-1db73730d481</UUID>
      <SortOrder>0</SortOrder>
      <Value />
    </ProductValue>
    <ProductValue name="" type="value">
      <UUID>f9e9cb87-e785-4b75-a055-983673a88bce</UUID>
      <SortOrder>0</SortOrder>
      <Value />
    </ProductValue>
    <ProductValue name="" type="value">
      <UUID>fa09758f-1e08-4f31-9ca1-05f8c1d897e8</UUID>
      <SortOrder>0</SortOrder>
      <Value />
    </ProductValue>
    <ProductValue name="" type="value">
      <UUID>9596fde4-6c6d-4098-a2db-2f8cce1efdf7</UUID>
      <SortOrder>0</SortOrder>
      <Value />
    </ProductValue>
    <ProductValue name="" type="value">
      <UUID>eff53447-a440-4adb-8fb3-52ef2ce1e6ef</UUID>
      <SortOrder>0</SortOrder>
      <Value />
    </ProductValue>
    <ProductValue name="" type="value">
      <UUID>5cb41c36-c189-4523-b9ed-2f74c46b7f96</UUID>
      <SortOrder>0</SortOrder>
      <Value />
    </ProductValue>
    <ProductValue name="" type="value">
      <UUID>5d1d1960-db21-4e1a-925f-5a190208b89c</UUID>
      <SortOrder>0</SortOrder>
      <Value />
    </ProductValue>
    <ProductValue name="" type="value">
      <UUID>b5859f52-ee64-48a6-8de2-8629af657219</UUID>
      <SortOrder>0</SortOrder>
      <Value />
    </ProductValue>
    <ProductValue name="" type="value">
      <UUID>e779253f-f1b8-451e-ae38-1c54dccdb680</UUID>
      <SortOrder>0</SortOrder>
      <Value />
    </ProductValue>
    <ProductValue name="" type="value">
      <UUID>2f0a47cc-d9ae-4dc9-98c5-071f90b84d67</UUID>
      <SortOrder>0</SortOrder>
      <Value />
    </ProductValue>
    <ProductValue name="" type="value">
      <UUID>8074f9cb-beca-4bd5-a265-28f674524f31</UUID>
      <SortOrder>0</SortOrder>
      <Value />
    </ProductValue>
    <ProductValue name="" type="value">
      <UUID>eee50abf-7ed3-4dc1-b525-a7d95c72469b</UUID>
      <SortOrder>0</SortOrder>
      <Value />
    </ProductValue>
    <ProductValue name="" type="value">
      <UUID>34f58252-7004-4c03-a023-e1205a6909f3</UUID>
      <SortOrder>0</SortOrder>
      <Value />
    </ProductValue>
    <ProductValue name="" type="value">
      <UUID>c42010ff-dedc-401b-b36d-2dc3db63b071</UUID>
      <SortOrder>0</SortOrder>
      <Value />
    </ProductValue>
    <ProductValue name="" type="value">
      <UUID>044a423c-f85f-4c95-b52d-5504e794c043</UUID>
      <SortOrder>0</SortOrder>
      <Value />
    </ProductValue>
    <ProductValue name="" type="value">
      <UUID>8b41063a-51ef-4f1f-8de0-abcb9e7a12d8</UUID>
      <SortOrder>0</SortOrder>
      <Value />
    </ProductValue>
    <ProductValue name="" type="value">
      <UUID>836e3db5-28b9-4109-9ff5-a9bfbe4b1a98</UUID>
      <SortOrder>0</SortOrder>
      <Value />
    </ProductValue>
    <ProductValue name="" type="value">
      <UUID>b9d7551f-d5da-4c9e-9cec-57cba79c875e</UUID>
      <SortOrder>0</SortOrder>
      <Value />
    </ProductValue>
    <ProductValue name="" type="value">
      <UUID>2c431ae3-6845-4d3b-8ec8-6e6d50d2e948</UUID>
      <SortOrder>0</SortOrder>
      <Value />
    </ProductValue>
    <ProductValue name="" type="value">
      <UUID>ce041fb7-4d03-426d-89da-7d127defbfa5</UUID>
      <SortOrder>0</SortOrder>
      <Value />
    </ProductValue>
    <ProductValue name="" type="value">
      <UUID>57c4f3d0-65ef-4759-9af5-f414e5de2c55</UUID>
      <SortOrder>0</SortOrder>
      <Value />
    </ProductValue>
    <ProductValue name="" type="value">
      <UUID>f3a55efa-9956-48f5-9cf3-57514aac422d</UUID>
      <SortOrder>0</SortOrder>
      <Value />
    </ProductValue>
    <ProductValue name="" type="value">
      <UUID>ba3f619b-84fc-4d3b-b99b-947d3f785e95</UUID>
      <SortOrder>0</SortOrder>
      <Value />
    </ProductValue>
    <ProductValue name="" type="value">
      <UUID>5b37c184-eaa4-48a6-8006-18f08bd33809</UUID>
      <SortOrder>0</SortOrder>
      <Value />
    </ProductValue>
    <ProductValue name="" type="value">
      <UUID>ecd6182f-9d75-45b9-a9d6-aff8c3749b3d</UUID>
      <SortOrder>0</SortOrder>
      <Value />
    </ProductValue>
    <ProductValue name="" type="value">
      <UUID>c9d8f003-8426-42af-88ac-0b13b62895e7</UUID>
      <SortOrder>0</SortOrder>
      <Value />
    </ProductValue>
  </ProductValueList>
  <ProductBrick name="TabGroup" visibilityLevel="3" brickClass="" isAbstract="false" typeId="0">
    <UUID>0e6351d7-4c27-4394-8360-cf0d437247c8</UUID>
    <SortOrder>10</SortOrder>
    <MinimumUsage>1</MinimumUsage>
    <MaximumUsage>1</MaximumUsage>
    <InitialUsage>1</InitialUsage>
    <ProductBrick name="Tab1" visibilityLevel="3" brickClass="" isAbstract="false" typeId="0">
      <UUID>87b7781a-da04-47c1-b8f6-c3ceda4e8b80</UUID>
      <SortOrder>10</SortOrder>
      <MinimumUsage>1</MinimumUsage>
      <MaximumUsage>1</MaximumUsage>
      <InitialUsage>1</InitialUsage>
      <ProductTextRelation>
        <UUID>aaa64605-af61-4243-ac48-e5249e508001</UUID>
        <ProductTextUUID>073fb120-d04c-412e-9ecb-c1bf9a664553</ProductTextUUID>
      </ProductTextRelation>
      <ProductBrick name="CustomerDetails" visibilityLevel="3" brickClass="" isAbstract="false" typeId="0">
        <UUID>e49a0a71-7613-45d7-8144-c726fafb4656</UUID>
        <SortOrder>10</SortOrder>
        <MinimumUsage>1</MinimumUsage>
        <MaximumUsage>1</MaximumUsage>
        <InitialUsage>1</InitialUsage>
        <ProductBrick name="Panel1" visibilityLevel="3" brickClass="" isAbstract="false" typeId="0">
          <UUID>ea56cf7f-5c41-439f-8a00-0886c9e5543b</UUID>
          <SortOrder>10</SortOrder>
          <MinimumUsage>1</MinimumUsage>
          <MaximumUsage>1</MaximumUsage>
          <InitialUsage>1</InitialUsage>
          <ProductTextRelation>
            <UUID>489f35ea-9fc2-4e38-a6cf-c6e1727cff29</UUID>
            <ProductTextUUID>74ec50ba-28ea-420b-ab78-c283ee888ffc</ProductTextUUID>
          </ProductTextRelation>
          <ProductPolicyAttribute name="firstName" visibilityLevel="0" mandatory="false" unit="" format="" numberOfDecimals="0" attributeClass="" type="UI">
            <UUID>de2ddee7-2246-4ef2-b5d2-177f17b788af</UUID>
            <SortOrder>99</SortOrder>
            <InputType>Textbox</InputType>
            <DataType>String</DataType>
            <MaxLength>4000</MaxLength>
            <MinLength>0</MinLength>
            <ProductBackendInfo name="Skye.AttributeAlias">
              <UUID>5de5ad32-13a4-4203-96c8-9821fcec5d30</UUID>
              <Info />
            </ProductBackendInfo>
            <ProductBackendInfo name="Skye.Core.DataSecurity">
              <UUID>2a4ab4d0-c9bc-4796-8676-a1146640713c</UUID>
              <Info>Standard</Info>
            </ProductBackendInfo>
            <ProductBackendInfo name="Skye.AllowValueSetViaUnencryptedURL">
              <UUID>7a7c4f30-d065-4889-ac7a-e21776ad3b7c</UUID>
              <Info>False</Info>
            </ProductBackendInfo>
            <ProductBackendInfo name="Skye.UIAttribute.ReferencedModel">
              <UUID>de4836e9-7ff7-43b6-8b48-d2d18529ba7d</UUID>
              <Info>Home</Info>
            </ProductBackendInfo>
            <ProductBackendInfo name="Skye.UIAttribute.ReferencedAttribute">
              <UUID>c3ba7ab3-a454-4a1a-b771-aa03a8b8827a</UUID>
              <Info>Customer.firstName</Info>
            </ProductBackendInfo>
            <DefinitionValueRelation>
              <DefinitionValueUUID>f9e9cb87-e785-4b75-a055-983673a88bce</DefinitionValueUUID>
            </DefinitionValueRelation>
          </ProductPolicyAttribute>
          <ProductPolicyAttribute name="lastName" visibilityLevel="0" mandatory="false" unit="" format="" numberOfDecimals="0" attributeClass="" type="UI">
            <UUID>6fbf9195-ca49-43e8-8214-7eb1b89b9631</UUID>
            <SortOrder>99</SortOrder>
            <InputType>Textbox</InputType>
            <DataType>String</DataType>
            <MaxLength>4000</MaxLength>
            <MinLength>0</MinLength>
            <ProductBackendInfo name="Skye.AttributeAlias">
              <UUID>cddc7fcc-9fd3-42e8-a07d-33580fd332f1</UUID>
              <Info />
            </ProductBackendInfo>
            <ProductBackendInfo name="Skye.Core.DataSecurity">
              <UUID>fcc313b4-eb2c-43ac-8d49-cfe140232463</UUID>
              <Info>Standard</Info>
            </ProductBackendInfo>
            <ProductBackendInfo name="Skye.AllowValueSetViaUnencryptedURL">
              <UUID>c2f4b51f-6893-4723-bde0-d2a0b7ef067d</UUID>
              <Info>False</Info>
            </ProductBackendInfo>
            <ProductBackendInfo name="Skye.UIAttribute.ReferencedModel">
              <UUID>4b87bd9a-efd3-42e4-aee7-a3a758622c39</UUID>
              <Info>Home</Info>
            </ProductBackendInfo>
            <ProductBackendInfo name="Skye.UIAttribute.ReferencedAttribute">
              <UUID>e9c0db01-bbc0-48a6-b263-4ae63d7fc8e1</UUID>
              <Info>Customer.lastName</Info>
            </ProductBackendInfo>
            <DefinitionValueRelation>
              <DefinitionValueUUID>fa09758f-1e08-4f31-9ca1-05f8c1d897e8</DefinitionValueUUID>
            </DefinitionValueRelation>
          </ProductPolicyAttribute>
          <ProductPolicyAttribute name="fullName" visibilityLevel="0" mandatory="false" unit="" format="" numberOfDecimals="0" attributeClass="" type="UI">
            <UUID>f1140d5a-a426-442e-a245-f1bfe5c339de</UUID>
            <SortOrder>99</SortOrder>
            <InputType>Textbox</InputType>
            <DataType>String</DataType>
            <MaxLength>4000</MaxLength>
            <MinLength>0</MinLength>
            <ProductBackendInfo name="Skye.AttributeAlias">
              <UUID>ad8fd516-7071-4fee-a8cd-a0c356c1cce1</UUID>
              <Info />
            </ProductBackendInfo>
            <ProductBackendInfo name="Skye.Core.DataSecurity">
              <UUID>91f4280d-37eb-44a3-9a3b-fa3e1f9fffe7</UUID>
              <Info>Standard</Info>
            </ProductBackendInfo>
            <ProductBackendInfo name="Skye.AllowValueSetViaUnencryptedURL">
              <UUID>f1d0ada2-961e-4c8e-8036-2afd20d48e20</UUID>
              <Info>False</Info>
            </ProductBackendInfo>
            <ProductBackendInfo name="Skye.UIAttribute.ReferencedModel">
              <UUID>b987b38f-99e9-4802-8aa1-c3c9e58afd82</UUID>
              <Info>Home</Info>
            </ProductBackendInfo>
            <ProductBackendInfo name="Skye.UIAttribute.ReferencedAttribute">
              <UUID>8e99b37a-ab79-4c2a-8ca4-6a1b5b4cf563</UUID>
              <Info>Customer.fullName</Info>
            </ProductBackendInfo>
            <DefinitionValueRelation>
              <DefinitionValueUUID>9596fde4-6c6d-4098-a2db-2f8cce1efdf7</DefinitionValueUUID>
            </DefinitionValueRelation>
          </ProductPolicyAttribute>
          <ProductPolicyAttribute name="mobile" visibilityLevel="0" mandatory="false" unit="" format="" numberOfDecimals="0" attributeClass="" type="UI">
            <UUID>6be86636-0724-4dda-8b57-edea44944135</UUID>
            <SortOrder>99</SortOrder>
            <InputType>Textbox</InputType>
            <DataType>String</DataType>
            <MaxLength>4000</MaxLength>
            <MinLength>0</MinLength>
            <ProductBackendInfo name="Skye.AttributeAlias">
              <UUID>e15af911-12b1-4c33-b39b-8910a0dbd7e8</UUID>
              <Info />
            </ProductBackendInfo>
            <ProductBackendInfo name="Skye.Core.DataSecurity">
              <UUID>5facaa53-a220-416c-88c4-d4af73930a44</UUID>
              <Info>Standard</Info>
            </ProductBackendInfo>
            <ProductBackendInfo name="Skye.AllowValueSetViaUnencryptedURL">
              <UUID>5b9db6f2-64c3-44e8-9886-1a7e0dd9fb77</UUID>
              <Info>False</Info>
            </ProductBackendInfo>
            <ProductBackendInfo name="Skye.UIAttribute.ReferencedModel">
              <UUID>8b8f9056-5bd7-4722-8e0f-22b07f8579e2</UUID>
              <Info>Home</Info>
            </ProductBackendInfo>
            <ProductBackendInfo name="Skye.UIAttribute.ReferencedAttribute">
              <UUID>cd3846de-fde2-4118-a121-63b8d5b8da26</UUID>
              <Info>Customer.mobile</Info>
            </ProductBackendInfo>
            <DefinitionValueRelation>
              <DefinitionValueUUID>eee50abf-7ed3-4dc1-b525-a7d95c72469b</DefinitionValueUUID>
            </DefinitionValueRelation>
          </ProductPolicyAttribute>
          <ProductPolicyAttribute name="eMailAddress" visibilityLevel="0" mandatory="false" unit="" format="" numberOfDecimals="0" attributeClass="" type="UI">
            <UUID>d69727c0-a326-4a3b-b0ae-ef453a748279</UUID>
            <SortOrder>99</SortOrder>
            <InputType>Textbox</InputType>
            <DataType>String</DataType>
            <MaxLength>4000</MaxLength>
            <MinLength>0</MinLength>
            <ProductBackendInfo name="Skye.AttributeAlias">
              <UUID>0af339f9-1a65-4106-92f2-f40227728e70</UUID>
              <Info />
            </ProductBackendInfo>
            <ProductBackendInfo name="Skye.Core.DataSecurity">
              <UUID>960588b8-a542-4a0d-b78c-9851fad1f418</UUID>
              <Info>Standard</Info>
            </ProductBackendInfo>
            <ProductBackendInfo name="Skye.AllowValueSetViaUnencryptedURL">
              <UUID>55966b8f-2e39-4f6a-af7d-c3edb810c1c6</UUID>
              <Info>False</Info>
            </ProductBackendInfo>
            <ProductBackendInfo name="Skye.UIAttribute.ReferencedModel">
              <UUID>f5af7c69-c95e-4589-8b0f-885c4eac5674</UUID>
              <Info>Home</Info>
            </ProductBackendInfo>
            <ProductBackendInfo name="Skye.UIAttribute.ReferencedAttribute">
              <UUID>5e70c30e-3687-46f3-8808-b666e714e2c8</UUID>
              <Info>Customer.eMailAddress</Info>
            </ProductBackendInfo>
            <DefinitionValueRelation>
              <DefinitionValueUUID>2c431ae3-6845-4d3b-8ec8-6e6d50d2e948</DefinitionValueUUID>
            </DefinitionValueRelation>
          </ProductPolicyAttribute>
          <ProductBackendInfo name="Skye.NumberOfColumns">
            <UUID>744a2187-9a33-48bb-97b4-1b78494e2df7</UUID>
            <Info>2</Info>
          </ProductBackendInfo>
          <ProductBackendInfo name="Skye.DisplayControlWithEmptyContent">
            <UUID>ea5e526c-1b16-4bcc-88b5-8bad371486ce</UUID>
            <Info>True</Info>
          </ProductBackendInfo>
          <ProductBackendInfo name="Skye.StyleClass">
            <UUID>f7e8ffc7-db66-4e8c-8824-eb4c8d859dd9</UUID>
            <Info />
          </ProductBackendInfo>
          <ProductBackendInfo name="Skye.WidthPercentage">
            <UUID>4ea00c40-7a3c-4ab6-aa8b-666ffcc03cd1</UUID>
            <Info />
          </ProductBackendInfo>
          <ProductBackendInfo name="Skye.MaxWidthInPixels">
            <UUID>655dc323-e817-452e-a3d8-5788dacb900f</UUID>
            <Info />
          </ProductBackendInfo>
          <ProductBackendInfo name="Skye.MinWidthInPixels">
            <UUID>f117372a-6d4a-4ae0-823c-edb3dee48b40</UUID>
            <Info />
          </ProductBackendInfo>
          <ProductBackendInfo name="Skye.MultibrickType">
            <UUID>e18dca0b-ac0f-4f63-85b0-f1e0043cf125</UUID>
            <Info />
          </ProductBackendInfo>
        </ProductBrick>
        <ProductBrick name="Panel2" visibilityLevel="3" brickClass="" isAbstract="false" typeId="0">
          <UUID>6fbf6eba-3739-456d-bb8e-4ff06d8afa90</UUID>
          <SortOrder>20</SortOrder>
          <MinimumUsage>1</MinimumUsage>
          <MaximumUsage>1</MaximumUsage>
          <InitialUsage>1</InitialUsage>
          <ProductTextRelation>
            <UUID>31621e74-7c88-4367-a8d6-2b9f207b2675</UUID>
            <ProductTextUUID>88a96d2b-a1f2-497d-8e56-4a408284ecff</ProductTextUUID>
          </ProductTextRelation>
          <ProductPolicyAttribute name="country" visibilityLevel="0" mandatory="false" unit="" format="" numberOfDecimals="0" attributeClass="" type="UI">
            <UUID>6b6e7a96-6698-4c14-8b9b-eba49643a9b1</UUID>
            <SortOrder>99</SortOrder>
            <InputType>Textbox</InputType>
            <DataType>String</DataType>
            <MaxLength>4000</MaxLength>
            <MinLength>0</MinLength>
            <ProductBackendInfo name="Skye.AttributeAlias">
              <UUID>071ea9a2-0cb9-478d-80b4-a6c164874d86</UUID>
              <Info />
            </ProductBackendInfo>
            <ProductBackendInfo name="Skye.Core.DataSecurity">
              <UUID>cefae77d-bebd-4cbe-abba-d6a83436af45</UUID>
              <Info>Standard</Info>
            </ProductBackendInfo>
            <ProductBackendInfo name="Skye.AllowValueSetViaUnencryptedURL">
              <UUID>389a1299-88c0-40c1-bb2d-5a204e990a6f</UUID>
              <Info>False</Info>
            </ProductBackendInfo>
            <ProductBackendInfo name="Skye.UIAttribute.ReferencedModel">
              <UUID>0e577e4c-3846-4608-a4a6-a95214057a6f</UUID>
              <Info>Home</Info>
            </ProductBackendInfo>
            <ProductBackendInfo name="Skye.UIAttribute.ReferencedAttribute">
              <UUID>74d1a5ab-fd56-4261-b400-fdba19d5dca8</UUID>
              <Info>Customer.country</Info>
            </ProductBackendInfo>
            <DefinitionValueRelation>
              <DefinitionValueUUID>5c5a94bc-d194-4803-a814-f78ab203994c</DefinitionValueUUID>
            </DefinitionValueRelation>
          </ProductPolicyAttribute>
          <ProductPolicyAttribute name="address1" visibilityLevel="0" mandatory="false" unit="" format="" numberOfDecimals="0" attributeClass="" type="UI">
            <UUID>ec2d3886-df71-4be4-8a1d-8d9db236d3eb</UUID>
            <SortOrder>99</SortOrder>
            <InputType>Textbox</InputType>
            <DataType>String</DataType>
            <MaxLength>4000</MaxLength>
            <MinLength>0</MinLength>
            <ProductBackendInfo name="Skye.AttributeAlias">
              <UUID>f46c8c07-c9b5-4375-8aad-3d2ce4653ff1</UUID>
              <Info />
            </ProductBackendInfo>
            <ProductBackendInfo name="Skye.Core.DataSecurity">
              <UUID>fd9bea50-fa11-4d37-b929-4c0794b33409</UUID>
              <Info>Standard</Info>
            </ProductBackendInfo>
            <ProductBackendInfo name="Skye.AllowValueSetViaUnencryptedURL">
              <UUID>26f896fb-5d49-4a66-bc0d-9f2a95e6d72d</UUID>
              <Info>False</Info>
            </ProductBackendInfo>
            <ProductBackendInfo name="Skye.UIAttribute.ReferencedModel">
              <UUID>2fcdcd3e-67cc-434f-87db-d17e18014e32</UUID>
              <Info>Home</Info>
            </ProductBackendInfo>
            <ProductBackendInfo name="Skye.UIAttribute.ReferencedAttribute">
              <UUID>7954a2fc-53d1-439d-80c3-6c489e54c9d9</UUID>
              <Info>Customer.address1</Info>
            </ProductBackendInfo>
            <DefinitionValueRelation>
              <DefinitionValueUUID>8745b738-f95c-4165-bf96-4e2f12bf6e7e</DefinitionValueUUID>
            </DefinitionValueRelation>
          </ProductPolicyAttribute>
          <ProductPolicyAttribute name="address2" visibilityLevel="0" mandatory="false" unit="" format="" numberOfDecimals="0" attributeClass="" type="UI">
            <UUID>6bc0a5fb-9c74-4598-9a97-730cefaaddea</UUID>
            <SortOrder>99</SortOrder>
            <InputType>Textbox</InputType>
            <DataType>String</DataType>
            <MaxLength>4000</MaxLength>
            <MinLength>0</MinLength>
            <ProductBackendInfo name="Skye.AttributeAlias">
              <UUID>b55176f0-c4d2-4f1d-bbe0-16081dccc0a1</UUID>
              <Info />
            </ProductBackendInfo>
            <ProductBackendInfo name="Skye.Core.DataSecurity">
              <UUID>116952b6-1bfb-4e01-9ae8-f51b6d8fb29e</UUID>
              <Info>Standard</Info>
            </ProductBackendInfo>
            <ProductBackendInfo name="Skye.AllowValueSetViaUnencryptedURL">
              <UUID>abe3e9e5-f920-4293-b532-2d7ae3907fe4</UUID>
              <Info>False</Info>
            </ProductBackendInfo>
            <ProductBackendInfo name="Skye.UIAttribute.ReferencedModel">
              <UUID>1d685065-b292-456c-8003-0f5cf80fc6f6</UUID>
              <Info>Home</Info>
            </ProductBackendInfo>
            <ProductBackendInfo name="Skye.UIAttribute.ReferencedAttribute">
              <UUID>fda96ea1-17c0-4998-93ab-e2da35e00762</UUID>
              <Info>Customer.address2</Info>
            </ProductBackendInfo>
            <DefinitionValueRelation>
              <DefinitionValueUUID>d0ba071f-7200-48f2-b53b-5860c09baced</DefinitionValueUUID>
            </DefinitionValueRelation>
          </ProductPolicyAttribute>
          <ProductPolicyAttribute name="city" visibilityLevel="0" mandatory="false" unit="" format="" numberOfDecimals="0" attributeClass="" type="UI">
            <UUID>77e2d4cd-a8bb-46f6-9c14-a3160c3e8d5b</UUID>
            <SortOrder>99</SortOrder>
            <InputType>Textbox</InputType>
            <DataType>String</DataType>
            <MaxLength>4000</MaxLength>
            <MinLength>0</MinLength>
            <ProductBackendInfo name="Skye.AttributeAlias">
              <UUID>4889a2a9-b188-4330-8f60-4b43b20ab3bd</UUID>
              <Info />
            </ProductBackendInfo>
            <ProductBackendInfo name="Skye.Core.DataSecurity">
              <UUID>d2d8baef-4673-4b3a-aebf-fd773335d71e</UUID>
              <Info>Standard</Info>
            </ProductBackendInfo>
            <ProductBackendInfo name="Skye.AllowValueSetViaUnencryptedURL">
              <UUID>cb4fa47f-0717-40c7-b9ac-2ec9b539498a</UUID>
              <Info>False</Info>
            </ProductBackendInfo>
            <ProductBackendInfo name="Skye.UIAttribute.ReferencedModel">
              <UUID>120489f8-bcfc-4d9b-9d4c-cdb8849ef55a</UUID>
              <Info>Home</Info>
            </ProductBackendInfo>
            <ProductBackendInfo name="Skye.UIAttribute.ReferencedAttribute">
              <UUID>70f13323-48bc-460c-8479-b887574011c0</UUID>
              <Info>Customer.city</Info>
            </ProductBackendInfo>
            <DefinitionValueRelation>
              <DefinitionValueUUID>d6bddbfa-a7c5-4be1-8a1c-82d08ac1d060</DefinitionValueUUID>
            </DefinitionValueRelation>
          </ProductPolicyAttribute>
          <ProductPolicyAttribute name="ZipCityContainer" visibilityLevel="0" mandatory="false" unit="" format="" numberOfDecimals="0" attributeClass="" type="UI">
            <UUID>dd39dc47-c5bc-4340-8041-022a40d69bfe</UUID>
            <SortOrder>99</SortOrder>
            <InputType>Textbox</InputType>
            <DataType>String</DataType>
            <MaxLength>4000</MaxLength>
            <MinLength>0</MinLength>
            <ProductBackendInfo name="Skye.AttributeAlias">
              <UUID>82d3bb6a-6ba9-4d89-9dbe-ddc50d3c3983</UUID>
              <Info />
            </ProductBackendInfo>
            <ProductBackendInfo name="Skye.Core.DataSecurity">
              <UUID>5749420b-95e6-40e8-9ae6-0480da616317</UUID>
              <Info>Standard</Info>
            </ProductBackendInfo>
            <ProductBackendInfo name="Skye.AllowValueSetViaUnencryptedURL">
              <UUID>6d7825d1-db1d-4631-8c80-77e5c9f27f5d</UUID>
              <Info>False</Info>
            </ProductBackendInfo>
            <ProductBackendInfo name="Skye.UIAttribute.ReferencedModel">
              <UUID>41fef9f3-632c-447a-8a72-e9fa63c1878d</UUID>
              <Info>Home</Info>
            </ProductBackendInfo>
            <ProductBackendInfo name="Skye.UIAttribute.ReferencedAttribute">
              <UUID>ea6e4cea-7b42-4b8f-807a-058058e804d5</UUID>
              <Info>Customer.ZipCityContainer</Info>
            </ProductBackendInfo>
            <DefinitionValueRelation>
              <DefinitionValueUUID>ce041fb7-4d03-426d-89da-7d127defbfa5</DefinitionValueUUID>
            </DefinitionValueRelation>
          </ProductPolicyAttribute>
          <ProductBackendInfo name="Skye.NumberOfColumns">
            <UUID>162297e5-f459-4deb-9e1f-7ec491d90c65</UUID>
            <Info>2</Info>
          </ProductBackendInfo>
          <ProductBackendInfo name="Skye.DisplayControlWithEmptyContent">
            <UUID>ccd4ee03-c673-4561-a857-dce2666836bb</UUID>
            <Info>True</Info>
          </ProductBackendInfo>
          <ProductBackendInfo name="Skye.StyleClass">
            <UUID>8897bc6a-8c9f-4044-97f4-3f12507d529e</UUID>
            <Info />
          </ProductBackendInfo>
          <ProductBackendInfo name="Skye.WidthPercentage">
            <UUID>6b63488b-e572-47bf-ba5d-6a6e47d06e0e</UUID>
            <Info />
          </ProductBackendInfo>
          <ProductBackendInfo name="Skye.MaxWidthInPixels">
            <UUID>4430d27f-c2be-4f72-a23b-021f4624e140</UUID>
            <Info />
          </ProductBackendInfo>
          <ProductBackendInfo name="Skye.MinWidthInPixels">
            <UUID>2882f26b-f217-4432-afb1-166b43b4f8f1</UUID>
            <Info />
          </ProductBackendInfo>
          <ProductBackendInfo name="Skye.MultibrickType">
            <UUID>4d29e2af-9035-4eec-9577-d7e67dfde02b</UUID>
            <Info />
          </ProductBackendInfo>
        </ProductBrick>
        <ProductBackendInfo name="Skye.ProcessStepUIType">
          <UUID>22f879d6-664c-4bbe-acea-49502f3ba9f6</UUID>
          <Info>PanelGroup</Info>
        </ProductBackendInfo>
        <ProductBackendInfo name="Skye.StyleClass">
          <UUID>14f93cae-19f6-40f6-bd37-77e89a9664ad</UUID>
          <Info />
        </ProductBackendInfo>
        <ProductBackendInfo name="Skye.OrientationUIType">
          <UUID>ce7d72e1-7f14-4a22-9d5a-2b2c6628ac71</UUID>
          <Info>vertical</Info>
        </ProductBackendInfo>
        <ProductBackendInfo name="Skye.VerticalAlignmentUIType">
          <UUID>bd3d5799-f49b-4017-b017-f2d8c314b145</UUID>
          <Info>top</Info>
        </ProductBackendInfo>
        <ProductBackendInfo name="Skye.PreCalculatedWidths">
          <UUID>98469034-e296-474e-8fe8-230fab1452a0</UUID>
          <Info>False</Info>
        </ProductBackendInfo>
        <ProductBackendInfo name="Skye.MultibrickType">
          <UUID>e850b0a9-9156-44a6-9e5e-0a9ea973448c</UUID>
          <Info />
        </ProductBackendInfo>
      </ProductBrick>
      <ProductBackendInfo name="Skye.NumberOfColumns">
        <UUID>a2990eba-1524-42f4-ac1e-fed1910920bd</UUID>
        <Info>2</Info>
      </ProductBackendInfo>
      <ProductBackendInfo name="Skye.DisplayControlWithEmptyContent">
        <UUID>f4e1ede7-c9c4-4505-a6f3-dc7e767019ca</UUID>
        <Info>True</Info>
      </ProductBackendInfo>
      <ProductBackendInfo name="Skye.StyleClass">
        <UUID>8470bcae-30a0-42da-aa9f-4081ac04bd13</UUID>
        <Info />
      </ProductBackendInfo>
      <ProductBackendInfo name="Skye.WidthPercentage">
        <UUID>b521b711-3190-48da-8214-490709a0d1d0</UUID>
        <Info />
      </ProductBackendInfo>
      <ProductBackendInfo name="Skye.MaxWidthInPixels">
        <UUID>af67096f-4f22-49ab-824b-d34411753f0a</UUID>
        <Info />
      </ProductBackendInfo>
      <ProductBackendInfo name="Skye.MinWidthInPixels">
        <UUID>2f90e412-45fd-48ca-88f4-5d6514556c3c</UUID>
        <Info />
      </ProductBackendInfo>
      <ProductBackendInfo name="Skye.MultibrickType">
        <UUID>38ca366f-d15a-44b9-a7ae-a7eb6409d047</UUID>
        <Info />
      </ProductBackendInfo>
    </ProductBrick>
    <ProductBrick name="Tab2" visibilityLevel="3" brickClass="" isAbstract="false" typeId="0">
      <UUID>07308b0e-f002-4917-b2ab-6f423732b076</UUID>
      <SortOrder>20</SortOrder>
      <MinimumUsage>1</MinimumUsage>
      <MaximumUsage>1</MaximumUsage>
      <InitialUsage>1</InitialUsage>
      <ProductTextRelation>
        <UUID>e7fee90d-531c-4a3f-b7bc-630eceef9699</UUID>
        <ProductTextUUID>7a7d198a-2059-4341-befe-ead216cb39c2</ProductTextUUID>
      </ProductTextRelation>
      <ProductBrick name="NoStyleGroup1" visibilityLevel="3" brickClass="" isAbstract="false" typeId="0">
        <UUID>ca6d4505-e7af-4868-8691-578c8946b739</UUID>
        <SortOrder>20</SortOrder>
        <MinimumUsage>1</MinimumUsage>
        <MaximumUsage>1</MaximumUsage>
        <InitialUsage>1</InitialUsage>
        <ProductBrick name="ContentSumInsuredExcess" visibilityLevel="3" brickClass="" isAbstract="false" typeId="0">
          <UUID>0fb7ea5f-4600-43cc-a440-f6ead0cac768</UUID>
          <SortOrder>10</SortOrder>
          <MinimumUsage>1</MinimumUsage>
          <MaximumUsage>1</MaximumUsage>
          <InitialUsage>1</InitialUsage>
          <ProductTextRelation>
            <UUID>5f9bda27-e9a6-4225-854f-a9946762f96a</UUID>
            <ProductTextUUID>57eebce8-1564-4d47-b8b7-ce02f0d119c0</ProductTextUUID>
          </ProductTextRelation>
          <ProductPolicyAttribute name="adaptCheckbox" visibilityLevel="0" mandatory="false" unit="" format="" numberOfDecimals="0" attributeClass="" type="UI">
            <UUID>c34d6611-30b7-4e84-9ea3-09e812589c50</UUID>
            <SortOrder>99</SortOrder>
            <InputType>Textbox</InputType>
            <DataType>String</DataType>
            <MaxLength>4000</MaxLength>
            <MinLength>0</MinLength>
            <ProductBackendInfo name="Skye.AttributeAlias">
              <UUID>1b0ca035-b9f8-41f3-a001-80f41fa5b754</UUID>
              <Info />
            </ProductBackendInfo>
            <ProductBackendInfo name="Skye.Core.DataSecurity">
              <UUID>7ce3d80c-f8e5-4029-b5f8-62ed4dd1431b</UUID>
              <Info>Standard</Info>
            </ProductBackendInfo>
            <ProductBackendInfo name="Skye.AllowValueSetViaUnencryptedURL">
              <UUID>80e66625-f418-4dd3-99a5-d79830b61197</UUID>
              <Info>False</Info>
            </ProductBackendInfo>
            <ProductBackendInfo name="Skye.UIAttribute.ReferencedModel">
              <UUID>84a569ea-e73f-4fd0-90fd-9e2768864f69</UUID>
              <Info>Home</Info>
            </ProductBackendInfo>
            <ProductBackendInfo name="Skye.UIAttribute.ReferencedAttribute">
              <UUID>fb0608b3-37d3-4bd2-ac23-b91e8bf21a89</UUID>
              <Info>Product.adaptCheckbox</Info>
            </ProductBackendInfo>
            <DefinitionValueRelation>
              <DefinitionValueUUID>41e12806-48c8-4542-8521-78f8a18b719a</DefinitionValueUUID>
            </DefinitionValueRelation>
          </ProductPolicyAttribute>
          <ProductPolicyAttribute name="adaptContentSumInsured" visibilityLevel="0" mandatory="false" unit="" format="" numberOfDecimals="0" attributeClass="" type="UI">
            <UUID>f014a903-59e5-4e3d-a7dd-2436c06d0756</UUID>
            <SortOrder>99</SortOrder>
            <InputType>Textbox</InputType>
            <DataType>String</DataType>
            <MaxLength>4000</MaxLength>
            <MinLength>0</MinLength>
            <ProductBackendInfo name="Skye.AttributeAlias">
              <UUID>9b47c22b-5974-4438-a116-cb00d25c83d8</UUID>
              <Info />
            </ProductBackendInfo>
            <ProductBackendInfo name="Skye.Core.DataSecurity">
              <UUID>83ac39ea-8e3d-4a82-928c-8fc0a056404e</UUID>
              <Info>Standard</Info>
            </ProductBackendInfo>
            <ProductBackendInfo name="Skye.AllowValueSetViaUnencryptedURL">
              <UUID>d939228c-28c6-4ad1-9cf3-7232ae635712</UUID>
              <Info>False</Info>
            </ProductBackendInfo>
            <ProductBackendInfo name="Skye.UIAttribute.ReferencedModel">
              <UUID>fd4a121f-dd61-47f1-aec1-f8a2b00665f5</UUID>
              <Info>Home</Info>
            </ProductBackendInfo>
            <ProductBackendInfo name="Skye.UIAttribute.ReferencedAttribute">
              <UUID>a007b9be-5d10-4c9a-8723-1f12983c9d1c</UUID>
              <Info>Product.adaptContentSumInsured</Info>
            </ProductBackendInfo>
            <DefinitionValueRelation>
              <DefinitionValueUUID>2755bdb1-b78a-4404-b68d-52f0a61122c9</DefinitionValueUUID>
            </DefinitionValueRelation>
          </ProductPolicyAttribute>
          <ProductPolicyAttribute name="calculatedContentSumInsured" visibilityLevel="0" mandatory="false" unit="" format="" numberOfDecimals="0" attributeClass="" type="UI">
            <UUID>d52727a8-2016-4222-af94-0cb35455efb0</UUID>
            <SortOrder>99</SortOrder>
            <InputType>Textbox</InputType>
            <DataType>String</DataType>
            <MaxLength>4000</MaxLength>
            <MinLength>0</MinLength>
            <ProductBackendInfo name="Skye.AttributeAlias">
              <UUID>c32963ab-3af5-4ffb-a8fb-7a30cdb68d2b</UUID>
              <Info />
            </ProductBackendInfo>
            <ProductBackendInfo name="Skye.Core.DataSecurity">
              <UUID>0fac767a-c50d-4c85-84f9-69b2565df9fc</UUID>
              <Info>Standard</Info>
            </ProductBackendInfo>
            <ProductBackendInfo name="Skye.AllowValueSetViaUnencryptedURL">
              <UUID>e0d6be63-a930-4c7a-ba8a-9edd06289c6f</UUID>
              <Info>False</Info>
            </ProductBackendInfo>
            <ProductBackendInfo name="Skye.UIAttribute.ReferencedModel">
              <UUID>b0b26161-02a1-40bc-91f5-84f71612bc33</UUID>
              <Info>Home</Info>
            </ProductBackendInfo>
            <ProductBackendInfo name="Skye.UIAttribute.ReferencedAttribute">
              <UUID>8f3bb230-34cc-4056-9c8e-ead452b7e918</UUID>
              <Info>Product.calculatedContentSumInsured</Info>
            </ProductBackendInfo>
            <DefinitionValueRelation>
              <DefinitionValueUUID>150b0dcd-296d-4e78-989c-1db73730d481</DefinitionValueUUID>
            </DefinitionValueRelation>
          </ProductPolicyAttribute>
          <ProductPolicyAttribute name="ContentSumInsuredDifference" visibilityLevel="0" mandatory="false" unit="" format="" numberOfDecimals="0" attributeClass="" type="UI">
            <UUID>a0467487-b68d-45b5-828a-18a5cc8368e4</UUID>
            <SortOrder>99</SortOrder>
            <InputType>Textbox</InputType>
            <DataType>String</DataType>
            <MaxLength>4000</MaxLength>
            <MinLength>0</MinLength>
            <ProductBackendInfo name="Skye.AttributeAlias">
              <UUID>f6772767-9626-46b3-bce2-f0f330b60018</UUID>
              <Info />
            </ProductBackendInfo>
            <ProductBackendInfo name="Skye.Core.DataSecurity">
              <UUID>62f5d8e3-f65a-45e3-9fbe-0b14e6797692</UUID>
              <Info>Standard</Info>
            </ProductBackendInfo>
            <ProductBackendInfo name="Skye.AllowValueSetViaUnencryptedURL">
              <UUID>34d887f6-1ad8-4beb-a2fd-5040d57df976</UUID>
              <Info>False</Info>
            </ProductBackendInfo>
            <ProductBackendInfo name="Skye.UIAttribute.ReferencedModel">
              <UUID>7c197ec4-24ae-4225-b9e2-03312c94ebde</UUID>
              <Info>Home</Info>
            </ProductBackendInfo>
            <ProductBackendInfo name="Skye.UIAttribute.ReferencedAttribute">
              <UUID>baebc43e-25b1-41b2-ac0f-2387cefe1e41</UUID>
              <Info>Product.ContentSumInsuredDifference</Info>
            </ProductBackendInfo>
            <DefinitionValueRelation>
              <DefinitionValueUUID>72d0ccc4-46af-467c-b7bc-b8b864b331c8</DefinitionValueUUID>
            </DefinitionValueRelation>
          </ProductPolicyAttribute>
          <ProductPolicyAttribute name="excess" visibilityLevel="0" mandatory="false" unit="" format="" numberOfDecimals="0" attributeClass="" type="UI">
            <UUID>29ce0496-d619-4164-bddb-eaad6307c1b0</UUID>
            <SortOrder>99</SortOrder>
            <InputType>Textbox</InputType>
            <DataType>String</DataType>
            <MaxLength>4000</MaxLength>
            <MinLength>0</MinLength>
            <ProductBackendInfo name="Skye.AttributeAlias">
              <UUID>201d09d8-4383-4ad9-ad39-aec87042e18b</UUID>
              <Info />
            </ProductBackendInfo>
            <ProductBackendInfo name="Skye.Core.DataSecurity">
              <UUID>ed2504f7-4898-4b01-8132-52f011863132</UUID>
              <Info>Standard</Info>
            </ProductBackendInfo>
            <ProductBackendInfo name="Skye.AllowValueSetViaUnencryptedURL">
              <UUID>8916c32b-79b9-41e5-a2cd-97262ef350f4</UUID>
              <Info>False</Info>
            </ProductBackendInfo>
            <ProductBackendInfo name="Skye.UIAttribute.ReferencedModel">
              <UUID>4824df01-188d-45bd-977f-afc668a036dd</UUID>
              <Info>Home</Info>
            </ProductBackendInfo>
            <ProductBackendInfo name="Skye.UIAttribute.ReferencedAttribute">
              <UUID>cc49e594-8073-4478-881c-82cd807267ba</UUID>
              <Info>Product.excess</Info>
            </ProductBackendInfo>
            <DefinitionValueRelation>
              <DefinitionValueUUID>cb8788e1-89ee-4f59-99e8-41a49a5d5408</DefinitionValueUUID>
            </DefinitionValueRelation>
          </ProductPolicyAttribute>
          <ProductBackendInfo name="Skye.NumberOfColumns">
            <UUID>2243a911-754a-4da1-9834-c061a2d293f0</UUID>
            <Info>2</Info>
          </ProductBackendInfo>
          <ProductBackendInfo name="Skye.DisplayControlWithEmptyContent">
            <UUID>f5dee882-4101-41aa-89c5-1e8cf22725e9</UUID>
            <Info>False</Info>
          </ProductBackendInfo>
          <ProductBackendInfo name="Skye.StyleClass">
            <UUID>77ce4d15-1cd7-4115-8424-63005609e52c</UUID>
            <Info />
          </ProductBackendInfo>
          <ProductBackendInfo name="Skye.WidthPercentage">
            <UUID>e30fc1fe-29f4-4e82-a73a-a14e7758685e</UUID>
            <Info />
          </ProductBackendInfo>
          <ProductBackendInfo name="Skye.MaxWidthInPixels">
            <UUID>4b803818-3566-4472-bf64-dcaec7fec117</UUID>
            <Info />
          </ProductBackendInfo>
          <ProductBackendInfo name="Skye.MinWidthInPixels">
            <UUID>d096e201-47da-425e-b989-9adab62357dc</UUID>
            <Info />
          </ProductBackendInfo>
          <ProductBackendInfo name="Skye.MultibrickType">
            <UUID>10bb0daa-0c40-49cd-9168-f285f44aaf4e</UUID>
            <Info />
          </ProductBackendInfo>
        </ProductBrick>
        <ProductBrick name="OptionalCovers" visibilityLevel="3" brickClass="" isAbstract="false" typeId="0">
          <UUID>5b38042c-045f-44bc-8c01-d708a239e824</UUID>
          <SortOrder>20</SortOrder>
          <MinimumUsage>1</MinimumUsage>
          <MaximumUsage>1</MaximumUsage>
          <InitialUsage>1</InitialUsage>
          <ProductTextRelation>
            <UUID>d0676133-1551-42d9-a229-a04d2807eb11</UUID>
            <ProductTextUUID>9eb24c5f-9d78-49a0-b689-d8cbc7058e29</ProductTextUUID>
          </ProductTextRelation>
          <ProductPolicyAttribute name="luggageCover" visibilityLevel="0" mandatory="false" unit="" format="" numberOfDecimals="0" attributeClass="" type="UI">
            <UUID>e44234ef-064b-4a4e-84ad-e7bfd0553364</UUID>
            <SortOrder>99</SortOrder>
            <InputType>Textbox</InputType>
            <DataType>String</DataType>
            <MaxLength>4000</MaxLength>
            <MinLength>0</MinLength>
            <ProductBackendInfo name="Skye.AttributeAlias">
              <UUID>17092ea6-9b5b-461e-b3ab-9c3bd5f897f4</UUID>
              <Info />
            </ProductBackendInfo>
            <ProductBackendInfo name="Skye.Core.DataSecurity">
              <UUID>d0ce9c03-86e7-4358-95b4-d51231e55727</UUID>
              <Info>Standard</Info>
            </ProductBackendInfo>
            <ProductBackendInfo name="Skye.AllowValueSetViaUnencryptedURL">
              <UUID>101e2380-fcb9-489d-84d5-2cc81784ff33</UUID>
              <Info>False</Info>
            </ProductBackendInfo>
            <ProductBackendInfo name="Skye.UIAttribute.ReferencedModel">
              <UUID>d7605cbe-5c71-45c6-979e-8cfb0ab86cac</UUID>
              <Info>Home</Info>
            </ProductBackendInfo>
            <ProductBackendInfo name="Skye.UIAttribute.ReferencedAttribute">
              <UUID>4f39dd2b-66c0-46de-9cb1-bdf3360d47c4</UUID>
              <Info>Product.luggageCover</Info>
            </ProductBackendInfo>
            <DefinitionValueRelation>
              <DefinitionValueUUID>2f0a47cc-d9ae-4dc9-98c5-071f90b84d67</DefinitionValueUUID>
            </DefinitionValueRelation>
          </ProductPolicyAttribute>
          <ProductPolicyAttribute name="glassCover" visibilityLevel="0" mandatory="false" unit="" format="" numberOfDecimals="0" attributeClass="" type="UI">
            <UUID>4e097d85-cba2-4152-be65-662ecbd17703</UUID>
            <SortOrder>99</SortOrder>
            <InputType>Textbox</InputType>
            <DataType>String</DataType>
            <MaxLength>4000</MaxLength>
            <MinLength>0</MinLength>
            <ProductBackendInfo name="Skye.AttributeAlias">
              <UUID>b6bf39cd-caa5-4acb-b2af-24833426857d</UUID>
              <Info />
            </ProductBackendInfo>
            <ProductBackendInfo name="Skye.Core.DataSecurity">
              <UUID>cf577dd2-8061-4575-96de-f8162bac20eb</UUID>
              <Info>Standard</Info>
            </ProductBackendInfo>
            <ProductBackendInfo name="Skye.AllowValueSetViaUnencryptedURL">
              <UUID>c7ccf984-d90e-4d0e-94e0-23f08b53b498</UUID>
              <Info>False</Info>
            </ProductBackendInfo>
            <ProductBackendInfo name="Skye.UIAttribute.ReferencedModel">
              <UUID>16ab7e66-d12f-4944-ae6d-e25322f328af</UUID>
              <Info>Home</Info>
            </ProductBackendInfo>
            <ProductBackendInfo name="Skye.UIAttribute.ReferencedAttribute">
              <UUID>e924f02f-9009-495f-be7b-87de5a67ac56</UUID>
              <Info>Product.glassCover</Info>
            </ProductBackendInfo>
            <DefinitionValueRelation>
              <DefinitionValueUUID>e779253f-f1b8-451e-ae38-1c54dccdb680</DefinitionValueUUID>
            </DefinitionValueRelation>
          </ProductPolicyAttribute>
          <ProductPolicyAttribute name="theftCover" visibilityLevel="0" mandatory="false" unit="" format="" numberOfDecimals="0" attributeClass="" type="UI">
            <UUID>051a46f9-3616-4b3b-8011-4c708abfcaf3</UUID>
            <SortOrder>99</SortOrder>
            <InputType>Textbox</InputType>
            <DataType>String</DataType>
            <MaxLength>4000</MaxLength>
            <MinLength>0</MinLength>
            <ProductBackendInfo name="Skye.AttributeAlias">
              <UUID>19c340ff-40a3-43f8-8ac9-0c01575331a6</UUID>
              <Info />
            </ProductBackendInfo>
            <ProductBackendInfo name="Skye.Core.DataSecurity">
              <UUID>191ad90c-4563-4951-a1c7-a8863cfd945c</UUID>
              <Info>Standard</Info>
            </ProductBackendInfo>
            <ProductBackendInfo name="Skye.AllowValueSetViaUnencryptedURL">
              <UUID>a57dd07c-0093-453f-82c6-86d88d3a988a</UUID>
              <Info>False</Info>
            </ProductBackendInfo>
            <ProductBackendInfo name="Skye.UIAttribute.ReferencedModel">
              <UUID>4c604bf6-c13b-4e0e-bfc2-24857a98d56b</UUID>
              <Info>Home</Info>
            </ProductBackendInfo>
            <ProductBackendInfo name="Skye.UIAttribute.ReferencedAttribute">
              <UUID>1fa50305-10a4-45d3-8311-4351d0047a1a</UUID>
              <Info>Product.theftCover</Info>
            </ProductBackendInfo>
            <DefinitionValueRelation>
              <DefinitionValueUUID>b5859f52-ee64-48a6-8de2-8629af657219</DefinitionValueUUID>
            </DefinitionValueRelation>
          </ProductPolicyAttribute>
          <ProductPolicyAttribute name="optionalCoversTable" visibilityLevel="0" mandatory="false" unit="" format="" numberOfDecimals="0" attributeClass="" type="UI">
            <UUID>60b19991-dab6-4082-9c40-541b687c8d8f</UUID>
            <SortOrder>99</SortOrder>
            <InputType>Textbox</InputType>
            <DataType>String</DataType>
            <MaxLength>4000</MaxLength>
            <MinLength>0</MinLength>
            <ProductBackendInfo name="Skye.AttributeAlias">
              <UUID>51efc6b7-7755-4594-bb0c-3bf7e9083d8e</UUID>
              <Info />
            </ProductBackendInfo>
            <ProductBackendInfo name="Skye.Core.DataSecurity">
              <UUID>089e20ee-a21b-4aca-bb0f-23772257bc10</UUID>
              <Info>Standard</Info>
            </ProductBackendInfo>
            <ProductBackendInfo name="Skye.AllowValueSetViaUnencryptedURL">
              <UUID>2823e6f5-7092-45f0-b1ca-e9ccb4ef15e6</UUID>
              <Info>False</Info>
            </ProductBackendInfo>
            <ProductBackendInfo name="Skye.UIAttribute.ReferencedModel">
              <UUID>164aab0a-8618-4af8-9521-a797e2b5f42b</UUID>
              <Info>Home</Info>
            </ProductBackendInfo>
            <ProductBackendInfo name="Skye.UIAttribute.ReferencedAttribute">
              <UUID>5bcede00-b7b0-446b-a283-b1bef42928e3</UUID>
              <Info>Product.optionalCoversTable</Info>
            </ProductBackendInfo>
            <DefinitionValueRelation>
              <DefinitionValueUUID>f3a55efa-9956-48f5-9cf3-57514aac422d</DefinitionValueUUID>
            </DefinitionValueRelation>
          </ProductPolicyAttribute>
          <ProductPolicyAttribute name="theftInsuredSum" visibilityLevel="0" mandatory="false" unit="" format="" numberOfDecimals="0" attributeClass="" type="UI">
            <UUID>a59c14fb-fe5c-40ea-80c4-7e98d0a5ac63</UUID>
            <SortOrder>99</SortOrder>
            <InputType>Textbox</InputType>
            <DataType>String</DataType>
            <MaxLength>4000</MaxLength>
            <MinLength>0</MinLength>
            <ProductBackendInfo name="Skye.AttributeAlias">
              <UUID>02d5be0b-5ff0-48d1-8c83-3094518d2943</UUID>
              <Info />
            </ProductBackendInfo>
            <ProductBackendInfo name="Skye.Core.DataSecurity">
              <UUID>447b1e6b-cb44-4f80-a713-206d92815d15</UUID>
              <Info>Standard</Info>
            </ProductBackendInfo>
            <ProductBackendInfo name="Skye.AllowValueSetViaUnencryptedURL">
              <UUID>35160ed1-78fa-45a0-a3a0-c3017f03210d</UUID>
              <Info>False</Info>
            </ProductBackendInfo>
            <ProductBackendInfo name="Skye.UIAttribute.ReferencedModel">
              <UUID>8934f4f6-07f8-4133-8c85-4c63d13af67b</UUID>
              <Info>Home</Info>
            </ProductBackendInfo>
            <ProductBackendInfo name="Skye.UIAttribute.ReferencedAttribute">
              <UUID>1fc4f736-7308-430b-bb3b-67837233def5</UUID>
              <Info>Product.theftInsuredSum</Info>
            </ProductBackendInfo>
            <DefinitionValueRelation>
              <DefinitionValueUUID>ba3f619b-84fc-4d3b-b99b-947d3f785e95</DefinitionValueUUID>
            </DefinitionValueRelation>
          </ProductPolicyAttribute>
          <ProductPolicyAttribute name="glassInsuredSum" visibilityLevel="0" mandatory="false" unit="" format="" numberOfDecimals="0" attributeClass="" type="UI">
            <UUID>240b6d57-7421-4b74-ae92-26ce985995e5</UUID>
            <SortOrder>99</SortOrder>
            <InputType>Textbox</InputType>
            <DataType>String</DataType>
            <MaxLength>4000</MaxLength>
            <MinLength>0</MinLength>
            <ProductBackendInfo name="Skye.AttributeAlias">
              <UUID>3224791b-c9de-4549-b11f-e0db3c698beb</UUID>
              <Info />
            </ProductBackendInfo>
            <ProductBackendInfo name="Skye.Core.DataSecurity">
              <UUID>00861606-85be-4be0-a1bb-3ddc51c5505a</UUID>
              <Info>Standard</Info>
            </ProductBackendInfo>
            <ProductBackendInfo name="Skye.AllowValueSetViaUnencryptedURL">
              <UUID>5586ffe4-5b1f-4322-9ded-10c3b1ebc946</UUID>
              <Info>False</Info>
            </ProductBackendInfo>
            <ProductBackendInfo name="Skye.UIAttribute.ReferencedModel">
              <UUID>21619539-2d84-481a-9393-6c24e2492ebe</UUID>
              <Info>Home</Info>
            </ProductBackendInfo>
            <ProductBackendInfo name="Skye.UIAttribute.ReferencedAttribute">
              <UUID>15210bc6-8560-4ec5-8886-c478ff4e563b</UUID>
              <Info>Product.glassInsuredSum</Info>
            </ProductBackendInfo>
            <DefinitionValueRelation>
              <DefinitionValueUUID>5b37c184-eaa4-48a6-8006-18f08bd33809</DefinitionValueUUID>
            </DefinitionValueRelation>
          </ProductPolicyAttribute>
          <ProductPolicyAttribute name="luggageInsuredSum" visibilityLevel="0" mandatory="false" unit="" format="" numberOfDecimals="0" attributeClass="" type="UI">
            <UUID>fb1ad4e5-9cff-4c53-ae2d-a30802e1d7cf</UUID>
            <SortOrder>99</SortOrder>
            <InputType>Textbox</InputType>
            <DataType>String</DataType>
            <MaxLength>4000</MaxLength>
            <MinLength>0</MinLength>
            <ProductBackendInfo name="Skye.AttributeAlias">
              <UUID>ff8cd4a6-b5e7-409b-b1c5-1a2a26e2dbe2</UUID>
              <Info />
            </ProductBackendInfo>
            <ProductBackendInfo name="Skye.Core.DataSecurity">
              <UUID>070bb1ed-a94c-49cf-b455-2478c333658f</UUID>
              <Info>Standard</Info>
            </ProductBackendInfo>
            <ProductBackendInfo name="Skye.AllowValueSetViaUnencryptedURL">
              <UUID>6eb34b4e-9e56-4e85-9613-d05ee4340722</UUID>
              <Info>False</Info>
            </ProductBackendInfo>
            <ProductBackendInfo name="Skye.UIAttribute.ReferencedModel">
              <UUID>b89851e8-b0af-47bb-b419-031e019d6194</UUID>
              <Info>Home</Info>
            </ProductBackendInfo>
            <ProductBackendInfo name="Skye.UIAttribute.ReferencedAttribute">
              <UUID>3a981a4a-046b-478e-859b-6e2902228181</UUID>
              <Info>Product.luggageInsuredSum</Info>
            </ProductBackendInfo>
            <DefinitionValueRelation>
              <DefinitionValueUUID>ecd6182f-9d75-45b9-a9d6-aff8c3749b3d</DefinitionValueUUID>
            </DefinitionValueRelation>
          </ProductPolicyAttribute>
          <ProductPolicyAttribute name="packageSelector" visibilityLevel="0" mandatory="false" unit="" format="" numberOfDecimals="0" attributeClass="" type="UI">
            <UUID>a72bd22a-28dc-49fb-bb1c-cff8e97561e3</UUID>
            <SortOrder>99</SortOrder>
            <InputType>Textbox</InputType>
            <DataType>String</DataType>
            <MaxLength>4000</MaxLength>
            <MinLength>0</MinLength>
            <ProductBackendInfo name="Skye.AttributeAlias">
              <UUID>e5c832d5-c93e-4aea-bac6-6bd8127cfecb</UUID>
              <Info />
            </ProductBackendInfo>
            <ProductBackendInfo name="Skye.Core.DataSecurity">
              <UUID>08cf0c7e-52cb-4817-a0cc-89db7d52428a</UUID>
              <Info>Standard</Info>
            </ProductBackendInfo>
            <ProductBackendInfo name="Skye.AllowValueSetViaUnencryptedURL">
              <UUID>54c898bb-ad39-427f-8ccf-e274349c0630</UUID>
              <Info>False</Info>
            </ProductBackendInfo>
            <ProductBackendInfo name="Skye.UIAttribute.ReferencedModel">
              <UUID>479f4745-3bd9-4236-ac4b-be49a154c0e3</UUID>
              <Info>Home</Info>
            </ProductBackendInfo>
            <ProductBackendInfo name="Skye.UIAttribute.ReferencedAttribute">
              <UUID>2007045a-932d-4775-bd4f-04d4699f28ce</UUID>
              <Info>Product.packageSelector</Info>
            </ProductBackendInfo>
            <DefinitionValueRelation>
              <DefinitionValueUUID>c9d8f003-8426-42af-88ac-0b13b62895e7</DefinitionValueUUID>
            </DefinitionValueRelation>
          </ProductPolicyAttribute>
          <ProductBackendInfo name="Skye.NumberOfColumns">
            <UUID>672ecb03-37cd-4de5-a69f-c4f2b0da3ace</UUID>
            <Info>2</Info>
          </ProductBackendInfo>
          <ProductBackendInfo name="Skye.DisplayControlWithEmptyContent">
            <UUID>ad502b8f-b91c-4415-87ec-290f0be13b97</UUID>
            <Info>False</Info>
          </ProductBackendInfo>
          <ProductBackendInfo name="Skye.StyleClass">
            <UUID>18deacd6-e01b-4c46-989f-ba73f8fe72ee</UUID>
            <Info />
          </ProductBackendInfo>
          <ProductBackendInfo name="Skye.WidthPercentage">
            <UUID>aaf9cfb1-a724-47e8-98ea-0c442dcea93c</UUID>
            <Info />
          </ProductBackendInfo>
          <ProductBackendInfo name="Skye.MaxWidthInPixels">
            <UUID>d759a2be-da28-4893-8067-4e99880b20b3</UUID>
            <Info />
          </ProductBackendInfo>
          <ProductBackendInfo name="Skye.MinWidthInPixels">
            <UUID>7ca175d5-4e97-4d23-bdaa-99d495b1c5ac</UUID>
            <Info />
          </ProductBackendInfo>
          <ProductBackendInfo name="Skye.MultibrickType">
            <UUID>c2f79b61-bd0f-46b8-8ff7-b2867939bb3a</UUID>
            <Info />
          </ProductBackendInfo>
        </ProductBrick>
        <ProductBrick name="Premium" visibilityLevel="3" brickClass="" isAbstract="false" typeId="0">
          <UUID>fc10f310-bf6e-4c6a-b304-5286fc5971c0</UUID>
          <SortOrder>30</SortOrder>
          <MinimumUsage>1</MinimumUsage>
          <MaximumUsage>1</MaximumUsage>
          <InitialUsage>1</InitialUsage>
          <ProductTextRelation>
            <UUID>7ae07561-d161-4632-94b1-f404c09af1e5</UUID>
            <ProductTextUUID>370e7eee-9509-4884-9327-097034f73ad0</ProductTextUUID>
          </ProductTextRelation>
          <ProductPolicyAttribute name="annualPremium" visibilityLevel="0" mandatory="false" unit="" format="" numberOfDecimals="0" attributeClass="" type="UI">
            <UUID>df9b0039-8182-4582-84f7-f556b59409c8</UUID>
            <SortOrder>99</SortOrder>
            <InputType>Textbox</InputType>
            <DataType>String</DataType>
            <MaxLength>4000</MaxLength>
            <MinLength>0</MinLength>
            <ProductBackendInfo name="Skye.AttributeAlias">
              <UUID>37186dda-59c6-4369-a772-64056f86555a</UUID>
              <Info />
            </ProductBackendInfo>
            <ProductBackendInfo name="Skye.Core.DataSecurity">
              <UUID>ba986b74-5604-416a-98f3-4081276b3d22</UUID>
              <Info>Standard</Info>
            </ProductBackendInfo>
            <ProductBackendInfo name="Skye.AllowValueSetViaUnencryptedURL">
              <UUID>537a9b2a-bc1a-4232-9321-3c6d3fac3b68</UUID>
              <Info>False</Info>
            </ProductBackendInfo>
            <ProductBackendInfo name="Skye.UIAttribute.ReferencedModel">
              <UUID>34066872-cbc5-4bc4-a7f5-01a27720f014</UUID>
              <Info>Home</Info>
            </ProductBackendInfo>
            <ProductBackendInfo name="Skye.UIAttribute.ReferencedAttribute">
              <UUID>e66b36a6-2faa-4c70-a6a8-1eed72939064</UUID>
              <Info>Product.annualPremium</Info>
            </ProductBackendInfo>
            <DefinitionValueRelation>
              <DefinitionValueUUID>8074f9cb-beca-4bd5-a265-28f674524f31</DefinitionValueUUID>
            </DefinitionValueRelation>
          </ProductPolicyAttribute>
          <ProductBackendInfo name="Skye.NumberOfColumns">
            <UUID>b689288a-7b85-4a1a-a5df-e74c41618a7f</UUID>
            <Info>2</Info>
          </ProductBackendInfo>
          <ProductBackendInfo name="Skye.DisplayControlWithEmptyContent">
            <UUID>73443fb8-d7d8-4e57-bbad-5089e88db6b1</UUID>
            <Info>False</Info>
          </ProductBackendInfo>
          <ProductBackendInfo name="Skye.StyleClass">
            <UUID>9a26b2ce-5425-4398-8199-9802bbf494ad</UUID>
            <Info />
          </ProductBackendInfo>
          <ProductBackendInfo name="Skye.WidthPercentage">
            <UUID>c93198b5-7457-4ccb-b128-311a837a5031</UUID>
            <Info />
          </ProductBackendInfo>
          <ProductBackendInfo name="Skye.MaxWidthInPixels">
            <UUID>401c592b-ff19-4f32-bf94-c79fdcbdd3a5</UUID>
            <Info />
          </ProductBackendInfo>
          <ProductBackendInfo name="Skye.MinWidthInPixels">
            <UUID>3f9fc1f0-d5ad-4247-bffd-257e8f0194c6</UUID>
            <Info />
          </ProductBackendInfo>
          <ProductBackendInfo name="Skye.MultibrickType">
            <UUID>6fe1702a-3821-4c4c-b5b9-f5f02120de97</UUID>
            <Info />
          </ProductBackendInfo>
        </ProductBrick>
        <ProductBrick name="ValuableItems" visibilityLevel="3" brickClass="" isAbstract="false" typeId="0">
          <UUID>1e6450f5-1477-4983-9865-ae20e50cb2b5</UUID>
          <SortOrder>15</SortOrder>
          <MinimumUsage>1</MinimumUsage>
          <MaximumUsage>1</MaximumUsage>
          <InitialUsage>1</InitialUsage>
          <ProductTextRelation>
            <UUID>91e516ee-f792-4e6e-a1fd-82b475f5a35b</UUID>
            <ProductTextUUID>1e27fb6a-2fce-471c-984d-896270aeb5ba</ProductTextUUID>
          </ProductTextRelation>
          <ProductPolicyAttribute name="noOfValuables" visibilityLevel="0" mandatory="false" unit="" format="" numberOfDecimals="0" attributeClass="" type="UI">
            <UUID>d561ac2f-bd3f-41db-95b8-753d840b081d</UUID>
            <SortOrder>99</SortOrder>
            <InputType>Textbox</InputType>
            <DataType>String</DataType>
            <MaxLength>4000</MaxLength>
            <MinLength>0</MinLength>
            <ProductBackendInfo name="Skye.AttributeAlias">
              <UUID>533e5d44-f19c-4538-aab1-fb20220122be</UUID>
              <Info />
            </ProductBackendInfo>
            <ProductBackendInfo name="Skye.Core.DataSecurity">
              <UUID>790cf4e5-fda0-473f-b73c-a62eb67d114e</UUID>
              <Info>Standard</Info>
            </ProductBackendInfo>
            <ProductBackendInfo name="Skye.AllowValueSetViaUnencryptedURL">
              <UUID>b522e7c5-d3c4-4df5-a9f6-52c490f07d0c</UUID>
              <Info>False</Info>
            </ProductBackendInfo>
            <ProductBackendInfo name="Skye.UIAttribute.ReferencedModel">
              <UUID>b53cbbed-c584-4401-9768-1ee9c2a4119a</UUID>
              <Info>Home</Info>
            </ProductBackendInfo>
            <ProductBackendInfo name="Skye.UIAttribute.ReferencedAttribute">
              <UUID>9055c9bb-c5b2-4bd2-b190-564a217f72e7</UUID>
              <Info>Product.noOfValuables</Info>
            </ProductBackendInfo>
            <DefinitionValueRelation>
              <DefinitionValueUUID>8b41063a-51ef-4f1f-8de0-abcb9e7a12d8</DefinitionValueUUID>
            </DefinitionValueRelation>
          </ProductPolicyAttribute>
          <ProductPolicyAttribute name="totalSumInsuredVal" visibilityLevel="0" mandatory="false" unit="" format="" numberOfDecimals="0" attributeClass="" type="UI">
            <UUID>a4b4045e-8311-41bd-878b-618b026ed80b</UUID>
            <SortOrder>99</SortOrder>
            <InputType>Textbox</InputType>
            <DataType>String</DataType>
            <MaxLength>4000</MaxLength>
            <MinLength>0</MinLength>
            <ProductBackendInfo name="Skye.AttributeAlias">
              <UUID>d8452c5d-049c-4992-b669-d0ad4071925a</UUID>
              <Info />
            </ProductBackendInfo>
            <ProductBackendInfo name="Skye.Core.DataSecurity">
              <UUID>7f084094-5564-4db0-b203-c0b047b7ccfa</UUID>
              <Info>Standard</Info>
            </ProductBackendInfo>
            <ProductBackendInfo name="Skye.AllowValueSetViaUnencryptedURL">
              <UUID>4feb62ab-924b-4c39-aa5b-0a3f47012722</UUID>
              <Info>False</Info>
            </ProductBackendInfo>
            <ProductBackendInfo name="Skye.UIAttribute.ReferencedModel">
              <UUID>f6ea45c1-cf80-41f2-b364-afff8308dd55</UUID>
              <Info>Home</Info>
            </ProductBackendInfo>
            <ProductBackendInfo name="Skye.UIAttribute.ReferencedAttribute">
              <UUID>50224b5a-28ea-4aba-87f1-68ac6acb1bc2</UUID>
              <Info>Product.totalSumInsuredVal</Info>
            </ProductBackendInfo>
            <DefinitionValueRelation>
              <DefinitionValueUUID>b9d7551f-d5da-4c9e-9cec-57cba79c875e</DefinitionValueUUID>
            </DefinitionValueRelation>
          </ProductPolicyAttribute>
          <ProductBrick name="ValuableMultibrick" visibilityLevel="3" brickClass="" isAbstract="false" typeId="0">
            <UUID>901d3f1b-4db0-4482-8ac0-86a9892a89cf</UUID>
            <SortOrder>10</SortOrder>
            <MinimumUsage>1</MinimumUsage>
            <MaximumUsage>1</MaximumUsage>
            <InitialUsage>1</InitialUsage>
            <ProductTextRelation>
              <UUID>a85a6849-a277-472c-8725-fcc790235e05</UUID>
              <ProductTextUUID>9c518721-41ce-4dd2-87c6-4d2775c3c212</ProductTextUUID>
            </ProductTextRelation>
            <ProductTextRelation>
              <UUID>ec7a0f16-7ef5-4f54-8c70-189751bf7ff7</UUID>
              <ProductTextUUID>e8259593-c0e8-45ee-9481-96e06a53998c</ProductTextUUID>
            </ProductTextRelation>
            <ProductTextRelation>
              <UUID>bd749232-827e-4fa9-a7d7-085164e04ddc</UUID>
              <ProductTextUUID>e63b69ba-861a-487d-8a33-c37e58ff1483</ProductTextUUID>
            </ProductTextRelation>
            <ProductPolicyAttribute name="category" visibilityLevel="0" mandatory="false" unit="" format="" numberOfDecimals="0" attributeClass="" type="UI">
              <UUID>38a20602-cd01-46c2-bf9b-432ddc8912eb</UUID>
              <SortOrder>99</SortOrder>
              <InputType>Textbox</InputType>
              <DataType>String</DataType>
              <MaxLength>4000</MaxLength>
              <MinLength>0</MinLength>
              <ProductBackendInfo name="Skye.AttributeAlias">
                <UUID>cd8273b3-a58f-4f0f-9cfb-f48a4396b037</UUID>
                <Info />
              </ProductBackendInfo>
              <ProductBackendInfo name="Skye.Core.DataSecurity">
                <UUID>6baaee5c-9cdf-46e9-b5a1-800a01e8a575</UUID>
                <Info>Standard</Info>
              </ProductBackendInfo>
              <ProductBackendInfo name="Skye.AllowValueSetViaUnencryptedURL">
                <UUID>8be69c59-bb52-41bb-afa0-dfcc886c3843</UUID>
                <Info>False</Info>
              </ProductBackendInfo>
              <ProductBackendInfo name="Skye.UIAttribute.ReferencedModel">
                <UUID>6d256d52-51ce-4942-893f-39ec050834f8</UUID>
                <Info>Home</Info>
              </ProductBackendInfo>
              <ProductBackendInfo name="Skye.UIAttribute.ReferencedAttribute">
                <UUID>437d6d88-d28a-4786-b834-ff2b69511d15</UUID>
                <Info>Valuable.category</Info>
              </ProductBackendInfo>
              <DefinitionValueRelation>
                <DefinitionValueUUID>34f58252-7004-4c03-a023-e1205a6909f3</DefinitionValueUUID>
              </DefinitionValueRelation>
            </ProductPolicyAttribute>
            <ProductPolicyAttribute name="descritption" visibilityLevel="0" mandatory="false" unit="" format="" numberOfDecimals="0" attributeClass="" type="UI">
              <UUID>26cea72a-b963-45bc-a205-30cdaaac9ddb</UUID>
              <SortOrder>99</SortOrder>
              <InputType>Textbox</InputType>
              <DataType>String</DataType>
              <MaxLength>4000</MaxLength>
              <MinLength>0</MinLength>
              <ProductBackendInfo name="Skye.AttributeAlias">
                <UUID>aa2f82b8-2dd5-4f68-8c7a-6fa1783e96b0</UUID>
                <Info />
              </ProductBackendInfo>
              <ProductBackendInfo name="Skye.Core.DataSecurity">
                <UUID>8dd5d0ce-7f59-4a18-b50a-d55a48f366a6</UUID>
                <Info>Standard</Info>
              </ProductBackendInfo>
              <ProductBackendInfo name="Skye.AllowValueSetViaUnencryptedURL">
                <UUID>6376194f-c277-4be9-8ecf-248bcdaf43ad</UUID>
                <Info>False</Info>
              </ProductBackendInfo>
              <ProductBackendInfo name="Skye.UIAttribute.ReferencedModel">
                <UUID>eb1217c6-a2a5-4043-a6b9-be52f87eb631</UUID>
                <Info>Home</Info>
              </ProductBackendInfo>
              <ProductBackendInfo name="Skye.UIAttribute.ReferencedAttribute">
                <UUID>a03d058d-7a47-4c5a-82d6-3a2a57510c06</UUID>
                <Info>Valuable.descritption</Info>
              </ProductBackendInfo>
              <DefinitionValueRelation>
                <DefinitionValueUUID>c42010ff-dedc-401b-b36d-2dc3db63b071</DefinitionValueUUID>
              </DefinitionValueRelation>
            </ProductPolicyAttribute>
            <ProductPolicyAttribute name="sumInsured" visibilityLevel="0" mandatory="false" unit="" format="" numberOfDecimals="0" attributeClass="" type="UI">
              <UUID>c455a292-5f00-4132-bcd3-b115b290c416</UUID>
              <SortOrder>99</SortOrder>
              <InputType>Textbox</InputType>
              <DataType>String</DataType>
              <MaxLength>4000</MaxLength>
              <MinLength>0</MinLength>
              <ProductBackendInfo name="Skye.AttributeAlias">
                <UUID>57eaef1c-64b1-4c06-8cae-ca0ffbf0123e</UUID>
                <Info />
              </ProductBackendInfo>
              <ProductBackendInfo name="Skye.Core.DataSecurity">
                <UUID>a89238cf-edb1-4580-80e7-d5fe89f2dd22</UUID>
                <Info>Standard</Info>
              </ProductBackendInfo>
              <ProductBackendInfo name="Skye.AllowValueSetViaUnencryptedURL">
                <UUID>1820dde4-5d7e-4bc2-8128-01df92b53af7</UUID>
                <Info>False</Info>
              </ProductBackendInfo>
              <ProductBackendInfo name="Skye.UIAttribute.ReferencedModel">
                <UUID>29cb32ef-ffb0-4660-8890-59e4bb6da244</UUID>
                <Info>Home</Info>
              </ProductBackendInfo>
              <ProductBackendInfo name="Skye.UIAttribute.ReferencedAttribute">
                <UUID>702b1944-0641-4c4a-be4a-c34dc1722ab0</UUID>
                <Info>Valuable.sumInsured</Info>
              </ProductBackendInfo>
              <DefinitionValueRelation>
                <DefinitionValueUUID>044a423c-f85f-4c95-b52d-5504e794c043</DefinitionValueUUID>
              </DefinitionValueRelation>
            </ProductPolicyAttribute>
            <ProductPolicyAttribute name="valuableMessage" visibilityLevel="0" mandatory="false" unit="" format="" numberOfDecimals="0" attributeClass="" type="UI">
              <UUID>cf56c53c-58fc-4bd3-97b7-948c7e90085d</UUID>
              <SortOrder>99</SortOrder>
              <InputType>Textbox</InputType>
              <DataType>String</DataType>
              <MaxLength>4000</MaxLength>
              <MinLength>0</MinLength>
              <ProductBackendInfo name="Skye.AttributeAlias">
                <UUID>60b12bbb-1f3b-459c-b1fa-ca3cde9d5484</UUID>
                <Info />
              </ProductBackendInfo>
              <ProductBackendInfo name="Skye.Core.DataSecurity">
                <UUID>0dd5df76-2b1e-48a5-bc1f-8b7182ceb9e6</UUID>
                <Info>Standard</Info>
              </ProductBackendInfo>
              <ProductBackendInfo name="Skye.AllowValueSetViaUnencryptedURL">
                <UUID>f8e5901f-a8a8-4fec-bec9-42d90a1ba7a7</UUID>
                <Info>False</Info>
              </ProductBackendInfo>
              <ProductBackendInfo name="Skye.UIAttribute.ReferencedModel">
                <UUID>d8754057-98ce-4c48-bbb0-1076e1581a8d</UUID>
                <Info>Home</Info>
              </ProductBackendInfo>
              <ProductBackendInfo name="Skye.UIAttribute.ReferencedAttribute">
                <UUID>d3587749-cc29-4837-a113-84b01577f8b0</UUID>
                <Info>Valuable.valuableMessage</Info>
              </ProductBackendInfo>
              <DefinitionValueRelation>
                <DefinitionValueUUID>836e3db5-28b9-4109-9ff5-a9bfbe4b1a98</DefinitionValueUUID>
              </DefinitionValueRelation>
            </ProductPolicyAttribute>
            <ProductBackendInfo name="Skye.ProcessStepUIType">
              <UUID>73ccfc0e-580c-4717-9c39-2d476b88b9ee</UUID>
              <Info>MultibrickGroupService</Info>
            </ProductBackendInfo>
            <ProductBackendInfo name="Skye.MultiBrickTextId">
              <UUID>be46799d-1fb0-434f-9956-5f7a28d24ec5</UUID>
              <Info>Valuable</Info>
            </ProductBackendInfo>
            <ProductBackendInfo name="Skye.DisplayControlWithEmptyContent">
              <UUID>dfe4b803-8320-46f7-8d5b-f58d7b06f520</UUID>
              <Info>False</Info>
            </ProductBackendInfo>
            <ProductBackendInfo name="Skye.StyleClass">
              <UUID>6b4f9ef3-7a4c-4434-9e6a-7feca180645f</UUID>
              <Info />
            </ProductBackendInfo>
            <ProductBackendInfo name="Skye.MultibrickType">
              <UUID>b5334cf5-97e2-4ec6-8c31-aaa829d63a9a</UUID>
              <Info />
            </ProductBackendInfo>
          </ProductBrick>
          <ProductBackendInfo name="Skye.NumberOfColumns">
            <UUID>b3c03130-258e-4bec-8b3e-b13b1249be8a</UUID>
            <Info>2</Info>
          </ProductBackendInfo>
          <ProductBackendInfo name="Skye.DisplayControlWithEmptyContent">
            <UUID>4993b5bc-3c87-4d4c-ae7a-6f47e7f1186a</UUID>
            <Info>True</Info>
          </ProductBackendInfo>
          <ProductBackendInfo name="Skye.StyleClass">
            <UUID>261328e7-c0a9-4edb-990d-e9e3d56be445</UUID>
            <Info />
          </ProductBackendInfo>
          <ProductBackendInfo name="Skye.WidthPercentage">
            <UUID>8e8990ea-5bc5-4e83-90b9-159b460264b5</UUID>
            <Info />
          </ProductBackendInfo>
          <ProductBackendInfo name="Skye.MaxWidthInPixels">
            <UUID>205b33fe-34bb-4fd3-8713-5e0aac29b85f</UUID>
            <Info />
          </ProductBackendInfo>
          <ProductBackendInfo name="Skye.MinWidthInPixels">
            <UUID>493745f4-4da5-4f0a-ac0b-3c0072acf409</UUID>
            <Info />
          </ProductBackendInfo>
          <ProductBackendInfo name="Skye.MultibrickType">
            <UUID>15ac5f6c-8e1e-4f38-87b6-c91e24ff4103</UUID>
            <Info />
          </ProductBackendInfo>
        </ProductBrick>
        <ProductBackendInfo name="Skye.ProcessStepUIType">
          <UUID>b36d8834-4ffc-4680-8d48-f9a053522398</UUID>
          <Info>NoStyleFieldsetGroup</Info>
        </ProductBackendInfo>
        <ProductBackendInfo name="Skye.StyleClass">
          <UUID>dadeaeee-a1c8-4f86-bf84-04bfafdb4ba2</UUID>
          <Info />
        </ProductBackendInfo>
        <ProductBackendInfo name="Skye.OrientationUIType">
          <UUID>c47ec164-a72d-4d76-b7af-e9bd80e8d60b</UUID>
          <Info>vertical</Info>
        </ProductBackendInfo>
        <ProductBackendInfo name="Skye.VerticalAlignmentUIType">
          <UUID>907fb5c4-ad43-45e5-a87d-5ea142821667</UUID>
          <Info>top</Info>
        </ProductBackendInfo>
        <ProductBackendInfo name="Skye.PreCalculatedWidths">
          <UUID>0c91f41e-78bc-4333-af85-c686888fb9c3</UUID>
          <Info>False</Info>
        </ProductBackendInfo>
        <ProductBackendInfo name="Skye.MultibrickType">
          <UUID>957ca47d-5d9d-45b1-9f71-d4d42f0b37b4</UUID>
          <Info />
        </ProductBackendInfo>
      </ProductBrick>
      <ProductBackendInfo name="Skye.NumberOfColumns">
        <UUID>b90a47b7-7284-41c2-93a7-4ef404841e81</UUID>
        <Info>2</Info>
      </ProductBackendInfo>
      <ProductBackendInfo name="Skye.DisplayControlWithEmptyContent">
        <UUID>8cc7b690-9629-45d8-87c0-388368c06908</UUID>
        <Info>True</Info>
      </ProductBackendInfo>
      <ProductBackendInfo name="Skye.StyleClass">
        <UUID>93e4300f-5ad5-43ea-a880-6a73cb82eb2d</UUID>
        <Info />
      </ProductBackendInfo>
      <ProductBackendInfo name="Skye.WidthPercentage">
        <UUID>df354e16-02e4-4825-84ec-b58a1b0d3872</UUID>
        <Info />
      </ProductBackendInfo>
      <ProductBackendInfo name="Skye.MaxWidthInPixels">
        <UUID>e3338332-ad74-4bd6-9672-17e1d59b0f72</UUID>
        <Info />
      </ProductBackendInfo>
      <ProductBackendInfo name="Skye.MinWidthInPixels">
        <UUID>f9e25b41-3cbc-4284-9f8b-89667960ca3b</UUID>
        <Info />
      </ProductBackendInfo>
      <ProductBackendInfo name="Skye.MultibrickType">
        <UUID>2a62c36c-765e-45a7-a48a-9d759daea569</UUID>
        <Info />
      </ProductBackendInfo>
    </ProductBrick>
    <ProductBrick name="Tab3" visibilityLevel="3" brickClass="" isAbstract="false" typeId="0">
      <UUID>574c9e19-7603-487d-beaa-53ed31c622af</UUID>
      <SortOrder>30</SortOrder>
      <MinimumUsage>1</MinimumUsage>
      <MaximumUsage>1</MaximumUsage>
      <InitialUsage>1</InitialUsage>
      <ProductTextRelation>
        <UUID>66feeb6b-3fab-481b-a4fa-f8f61b456d89</UUID>
        <ProductTextUUID>80d4655e-bda6-4b5f-aece-d31e2ac57e9b</ProductTextUUID>
      </ProductTextRelation>
      <ProductPolicyAttribute name="policyStartDate" visibilityLevel="0" mandatory="false" unit="" format="" numberOfDecimals="0" attributeClass="" type="UI">
        <UUID>3d11e4cd-e23b-4c79-b881-298175347ef8</UUID>
        <SortOrder>99</SortOrder>
        <InputType>Textbox</InputType>
        <DataType>String</DataType>
        <MaxLength>4000</MaxLength>
        <MinLength>0</MinLength>
        <ProductBackendInfo name="Skye.AttributeAlias">
          <UUID>4c54bcc0-ac1d-46f3-958a-f0f62782c323</UUID>
          <Info />
        </ProductBackendInfo>
        <ProductBackendInfo name="Skye.Core.DataSecurity">
          <UUID>b773be05-2c2b-4e3e-9a2e-9f38db01c958</UUID>
          <Info>Standard</Info>
        </ProductBackendInfo>
        <ProductBackendInfo name="Skye.AllowValueSetViaUnencryptedURL">
          <UUID>d3136fd5-5f54-4a48-a374-66742e359df8</UUID>
          <Info>False</Info>
        </ProductBackendInfo>
        <ProductBackendInfo name="Skye.UIAttribute.ReferencedModel">
          <UUID>7656ea70-a64e-4f5c-86c3-bd58bb250f3b</UUID>
          <Info>Home</Info>
        </ProductBackendInfo>
        <ProductBackendInfo name="Skye.UIAttribute.ReferencedAttribute">
          <UUID>452520a3-6aee-4aba-9ef7-d667d474bc89</UUID>
          <Info>Product.policyStartDate</Info>
        </ProductBackendInfo>
        <DefinitionValueRelation>
          <DefinitionValueUUID>eff53447-a440-4adb-8fb3-52ef2ce1e6ef</DefinitionValueUUID>
        </DefinitionValueRelation>
      </ProductPolicyAttribute>
      <ProductPolicyAttribute name="insurancePeriod" visibilityLevel="0" mandatory="false" unit="" format="" numberOfDecimals="0" attributeClass="" type="UI">
        <UUID>2f471025-4520-42da-ab4a-6388ad36e80d</UUID>
        <SortOrder>99</SortOrder>
        <InputType>Textbox</InputType>
        <DataType>String</DataType>
        <MaxLength>4000</MaxLength>
        <MinLength>0</MinLength>
        <ProductBackendInfo name="Skye.AttributeAlias">
          <UUID>4a1e1d78-067a-4504-aa05-db0041ae66f6</UUID>
          <Info />
        </ProductBackendInfo>
        <ProductBackendInfo name="Skye.Core.DataSecurity">
          <UUID>9634d29a-db51-4180-b078-6f4c57fc2891</UUID>
          <Info>Standard</Info>
        </ProductBackendInfo>
        <ProductBackendInfo name="Skye.AllowValueSetViaUnencryptedURL">
          <UUID>e9c3f146-b6c4-4d8f-84b3-86f7d3c80ac4</UUID>
          <Info>False</Info>
        </ProductBackendInfo>
        <ProductBackendInfo name="Skye.UIAttribute.ReferencedModel">
          <UUID>8171f4d1-3bac-4a5c-a6ca-77315afce97e</UUID>
          <Info>Home</Info>
        </ProductBackendInfo>
        <ProductBackendInfo name="Skye.UIAttribute.ReferencedAttribute">
          <UUID>9f55c964-2582-4f9e-863a-d62aa5ea8ccd</UUID>
          <Info>Product.insurancePeriod</Info>
        </ProductBackendInfo>
        <DefinitionValueRelation>
          <DefinitionValueUUID>5cb41c36-c189-4523-b9ed-2f74c46b7f96</DefinitionValueUUID>
        </DefinitionValueRelation>
      </ProductPolicyAttribute>
      <ProductPolicyAttribute name="policyEndDate" visibilityLevel="0" mandatory="false" unit="" format="" numberOfDecimals="0" attributeClass="" type="UI">
        <UUID>9a4f4434-369a-4941-a89f-7e59461cf5e6</UUID>
        <SortOrder>99</SortOrder>
        <InputType>Textbox</InputType>
        <DataType>String</DataType>
        <MaxLength>4000</MaxLength>
        <MinLength>0</MinLength>
        <ProductBackendInfo name="Skye.AttributeAlias">
          <UUID>2745f94b-6f4c-4da8-b574-4c9a936eddda</UUID>
          <Info />
        </ProductBackendInfo>
        <ProductBackendInfo name="Skye.Core.DataSecurity">
          <UUID>e1409ef1-f64b-442d-af9a-10e07b95f194</UUID>
          <Info>Standard</Info>
        </ProductBackendInfo>
        <ProductBackendInfo name="Skye.AllowValueSetViaUnencryptedURL">
          <UUID>0b4d79aa-0c18-48ce-ad44-245238d48517</UUID>
          <Info>False</Info>
        </ProductBackendInfo>
        <ProductBackendInfo name="Skye.UIAttribute.ReferencedModel">
          <UUID>c60fd9c9-f6d9-41a5-b835-7519ef2b0ddf</UUID>
          <Info>Home</Info>
        </ProductBackendInfo>
        <ProductBackendInfo name="Skye.UIAttribute.ReferencedAttribute">
          <UUID>7781f8fa-483f-4839-9848-241fa0c9b577</UUID>
          <Info>Product.policyEndDate</Info>
        </ProductBackendInfo>
        <DefinitionValueRelation>
          <DefinitionValueUUID>5d1d1960-db21-4e1a-925f-5a190208b89c</DefinitionValueUUID>
        </DefinitionValueRelation>
      </ProductPolicyAttribute>
      <ProductBackendInfo name="Skye.NumberOfColumns">
        <UUID>8b32b7fa-1fac-49f9-9a20-9c4db29160b3</UUID>
        <Info>2</Info>
      </ProductBackendInfo>
      <ProductBackendInfo name="Skye.DisplayControlWithEmptyContent">
        <UUID>8b6481a5-3d89-40c7-afa2-16217ab6d0f9</UUID>
        <Info>True</Info>
      </ProductBackendInfo>
      <ProductBackendInfo name="Skye.StyleClass">
        <UUID>b1ff7823-cda0-427c-a70d-8881e61a78a6</UUID>
        <Info />
      </ProductBackendInfo>
      <ProductBackendInfo name="Skye.WidthPercentage">
        <UUID>6d63f506-38b4-4bd1-9300-bb54dce45695</UUID>
        <Info />
      </ProductBackendInfo>
      <ProductBackendInfo name="Skye.MaxWidthInPixels">
        <UUID>b67bd93d-1850-463c-b28a-31ca8aa7f081</UUID>
        <Info />
      </ProductBackendInfo>
      <ProductBackendInfo name="Skye.MinWidthInPixels">
        <UUID>ce8599ec-987e-4648-b7be-148fedf4dce0</UUID>
        <Info />
      </ProductBackendInfo>
      <ProductBackendInfo name="Skye.MultibrickType">
        <UUID>726ff962-26ac-493a-9977-88d680893bc2</UUID>
        <Info />
      </ProductBackendInfo>
    </ProductBrick>
    <ProductBackendInfo name="Skye.ProcessStepUIType">
      <UUID>ef431bef-8232-4589-aed2-15725db3975b</UUID>
      <Info>TabGroup</Info>
    </ProductBackendInfo>
    <ProductBackendInfo name="Skye.StyleClass">
      <UUID>382e5e77-43d8-4484-87da-534d712df441</UUID>
      <Info />
    </ProductBackendInfo>
    <ProductBackendInfo name="Skye.OrientationUIType">
      <UUID>75afc92f-6571-4833-82e7-02f5fd856a45</UUID>
      <Info>vertical</Info>
    </ProductBackendInfo>
    <ProductBackendInfo name="Skye.VerticalAlignmentUIType">
      <UUID>cbeb836e-7bec-4d66-95df-ce94cb30d92a</UUID>
      <Info>top</Info>
    </ProductBackendInfo>
    <ProductBackendInfo name="Skye.PreCalculatedWidths">
      <UUID>35278b9a-fbe6-4302-aca1-092a35e0aaa6</UUID>
      <Info>False</Info>
    </ProductBackendInfo>
    <ProductBackendInfo name="Skye.MultibrickType">
      <UUID>776af53b-60e4-4450-bc8b-44666d78127d</UUID>
      <Info />
    </ProductBackendInfo>
  </ProductBrick>
  <ProductBrick name="HomeCustomerAddressDetailsUIDefStickyBar1" visibilityLevel="3" brickClass="" isAbstract="false" typeId="0">
    <UUID>d5e54bd5-dd92-4f25-a5b0-a1dccbfb5638</UUID>
    <SortOrder>20</SortOrder>
    <MinimumUsage>1</MinimumUsage>
    <MaximumUsage>1</MaximumUsage>
    <InitialUsage>1</InitialUsage>
    <ProductPolicyAttribute name="StickyMessage" visibilityLevel="0" mandatory="false" unit="" format="" numberOfDecimals="0" attributeClass="" type="UI">
      <UUID>a147875f-9ab0-41f5-b6f4-c4f7f638a750</UUID>
      <SortOrder>99</SortOrder>
      <InputType>Textbox</InputType>
      <DataType>String</DataType>
      <MaxLength>4000</MaxLength>
      <MinLength>0</MinLength>
      <ProductBackendInfo name="Skye.AttributeAlias">
        <UUID>36f1384a-2902-49ad-b49e-8b4bd076574b</UUID>
        <Info />
      </ProductBackendInfo>
      <ProductBackendInfo name="Skye.Core.DataSecurity">
        <UUID>c0698770-8e57-4e31-ad57-d4ed9cb74cb8</UUID>
        <Info>Standard</Info>
      </ProductBackendInfo>
      <ProductBackendInfo name="Skye.AllowValueSetViaUnencryptedURL">
        <UUID>cce51933-b0f8-4544-8906-c0e4e562968a</UUID>
        <Info>False</Info>
      </ProductBackendInfo>
      <ProductBackendInfo name="Skye.UIAttribute.ReferencedModel">
        <UUID>7b166a25-8310-43f5-9fd9-d0bc616c424e</UUID>
        <Info>Home</Info>
      </ProductBackendInfo>
      <ProductBackendInfo name="Skye.UIAttribute.ReferencedAttribute">
        <UUID>7c7a68be-faa5-4725-a705-06214828af98</UUID>
        <Info>Home.StickyMessage</Info>
      </ProductBackendInfo>
      <DefinitionValueRelation>
        <DefinitionValueUUID>57c4f3d0-65ef-4759-9af5-f414e5de2c55</DefinitionValueUUID>
      </DefinitionValueRelation>
    </ProductPolicyAttribute>
    <ProductBackendInfo name="Skye.StickyBarPositionUIType">
      <UUID>6685d253-745c-41e3-b487-063ae0146c50</UUID>
      <Info>top</Info>
    </ProductBackendInfo>
    <ProductBackendInfo name="Skye.ProcessStepUIType">
      <UUID>f5d2fb5b-21b2-43e5-9039-0ced66e188bf</UUID>
      <Info>StickyBar</Info>
    </ProductBackendInfo>
    <ProductBackendInfo name="Skye.StyleClass">
      <UUID>87e2367a-d91e-4ed4-bd2f-27b3824fd3d4</UUID>
      <Info />
    </ProductBackendInfo>
    <ProductBackendInfo name="Skye.MultibrickType">
      <UUID>54769111-f8a7-46ed-a146-0a34ebd350a0</UUID>
      <Info />
    </ProductBackendInfo>
  </ProductBrick>
  <DefinitionDependentLists>
    <DefinitionDependencyDefaultValueList />
    <DefinitionDependencyValueRangeList />
    <DefinitionDependencyVisibilityList />
    <DefinitionDependencyMandatoryList />
    <DefinitionDependencyToDependencyList />
    <DefinitionDependencyValueRangeFilterValuesList />
    <DefinitionDependencyDataSourceAttributeList />
  </DefinitionDependentLists>
</Product>