﻿<?xml version="1.0" encoding="utf-8"?>
<Product xmlns:xsd="http://www.w3.org/2001/XMLSchema" xmlns:xsi="http://www.w3.org/2001/XMLSchema-instance" name="FreeTextSearch" lastChanged="2019-05-08T07:33:05Z" implementationClass=" " versionUuid=" " modelType="search" subModelType="freetext" skyeEditorVersion="7.15.0.16">
  <UUID>0ba35b8b-c87e-499c-b5d1-53135a70e184</UUID>
  <SortOrder>0</SortOrder>
  <BusinessUnit> </BusinessUnit>
  <Section> </Section>
  <ProductTextList>
    <ProductText name="searchInfo" language="en" country="US">
      <UUID>4450b473-cae5-436d-a1fc-a8b69e35cf9d</UUID>
      <Text>Showing records _START_ to _END_ of a total of _TOTAL_ entries</Text>
    </ProductText>
    <ProductText name="header" language="en" country="US">
      <UUID>70bd39d7-0315-4f02-a763-ba8e6edd2bbf</UUID>
      <Text>Search results</Text>
    </ProductText>
    <ProductText name="searchNoRecords" language="en" country="US">
      <UUID>7407bd56-4a0a-40d2-b44d-0f3c20751c9b</UUID>
      <Text>No records found</Text>
    </ProductText>
  </ProductTextList>
  <ProductValueRangeList />
  <DefinitionBusinessObjectContextList />
  <DefinitionResourceList />
  <AbstractProductBrickList />
  <ProductValueList>
    <ProductValue name=" " type="value">
      <UUID>3196f44c-6b48-4e03-80d7-a7e644ccd5b8</UUID>
      <SortOrder>0</SortOrder>
      <Value />
    </ProductValue>
    <ProductValue name="5" type="value">
      <UUID>3f460d61-a4e8-410e-a395-98654be047a3</UUID>
      <SortOrder>0</SortOrder>
      <Value>5</Value>
    </ProductValue>
    <ProductValue name="fullTextIndexSearchResult" type="value">
      <UUID>51c1c9d9-4ce7-4990-9fc8-7cd5c6cfe9ea</UUID>
      <SortOrder>0</SortOrder>
      <Value>fullTextIndexSearchResult</Value>
    </ProductValue>
    <ProductValue name=" " type="value">
      <UUID>5923d53f-2d41-4e07-a6ab-1ea048d6cd9e</UUID>
      <SortOrder>0</SortOrder>
      <Value />
    </ProductValue>
    <ProductValue name="LastModified" type="value">
      <UUID>605b2730-81b7-4876-8840-b1cff24aaa3d</UUID>
      <SortOrder>0</SortOrder>
      <Value>LastModified</Value>
    </ProductValue>
  </ProductValueList>
  <ProductPolicyAttribute name="@SearchTextType" visibilityLevel="1" mandatory="false" unit="" format="" numberOfDecimals="0" attributeClass=" " type="Standard">
    <UUID>2c329133-3f60-4447-9405-4703c6606848</UUID>
    <SortOrder>99</SortOrder>
    <InputType>Textbox</InputType>
    <DataType>String</DataType>
    <MaxLength>4000</MaxLength>
    <MinLength>0</MinLength>
    <ProductBackendInfo name="Skye.AllowValueSetViaUnencryptedURL">
      <UUID>0294d136-86b9-46a2-8099-066cb2fe75c6</UUID>
      <Info>False</Info>
    </ProductBackendInfo>
    <ProductBackendInfo name="Skye.AttributeAlias">
      <UUID>53f1944b-b396-41e7-a7d8-d87d59b94430</UUID>
      <Info />
    </ProductBackendInfo>
    <ProductBackendInfo name="Skye.Core.DataSecurity">
      <UUID>97e0c89f-ff72-49aa-b788-069d0a23f03a</UUID>
      <Info>Standard</Info>
    </ProductBackendInfo>
    <DefinitionValueRelation>
      <UUID>11e9f0dd-8499-7a40-8a2d-1f914ab48f5c</UUID>
      <DefinitionValueUUID>51c1c9d9-4ce7-4990-9fc8-7cd5c6cfe9ea</DefinitionValueUUID>
    </DefinitionValueRelation>
  </ProductPolicyAttribute>
  <ProductPolicyAttribute name="@NumberOfSearchResultsPerPage" visibilityLevel="1" mandatory="false" unit="" format="" numberOfDecimals="0" attributeClass=" " type="Standard">
    <UUID>3614d902-91dc-4b58-b27a-2fdb15b065c8</UUID>
    <SortOrder>99</SortOrder>
    <InputType>Textbox</InputType>
    <DataType>String</DataType>
    <MaxLength>4000</MaxLength>
    <MinLength>0</MinLength>
    <ProductBackendInfo name="Skye.AttributeAlias">
      <UUID>a908ac33-8c8f-4dbf-86ad-bfec4149d08b</UUID>
      <Info />
    </ProductBackendInfo>
    <ProductBackendInfo name="Skye.AllowValueSetViaUnencryptedURL">
      <UUID>a9b594e6-08bd-4b00-abf8-6cbc4b086a70</UUID>
      <Info>False</Info>
    </ProductBackendInfo>
    <ProductBackendInfo name="Skye.Core.DataSecurity">
      <UUID>ff39a01a-8873-4281-8f43-0071fa8837b5</UUID>
      <Info>Standard</Info>
    </ProductBackendInfo>
    <DefinitionValueRelation>
      <UUID>11e9f0dd-8499-7a42-8a2d-1f914ab48f5c</UUID>
      <DefinitionValueUUID>3f460d61-a4e8-410e-a395-98654be047a3</DefinitionValueUUID>
    </DefinitionValueRelation>
  </ProductPolicyAttribute>
  <ProductPolicyAttribute name="@SearchForModelTypes" visibilityLevel="1" mandatory="false" unit="" format="" numberOfDecimals="0" attributeClass=" " type="Standard">
    <UUID>490c297a-b747-4590-841e-e9a8521a3e73</UUID>
    <SortOrder>99</SortOrder>
    <InputType>Textbox</InputType>
    <DataType>String</DataType>
    <MaxLength>4000</MaxLength>
    <MinLength>0</MinLength>
    <ProductBackendInfo name="Skye.Core.DataSecurity">
      <UUID>11de8e73-61d1-4c5c-8923-3e062918f15e</UUID>
      <Info>Standard</Info>
    </ProductBackendInfo>
    <ProductBackendInfo name="Skye.AttributeAlias">
      <UUID>b2ee4580-6dde-4e6d-a6a5-b924c5674737</UUID>
      <Info />
    </ProductBackendInfo>
    <ProductBackendInfo name="Skye.AllowValueSetViaUnencryptedURL">
      <UUID>fe927b61-487b-4fc4-a021-8815fbab87e1</UUID>
      <Info>False</Info>
    </ProductBackendInfo>
    <DefinitionValueRelation>
      <UUID>11e9f0dd-8499-7a41-8a2d-1f914ab48f5c</UUID>
      <DefinitionValueUUID>3196f44c-6b48-4e03-80d7-a7e644ccd5b8</DefinitionValueUUID>
    </DefinitionValueRelation>
  </ProductPolicyAttribute>
  <ProductPolicyAttribute name="@SearchSorting" visibilityLevel="0" mandatory="false" unit="" format="" numberOfDecimals="0" attributeClass=" " type="Standard">
    <UUID>854470b3-1e27-4038-8c9e-b67b5b82638a</UUID>
    <SortOrder>99</SortOrder>
    <InputType>Textbox</InputType>
    <DataType>String</DataType>
    <MaxLength>4000</MaxLength>
    <MinLength>0</MinLength>
    <ProductBackendInfo name="Skye.search.sortingOrder">
      <UUID>4595a18c-4d36-42bd-b2c6-a2c38db07f64</UUID>
      <Info>Descending</Info>
    </ProductBackendInfo>
    <ProductBackendInfo name="Skye.Core.DataSecurity">
      <UUID>53eebbf0-66a5-4352-b9c7-89d48a795375</UUID>
      <Info>Standard</Info>
    </ProductBackendInfo>
    <ProductBackendInfo name="Skye.AttributeAlias">
      <UUID>6319fc8c-cee5-49d8-80c1-06dcc7e0a1e4</UUID>
      <Info />
    </ProductBackendInfo>
    <ProductBackendInfo name="Skye.AllowValueSetViaUnencryptedURL">
      <UUID>c2e1cf1d-06ca-4375-80af-88d8ccf4d6fa</UUID>
      <Info>False</Info>
    </ProductBackendInfo>
    <DefinitionValueRelation>
      <UUID>11e9f0dd-8499-7a3e-8a2d-1f914ab48f5c</UUID>
      <DefinitionValueUUID>605b2730-81b7-4876-8840-b1cff24aaa3d</DefinitionValueUUID>
    </DefinitionValueRelation>
  </ProductPolicyAttribute>
  <ProductPolicyAttribute name="@SearchForModelTextIds" visibilityLevel="1" mandatory="false" unit="" format="" numberOfDecimals="0" attributeClass=" " type="Standard">
    <UUID>c474b56e-d3d9-4794-8888-9eb963d4448f</UUID>
    <SortOrder>99</SortOrder>
    <InputType>Textbox</InputType>
    <DataType>String</DataType>
    <MaxLength>4000</MaxLength>
    <MinLength>0</MinLength>
    <ProductBackendInfo name="Skye.AllowValueSetViaUnencryptedURL">
      <UUID>3c2738ab-256b-4020-8319-daee1f1fb184</UUID>
      <Info>False</Info>
    </ProductBackendInfo>
    <ProductBackendInfo name="Skye.AttributeAlias">
      <UUID>67260259-a6ed-4b19-af64-da226d64c653</UUID>
      <Info />
    </ProductBackendInfo>
    <ProductBackendInfo name="Skye.Core.DataSecurity">
      <UUID>93f2c71a-cd53-4a84-aace-f558a4dfd881</UUID>
      <Info>Standard</Info>
    </ProductBackendInfo>
    <DefinitionValueRelation>
      <UUID>11e9f0dd-8499-7a3f-8a2d-1f914ab48f5c</UUID>
      <DefinitionValueUUID>5923d53f-2d41-4e07-a6ab-1ea048d6cd9e</DefinitionValueUUID>
    </DefinitionValueRelation>
  </ProductPolicyAttribute>
  <ProductTextRelation>
    <ProductTextUUID>7407bd56-4a0a-40d2-b44d-0f3c20751c9b</ProductTextUUID>
  </ProductTextRelation>
  <ProductTextRelation>
    <ProductTextUUID>4450b473-cae5-436d-a1fc-a8b69e35cf9d</ProductTextUUID>
  </ProductTextRelation>
  <ProductTextRelation>
    <ProductTextUUID>70bd39d7-0315-4f02-a763-ba8e6edd2bbf</ProductTextUUID>
  </ProductTextRelation>
  <DefinitionDependentLists>
    <DefinitionDependencyDefaultValueList />
    <DefinitionDependencyValueRangeList />
    <DefinitionDependencyVisibilityList />
    <DefinitionDependencyMandatoryList />
    <DefinitionDependencyToDependencyList />
    <DefinitionDependencyValueRangeFilterValuesList />
    <DefinitionDependencyDataSourceAttributeList />
  </DefinitionDependentLists>
</Product>