﻿<?xml version="1.0" encoding="utf-8"?>
<Product xmlns:xsd="http://www.w3.org/2001/XMLSchema" xmlns:xsi="http://www.w3.org/2001/XMLSchema-instance" name="Shoppingcart" lastChanged="2019-10-14T14:15:35.0082407Z" implementationClass=" " versionUuid=" " modelType="shoppingcart" subModelType="" skyeEditorVersion="7.15.0.16">
  <UUID>4484a45d-11bc-4ae4-ade8-b24ac6bc60b9</UUID>
  <SortOrder>0</SortOrder>
  <BusinessUnit> </BusinessUnit>
  <Section> </Section>
  <ProductTextList>
    <ProductText name="short" language="en" country="US">
      <UUID>2e2806fd-80fd-472d-baea-053f73f6e175</UUID>
      <Text>Payment amount</Text>
    </ProductText>
    <ProductText name="short" language="en" country="US">
      <UUID>3c141865-e381-49ca-b103-a340fe3bf60c</UUID>
      <Text>Check Nr.</Text>
    </ProductText>
    <ProductText name="short" language="en" country="US">
      <UUID>5732db60-7839-4180-bcc8-b0a228d7d34c</UUID>
      <Text>Bank</Text>
    </ProductText>
    <ProductText name="short" language="en" country="US">
      <UUID>5d4dd966-8cac-4012-b677-0f70426bb4f9</UUID>
      <Text>Check Date</Text>
    </ProductText>
    <ProductText name="searchTooManyRecords" language="en" country="US">
      <UUID>9ff7b0e8-a1b3-40be-90ce-4af0c2cdc7f7</UUID>
      <Text />
    </ProductText>
  </ProductTextList>
  <ProductValueRangeList>
    <ProductValueRange name="Reference.attributeMappingVR" type="fix">
      <UUID>add1549d-aa5f-4f0b-8e03-c26a8cd5478b</UUID>
    </ProductValueRange>
    <ProductValueRange name="Reference.referencedModelsVR" type="fix">
      <UUID>f1432d90-4b22-41ad-b60e-6fac04965662</UUID>
      <DefinitionValueRelation>
        <UUID>11e9ee89-83c1-8a92-ace9-5ff23aa7cc38</UUID>
        <DefinitionValueUUID>3e4e4a84-582d-4738-83f8-f7f1a8a5690a</DefinitionValueUUID>
      </DefinitionValueRelation>
      <DefinitionValueRelation>
        <UUID>11e9ee89-83c1-8a98-ace9-5ff23aa7cc38</UUID>
        <DefinitionValueUUID>abee3978-cb97-4a54-b3ee-a803d3d9f052</DefinitionValueUUID>
      </DefinitionValueRelation>
    </ProductValueRange>
  </ProductValueRangeList>
  <DefinitionBusinessObjectContextList>
    <DefinitionBusinessObjectContext name="HomeCreatePolicy:Payment-callcenter-callcenter">
      <UUID>1623f5bc-1fb7-48f1-8ddc-d6c8c74f8030</UUID>
      <SubclassId>sortOrderContext</SubclassId>
      <ValueField>4</ValueField>
    </DefinitionBusinessObjectContext>
    <DefinitionBusinessObjectContext name="HomeCreatePolicy:Payment-callcenter-callcenter">
      <UUID>1b77eae5-e8fe-4be4-b5cd-40afa7b51769</UUID>
      <SubclassId>sortOrderContext</SubclassId>
      <ValueField>2</ValueField>
    </DefinitionBusinessObjectContext>
    <DefinitionBusinessObjectContext name="HomeCreatePolicy:Payment-callcenter-callcenter">
      <UUID>2cd9caf3-d3cf-4272-bdf8-dcf7b2293377</UUID>
      <SubclassId>sortOrderContext</SubclassId>
      <ValueField>99</ValueField>
    </DefinitionBusinessObjectContext>
    <DefinitionBusinessObjectContext name="HomeCreatePolicy:Payment-callcenter-callcenter">
      <UUID>85f3ca87-7dd2-409d-a0d3-ac2473a29fa7</UUID>
      <SubclassId>visibilityLevelContext</SubclassId>
      <ValueField>4</ValueField>
    </DefinitionBusinessObjectContext>
    <DefinitionBusinessObjectContext name="HomeCreatePolicy:Payment-callcenter-callcenter">
      <UUID>87ba6c79-2db7-4c99-935a-809da07d77fb</UUID>
      <SubclassId>visibilityLevelContext</SubclassId>
      <ValueField>2</ValueField>
    </DefinitionBusinessObjectContext>
    <DefinitionBusinessObjectContext name="HomeCreatePolicy:Payment-callcenter-callcenter">
      <UUID>c73f0bd8-eb30-4144-9ee9-e6aa8a618ceb</UUID>
      <SubclassId>isMandatoryContext</SubclassId>
      <ValueField>True</ValueField>
    </DefinitionBusinessObjectContext>
    <DefinitionBusinessObjectContext name="HomeCreatePolicy:Payment-callcenter-callcenter">
      <UUID>fe09506a-6762-4ca4-b8df-9c4bb6019c3f</UUID>
      <SubclassId>sortOrderContext</SubclassId>
      <ValueField>3</ValueField>
    </DefinitionBusinessObjectContext>
  </DefinitionBusinessObjectContextList>
  <DefinitionResourceList />
  <AbstractProductBrickList />
  <ProductValueList>
    <ProductValue name="HomeCreatePolicy" type="value">
      <UUID>3e4e4a84-582d-4738-83f8-f7f1a8a5690a</UUID>
      <SortOrder>0</SortOrder>
      <Value />
    </ProductValue>
    <ProductValue name=" " type="value">
      <UUID>54cf3ccb-b553-4f13-9c2e-9e5d76ad6188</UUID>
      <SortOrder>0</SortOrder>
      <Value />
    </ProductValue>
    <ProductValue name=" " type="value">
      <UUID>6fc1ddf8-1278-4b18-b61e-2c51aab9e918</UUID>
      <SortOrder>0</SortOrder>
      <Value />
    </ProductValue>
    <ProductValue name=" " type="value">
      <UUID>7a411c43-56c8-41a2-8305-fa1cfdad586c</UUID>
      <SortOrder>0</SortOrder>
      <Value />
    </ProductValue>
    <ProductValue name=" " type="value">
      <UUID>9cc7e8fb-ae25-4644-a7e7-43a34325d41f</UUID>
      <SortOrder>0</SortOrder>
      <Value />
    </ProductValue>
    <ProductValue name="FamilyInsuranceCreatePolicy" type="value">
      <UUID>abee3978-cb97-4a54-b3ee-a803d3d9f052</UUID>
      <SortOrder>0</SortOrder>
      <Value />
    </ProductValue>
    <ProductValue name=" " type="value">
      <UUID>f2b288d2-f78c-4533-8b16-19d7c3f37ecc</UUID>
      <SortOrder>0</SortOrder>
      <Value />
    </ProductValue>
    <ProductValue name="Cheque" type="value">
      <UUID>57970c08-f80f-404f-8e80-caa2cd0dc37c</UUID>
      <SortOrder>0</SortOrder>
      <Value>Cheque</Value>
    </ProductValue>
    <ProductValue name="Cheque" type="value">
      <UUID>27b3a024-c754-4f86-8791-6cfd574a50a7</UUID>
      <SortOrder>0</SortOrder>
      <Value>Cheque</Value>
    </ProductValue>
    <ProductValue name="Cheque" type="value">
      <UUID>44999252-3fed-49a4-87e7-df2bcc35ac42</UUID>
      <SortOrder>0</SortOrder>
      <Value>Cheque</Value>
    </ProductValue>
  </ProductValueList>
  <ProductPolicyAttribute name="processModel" visibilityLevel="0" mandatory="false" unit="" format="" numberOfDecimals="0" attributeClass=" " type="Reference">
    <UUID>5baae214-7cc8-4a14-8cb9-ff5a6d435cde</UUID>
    <SortOrder>99</SortOrder>
    <InputType>Textbox</InputType>
    <DataType>process</DataType>
    <MaxLength>4000</MaxLength>
    <MinLength>0</MinLength>
    <ProductTextRelation>
      <ProductTextUUID>9ff7b0e8-a1b3-40be-90ce-4af0c2cdc7f7</ProductTextUUID>
    </ProductTextRelation>
    <ProductValueRangeRelation>
      <UUID>70759546-0016-456b-b122-e90a5e48bb60</UUID>
      <SortOrder>0</SortOrder>
      <ProductValueRangeUUID>f1432d90-4b22-41ad-b60e-6fac04965662</ProductValueRangeUUID>
    </ProductValueRangeRelation>
    <ProductValueRangeRelation>
      <UUID>af3ec62a-a77c-4a38-aa35-643dc7918b7c</UUID>
      <SortOrder>0</SortOrder>
      <ProductValueRangeUUID>add1549d-aa5f-4f0b-8e03-c26a8cd5478b</ProductValueRangeUUID>
    </ProductValueRangeRelation>
    <ProductBackendInfo name="Skye.Reference.DisplayValidationError">
      <UUID>034dae01-4055-44ef-8653-fa3a84f56591</UUID>
      <Info>False</Info>
    </ProductBackendInfo>
    <ProductBackendInfo name="Skye.AttributeAlias">
      <UUID>1b723998-a4d4-43b4-98c0-f1fb515f9599</UUID>
      <Info />
    </ProductBackendInfo>
    <ProductBackendInfo name="Skye.AllowValueSetViaUnencryptedURL">
      <UUID>1e895cdb-7280-4332-b7c6-62b3ef0122f8</UUID>
      <Info>False</Info>
    </ProductBackendInfo>
    <ProductBackendInfo name="Skye.Reference.SetReferenceBehaviour">
      <UUID>33a1dfbc-c812-47d1-ad64-098aa2f7b372</UUID>
      <Info>ByUuid</Info>
    </ProductBackendInfo>
    <ProductBackendInfo name="Skye.MaximumNumberOfSearchResults">
      <UUID>3d65c302-6dde-4b7f-9df0-ab4154962202</UUID>
      <Info>20</Info>
    </ProductBackendInfo>
    <ProductBackendInfo name="Skye.Reference.ShouldCopyValues">
      <UUID>951bf7ba-99fa-4a1c-8e14-0d1052b7f03d</UUID>
      <Info>false</Info>
    </ProductBackendInfo>
    <ProductBackendInfo name="Skye.Core.DataSecurity">
      <UUID>9a4e2e2a-ae64-4c08-b470-80bcaeac4049</UUID>
      <Info>Standard</Info>
    </ProductBackendInfo>
    <ProductBackendInfo name="Skye.Reference.DeleteBehavior">
      <UUID>a49a4072-8132-42c8-8a26-981b19a418d6</UUID>
      <Info>ignore</Info>
    </ProductBackendInfo>
    <ProductBackendInfo name="Skye.Reference.CopyBehavior">
      <UUID>b3ccf4a7-0576-4c22-8c99-08b84b62558d</UUID>
      <Info>setnull</Info>
    </ProductBackendInfo>
    <ProductBackendInfo name="Skye.Reference.CheckValidity">
      <UUID>d2c37737-9982-4ab3-bd34-10ed5b929f94</UUID>
      <Info>false</Info>
    </ProductBackendInfo>
    <ProductBackendInfo name="Skye.CharsToTriggerSearch">
      <UUID>d4509945-a337-40b3-83f3-d3d0caedc5fe</UUID>
      <Info>3</Info>
    </ProductBackendInfo>
    <ProductBackendInfo name="Skye.Reference.SearchTextType">
      <UUID>ff08e836-d9ab-43a9-b9b7-577b788f5ed8</UUID>
      <Info />
    </ProductBackendInfo>
    <DefinitionValueRelation>
      <UUID>11e9ee89-83c1-8a94-ace9-5ff23aa7cc38</UUID>
      <DefinitionValueUUID>f2b288d2-f78c-4533-8b16-19d7c3f37ecc</DefinitionValueUUID>
    </DefinitionValueRelation>
  </ProductPolicyAttribute>
  <ProductBrick name="PaymentInfo" visibilityLevel="3" brickClass=" " isAbstract="false" typeId="15">
    <UUID>71706579-2922-42fb-bd7b-81605f48d1d7</UUID>
    <SortOrder>99</SortOrder>
    <MinimumUsage>1</MinimumUsage>
    <MaximumUsage>1</MaximumUsage>
    <InitialUsage>1</InitialUsage>
    <PredecessorBrickUUID />
    <PredecessorBrickName />
    <ProductPolicyAttribute name="PaymentAmount" visibilityLevel="0" mandatory="false" unit="" format="&lt;Format&gt;&lt;Out&gt;&lt;Class&gt;com.innoveo.skye.business.model.extension.attribute.format.CurrencyFormatter&lt;/Class&gt;&lt;/Out&gt;&lt;In&gt;&lt;Class&gt;com.innoveo.skye.business.model.extension.attribute.format.CurrencyFormatter&lt;/Class&gt;&lt;/In&gt;&lt;/Format&gt;" numberOfDecimals="0" attributeClass=" " type="Standard">
      <UUID>04490406-b57b-4a9f-a3c6-a6a42db2f692</UUID>
      <SortOrder>99</SortOrder>
      <InputType>Textbox</InputType>
      <DataType>String</DataType>
      <MaxLength>4000</MaxLength>
      <MinLength>0</MinLength>
      <ProductTextRelation>
        <ProductTextUUID>2e2806fd-80fd-472d-baea-053f73f6e175</ProductTextUUID>
      </ProductTextRelation>
      <ProductBackendInfo name="Skye.AttributeAlias">
        <UUID>32f7adc5-87a7-459f-89e9-020d16985bbf</UUID>
        <Info />
      </ProductBackendInfo>
      <ProductBackendInfo name="Skye.AllowValueSetViaUnencryptedURL">
        <UUID>98be1e9c-5659-4a0f-946b-0109603d3281</UUID>
        <Info>False</Info>
      </ProductBackendInfo>
      <ProductBackendInfo name="Skye.CurrencySymbol">
        <UUID>cb04b8f3-bdbf-4034-a3e4-8b562a9dfc29</UUID>
        <Info>$</Info>
      </ProductBackendInfo>
      <ProductBackendInfo name="Skye.PrefixCurrencySymbol">
        <UUID>deb93754-7ec7-45b1-ae55-a124782efdc3</UUID>
        <Info>true</Info>
      </ProductBackendInfo>
      <ProductBackendInfo name="Skye.Core.DataSecurity">
        <UUID>f27bbaa7-f82f-4798-9783-ff7fb536058a</UUID>
        <Info>Standard</Info>
      </ProductBackendInfo>
      <DefinitionValueRelation>
        <UUID>11e9ee89-83c1-8a93-ace9-5ff23aa7cc38</UUID>
        <DefinitionValueUUID>7a411c43-56c8-41a2-8305-fa1cfdad586c</DefinitionValueUUID>
      </DefinitionValueRelation>
      <DefinitionBusinessObjectContextRelation>
        <ContextUUID>87ba6c79-2db7-4c99-935a-809da07d77fb</ContextUUID>
        <DefinitionObjectUUID>04490406-b57b-4a9f-a3c6-a6a42db2f692</DefinitionObjectUUID>
        <ValueField>2</ValueField>
      </DefinitionBusinessObjectContextRelation>
      <DefinitionBusinessObjectContextRelation>
        <ContextUUID>2cd9caf3-d3cf-4272-bdf8-dcf7b2293377</ContextUUID>
        <DefinitionObjectUUID>04490406-b57b-4a9f-a3c6-a6a42db2f692</DefinitionObjectUUID>
        <ValueField>99</ValueField>
      </DefinitionBusinessObjectContextRelation>
    </ProductPolicyAttribute>
    <ProductPolicyAttribute name="Bank" visibilityLevel="0" mandatory="true" unit="" format="" numberOfDecimals="0" attributeClass=" " type="Standard">
      <UUID>07db1935-2d20-4b38-8253-2d899d2fc8bb</UUID>
      <SortOrder>99</SortOrder>
      <InputType>Textbox</InputType>
      <DataType>String</DataType>
      <MaxLength>4000</MaxLength>
      <MinLength>0</MinLength>
      <ProductTextRelation>
        <ProductTextUUID>5732db60-7839-4180-bcc8-b0a228d7d34c</ProductTextUUID>
      </ProductTextRelation>
      <ProductBackendInfo name="Skye.AllowValueSetViaUnencryptedURL">
        <UUID>0d65787b-a89e-4e19-9902-46e4010c8adb</UUID>
        <Info>False</Info>
      </ProductBackendInfo>
      <ProductBackendInfo name="Skye.AttributeAlias">
        <UUID>9382ed54-feba-43a5-aaa9-a2fad786093e</UUID>
        <Info />
      </ProductBackendInfo>
      <ProductBackendInfo name="Skye.Core.DataSecurity">
        <UUID>f9a37fc9-1195-4c83-9e11-918eb5e69a73</UUID>
        <Info>Standard</Info>
      </ProductBackendInfo>
      <DefinitionValueRelation>
        <UUID>11e9ee89-83c1-8a97-ace9-5ff23aa7cc38</UUID>
        <DefinitionValueUUID>54cf3ccb-b553-4f13-9c2e-9e5d76ad6188</DefinitionValueUUID>
      </DefinitionValueRelation>
      <DefinitionBusinessObjectContextRelation>
        <ContextUUID>1b77eae5-e8fe-4be4-b5cd-40afa7b51769</ContextUUID>
        <DefinitionObjectUUID>07db1935-2d20-4b38-8253-2d899d2fc8bb</DefinitionObjectUUID>
        <ValueField>2</ValueField>
      </DefinitionBusinessObjectContextRelation>
      <DefinitionBusinessObjectContextRelation>
        <ContextUUID>c73f0bd8-eb30-4144-9ee9-e6aa8a618ceb</ContextUUID>
        <DefinitionObjectUUID>07db1935-2d20-4b38-8253-2d899d2fc8bb</DefinitionObjectUUID>
        <ValueField>True</ValueField>
      </DefinitionBusinessObjectContextRelation>
    </ProductPolicyAttribute>
    <ProductPolicyAttribute name="ChequeDate" visibilityLevel="0" mandatory="true" unit="" format="" numberOfDecimals="0" attributeClass=" " type="Standard">
      <UUID>2b9dd5ff-e732-47b3-b5be-6cb1f2af29f9</UUID>
      <SortOrder>99</SortOrder>
      <InputType>Datepicker</InputType>
      <DataType>Date</DataType>
      <MaxLength>4000</MaxLength>
      <MinLength>0</MinLength>
      <ProductTextRelation>
        <ProductTextUUID>5d4dd966-8cac-4012-b677-0f70426bb4f9</ProductTextUUID>
      </ProductTextRelation>
      <ProductBackendInfo name="Skye.AttributeAlias">
        <UUID>3ba28cbe-de50-4094-8333-f271131aefba</UUID>
        <Info />
      </ProductBackendInfo>
      <ProductBackendInfo name="Skye.Core.DataSecurity">
        <UUID>bb94992d-1fa7-4e44-89c2-4bfd36dea7b1</UUID>
        <Info>Standard</Info>
      </ProductBackendInfo>
      <ProductBackendInfo name="Skye.AllowValueSetViaUnencryptedURL">
        <UUID>bfe3f33e-7c91-46a0-a1aa-7c7fec3ae30e</UUID>
        <Info>False</Info>
      </ProductBackendInfo>
      <DefinitionValueRelation>
        <UUID>11e9ee89-83c1-8a95-ace9-5ff23aa7cc38</UUID>
        <DefinitionValueUUID>6fc1ddf8-1278-4b18-b61e-2c51aab9e918</DefinitionValueUUID>
      </DefinitionValueRelation>
      <DefinitionBusinessObjectContextRelation>
        <ContextUUID>1623f5bc-1fb7-48f1-8ddc-d6c8c74f8030</ContextUUID>
        <DefinitionObjectUUID>2b9dd5ff-e732-47b3-b5be-6cb1f2af29f9</DefinitionObjectUUID>
        <ValueField>4</ValueField>
      </DefinitionBusinessObjectContextRelation>
      <DefinitionBusinessObjectContextRelation>
        <ContextUUID>c73f0bd8-eb30-4144-9ee9-e6aa8a618ceb</ContextUUID>
        <DefinitionObjectUUID>2b9dd5ff-e732-47b3-b5be-6cb1f2af29f9</DefinitionObjectUUID>
        <ValueField>True</ValueField>
      </DefinitionBusinessObjectContextRelation>
    </ProductPolicyAttribute>
    <ProductPolicyAttribute name="ChequeNr" visibilityLevel="0" mandatory="true" unit="" format="" numberOfDecimals="0" attributeClass=" " type="Standard">
      <UUID>4e3483c7-7518-4b5a-91f0-da7b9c857922</UUID>
      <SortOrder>99</SortOrder>
      <InputType>Textbox</InputType>
      <DataType>String</DataType>
      <MaxLength>4000</MaxLength>
      <MinLength>0</MinLength>
      <ProductTextRelation>
        <ProductTextUUID>3c141865-e381-49ca-b103-a340fe3bf60c</ProductTextUUID>
      </ProductTextRelation>
      <ProductBackendInfo name="Skye.AttributeAlias">
        <UUID>acdb2b30-9425-4b7c-801b-5d193459d7b1</UUID>
        <Info />
      </ProductBackendInfo>
      <ProductBackendInfo name="Skye.AllowValueSetViaUnencryptedURL">
        <UUID>b1a891e0-7477-4040-b3e3-732b6a1495c4</UUID>
        <Info>False</Info>
      </ProductBackendInfo>
      <ProductBackendInfo name="Skye.Core.DataSecurity">
        <UUID>f8c80cc2-dda2-426b-af72-fdc1cf3665cb</UUID>
        <Info>Standard</Info>
      </ProductBackendInfo>
      <DefinitionValueRelation>
        <UUID>11e9ee89-83c1-8a96-ace9-5ff23aa7cc38</UUID>
        <DefinitionValueUUID>9cc7e8fb-ae25-4644-a7e7-43a34325d41f</DefinitionValueUUID>
      </DefinitionValueRelation>
      <DefinitionBusinessObjectContextRelation>
        <ContextUUID>fe09506a-6762-4ca4-b8df-9c4bb6019c3f</ContextUUID>
        <DefinitionObjectUUID>4e3483c7-7518-4b5a-91f0-da7b9c857922</DefinitionObjectUUID>
        <ValueField>3</ValueField>
      </DefinitionBusinessObjectContextRelation>
      <DefinitionBusinessObjectContextRelation>
        <ContextUUID>c73f0bd8-eb30-4144-9ee9-e6aa8a618ceb</ContextUUID>
        <DefinitionObjectUUID>4e3483c7-7518-4b5a-91f0-da7b9c857922</DefinitionObjectUUID>
        <ValueField>True</ValueField>
      </DefinitionBusinessObjectContextRelation>
    </ProductPolicyAttribute>
    <ProductBackendInfo name="Skye.MultibrickType">
      <UUID>647824c3-1cc0-4e62-b9f3-38031503ae92</UUID>
      <Info />
    </ProductBackendInfo>
  </ProductBrick>
  <ProductBrick name="GeneralInsuredObject" visibilityLevel="3" brickClass=" " isAbstract="false" typeId="19">
    <UUID>ad1f020c-59b2-455f-9d75-eb8544ca7e28</UUID>
    <SortOrder>99</SortOrder>
    <MinimumUsage>1</MinimumUsage>
    <MaximumUsage>1</MaximumUsage>
    <InitialUsage>1</InitialUsage>
    <PredecessorBrickUUID />
    <PredecessorBrickName />
    <ProductBackendInfo name="Skye.MultibrickType">
      <UUID>ec308136-edb5-4f33-895b-14e8a97b9dcf</UUID>
      <Info />
    </ProductBackendInfo>
  </ProductBrick>
  <DefinitionDependentLists>
    <DefinitionDependencyDefaultValueList />
    <DefinitionDependencyValueRangeList />
    <DefinitionDependencyVisibilityList>
      <DefinitionDependencyVisibility name="ChequeDateSetVisible#0">
        <UUID>a1b02631-bac8-42eb-b11d-a8b7ef136f04</UUID>
        <ClientUUID>2b9dd5ff-e732-47b3-b5be-6cb1f2af29f9</ClientUUID>
        <Operator>EQUALS</Operator>
        <SupplierValueUUID>57970c08-f80f-404f-8e80-caa2cd0dc37c</SupplierValueUUID>
        <RefreshOnChange>false</RefreshOnChange>
        <DefinitionBusinessObjectContextRelation>
          <ContextUUID>85f3ca87-7dd2-409d-a0d3-ac2473a29fa7</ContextUUID>
          <DefinitionObjectUUID>a1b02631-bac8-42eb-b11d-a8b7ef136f04</DefinitionObjectUUID>
        </DefinitionBusinessObjectContextRelation>
        <SupplierReference>ref[Shoppingcart.processModel to HomeCreatePolicy].ref[root.@CurrentProcessObject to Home].Payment.PaymentOptions</SupplierReference>
        <ClientVisibilityLevel>4</ClientVisibilityLevel>
      </DefinitionDependencyVisibility>
      <DefinitionDependencyVisibility name="CheckNrSetVisible#0">
        <UUID>f3cac6d6-d373-43bf-a425-24a961cb1785</UUID>
        <ClientUUID>4e3483c7-7518-4b5a-91f0-da7b9c857922</ClientUUID>
        <Operator>EQUALS</Operator>
        <SupplierValueUUID>27b3a024-c754-4f86-8791-6cfd574a50a7</SupplierValueUUID>
        <RefreshOnChange>false</RefreshOnChange>
        <DefinitionBusinessObjectContextRelation>
          <ContextUUID>85f3ca87-7dd2-409d-a0d3-ac2473a29fa7</ContextUUID>
          <DefinitionObjectUUID>f3cac6d6-d373-43bf-a425-24a961cb1785</DefinitionObjectUUID>
        </DefinitionBusinessObjectContextRelation>
        <SupplierReference>ref[Shoppingcart.processModel to HomeCreatePolicy].ref[root.@CurrentProcessObject to Home].Payment.PaymentOptions</SupplierReference>
        <ClientVisibilityLevel>4</ClientVisibilityLevel>
      </DefinitionDependencyVisibility>
      <DefinitionDependencyVisibility name="BankSetVisible#0">
        <UUID>e7029800-87a2-4f2e-80dd-d94c8bd7fe2e</UUID>
        <ClientUUID>07db1935-2d20-4b38-8253-2d899d2fc8bb</ClientUUID>
        <Operator>EQUALS</Operator>
        <SupplierValueUUID>44999252-3fed-49a4-87e7-df2bcc35ac42</SupplierValueUUID>
        <RefreshOnChange>false</RefreshOnChange>
        <DefinitionBusinessObjectContextRelation>
          <ContextUUID>85f3ca87-7dd2-409d-a0d3-ac2473a29fa7</ContextUUID>
          <DefinitionObjectUUID>e7029800-87a2-4f2e-80dd-d94c8bd7fe2e</DefinitionObjectUUID>
        </DefinitionBusinessObjectContextRelation>
        <SupplierReference>ref[Shoppingcart.processModel to HomeCreatePolicy].ref[root.@CurrentProcessObject to Home].Payment.PaymentOptions</SupplierReference>
        <ClientVisibilityLevel>4</ClientVisibilityLevel>
      </DefinitionDependencyVisibility>
    </DefinitionDependencyVisibilityList>
    <DefinitionDependencyMandatoryList />
    <DefinitionDependencyToDependencyList />
    <DefinitionDependencyValueRangeFilterValuesList />
    <DefinitionDependencyDataSourceAttributeList />
  </DefinitionDependentLists>
</Product>