﻿<?xml version="1.0" encoding="utf-8"?>
<Product xmlns:xsd="http://www.w3.org/2001/XMLSchema" xmlns:xsi="http://www.w3.org/2001/XMLSchema-instance" name="HomeCreatePolicyDetailsUI1" lastChanged="2020-05-19T10:29:59.0045758Z" implementationClass="" modelType="uidefinition" subModelType="ProcessLayout" skyeEditorVersion="7.26.1.50">
  <UUID>7175d34c-ec6d-46d8-a26b-d4e29b010e83</UUID>
  <BusinessUnit> </BusinessUnit>
  <Section> </Section>
  <ProductTextList>
    <ProductText name="header" language="en" country="US">
      <UUID>a00171d9-8d17-41b7-9f46-51eb10a91c58</UUID>
      <Text>Customer information</Text>
    </ProductText>
    <ProductText name="header" language="en" country="US">
      <UUID>c53035af-d7ae-474f-bffe-357a19fe8f66</UUID>
      <Text>Insurance details</Text>
    </ProductText>
    <ProductText name="header" language="en" country="US">
      <UUID>9dedbe49-5c17-4b6d-8d54-e9dcca437aff</UUID>
      <Text>Policy details</Text>
    </ProductText>
    <ProductText name="header" language="en" country="US">
      <UUID>51ed5827-7764-44d7-a8a8-48f9dd55141b</UUID>
      <Text>Customer details</Text>
    </ProductText>
    <ProductText name="header" language="en" country="US">
      <UUID>e6d45e15-fc0d-416c-bb2a-d47fc4d90f98</UUID>
      <Text>Customer Address Details</Text>
    </ProductText>
    <ProductText name="header" language="en" country="US">
      <UUID>9dee7384-20dc-46c5-a00a-2f5631d32ec5</UUID>
      <Text>Content sum insured &amp; Excess</Text>
    </ProductText>
    <ProductText name="header" language="en" country="US">
      <UUID>3216516b-425a-4439-bf7a-8a5a6e5b5886</UUID>
      <Text>Optional covers</Text>
    </ProductText>
    <ProductText name="header" language="en" country="US">
      <UUID>d84618b2-0ae4-4576-88fe-b164a3ee6abc</UUID>
      <Text>Premium</Text>
    </ProductText>
    <ProductText name="header" language="en" country="US">
      <UUID>5e73b007-7286-4e22-a428-31272469c25a</UUID>
      <Text />
    </ProductText>
    <ProductText name="header" language="en" country="US">
      <UUID>e169ca26-7393-46e1-a4c0-1778da349266</UUID>
      <Text>Valueable items
</Text>
    </ProductText>
    <ProductText name="addButtonLabel" language="en" country="US">
      <UUID>4d5152d5-5210-4070-bb34-ec9643bb87e8</UUID>
      <Text />
    </ProductText>
    <ProductText name="deleteButtonLabel" language="en" country="US">
      <UUID>e419475f-3d16-4156-8236-bc774b2a9c91</UUID>
      <Text />
    </ProductText>
  </ProductTextList>
  <ProductValueRangeList />
  <DefinitionBusinessObjectContextList />
  <DefinitionResourceList />
  <AbstractProductBrickList />
  <ProductValueList>
    <ProductValue name="" type="value">
      <UUID>ca3fafb0-cf87-4bcc-83a0-d34626dc4dde</UUID>
      <SortOrder>0</SortOrder>
      <Value />
    </ProductValue>
    <ProductValue name="" type="value">
      <UUID>3e27280b-f7b5-4d36-bb70-169fa1561d40</UUID>
      <SortOrder>0</SortOrder>
      <Value />
    </ProductValue>
    <ProductValue name="" type="value">
      <UUID>6ab090b8-6362-4ee4-b803-de191179a779</UUID>
      <SortOrder>0</SortOrder>
      <Value />
    </ProductValue>
    <ProductValue name="" type="value">
      <UUID>940de11d-552c-4201-b413-54f44882adc6</UUID>
      <SortOrder>0</SortOrder>
      <Value />
    </ProductValue>
    <ProductValue name="" type="value">
      <UUID>89c9d3c6-9198-4e09-ad6f-edf483035833</UUID>
      <SortOrder>0</SortOrder>
      <Value />
    </ProductValue>
    <ProductValue name="" type="value">
      <UUID>4d83864d-c2f7-4e32-9dae-4ae6061fbaac</UUID>
      <SortOrder>0</SortOrder>
      <Value />
    </ProductValue>
    <ProductValue name="" type="value">
      <UUID>506ca3d6-e67f-4c17-8efb-1bbdd53810b7</UUID>
      <SortOrder>0</SortOrder>
      <Value />
    </ProductValue>
    <ProductValue name="" type="value">
      <UUID>ac52f839-4cc3-4ec1-a72f-894dc2fcfa03</UUID>
      <SortOrder>0</SortOrder>
      <Value />
    </ProductValue>
    <ProductValue name="" type="value">
      <UUID>bdbbd3b6-00c8-4cc0-9597-7ffcafd1b4e3</UUID>
      <SortOrder>0</SortOrder>
      <Value />
    </ProductValue>
    <ProductValue name="" type="value">
      <UUID>3753731c-91fb-497f-9345-35dd9f8428c0</UUID>
      <SortOrder>0</SortOrder>
      <Value />
    </ProductValue>
    <ProductValue name="" type="value">
      <UUID>520bfca4-2d2b-45e9-ae90-7276e13c993d</UUID>
      <SortOrder>0</SortOrder>
      <Value />
    </ProductValue>
    <ProductValue name="" type="value">
      <UUID>7e8c56c8-3519-4125-91ba-4e00d906de0f</UUID>
      <SortOrder>0</SortOrder>
      <Value />
    </ProductValue>
    <ProductValue name="" type="value">
      <UUID>1babf070-2c84-40e4-ab88-2b187cea86f6</UUID>
      <SortOrder>0</SortOrder>
      <Value />
    </ProductValue>
    <ProductValue name="" type="value">
      <UUID>32476216-f21b-4ed6-a5e7-a2fb3844781e</UUID>
      <SortOrder>0</SortOrder>
      <Value />
    </ProductValue>
    <ProductValue name="" type="value">
      <UUID>b1b89663-4a48-4b6f-8982-18f2713b6c64</UUID>
      <SortOrder>0</SortOrder>
      <Value />
    </ProductValue>
    <ProductValue name="" type="value">
      <UUID>00057ed7-b7e5-48b7-a332-88f9a666a596</UUID>
      <SortOrder>0</SortOrder>
      <Value />
    </ProductValue>
    <ProductValue name="" type="value">
      <UUID>2bcd9757-3692-4b4b-bee9-3daa92ed2136</UUID>
      <SortOrder>0</SortOrder>
      <Value />
    </ProductValue>
    <ProductValue name="" type="value">
      <UUID>77ef192b-6ee1-4f28-bc7a-33ca599d0124</UUID>
      <SortOrder>0</SortOrder>
      <Value />
    </ProductValue>
    <ProductValue name="" type="value">
      <UUID>d5da7e0d-f5c9-4380-9cd7-0529745dd76d</UUID>
      <SortOrder>0</SortOrder>
      <Value />
    </ProductValue>
    <ProductValue name="" type="value">
      <UUID>8cbcd833-d06b-4b93-9466-5e6549606291</UUID>
      <SortOrder>0</SortOrder>
      <Value />
    </ProductValue>
    <ProductValue name="" type="value">
      <UUID>6a06b2ae-bb8f-4bbb-b512-e86ec971400e</UUID>
      <SortOrder>0</SortOrder>
      <Value />
    </ProductValue>
    <ProductValue name="" type="value">
      <UUID>cf69458a-4e30-4237-9916-1e6e365bc5b4</UUID>
      <SortOrder>0</SortOrder>
      <Value />
    </ProductValue>
    <ProductValue name="" type="value">
      <UUID>3a728be1-cc8f-43f9-b24c-88d54714e685</UUID>
      <SortOrder>0</SortOrder>
      <Value />
    </ProductValue>
    <ProductValue name="" type="value">
      <UUID>b6ad1c56-d059-4a50-9837-f7ad2410fa96</UUID>
      <SortOrder>0</SortOrder>
      <Value />
    </ProductValue>
    <ProductValue name="" type="value">
      <UUID>7c481da6-4529-4d2b-8611-ce736c6834ba</UUID>
      <SortOrder>0</SortOrder>
      <Value />
    </ProductValue>
    <ProductValue name="" type="value">
      <UUID>8df46480-e964-49d9-be04-101960806d09</UUID>
      <SortOrder>0</SortOrder>
      <Value />
    </ProductValue>
    <ProductValue name="" type="value">
      <UUID>b5ee0541-4772-415e-b3ad-6b641cd6b890</UUID>
      <SortOrder>0</SortOrder>
      <Value />
    </ProductValue>
    <ProductValue name="" type="value">
      <UUID>4f48db2c-6619-4d3b-a1bb-51481946c558</UUID>
      <SortOrder>0</SortOrder>
      <Value />
    </ProductValue>
    <ProductValue name="" type="value">
      <UUID>ce631289-b2f4-4a5c-be06-075efd4479e8</UUID>
      <SortOrder>0</SortOrder>
      <Value />
    </ProductValue>
  </ProductValueList>
  <ProductBrick name="TabGroup" visibilityLevel="3" brickClass="" isAbstract="false" typeId="0">
    <UUID>9d99b6fc-19df-4d6e-942e-ee44e1ea3f27</UUID>
    <SortOrder>10</SortOrder>
    <MinimumUsage>1</MinimumUsage>
    <MaximumUsage>1</MaximumUsage>
    <InitialUsage>1</InitialUsage>
    <ProductBrick name="CustomerInformation" visibilityLevel="3" brickClass="" isAbstract="false" typeId="0">
      <UUID>8ae47732-ac3c-4b5e-ae0a-d88c12bb5d40</UUID>
      <SortOrder>10</SortOrder>
      <MinimumUsage>1</MinimumUsage>
      <MaximumUsage>1</MaximumUsage>
      <InitialUsage>1</InitialUsage>
      <ProductTextRelation>
        <UUID>034c44fd-4a7c-4904-8442-962b36ce83f8</UUID>
        <ProductTextUUID>a00171d9-8d17-41b7-9f46-51eb10a91c58</ProductTextUUID>
      </ProductTextRelation>
      <ProductBrick name="PanelGroup1" visibilityLevel="3" brickClass="" isAbstract="false" typeId="0">
        <UUID>ec95211e-a907-4bd3-89c0-a14024949c9f</UUID>
        <SortOrder>10</SortOrder>
        <MinimumUsage>1</MinimumUsage>
        <MaximumUsage>1</MaximumUsage>
        <InitialUsage>1</InitialUsage>
        <ProductBrick name="CustomerDetails" visibilityLevel="3" brickClass="" isAbstract="false" typeId="0">
          <UUID>97ac8df4-8111-4636-a152-0bcca4f04bfa</UUID>
          <SortOrder>10</SortOrder>
          <MinimumUsage>1</MinimumUsage>
          <MaximumUsage>1</MaximumUsage>
          <InitialUsage>1</InitialUsage>
          <ProductTextRelation>
            <UUID>0e9f7f34-e1c6-4fb3-8521-d97f32565271</UUID>
            <ProductTextUUID>51ed5827-7764-44d7-a8a8-48f9dd55141b</ProductTextUUID>
          </ProductTextRelation>
          <ProductPolicyAttribute name="FirstName" visibilityLevel="0" mandatory="false" unit="" format="" numberOfDecimals="0" attributeClass="" type="UI">
            <UUID>bdd89650-7674-4363-b60f-23c730704306</UUID>
            <SortOrder>99</SortOrder>
            <InputType>Textbox</InputType>
            <DataType>String</DataType>
            <MaxLength>4000</MaxLength>
            <MinLength>0</MinLength>
            <ProductBackendInfo name="Skye.AttributeAlias">
              <UUID>f02337fd-e6e2-48cb-9b0f-7aa6ff4c03fc</UUID>
              <Info />
            </ProductBackendInfo>
            <ProductBackendInfo name="Skye.Core.DataSecurity">
              <UUID>c1381681-400c-4cd6-9c76-c92ae0be2baf</UUID>
              <Info>Standard</Info>
            </ProductBackendInfo>
            <ProductBackendInfo name="Skye.AllowValueSetViaUnencryptedURL">
              <UUID>65c61bc7-456f-45d6-b007-f4f49ef4b851</UUID>
              <Info>False</Info>
            </ProductBackendInfo>
            <ProductBackendInfo name="Skye.UIAttribute.ReferencedModel">
              <UUID>ae7ddb28-ba2c-410c-97dc-f933be89a4b5</UUID>
              <Info>Home</Info>
            </ProductBackendInfo>
            <ProductBackendInfo name="Skye.UIAttribute.ReferencedAttribute">
              <UUID>f05045b7-98fa-46cd-9de1-fca0dce0ef68</UUID>
              <Info>Customer.FirstName</Info>
            </ProductBackendInfo>
            <DefinitionValueRelation>
              <DefinitionValueUUID>bdbbd3b6-00c8-4cc0-9597-7ffcafd1b4e3</DefinitionValueUUID>
            </DefinitionValueRelation>
          </ProductPolicyAttribute>
          <ProductPolicyAttribute name="LastName" visibilityLevel="0" mandatory="false" unit="" format="" numberOfDecimals="0" attributeClass="" type="UI">
            <UUID>695ae50a-7d75-45c6-a07f-b470f5997ff4</UUID>
            <SortOrder>99</SortOrder>
            <InputType>Textbox</InputType>
            <DataType>String</DataType>
            <MaxLength>4000</MaxLength>
            <MinLength>0</MinLength>
            <ProductBackendInfo name="Skye.AttributeAlias">
              <UUID>15512e02-3636-4c36-bb6e-71f48e8aedae</UUID>
              <Info />
            </ProductBackendInfo>
            <ProductBackendInfo name="Skye.Core.DataSecurity">
              <UUID>ffb6a4c0-9647-447b-85e5-182d076713b8</UUID>
              <Info>Standard</Info>
            </ProductBackendInfo>
            <ProductBackendInfo name="Skye.AllowValueSetViaUnencryptedURL">
              <UUID>d17df585-9230-42c2-8931-5c4a1c1eb516</UUID>
              <Info>False</Info>
            </ProductBackendInfo>
            <ProductBackendInfo name="Skye.UIAttribute.ReferencedModel">
              <UUID>97db7884-4db5-43b4-ba65-68fba26c1767</UUID>
              <Info>Home</Info>
            </ProductBackendInfo>
            <ProductBackendInfo name="Skye.UIAttribute.ReferencedAttribute">
              <UUID>e5076513-23ea-44a6-b799-31de67562271</UUID>
              <Info>Customer.LastName</Info>
            </ProductBackendInfo>
            <DefinitionValueRelation>
              <DefinitionValueUUID>3753731c-91fb-497f-9345-35dd9f8428c0</DefinitionValueUUID>
            </DefinitionValueRelation>
          </ProductPolicyAttribute>
          <ProductPolicyAttribute name="FullName" visibilityLevel="0" mandatory="false" unit="" format="" numberOfDecimals="0" attributeClass="" type="UI">
            <UUID>aa1c5839-c12a-4a06-a1f3-dd8c5f67be3f</UUID>
            <SortOrder>99</SortOrder>
            <InputType>Textbox</InputType>
            <DataType>String</DataType>
            <MaxLength>4000</MaxLength>
            <MinLength>0</MinLength>
            <ProductBackendInfo name="Skye.AttributeAlias">
              <UUID>e9118d80-23aa-49ae-84b3-48474da815a1</UUID>
              <Info />
            </ProductBackendInfo>
            <ProductBackendInfo name="Skye.Core.DataSecurity">
              <UUID>ff8ee8b1-75e7-4384-8675-0e02f334467c</UUID>
              <Info>Standard</Info>
            </ProductBackendInfo>
            <ProductBackendInfo name="Skye.AllowValueSetViaUnencryptedURL">
              <UUID>f0685a3a-fbe0-4098-820b-2bfdd3ef84c7</UUID>
              <Info>False</Info>
            </ProductBackendInfo>
            <ProductBackendInfo name="Skye.UIAttribute.ReferencedModel">
              <UUID>6ded3a6e-41f3-4a5e-9b38-ed975a3f1ce4</UUID>
              <Info>Home</Info>
            </ProductBackendInfo>
            <ProductBackendInfo name="Skye.UIAttribute.ReferencedAttribute">
              <UUID>717d2c56-2704-4adb-b180-cd944724ad40</UUID>
              <Info>Customer.FullName</Info>
            </ProductBackendInfo>
            <DefinitionValueRelation>
              <DefinitionValueUUID>520bfca4-2d2b-45e9-ae90-7276e13c993d</DefinitionValueUUID>
            </DefinitionValueRelation>
          </ProductPolicyAttribute>
          <ProductPolicyAttribute name="MobileNumber" visibilityLevel="0" mandatory="false" unit="" format="" numberOfDecimals="0" attributeClass="" type="UI">
            <UUID>a50e4b80-2f9c-4da4-a5c2-bcdb25f3cb86</UUID>
            <SortOrder>99</SortOrder>
            <InputType>Textbox</InputType>
            <DataType>String</DataType>
            <MaxLength>4000</MaxLength>
            <MinLength>0</MinLength>
            <ProductBackendInfo name="Skye.AttributeAlias">
              <UUID>853185b1-0a69-46bf-a433-72ba1e6a634c</UUID>
              <Info />
            </ProductBackendInfo>
            <ProductBackendInfo name="Skye.Core.DataSecurity">
              <UUID>11d64356-36d5-4e95-825c-c0bc5ee25be8</UUID>
              <Info>Standard</Info>
            </ProductBackendInfo>
            <ProductBackendInfo name="Skye.AllowValueSetViaUnencryptedURL">
              <UUID>7fc7b38e-968b-434f-a914-ed4f848bad1d</UUID>
              <Info>False</Info>
            </ProductBackendInfo>
            <ProductBackendInfo name="Skye.UIAttribute.ReferencedModel">
              <UUID>f0b04f94-8f61-4898-9098-cd82feb4e08f</UUID>
              <Info>Home</Info>
            </ProductBackendInfo>
            <ProductBackendInfo name="Skye.UIAttribute.ReferencedAttribute">
              <UUID>9548f6c3-8d58-42a2-8816-30f1030bc983</UUID>
              <Info>Customer.MobileNumber</Info>
            </ProductBackendInfo>
            <DefinitionValueRelation>
              <DefinitionValueUUID>d5da7e0d-f5c9-4380-9cd7-0529745dd76d</DefinitionValueUUID>
            </DefinitionValueRelation>
          </ProductPolicyAttribute>
          <ProductBackendInfo name="Skye.NumberOfColumns">
            <UUID>6ced55e1-588f-40e1-8ad8-263eae462723</UUID>
            <Info>2</Info>
          </ProductBackendInfo>
          <ProductBackendInfo name="Skye.DisplayControlWithEmptyContent">
            <UUID>35f50178-81a5-42ab-921f-ace95fdb4765</UUID>
            <Info>True</Info>
          </ProductBackendInfo>
          <ProductBackendInfo name="Skye.StyleClass">
            <UUID>fad7931d-3aaa-4405-885d-94f9b0045756</UUID>
            <Info />
          </ProductBackendInfo>
          <ProductBackendInfo name="Skye.WidthPercentage">
            <UUID>7255cccd-aa73-4c5c-b1a1-ab59725c9237</UUID>
            <Info />
          </ProductBackendInfo>
          <ProductBackendInfo name="Skye.MaxWidthInPixels">
            <UUID>3f7e2fee-bbad-4df0-99e2-4229c7369ec5</UUID>
            <Info />
          </ProductBackendInfo>
          <ProductBackendInfo name="Skye.MinWidthInPixels">
            <UUID>19cf3df6-c976-4ff9-8211-39850cb51db0</UUID>
            <Info />
          </ProductBackendInfo>
          <ProductBackendInfo name="Skye.MultibrickType">
            <UUID>89f0059d-8fe9-41c8-be2c-1ad9a2eafbcf</UUID>
            <Info />
          </ProductBackendInfo>
        </ProductBrick>
        <ProductBrick name="CustomerAddressDetails" visibilityLevel="3" brickClass="" isAbstract="false" typeId="0">
          <UUID>81e366f6-b248-4351-9aa6-09e14c178a4e</UUID>
          <SortOrder>20</SortOrder>
          <MinimumUsage>1</MinimumUsage>
          <MaximumUsage>1</MaximumUsage>
          <InitialUsage>1</InitialUsage>
          <ProductTextRelation>
            <UUID>7d977ce5-288c-4284-ab82-3d62ac9424c4</UUID>
            <ProductTextUUID>e6d45e15-fc0d-416c-bb2a-d47fc4d90f98</ProductTextUUID>
          </ProductTextRelation>
          <ProductPolicyAttribute name="country" visibilityLevel="0" mandatory="false" unit="" format="" numberOfDecimals="0" attributeClass="" type="UI">
            <UUID>27ee145c-8b79-4143-a650-34f252dae2f9</UUID>
            <SortOrder>99</SortOrder>
            <InputType>Textbox</InputType>
            <DataType>String</DataType>
            <MaxLength>4000</MaxLength>
            <MinLength>0</MinLength>
            <ProductBackendInfo name="Skye.AttributeAlias">
              <UUID>9688da4d-3de8-4f40-a330-7132b3d43960</UUID>
              <Info />
            </ProductBackendInfo>
            <ProductBackendInfo name="Skye.Core.DataSecurity">
              <UUID>a694f936-20b8-4c95-8625-1f683309cc8f</UUID>
              <Info>Standard</Info>
            </ProductBackendInfo>
            <ProductBackendInfo name="Skye.AllowValueSetViaUnencryptedURL">
              <UUID>3b1909e0-0f58-48bd-889a-5d763c339d21</UUID>
              <Info>False</Info>
            </ProductBackendInfo>
            <ProductBackendInfo name="Skye.UIAttribute.ReferencedModel">
              <UUID>bec10780-1e6d-4e08-9088-1049faed8de0</UUID>
              <Info>Home</Info>
            </ProductBackendInfo>
            <ProductBackendInfo name="Skye.UIAttribute.ReferencedAttribute">
              <UUID>ab8362f4-4a33-4507-b4bf-c15d2933f8e0</UUID>
              <Info>Customer.country</Info>
            </ProductBackendInfo>
            <DefinitionValueRelation>
              <DefinitionValueUUID>ca3fafb0-cf87-4bcc-83a0-d34626dc4dde</DefinitionValueUUID>
            </DefinitionValueRelation>
          </ProductPolicyAttribute>
          <ProductPolicyAttribute name="address1" visibilityLevel="0" mandatory="false" unit="" format="" numberOfDecimals="0" attributeClass="" type="UI">
            <UUID>a36a2ce7-fba4-416a-92b2-9022b7becf35</UUID>
            <SortOrder>99</SortOrder>
            <InputType>Textbox</InputType>
            <DataType>String</DataType>
            <MaxLength>4000</MaxLength>
            <MinLength>0</MinLength>
            <ProductBackendInfo name="Skye.AttributeAlias">
              <UUID>73aa4bd2-39af-43aa-a9bb-6efb3a0fc22a</UUID>
              <Info />
            </ProductBackendInfo>
            <ProductBackendInfo name="Skye.Core.DataSecurity">
              <UUID>73db7dc4-317e-4d42-a05d-ca612b8208c3</UUID>
              <Info>Standard</Info>
            </ProductBackendInfo>
            <ProductBackendInfo name="Skye.AllowValueSetViaUnencryptedURL">
              <UUID>32f73dbc-9326-4d90-98e2-921034a008f4</UUID>
              <Info>False</Info>
            </ProductBackendInfo>
            <ProductBackendInfo name="Skye.UIAttribute.ReferencedModel">
              <UUID>dab0610e-1ed5-4dcb-9c09-c0604a3ded09</UUID>
              <Info>Home</Info>
            </ProductBackendInfo>
            <ProductBackendInfo name="Skye.UIAttribute.ReferencedAttribute">
              <UUID>efeb7c7d-6884-477d-8dc7-5876e180a6d9</UUID>
              <Info>Customer.address1</Info>
            </ProductBackendInfo>
            <DefinitionValueRelation>
              <DefinitionValueUUID>3e27280b-f7b5-4d36-bb70-169fa1561d40</DefinitionValueUUID>
            </DefinitionValueRelation>
          </ProductPolicyAttribute>
          <ProductPolicyAttribute name="address2" visibilityLevel="0" mandatory="false" unit="" format="" numberOfDecimals="0" attributeClass="" type="UI">
            <UUID>679cd575-a99b-42ee-a931-d69a1e540306</UUID>
            <SortOrder>99</SortOrder>
            <InputType>Textbox</InputType>
            <DataType>String</DataType>
            <MaxLength>4000</MaxLength>
            <MinLength>0</MinLength>
            <ProductBackendInfo name="Skye.AttributeAlias">
              <UUID>f940dc79-e98b-4b44-ac21-855401879e6d</UUID>
              <Info />
            </ProductBackendInfo>
            <ProductBackendInfo name="Skye.Core.DataSecurity">
              <UUID>87f7361b-6389-4b42-8760-b121c78a9c71</UUID>
              <Info>Standard</Info>
            </ProductBackendInfo>
            <ProductBackendInfo name="Skye.AllowValueSetViaUnencryptedURL">
              <UUID>23d7f0f0-ed91-48ea-be2d-8098f76fe551</UUID>
              <Info>False</Info>
            </ProductBackendInfo>
            <ProductBackendInfo name="Skye.UIAttribute.ReferencedModel">
              <UUID>e4249615-9444-4401-9a70-2bdc08a3be98</UUID>
              <Info>Home</Info>
            </ProductBackendInfo>
            <ProductBackendInfo name="Skye.UIAttribute.ReferencedAttribute">
              <UUID>80568188-fbc6-4a8f-bc5d-df6c6422166a</UUID>
              <Info>Customer.address2</Info>
            </ProductBackendInfo>
            <DefinitionValueRelation>
              <DefinitionValueUUID>6ab090b8-6362-4ee4-b803-de191179a779</DefinitionValueUUID>
            </DefinitionValueRelation>
          </ProductPolicyAttribute>
          <ProductPolicyAttribute name="ZipCityContainer" visibilityLevel="0" mandatory="false" unit="" format="" numberOfDecimals="0" attributeClass="" type="UI">
            <UUID>a16afe12-16a0-4cb3-b467-0a1cf45b6e9d</UUID>
            <SortOrder>99</SortOrder>
            <InputType>Textbox</InputType>
            <DataType>String</DataType>
            <MaxLength>4000</MaxLength>
            <MinLength>0</MinLength>
            <ProductBackendInfo name="Skye.AttributeAlias">
              <UUID>18446043-e559-4b94-a35e-168201c068cb</UUID>
              <Info />
            </ProductBackendInfo>
            <ProductBackendInfo name="Skye.Core.DataSecurity">
              <UUID>f6016f09-4ac7-49a0-a0c2-f72edc5cc666</UUID>
              <Info>Standard</Info>
            </ProductBackendInfo>
            <ProductBackendInfo name="Skye.AllowValueSetViaUnencryptedURL">
              <UUID>bcb04e48-c996-44dc-a85f-69b6af1c7c40</UUID>
              <Info>False</Info>
            </ProductBackendInfo>
            <ProductBackendInfo name="Skye.UIAttribute.ReferencedModel">
              <UUID>bce89326-46cc-4596-9acf-2a272b8bac7e</UUID>
              <Info>Home</Info>
            </ProductBackendInfo>
            <ProductBackendInfo name="Skye.UIAttribute.ReferencedAttribute">
              <UUID>00b87f1b-0e08-41ad-8a1f-6e6e925d7878</UUID>
              <Info>Customer.ZipCityContainer</Info>
            </ProductBackendInfo>
            <DefinitionValueRelation>
              <DefinitionValueUUID>8df46480-e964-49d9-be04-101960806d09</DefinitionValueUUID>
            </DefinitionValueRelation>
          </ProductPolicyAttribute>
          <ProductBackendInfo name="Skye.NumberOfColumns">
            <UUID>b2c76cc9-689d-42be-8b7b-3bc2b1099f7b</UUID>
            <Info>2</Info>
          </ProductBackendInfo>
          <ProductBackendInfo name="Skye.DisplayControlWithEmptyContent">
            <UUID>97d50d94-a903-4bb1-b0e4-2e3b66c8f600</UUID>
            <Info>True</Info>
          </ProductBackendInfo>
          <ProductBackendInfo name="Skye.StyleClass">
            <UUID>5cab9265-6b60-4426-afdf-b125dd870e76</UUID>
            <Info />
          </ProductBackendInfo>
          <ProductBackendInfo name="Skye.WidthPercentage">
            <UUID>ba2db41c-5f33-4ee0-92a4-f760dc808304</UUID>
            <Info />
          </ProductBackendInfo>
          <ProductBackendInfo name="Skye.MaxWidthInPixels">
            <UUID>4db73730-cb0a-46d5-ba57-aa6497cf0fe9</UUID>
            <Info />
          </ProductBackendInfo>
          <ProductBackendInfo name="Skye.MinWidthInPixels">
            <UUID>102c52f2-0018-4f59-9a27-15d6abecba78</UUID>
            <Info />
          </ProductBackendInfo>
          <ProductBackendInfo name="Skye.MultibrickType">
            <UUID>8f626bca-da72-42d4-b890-a36b2a07a322</UUID>
            <Info />
          </ProductBackendInfo>
        </ProductBrick>
        <ProductBackendInfo name="Skye.ProcessStepUIType">
          <UUID>91657f27-b344-4eb4-97e8-7ad037142aba</UUID>
          <Info>PanelGroup</Info>
        </ProductBackendInfo>
        <ProductBackendInfo name="Skye.StyleClass">
          <UUID>24559855-63e7-49b0-b31f-33d25d8b1e22</UUID>
          <Info />
        </ProductBackendInfo>
        <ProductBackendInfo name="Skye.OrientationUIType">
          <UUID>edc75f49-b28b-4c8f-a833-7355072bb734</UUID>
          <Info>vertical</Info>
        </ProductBackendInfo>
        <ProductBackendInfo name="Skye.VerticalAlignmentUIType">
          <UUID>ed35e034-3073-4821-aaf9-a8357a8c50ef</UUID>
          <Info>top</Info>
        </ProductBackendInfo>
        <ProductBackendInfo name="Skye.PreCalculatedWidths">
          <UUID>c60a0e6e-1dcb-4ac5-a25b-e11d942ecaf9</UUID>
          <Info>False</Info>
        </ProductBackendInfo>
        <ProductBackendInfo name="Skye.MultibrickType">
          <UUID>4bbde4c2-44fa-49e7-a2b0-53fe8792c713</UUID>
          <Info />
        </ProductBackendInfo>
      </ProductBrick>
      <ProductBackendInfo name="Skye.NumberOfColumns">
        <UUID>11fd0f86-f077-460a-a65a-1264cbeac21a</UUID>
        <Info>2</Info>
      </ProductBackendInfo>
      <ProductBackendInfo name="Skye.DisplayControlWithEmptyContent">
        <UUID>b01b39c2-3254-405d-ac50-32131110360d</UUID>
        <Info>True</Info>
      </ProductBackendInfo>
      <ProductBackendInfo name="Skye.StyleClass">
        <UUID>edb408e1-51ea-431f-bc03-099a5bcf3b72</UUID>
        <Info />
      </ProductBackendInfo>
      <ProductBackendInfo name="Skye.WidthPercentage">
        <UUID>54a2420a-e801-4054-ab0f-77af46d07425</UUID>
        <Info />
      </ProductBackendInfo>
      <ProductBackendInfo name="Skye.MaxWidthInPixels">
        <UUID>851ed34f-f5f5-43a7-ae1e-4a70e55c3b58</UUID>
        <Info />
      </ProductBackendInfo>
      <ProductBackendInfo name="Skye.MinWidthInPixels">
        <UUID>825a8a4d-1836-4e2d-86de-e73b52329d54</UUID>
        <Info />
      </ProductBackendInfo>
      <ProductBackendInfo name="Skye.MultibrickType">
        <UUID>3e609280-68f8-4ad2-be77-bfa5773e446a</UUID>
        <Info />
      </ProductBackendInfo>
    </ProductBrick>
    <ProductBrick name="InsuranceDetails" visibilityLevel="3" brickClass="" isAbstract="false" typeId="0">
      <UUID>d4a86e46-bf2e-49cf-b6f3-babab8b1a351</UUID>
      <SortOrder>20</SortOrder>
      <MinimumUsage>1</MinimumUsage>
      <MaximumUsage>1</MaximumUsage>
      <InitialUsage>1</InitialUsage>
      <ProductTextRelation>
        <UUID>a1bd8f68-90bc-4594-9feb-fc362d6e0204</UUID>
        <ProductTextUUID>c53035af-d7ae-474f-bffe-357a19fe8f66</ProductTextUUID>
      </ProductTextRelation>
      <ProductBrick name="FieldsetGroup1" visibilityLevel="3" brickClass="" isAbstract="false" typeId="0">
        <UUID>59481527-6531-41ee-9aad-db83230238bf</UUID>
        <SortOrder>10</SortOrder>
        <MinimumUsage>1</MinimumUsage>
        <MaximumUsage>1</MaximumUsage>
        <InitialUsage>1</InitialUsage>
        <ProductBrick name="ContentSumInsuredExcess" visibilityLevel="3" brickClass="" isAbstract="false" typeId="0">
          <UUID>4344282d-6477-409d-8a04-5deffd6e5c27</UUID>
          <SortOrder>10</SortOrder>
          <MinimumUsage>1</MinimumUsage>
          <MaximumUsage>1</MaximumUsage>
          <InitialUsage>1</InitialUsage>
          <ProductTextRelation>
            <UUID>9d80de80-1ecf-4016-a46b-f52f47a2fdb3</UUID>
            <ProductTextUUID>9dee7384-20dc-46c5-a00a-2f5631d32ec5</ProductTextUUID>
          </ProductTextRelation>
          <ProductPolicyAttribute name="adaptCheckbox" visibilityLevel="0" mandatory="false" unit="" format="" numberOfDecimals="0" attributeClass="" type="UI">
            <UUID>dfcbd4ee-1d5d-4a66-95bc-91b415710552</UUID>
            <SortOrder>99</SortOrder>
            <InputType>Textbox</InputType>
            <DataType>String</DataType>
            <MaxLength>4000</MaxLength>
            <MinLength>0</MinLength>
            <ProductBackendInfo name="Skye.AttributeAlias">
              <UUID>aa6ec352-c82a-4537-adf8-fdad6b6213f7</UUID>
              <Info />
            </ProductBackendInfo>
            <ProductBackendInfo name="Skye.Core.DataSecurity">
              <UUID>ecd30b5c-c3cc-4267-908d-b4dd5e7487ad</UUID>
              <Info>Standard</Info>
            </ProductBackendInfo>
            <ProductBackendInfo name="Skye.AllowValueSetViaUnencryptedURL">
              <UUID>748cd1e4-3e38-411d-93af-01c8f36969dd</UUID>
              <Info>False</Info>
            </ProductBackendInfo>
            <ProductBackendInfo name="Skye.UIAttribute.ReferencedModel">
              <UUID>f301383c-a4a9-41ab-8367-1f10c0c590d9</UUID>
              <Info>Home</Info>
            </ProductBackendInfo>
            <ProductBackendInfo name="Skye.UIAttribute.ReferencedAttribute">
              <UUID>9d2667dc-78f5-4838-affd-9348b9befcd9</UUID>
              <Info>Product.adaptCheckbox</Info>
            </ProductBackendInfo>
            <DefinitionValueRelation>
              <DefinitionValueUUID>4d83864d-c2f7-4e32-9dae-4ae6061fbaac</DefinitionValueUUID>
            </DefinitionValueRelation>
          </ProductPolicyAttribute>
          <ProductPolicyAttribute name="ContentSumInsured" visibilityLevel="0" mandatory="false" unit="" format="" numberOfDecimals="0" attributeClass="" type="UI">
            <UUID>43122ed0-c8b3-4c69-9dd1-22573181433f</UUID>
            <SortOrder>99</SortOrder>
            <InputType>Textbox</InputType>
            <DataType>String</DataType>
            <MaxLength>4000</MaxLength>
            <MinLength>0</MinLength>
            <ProductBackendInfo name="Skye.AttributeAlias">
              <UUID>7860558a-806b-492d-9310-e60988c0bdb4</UUID>
              <Info />
            </ProductBackendInfo>
            <ProductBackendInfo name="Skye.Core.DataSecurity">
              <UUID>96eda485-d3e3-46ee-8396-50b4324bf594</UUID>
              <Info>Standard</Info>
            </ProductBackendInfo>
            <ProductBackendInfo name="Skye.AllowValueSetViaUnencryptedURL">
              <UUID>989c12c4-10b8-4674-a178-1e314b8582de</UUID>
              <Info>False</Info>
            </ProductBackendInfo>
            <ProductBackendInfo name="Skye.UIAttribute.ReferencedModel">
              <UUID>110e84df-e4e1-45b7-aa4a-f3e66442d4ae</UUID>
              <Info>Home</Info>
            </ProductBackendInfo>
            <ProductBackendInfo name="Skye.UIAttribute.ReferencedAttribute">
              <UUID>3297f1fa-a7f0-45a1-9310-e71ca1fedfb9</UUID>
              <Info>Product.ContentSumInsured</Info>
            </ProductBackendInfo>
            <DefinitionValueRelation>
              <DefinitionValueUUID>940de11d-552c-4201-b413-54f44882adc6</DefinitionValueUUID>
            </DefinitionValueRelation>
          </ProductPolicyAttribute>
          <ProductPolicyAttribute name="AdaptedContentSumInsured" visibilityLevel="0" mandatory="false" unit="" format="" numberOfDecimals="0" attributeClass="" type="UI">
            <UUID>e971c09d-fa8f-4e1a-8078-6a19dd612e6f</UUID>
            <SortOrder>99</SortOrder>
            <InputType>Textbox</InputType>
            <DataType>String</DataType>
            <MaxLength>4000</MaxLength>
            <MinLength>0</MinLength>
            <ProductBackendInfo name="Skye.AttributeAlias">
              <UUID>e17c736c-37d7-45d7-954b-dbde9dcc1a73</UUID>
              <Info />
            </ProductBackendInfo>
            <ProductBackendInfo name="Skye.Core.DataSecurity">
              <UUID>16c3f1de-8b1b-4882-acd5-676195b350e9</UUID>
              <Info>Standard</Info>
            </ProductBackendInfo>
            <ProductBackendInfo name="Skye.AllowValueSetViaUnencryptedURL">
              <UUID>99e4b5ed-e48c-4064-9958-d1ae46ee583b</UUID>
              <Info>False</Info>
            </ProductBackendInfo>
            <ProductBackendInfo name="Skye.UIAttribute.ReferencedModel">
              <UUID>bb55d4b1-5cdc-4520-a2fc-1fa5694204fb</UUID>
              <Info>Home</Info>
            </ProductBackendInfo>
            <ProductBackendInfo name="Skye.UIAttribute.ReferencedAttribute">
              <UUID>26ce6ffe-47f7-41fb-a45b-e54ec8ee80a4</UUID>
              <Info>Product.AdaptedContentSumInsured</Info>
            </ProductBackendInfo>
            <DefinitionValueRelation>
              <DefinitionValueUUID>506ca3d6-e67f-4c17-8efb-1bbdd53810b7</DefinitionValueUUID>
            </DefinitionValueRelation>
          </ProductPolicyAttribute>
          <ProductPolicyAttribute name="ContentSumInsuredDifference" visibilityLevel="0" mandatory="false" unit="" format="" numberOfDecimals="0" attributeClass="" type="UI">
            <UUID>9207f619-90c2-4eac-92e7-919000e40629</UUID>
            <SortOrder>99</SortOrder>
            <InputType>Textbox</InputType>
            <DataType>String</DataType>
            <MaxLength>4000</MaxLength>
            <MinLength>0</MinLength>
            <ProductBackendInfo name="Skye.AttributeAlias">
              <UUID>eef743ac-6231-4171-82ff-5799af9fcec0</UUID>
              <Info />
            </ProductBackendInfo>
            <ProductBackendInfo name="Skye.Core.DataSecurity">
              <UUID>aff0ed29-bfb2-4828-9fe7-3491ef384206</UUID>
              <Info>Standard</Info>
            </ProductBackendInfo>
            <ProductBackendInfo name="Skye.AllowValueSetViaUnencryptedURL">
              <UUID>4ee6065e-91c3-43b3-aa52-403b706f0997</UUID>
              <Info>False</Info>
            </ProductBackendInfo>
            <ProductBackendInfo name="Skye.UIAttribute.ReferencedModel">
              <UUID>d34ef947-cbbd-4b3e-8a6c-3f9cb035549d</UUID>
              <Info>Home</Info>
            </ProductBackendInfo>
            <ProductBackendInfo name="Skye.UIAttribute.ReferencedAttribute">
              <UUID>42d55825-ab2b-470b-aa71-29ed539c8c45</UUID>
              <Info>Product.ContentSumInsuredDifference</Info>
            </ProductBackendInfo>
            <DefinitionValueRelation>
              <DefinitionValueUUID>ac52f839-4cc3-4ec1-a72f-894dc2fcfa03</DefinitionValueUUID>
            </DefinitionValueRelation>
          </ProductPolicyAttribute>
          <ProductPolicyAttribute name="Excess" visibilityLevel="0" mandatory="false" unit="" format="" numberOfDecimals="0" attributeClass="" type="UI">
            <UUID>f7950ef9-b834-4a46-b1c0-db843dcf31ef</UUID>
            <SortOrder>99</SortOrder>
            <InputType>Textbox</InputType>
            <DataType>String</DataType>
            <MaxLength>4000</MaxLength>
            <MinLength>0</MinLength>
            <ProductBackendInfo name="Skye.AttributeAlias">
              <UUID>f90b413c-e48e-48ce-a13a-ab27c67c7969</UUID>
              <Info />
            </ProductBackendInfo>
            <ProductBackendInfo name="Skye.Core.DataSecurity">
              <UUID>06afaeb1-2912-48a7-9088-2a0ba9f40725</UUID>
              <Info>Standard</Info>
            </ProductBackendInfo>
            <ProductBackendInfo name="Skye.AllowValueSetViaUnencryptedURL">
              <UUID>ea12a9d6-d1fb-465f-9867-889701c29f82</UUID>
              <Info>False</Info>
            </ProductBackendInfo>
            <ProductBackendInfo name="Skye.UIAttribute.ReferencedModel">
              <UUID>43290d55-8c3c-442e-a3d4-0659c97f5132</UUID>
              <Info>Home</Info>
            </ProductBackendInfo>
            <ProductBackendInfo name="Skye.UIAttribute.ReferencedAttribute">
              <UUID>d5a81bbd-2576-4f89-a580-9372a49b994e</UUID>
              <Info>Product.Excess</Info>
            </ProductBackendInfo>
            <DefinitionValueRelation>
              <DefinitionValueUUID>89c9d3c6-9198-4e09-ad6f-edf483035833</DefinitionValueUUID>
            </DefinitionValueRelation>
          </ProductPolicyAttribute>
          <ProductBackendInfo name="Skye.NumberOfColumns">
            <UUID>c4f63b5a-c765-4381-a734-0ef067d0c7fa</UUID>
            <Info>2</Info>
          </ProductBackendInfo>
          <ProductBackendInfo name="Skye.DisplayControlWithEmptyContent">
            <UUID>bd4cb2d0-3621-4725-8eed-220809757ecc</UUID>
            <Info>False</Info>
          </ProductBackendInfo>
          <ProductBackendInfo name="Skye.StyleClass">
            <UUID>e02e5180-a52b-4b43-a2e3-0b04b0a901df</UUID>
            <Info />
          </ProductBackendInfo>
          <ProductBackendInfo name="Skye.WidthPercentage">
            <UUID>116e445b-e6c3-443c-a72a-c9d258e49456</UUID>
            <Info />
          </ProductBackendInfo>
          <ProductBackendInfo name="Skye.MaxWidthInPixels">
            <UUID>6f3889e2-4131-4967-b7f7-c052173b99cb</UUID>
            <Info />
          </ProductBackendInfo>
          <ProductBackendInfo name="Skye.MinWidthInPixels">
            <UUID>cce47a59-f06e-4217-9182-08990786314d</UUID>
            <Info />
          </ProductBackendInfo>
          <ProductBackendInfo name="Skye.MultibrickType">
            <UUID>cd614824-b467-4cbb-843c-2689b5a24d84</UUID>
            <Info />
          </ProductBackendInfo>
        </ProductBrick>
        <ProductBrick name="OptionalCovers" visibilityLevel="3" brickClass="" isAbstract="false" typeId="0">
          <UUID>1a95a578-f4f6-43e7-a6a1-451989f03f35</UUID>
          <SortOrder>20</SortOrder>
          <MinimumUsage>1</MinimumUsage>
          <MaximumUsage>1</MaximumUsage>
          <InitialUsage>1</InitialUsage>
          <ProductTextRelation>
            <UUID>5fd73395-a579-4252-8a99-ad9c6e635a52</UUID>
            <ProductTextUUID>3216516b-425a-4439-bf7a-8a5a6e5b5886</ProductTextUUID>
          </ProductTextRelation>
          <ProductPolicyAttribute name="Theft" visibilityLevel="0" mandatory="false" unit="" format="" numberOfDecimals="0" attributeClass="" type="UI">
            <UUID>5ec0abd4-4b2f-4e7f-9515-0ddbe38671ef</UUID>
            <SortOrder>99</SortOrder>
            <InputType>Textbox</InputType>
            <DataType>String</DataType>
            <MaxLength>4000</MaxLength>
            <MinLength>0</MinLength>
            <ProductBackendInfo name="Skye.AttributeAlias">
              <UUID>8834c77c-76a6-4ed6-9f7d-0f272c2c2256</UUID>
              <Info />
            </ProductBackendInfo>
            <ProductBackendInfo name="Skye.Core.DataSecurity">
              <UUID>d9b21426-a15c-42bc-8a7a-f26191a9cdd9</UUID>
              <Info>Standard</Info>
            </ProductBackendInfo>
            <ProductBackendInfo name="Skye.AllowValueSetViaUnencryptedURL">
              <UUID>c1848964-7c6f-4174-884b-3ff0c7e87ff1</UUID>
              <Info>False</Info>
            </ProductBackendInfo>
            <ProductBackendInfo name="Skye.UIAttribute.ReferencedModel">
              <UUID>05b7b6bd-38cf-40b8-a07f-16de9c5eefd0</UUID>
              <Info>Home</Info>
            </ProductBackendInfo>
            <ProductBackendInfo name="Skye.UIAttribute.ReferencedAttribute">
              <UUID>a30def5e-c042-422a-a0e1-eb83551b5851</UUID>
              <Info>Product.Theft</Info>
            </ProductBackendInfo>
            <DefinitionValueRelation>
              <DefinitionValueUUID>00057ed7-b7e5-48b7-a332-88f9a666a596</DefinitionValueUUID>
            </DefinitionValueRelation>
          </ProductPolicyAttribute>
          <ProductPolicyAttribute name="Glass" visibilityLevel="0" mandatory="false" unit="" format="" numberOfDecimals="0" attributeClass="" type="UI">
            <UUID>3035d868-7dd6-4860-ba77-436aff56281b</UUID>
            <SortOrder>99</SortOrder>
            <InputType>Textbox</InputType>
            <DataType>String</DataType>
            <MaxLength>4000</MaxLength>
            <MinLength>0</MinLength>
            <ProductBackendInfo name="Skye.AttributeAlias">
              <UUID>3bef5029-f226-4481-b77a-d566db7c2941</UUID>
              <Info />
            </ProductBackendInfo>
            <ProductBackendInfo name="Skye.Core.DataSecurity">
              <UUID>d53ac1e7-5aa1-4560-9a69-6abead5b622d</UUID>
              <Info>Standard</Info>
            </ProductBackendInfo>
            <ProductBackendInfo name="Skye.AllowValueSetViaUnencryptedURL">
              <UUID>7d7670ac-880b-4be5-b68f-95629a26802f</UUID>
              <Info>False</Info>
            </ProductBackendInfo>
            <ProductBackendInfo name="Skye.UIAttribute.ReferencedModel">
              <UUID>eedba8d7-f0f3-41c4-9a86-fb8221ef4f06</UUID>
              <Info>Home</Info>
            </ProductBackendInfo>
            <ProductBackendInfo name="Skye.UIAttribute.ReferencedAttribute">
              <UUID>183a982f-71a6-4158-8d8a-b933dbdfac81</UUID>
              <Info>Product.Glass</Info>
            </ProductBackendInfo>
            <DefinitionValueRelation>
              <DefinitionValueUUID>2bcd9757-3692-4b4b-bee9-3daa92ed2136</DefinitionValueUUID>
            </DefinitionValueRelation>
          </ProductPolicyAttribute>
          <ProductPolicyAttribute name="Luggage" visibilityLevel="0" mandatory="false" unit="" format="" numberOfDecimals="0" attributeClass="" type="UI">
            <UUID>ec810b6a-832e-49cf-bc16-54cba2c12981</UUID>
            <SortOrder>99</SortOrder>
            <InputType>Textbox</InputType>
            <DataType>String</DataType>
            <MaxLength>4000</MaxLength>
            <MinLength>0</MinLength>
            <ProductBackendInfo name="Skye.AttributeAlias">
              <UUID>33b87830-e952-4168-933d-1f433c8b42e0</UUID>
              <Info />
            </ProductBackendInfo>
            <ProductBackendInfo name="Skye.Core.DataSecurity">
              <UUID>18b0c797-3f0e-4fcb-bd47-59df881dfc0d</UUID>
              <Info>Standard</Info>
            </ProductBackendInfo>
            <ProductBackendInfo name="Skye.AllowValueSetViaUnencryptedURL">
              <UUID>cb138f09-609f-4be6-98d5-afeb377d5480</UUID>
              <Info>False</Info>
            </ProductBackendInfo>
            <ProductBackendInfo name="Skye.UIAttribute.ReferencedModel">
              <UUID>70c2c425-b126-43b3-bf8b-f8a6d3842b94</UUID>
              <Info>Home</Info>
            </ProductBackendInfo>
            <ProductBackendInfo name="Skye.UIAttribute.ReferencedAttribute">
              <UUID>ab1fb63c-1339-4c64-935f-163a2b9d2dcc</UUID>
              <Info>Product.Luggage</Info>
            </ProductBackendInfo>
            <DefinitionValueRelation>
              <DefinitionValueUUID>77ef192b-6ee1-4f28-bc7a-33ca599d0124</DefinitionValueUUID>
            </DefinitionValueRelation>
          </ProductPolicyAttribute>
          <ProductPolicyAttribute name="OptionalCoversTable" visibilityLevel="0" mandatory="false" unit="" format="" numberOfDecimals="0" attributeClass="" type="UI">
            <UUID>3b1d09af-ebed-4c92-be9b-eaab709d2ed0</UUID>
            <SortOrder>99</SortOrder>
            <InputType>Textbox</InputType>
            <DataType>String</DataType>
            <MaxLength>4000</MaxLength>
            <MinLength>0</MinLength>
            <ProductBackendInfo name="Skye.AttributeAlias">
              <UUID>a02e69cf-7bc0-4973-90f1-b4f7b92971bc</UUID>
              <Info />
            </ProductBackendInfo>
            <ProductBackendInfo name="Skye.Core.DataSecurity">
              <UUID>ac9bad97-5f8c-4097-8f5f-a4b00ca101bd</UUID>
              <Info>Standard</Info>
            </ProductBackendInfo>
            <ProductBackendInfo name="Skye.AllowValueSetViaUnencryptedURL">
              <UUID>57bbd75c-4941-4d27-b61d-67c7bd0ed9f0</UUID>
              <Info>False</Info>
            </ProductBackendInfo>
            <ProductBackendInfo name="Skye.UIAttribute.ReferencedModel">
              <UUID>1e5dfd61-5c72-4b2d-a6d1-0d508f029643</UUID>
              <Info>Home</Info>
            </ProductBackendInfo>
            <ProductBackendInfo name="Skye.UIAttribute.ReferencedAttribute">
              <UUID>6ec665c5-f861-4ebc-8597-9480b689da98</UUID>
              <Info>Product.OptionalCoversTable</Info>
            </ProductBackendInfo>
            <DefinitionValueRelation>
              <DefinitionValueUUID>4f48db2c-6619-4d3b-a1bb-51481946c558</DefinitionValueUUID>
            </DefinitionValueRelation>
          </ProductPolicyAttribute>
          <ProductBackendInfo name="Skye.NumberOfColumns">
            <UUID>3233e8ec-35b8-4afd-8a75-1b1ba4ffbff2</UUID>
            <Info>2</Info>
          </ProductBackendInfo>
          <ProductBackendInfo name="Skye.DisplayControlWithEmptyContent">
            <UUID>5b26f9e5-6761-482c-ab89-c9b5322ecd3b</UUID>
            <Info>False</Info>
          </ProductBackendInfo>
          <ProductBackendInfo name="Skye.StyleClass">
            <UUID>fa5618ab-a1c7-4b06-bb33-2a6ee3b3fefa</UUID>
            <Info />
          </ProductBackendInfo>
          <ProductBackendInfo name="Skye.WidthPercentage">
            <UUID>c4d66078-3e90-4483-b998-582157031fc4</UUID>
            <Info />
          </ProductBackendInfo>
          <ProductBackendInfo name="Skye.MaxWidthInPixels">
            <UUID>0c9291ee-3022-4cee-b410-85b7189964ac</UUID>
            <Info />
          </ProductBackendInfo>
          <ProductBackendInfo name="Skye.MinWidthInPixels">
            <UUID>1c5054b8-e8f5-44c4-ab9f-bdae1bc3b69b</UUID>
            <Info />
          </ProductBackendInfo>
          <ProductBackendInfo name="Skye.MultibrickType">
            <UUID>bc099192-9a3d-45f6-a51d-9916367be896</UUID>
            <Info />
          </ProductBackendInfo>
        </ProductBrick>
        <ProductBrick name="Premium" visibilityLevel="3" brickClass="" isAbstract="false" typeId="0">
          <UUID>f0decd69-e491-4688-b576-1ac7c16d1c7f</UUID>
          <SortOrder>30</SortOrder>
          <MinimumUsage>1</MinimumUsage>
          <MaximumUsage>1</MaximumUsage>
          <InitialUsage>1</InitialUsage>
          <ProductTextRelation>
            <UUID>3e1cc7d7-3cb2-4dcd-8eb3-e3441930e5a1</UUID>
            <ProductTextUUID>d84618b2-0ae4-4576-88fe-b164a3ee6abc</ProductTextUUID>
          </ProductTextRelation>
          <ProductPolicyAttribute name="AnnualPremium" visibilityLevel="0" mandatory="false" unit="" format="" numberOfDecimals="0" attributeClass="" type="UI">
            <UUID>935e76d6-6cc7-4c6a-b63c-8908b80769d2</UUID>
            <SortOrder>99</SortOrder>
            <InputType>Textbox</InputType>
            <DataType>String</DataType>
            <MaxLength>4000</MaxLength>
            <MinLength>0</MinLength>
            <ProductBackendInfo name="Skye.AttributeAlias">
              <UUID>929c8c31-4f10-4de8-8657-89bb39f19195</UUID>
              <Info />
            </ProductBackendInfo>
            <ProductBackendInfo name="Skye.Core.DataSecurity">
              <UUID>8908f428-a595-413d-b4c8-d34d3254fc1e</UUID>
              <Info>Standard</Info>
            </ProductBackendInfo>
            <ProductBackendInfo name="Skye.AllowValueSetViaUnencryptedURL">
              <UUID>485b29bf-be64-43c1-b07d-f87df3e1a99b</UUID>
              <Info>False</Info>
            </ProductBackendInfo>
            <ProductBackendInfo name="Skye.UIAttribute.ReferencedModel">
              <UUID>4784d81e-d2cb-4ce6-b927-f5c21ff778a7</UUID>
              <Info>Home</Info>
            </ProductBackendInfo>
            <ProductBackendInfo name="Skye.UIAttribute.ReferencedAttribute">
              <UUID>68cf09ef-f622-4885-914c-66c5c686d2fa</UUID>
              <Info>Product.AnnualPremium</Info>
            </ProductBackendInfo>
            <DefinitionValueRelation>
              <DefinitionValueUUID>b1b89663-4a48-4b6f-8982-18f2713b6c64</DefinitionValueUUID>
            </DefinitionValueRelation>
          </ProductPolicyAttribute>
          <ProductPolicyAttribute name="PackageSelector" visibilityLevel="0" mandatory="false" unit="" format="" numberOfDecimals="0" attributeClass="" type="UI">
            <UUID>c3d8f1f8-2e15-4067-be0c-23ab7e283ada</UUID>
            <SortOrder>99</SortOrder>
            <InputType>Textbox</InputType>
            <DataType>String</DataType>
            <MaxLength>4000</MaxLength>
            <MinLength>0</MinLength>
            <ProductBackendInfo name="Skye.AttributeAlias">
              <UUID>fe2ce826-d4cf-4be9-b43a-1e269748fd50</UUID>
              <Info />
            </ProductBackendInfo>
            <ProductBackendInfo name="Skye.Core.DataSecurity">
              <UUID>dd31b212-1982-4786-b361-52236e2532e3</UUID>
              <Info>Standard</Info>
            </ProductBackendInfo>
            <ProductBackendInfo name="Skye.AllowValueSetViaUnencryptedURL">
              <UUID>a72cc973-85f6-4c35-b434-75795d6ed745</UUID>
              <Info>False</Info>
            </ProductBackendInfo>
            <ProductBackendInfo name="Skye.UIAttribute.ReferencedModel">
              <UUID>403f398e-96b0-4713-8a0f-22851dde38e5</UUID>
              <Info>Home</Info>
            </ProductBackendInfo>
            <ProductBackendInfo name="Skye.UIAttribute.ReferencedAttribute">
              <UUID>54043c89-d34b-4288-a682-7517bee9a967</UUID>
              <Info>Product.PackageSelector</Info>
            </ProductBackendInfo>
            <DefinitionValueRelation>
              <DefinitionValueUUID>ce631289-b2f4-4a5c-be06-075efd4479e8</DefinitionValueUUID>
            </DefinitionValueRelation>
          </ProductPolicyAttribute>
          <ProductBackendInfo name="Skye.NumberOfColumns">
            <UUID>f56e66c7-91a2-43ea-a4cb-b3aea162446f</UUID>
            <Info>2</Info>
          </ProductBackendInfo>
          <ProductBackendInfo name="Skye.DisplayControlWithEmptyContent">
            <UUID>6fe065e0-767f-49b8-ab1f-f2a3667de58d</UUID>
            <Info>False</Info>
          </ProductBackendInfo>
          <ProductBackendInfo name="Skye.StyleClass">
            <UUID>8c7ac290-f81b-4d83-a798-5d93fbc5654e</UUID>
            <Info />
          </ProductBackendInfo>
          <ProductBackendInfo name="Skye.WidthPercentage">
            <UUID>f820ab91-3947-416a-9582-e3ce65410473</UUID>
            <Info />
          </ProductBackendInfo>
          <ProductBackendInfo name="Skye.MaxWidthInPixels">
            <UUID>3dfcd3b2-b0d3-4c1f-8b32-f14d2d36cfb6</UUID>
            <Info />
          </ProductBackendInfo>
          <ProductBackendInfo name="Skye.MinWidthInPixels">
            <UUID>3872fa6c-7af3-42a6-949e-87b540be6f15</UUID>
            <Info />
          </ProductBackendInfo>
          <ProductBackendInfo name="Skye.MultibrickType">
            <UUID>395079ea-c9be-404a-b2bd-cc3a8ad956f5</UUID>
            <Info />
          </ProductBackendInfo>
        </ProductBrick>
        <ProductBrick name="ValuableItems" visibilityLevel="3" brickClass="" isAbstract="false" typeId="0">
          <UUID>66add9a3-7fee-4596-add0-6f9f4826dbc5</UUID>
          <SortOrder>15</SortOrder>
          <MinimumUsage>1</MinimumUsage>
          <MaximumUsage>1</MaximumUsage>
          <InitialUsage>1</InitialUsage>
          <ProductTextRelation>
            <UUID>e58912af-c895-4931-87e5-6efb24ec0829</UUID>
            <ProductTextUUID>5e73b007-7286-4e22-a428-31272469c25a</ProductTextUUID>
          </ProductTextRelation>
          <ProductPolicyAttribute name="ValuablesTotalSumInsured" visibilityLevel="0" mandatory="false" unit="" format="" numberOfDecimals="0" attributeClass="" type="UI">
            <UUID>fcc235fb-1de9-4e43-9ecb-5b77cc329251</UUID>
            <SortOrder>99</SortOrder>
            <InputType>Textbox</InputType>
            <DataType>String</DataType>
            <MaxLength>4000</MaxLength>
            <MinLength>0</MinLength>
            <ProductBackendInfo name="Skye.AttributeAlias">
              <UUID>21fc81bd-cfbf-4593-baca-45a1ec12cff9</UUID>
              <Info />
            </ProductBackendInfo>
            <ProductBackendInfo name="Skye.Core.DataSecurity">
              <UUID>5cc341b7-0f4a-4b69-b7ef-5f4beecda4f8</UUID>
              <Info>Standard</Info>
            </ProductBackendInfo>
            <ProductBackendInfo name="Skye.AllowValueSetViaUnencryptedURL">
              <UUID>5ff7872a-b543-4289-a21c-6b0ac2b2cddf</UUID>
              <Info>False</Info>
            </ProductBackendInfo>
            <ProductBackendInfo name="Skye.UIAttribute.ReferencedModel">
              <UUID>f60a5aeb-85e5-45dd-ad0b-8eeddd4aba8b</UUID>
              <Info>Home</Info>
            </ProductBackendInfo>
            <ProductBackendInfo name="Skye.UIAttribute.ReferencedAttribute">
              <UUID>fbd5c2d8-6459-4a97-9776-6e21fdbc8f94</UUID>
              <Info>Product.ValuablesTotalSumInsured</Info>
            </ProductBackendInfo>
            <DefinitionValueRelation>
              <DefinitionValueUUID>b6ad1c56-d059-4a50-9837-f7ad2410fa96</DefinitionValueUUID>
            </DefinitionValueRelation>
          </ProductPolicyAttribute>
          <ProductPolicyAttribute name="NoOfValuables" visibilityLevel="0" mandatory="false" unit="" format="" numberOfDecimals="0" attributeClass="" type="UI">
            <UUID>618f7bd6-b063-409b-b7dc-e131a60ce050</UUID>
            <SortOrder>99</SortOrder>
            <InputType>Textbox</InputType>
            <DataType>String</DataType>
            <MaxLength>4000</MaxLength>
            <MinLength>0</MinLength>
            <ProductBackendInfo name="Skye.AttributeAlias">
              <UUID>0d1e4652-5340-44ca-977c-0b384d9e5d04</UUID>
              <Info />
            </ProductBackendInfo>
            <ProductBackendInfo name="Skye.Core.DataSecurity">
              <UUID>0732deda-f211-4f3e-bf74-297d8203aa51</UUID>
              <Info>Standard</Info>
            </ProductBackendInfo>
            <ProductBackendInfo name="Skye.AllowValueSetViaUnencryptedURL">
              <UUID>857b55c1-5352-4e8f-a89a-fc4fd12b815d</UUID>
              <Info>False</Info>
            </ProductBackendInfo>
            <ProductBackendInfo name="Skye.UIAttribute.ReferencedModel">
              <UUID>028f5bb9-f812-4c5a-aa96-57b3f564808c</UUID>
              <Info>Home</Info>
            </ProductBackendInfo>
            <ProductBackendInfo name="Skye.UIAttribute.ReferencedAttribute">
              <UUID>c2542388-46db-4227-b0d0-eafd804e0d80</UUID>
              <Info>Product.NoOfValuables</Info>
            </ProductBackendInfo>
            <DefinitionValueRelation>
              <DefinitionValueUUID>7c481da6-4529-4d2b-8611-ce736c6834ba</DefinitionValueUUID>
            </DefinitionValueRelation>
          </ProductPolicyAttribute>
          <ProductBrick name="ValuableMultibrick" visibilityLevel="3" brickClass="" isAbstract="false" typeId="0">
            <UUID>497d2ab9-0036-4d33-a4e9-c4563b889072</UUID>
            <SortOrder>10</SortOrder>
            <MinimumUsage>1</MinimumUsage>
            <MaximumUsage>1</MaximumUsage>
            <InitialUsage>1</InitialUsage>
            <ProductTextRelation>
              <UUID>e88537c0-7601-4ac8-8c51-5e6e7d5f3fad</UUID>
              <ProductTextUUID>e169ca26-7393-46e1-a4c0-1778da349266</ProductTextUUID>
            </ProductTextRelation>
            <ProductTextRelation>
              <UUID>ffb1192c-077d-410d-a82a-78b93167ac5d</UUID>
              <ProductTextUUID>4d5152d5-5210-4070-bb34-ec9643bb87e8</ProductTextUUID>
            </ProductTextRelation>
            <ProductTextRelation>
              <UUID>40ca8eb2-2e01-4699-bf3e-518ffea91d30</UUID>
              <ProductTextUUID>e419475f-3d16-4156-8236-bc774b2a9c91</ProductTextUUID>
            </ProductTextRelation>
            <ProductPolicyAttribute name="Category" visibilityLevel="0" mandatory="false" unit="" format="" numberOfDecimals="0" attributeClass="" type="UI">
              <UUID>f16ec98b-f02d-44f0-b715-8d93ba017171</UUID>
              <SortOrder>99</SortOrder>
              <InputType>Textbox</InputType>
              <DataType>String</DataType>
              <MaxLength>4000</MaxLength>
              <MinLength>0</MinLength>
              <ProductBackendInfo name="Skye.AttributeAlias">
                <UUID>cd089444-eafb-439f-b526-e8b2de121e3d</UUID>
                <Info />
              </ProductBackendInfo>
              <ProductBackendInfo name="Skye.Core.DataSecurity">
                <UUID>d5d1ef39-60bc-4050-bda6-f373be46cf33</UUID>
                <Info>Standard</Info>
              </ProductBackendInfo>
              <ProductBackendInfo name="Skye.AllowValueSetViaUnencryptedURL">
                <UUID>2e46e9fa-b087-4e7f-8dfb-c7dc539fe6c0</UUID>
                <Info>False</Info>
              </ProductBackendInfo>
              <ProductBackendInfo name="Skye.UIAttribute.ReferencedModel">
                <UUID>548d7ffd-36f0-49d1-bf4c-41a15aa732c0</UUID>
                <Info>Home</Info>
              </ProductBackendInfo>
              <ProductBackendInfo name="Skye.UIAttribute.ReferencedAttribute">
                <UUID>392d7144-c044-4414-9586-956575e94474</UUID>
                <Info>Valuable.Category</Info>
              </ProductBackendInfo>
              <DefinitionValueRelation>
                <DefinitionValueUUID>8cbcd833-d06b-4b93-9466-5e6549606291</DefinitionValueUUID>
              </DefinitionValueRelation>
            </ProductPolicyAttribute>
            <ProductPolicyAttribute name="Description" visibilityLevel="0" mandatory="false" unit="" format="" numberOfDecimals="0" attributeClass="" type="UI">
              <UUID>5cda2d9c-f50f-4e89-ac16-0f6b969ac1a3</UUID>
              <SortOrder>99</SortOrder>
              <InputType>Textbox</InputType>
              <DataType>String</DataType>
              <MaxLength>4000</MaxLength>
              <MinLength>0</MinLength>
              <ProductBackendInfo name="Skye.AttributeAlias">
                <UUID>531684f5-e724-4014-b699-899ef368cb9d</UUID>
                <Info />
              </ProductBackendInfo>
              <ProductBackendInfo name="Skye.Core.DataSecurity">
                <UUID>c6b0ae7d-f191-4b20-8d84-ad91d348cce3</UUID>
                <Info>Standard</Info>
              </ProductBackendInfo>
              <ProductBackendInfo name="Skye.AllowValueSetViaUnencryptedURL">
                <UUID>d7185888-68a7-46b3-afda-b800eaf3a827</UUID>
                <Info>False</Info>
              </ProductBackendInfo>
              <ProductBackendInfo name="Skye.UIAttribute.ReferencedModel">
                <UUID>6e138530-ed60-4210-8573-1b059d58f222</UUID>
                <Info>Home</Info>
              </ProductBackendInfo>
              <ProductBackendInfo name="Skye.UIAttribute.ReferencedAttribute">
                <UUID>8d3a92dc-a43c-42a1-97e7-3a73a26c7f32</UUID>
                <Info>Valuable.Description</Info>
              </ProductBackendInfo>
              <DefinitionValueRelation>
                <DefinitionValueUUID>6a06b2ae-bb8f-4bbb-b512-e86ec971400e</DefinitionValueUUID>
              </DefinitionValueRelation>
            </ProductPolicyAttribute>
            <ProductPolicyAttribute name="SumInsured" visibilityLevel="0" mandatory="false" unit="" format="" numberOfDecimals="0" attributeClass="" type="UI">
              <UUID>cee8dbfb-06c6-4cbe-8221-3c2e9ef7454f</UUID>
              <SortOrder>99</SortOrder>
              <InputType>Textbox</InputType>
              <DataType>String</DataType>
              <MaxLength>4000</MaxLength>
              <MinLength>0</MinLength>
              <ProductBackendInfo name="Skye.AttributeAlias">
                <UUID>cc96b96d-f54e-4f02-a7fb-cc3292e205f8</UUID>
                <Info />
              </ProductBackendInfo>
              <ProductBackendInfo name="Skye.Core.DataSecurity">
                <UUID>9cd49c02-c791-4eec-a2d5-77e5e9fe0643</UUID>
                <Info>Standard</Info>
              </ProductBackendInfo>
              <ProductBackendInfo name="Skye.AllowValueSetViaUnencryptedURL">
                <UUID>24029298-39e3-4987-92b6-2b50569cf67f</UUID>
                <Info>False</Info>
              </ProductBackendInfo>
              <ProductBackendInfo name="Skye.UIAttribute.ReferencedModel">
                <UUID>dc189d2c-58e8-4fe6-9d6e-9058874432c6</UUID>
                <Info>Home</Info>
              </ProductBackendInfo>
              <ProductBackendInfo name="Skye.UIAttribute.ReferencedAttribute">
                <UUID>bbd6d274-a9a6-475c-afb6-25b394567f7f</UUID>
                <Info>Valuable.SumInsured</Info>
              </ProductBackendInfo>
              <DefinitionValueRelation>
                <DefinitionValueUUID>cf69458a-4e30-4237-9916-1e6e365bc5b4</DefinitionValueUUID>
              </DefinitionValueRelation>
            </ProductPolicyAttribute>
            <ProductPolicyAttribute name="ValuableMessage" visibilityLevel="0" mandatory="false" unit="" format="" numberOfDecimals="0" attributeClass="" type="UI">
              <UUID>2d753ac8-c9da-4f40-8fee-74f23a1e9e80</UUID>
              <SortOrder>99</SortOrder>
              <InputType>Textbox</InputType>
              <DataType>String</DataType>
              <MaxLength>4000</MaxLength>
              <MinLength>0</MinLength>
              <ProductBackendInfo name="Skye.AttributeAlias">
                <UUID>23df60de-9827-4ee0-8ed8-e71317b94c96</UUID>
                <Info />
              </ProductBackendInfo>
              <ProductBackendInfo name="Skye.Core.DataSecurity">
                <UUID>d98d743a-daff-446c-aafb-02af57661717</UUID>
                <Info>Standard</Info>
              </ProductBackendInfo>
              <ProductBackendInfo name="Skye.AllowValueSetViaUnencryptedURL">
                <UUID>4228b3eb-26a4-43c8-a3ba-d58dc4c44eeb</UUID>
                <Info>False</Info>
              </ProductBackendInfo>
              <ProductBackendInfo name="Skye.UIAttribute.ReferencedModel">
                <UUID>9fa10ad1-edc7-4d98-8e0d-1a7c40cef8c8</UUID>
                <Info>Home</Info>
              </ProductBackendInfo>
              <ProductBackendInfo name="Skye.UIAttribute.ReferencedAttribute">
                <UUID>893f4b44-4524-4c87-95bb-7b786257c82c</UUID>
                <Info>Valuable.ValuableMessage</Info>
              </ProductBackendInfo>
              <DefinitionValueRelation>
                <DefinitionValueUUID>3a728be1-cc8f-43f9-b24c-88d54714e685</DefinitionValueUUID>
              </DefinitionValueRelation>
            </ProductPolicyAttribute>
            <ProductBackendInfo name="Skye.ProcessStepUIType">
              <UUID>204e48c7-9326-4abf-9064-f44773d1b30d</UUID>
              <Info>MultibrickGroupService</Info>
            </ProductBackendInfo>
            <ProductBackendInfo name="Skye.MultiBrickTextId">
              <UUID>b79674ac-c88f-4274-86c2-1a4199638e16</UUID>
              <Info>Valuable</Info>
            </ProductBackendInfo>
            <ProductBackendInfo name="Skye.DisplayControlWithEmptyContent">
              <UUID>92786d45-9436-4cda-9cb5-5efb5111dc67</UUID>
              <Info>False</Info>
            </ProductBackendInfo>
            <ProductBackendInfo name="Skye.StyleClass">
              <UUID>1c8ce9ea-c138-47d9-b8aa-5a9f645bbce7</UUID>
              <Info />
            </ProductBackendInfo>
            <ProductBackendInfo name="Skye.MultibrickType">
              <UUID>79c838c9-b02f-44af-8cc6-ddb4c963f2a2</UUID>
              <Info />
            </ProductBackendInfo>
          </ProductBrick>
          <ProductBackendInfo name="Skye.NumberOfColumns">
            <UUID>82e1ae6d-1259-4824-8204-50f07ca9350d</UUID>
            <Info>2</Info>
          </ProductBackendInfo>
          <ProductBackendInfo name="Skye.DisplayControlWithEmptyContent">
            <UUID>1584d954-aff7-4c9b-8de8-b186aeb8ced6</UUID>
            <Info>True</Info>
          </ProductBackendInfo>
          <ProductBackendInfo name="Skye.StyleClass">
            <UUID>3938e2a0-9f1a-4bd1-9c0d-c17bc03f77a1</UUID>
            <Info />
          </ProductBackendInfo>
          <ProductBackendInfo name="Skye.WidthPercentage">
            <UUID>d48df1d6-cee8-4faa-97c3-5ede8e331ff2</UUID>
            <Info />
          </ProductBackendInfo>
          <ProductBackendInfo name="Skye.MaxWidthInPixels">
            <UUID>22d6511f-784c-4f5f-9dfc-0e90ed5fd096</UUID>
            <Info />
          </ProductBackendInfo>
          <ProductBackendInfo name="Skye.MinWidthInPixels">
            <UUID>5ab7800b-520c-4325-a7c7-3f9462bc8651</UUID>
            <Info />
          </ProductBackendInfo>
          <ProductBackendInfo name="Skye.MultibrickType">
            <UUID>6d7624f2-1400-4b5e-bbd6-fb0e0866ba5c</UUID>
            <Info />
          </ProductBackendInfo>
        </ProductBrick>
        <ProductBackendInfo name="Skye.ProcessStepUIType">
          <UUID>414bed01-de67-43ef-bfff-e39ae6259202</UUID>
          <Info>FieldsetGroup</Info>
        </ProductBackendInfo>
        <ProductBackendInfo name="Skye.StyleClass">
          <UUID>ccab36cc-b2da-4717-b700-686e23346aac</UUID>
          <Info />
        </ProductBackendInfo>
        <ProductBackendInfo name="Skye.OrientationUIType">
          <UUID>bc2fc5d9-67f3-4a8c-88e6-dbef776284c4</UUID>
          <Info>vertical</Info>
        </ProductBackendInfo>
        <ProductBackendInfo name="Skye.VerticalAlignmentUIType">
          <UUID>293b8ac2-44e7-470a-946a-ea18635a2665</UUID>
          <Info>top</Info>
        </ProductBackendInfo>
        <ProductBackendInfo name="Skye.PreCalculatedWidths">
          <UUID>eebbb005-71db-4cd9-ba4f-e666ee644954</UUID>
          <Info>False</Info>
        </ProductBackendInfo>
        <ProductBackendInfo name="Skye.MultibrickType">
          <UUID>b8a2bac7-4de0-4d42-b81d-8aefa760077b</UUID>
          <Info />
        </ProductBackendInfo>
      </ProductBrick>
      <ProductBackendInfo name="Skye.NumberOfColumns">
        <UUID>89fca0d4-1c4b-4f70-a0fa-b2905123082b</UUID>
        <Info>2</Info>
      </ProductBackendInfo>
      <ProductBackendInfo name="Skye.DisplayControlWithEmptyContent">
        <UUID>7f2d725e-f32c-4c59-bd98-38faa8e474ff</UUID>
        <Info>True</Info>
      </ProductBackendInfo>
      <ProductBackendInfo name="Skye.StyleClass">
        <UUID>df3e8ced-b7f8-4ec8-9917-b086ccdad038</UUID>
        <Info />
      </ProductBackendInfo>
      <ProductBackendInfo name="Skye.WidthPercentage">
        <UUID>e8a735ac-2d3c-4217-801b-5b0fae954831</UUID>
        <Info />
      </ProductBackendInfo>
      <ProductBackendInfo name="Skye.MaxWidthInPixels">
        <UUID>1ccfddeb-88a8-4d3e-b032-0adbc563c81b</UUID>
        <Info />
      </ProductBackendInfo>
      <ProductBackendInfo name="Skye.MinWidthInPixels">
        <UUID>93862b47-5ad2-43fd-8bff-07e329f97c0f</UUID>
        <Info />
      </ProductBackendInfo>
      <ProductBackendInfo name="Skye.MultibrickType">
        <UUID>c5db6fe6-8bfd-437c-8d79-259b4a800863</UUID>
        <Info />
      </ProductBackendInfo>
    </ProductBrick>
    <ProductBrick name="PolicyDetails" visibilityLevel="3" brickClass="" isAbstract="false" typeId="0">
      <UUID>81e84ff1-e363-43b7-bbcc-9ef352b29cb0</UUID>
      <SortOrder>30</SortOrder>
      <MinimumUsage>1</MinimumUsage>
      <MaximumUsage>1</MaximumUsage>
      <InitialUsage>1</InitialUsage>
      <ProductTextRelation>
        <UUID>02dd6c48-20a1-4892-a97f-88d9a7a62b21</UUID>
        <ProductTextUUID>9dedbe49-5c17-4b6d-8d54-e9dcca437aff</ProductTextUUID>
      </ProductTextRelation>
      <ProductPolicyAttribute name="InsurancePeriod" visibilityLevel="0" mandatory="false" unit="" format="" numberOfDecimals="0" attributeClass="" type="UI">
        <UUID>e113a403-6fbb-4899-88fa-9dd6c12de834</UUID>
        <SortOrder>99</SortOrder>
        <InputType>Textbox</InputType>
        <DataType>String</DataType>
        <MaxLength>4000</MaxLength>
        <MinLength>0</MinLength>
        <ProductBackendInfo name="Skye.AttributeAlias">
          <UUID>a1b27342-ce6c-42f2-99e2-df2c50defd28</UUID>
          <Info />
        </ProductBackendInfo>
        <ProductBackendInfo name="Skye.Core.DataSecurity">
          <UUID>931bf703-f0b1-4f7d-8a38-dc808c9d45a6</UUID>
          <Info>Standard</Info>
        </ProductBackendInfo>
        <ProductBackendInfo name="Skye.AllowValueSetViaUnencryptedURL">
          <UUID>d36d6244-ca33-4c8d-9db6-263993c61f29</UUID>
          <Info>False</Info>
        </ProductBackendInfo>
        <ProductBackendInfo name="Skye.UIAttribute.ReferencedModel">
          <UUID>76a1f335-ef18-435f-977f-1719ce946a57</UUID>
          <Info>Home</Info>
        </ProductBackendInfo>
        <ProductBackendInfo name="Skye.UIAttribute.ReferencedAttribute">
          <UUID>555b7d22-38bc-4965-b5e1-80250e25dbe6</UUID>
          <Info>Product.InsurancePeriod</Info>
        </ProductBackendInfo>
        <DefinitionValueRelation>
          <DefinitionValueUUID>7e8c56c8-3519-4125-91ba-4e00d906de0f</DefinitionValueUUID>
        </DefinitionValueRelation>
      </ProductPolicyAttribute>
      <ProductPolicyAttribute name="PolicyEndDate" visibilityLevel="0" mandatory="false" unit="" format="" numberOfDecimals="0" attributeClass="" type="UI">
        <UUID>9df53537-e5c8-4192-8bbc-26962328b23b</UUID>
        <SortOrder>99</SortOrder>
        <InputType>Textbox</InputType>
        <DataType>String</DataType>
        <MaxLength>4000</MaxLength>
        <MinLength>0</MinLength>
        <ProductBackendInfo name="Skye.AttributeAlias">
          <UUID>2667bdd2-4436-4829-a1a8-043dcc3d8ee2</UUID>
          <Info />
        </ProductBackendInfo>
        <ProductBackendInfo name="Skye.Core.DataSecurity">
          <UUID>90f5bd04-250c-4373-a778-bbc3d9856761</UUID>
          <Info>Standard</Info>
        </ProductBackendInfo>
        <ProductBackendInfo name="Skye.AllowValueSetViaUnencryptedURL">
          <UUID>d25ab1a1-bbe0-429a-9574-beec31421bd0</UUID>
          <Info>False</Info>
        </ProductBackendInfo>
        <ProductBackendInfo name="Skye.UIAttribute.ReferencedModel">
          <UUID>2ff9d191-3905-4ae7-8f95-f6a8c3643e3b</UUID>
          <Info>Home</Info>
        </ProductBackendInfo>
        <ProductBackendInfo name="Skye.UIAttribute.ReferencedAttribute">
          <UUID>fefa48ca-08a5-49a5-bfd2-11bd7573bf51</UUID>
          <Info>Product.PolicyEndDate</Info>
        </ProductBackendInfo>
        <DefinitionValueRelation>
          <DefinitionValueUUID>1babf070-2c84-40e4-ab88-2b187cea86f6</DefinitionValueUUID>
        </DefinitionValueRelation>
      </ProductPolicyAttribute>
      <ProductPolicyAttribute name="PolicyStartDate" visibilityLevel="0" mandatory="false" unit="" format="" numberOfDecimals="0" attributeClass="" type="UI">
        <UUID>7cdd9cd7-a0ab-4277-bf0f-dc2a05547911</UUID>
        <SortOrder>99</SortOrder>
        <InputType>Textbox</InputType>
        <DataType>String</DataType>
        <MaxLength>4000</MaxLength>
        <MinLength>0</MinLength>
        <ProductBackendInfo name="Skye.AttributeAlias">
          <UUID>e2705721-21d3-4c17-89f0-a2139af2ab18</UUID>
          <Info />
        </ProductBackendInfo>
        <ProductBackendInfo name="Skye.Core.DataSecurity">
          <UUID>80a288ae-da43-4edd-b986-21fbf0ceb7c9</UUID>
          <Info>Standard</Info>
        </ProductBackendInfo>
        <ProductBackendInfo name="Skye.AllowValueSetViaUnencryptedURL">
          <UUID>d7c032ef-2a65-4506-823a-025b12890f3d</UUID>
          <Info>False</Info>
        </ProductBackendInfo>
        <ProductBackendInfo name="Skye.UIAttribute.ReferencedModel">
          <UUID>1baba224-ba8d-4c55-9639-e6f5baf39575</UUID>
          <Info>Home</Info>
        </ProductBackendInfo>
        <ProductBackendInfo name="Skye.UIAttribute.ReferencedAttribute">
          <UUID>540cd822-abb7-481d-8d29-699b2b1d84a5</UUID>
          <Info>Product.PolicyStartDate</Info>
        </ProductBackendInfo>
        <DefinitionValueRelation>
          <DefinitionValueUUID>32476216-f21b-4ed6-a5e7-a2fb3844781e</DefinitionValueUUID>
        </DefinitionValueRelation>
      </ProductPolicyAttribute>
      <ProductBackendInfo name="Skye.NumberOfColumns">
        <UUID>0d2e8952-8e4b-47b6-8d38-4b12b6f14658</UUID>
        <Info>2</Info>
      </ProductBackendInfo>
      <ProductBackendInfo name="Skye.DisplayControlWithEmptyContent">
        <UUID>e45ac120-4d45-4ba5-bc08-3beb3f0e6135</UUID>
        <Info>True</Info>
      </ProductBackendInfo>
      <ProductBackendInfo name="Skye.StyleClass">
        <UUID>58adb015-83de-4ed1-ac7f-9184a8d90279</UUID>
        <Info />
      </ProductBackendInfo>
      <ProductBackendInfo name="Skye.WidthPercentage">
        <UUID>8181e1f0-059e-48dc-b5ca-f338bd1265b6</UUID>
        <Info />
      </ProductBackendInfo>
      <ProductBackendInfo name="Skye.MaxWidthInPixels">
        <UUID>ab733db1-ffdf-4782-9296-8ac62b16ac82</UUID>
        <Info />
      </ProductBackendInfo>
      <ProductBackendInfo name="Skye.MinWidthInPixels">
        <UUID>63d7edcf-7d2f-450a-be5c-e61e0a51f661</UUID>
        <Info />
      </ProductBackendInfo>
      <ProductBackendInfo name="Skye.MultibrickType">
        <UUID>98c764bf-74ce-49e5-8d36-e7d85a97b999</UUID>
        <Info />
      </ProductBackendInfo>
    </ProductBrick>
    <ProductBackendInfo name="Skye.ProcessStepUIType">
      <UUID>b62830b0-b9a3-4136-837c-7a407c020b7f</UUID>
      <Info>TabGroup</Info>
    </ProductBackendInfo>
    <ProductBackendInfo name="Skye.StyleClass">
      <UUID>8c048f90-c8b8-4b00-a4c3-9c9efbba5d3c</UUID>
      <Info />
    </ProductBackendInfo>
    <ProductBackendInfo name="Skye.OrientationUIType">
      <UUID>a1caec05-4886-419a-82bb-c6e6689de4fe</UUID>
      <Info>vertical</Info>
    </ProductBackendInfo>
    <ProductBackendInfo name="Skye.VerticalAlignmentUIType">
      <UUID>2f22d1cb-d92f-4df8-9709-3480113a1de5</UUID>
      <Info>top</Info>
    </ProductBackendInfo>
    <ProductBackendInfo name="Skye.PreCalculatedWidths">
      <UUID>ec551c7a-eb64-4b37-b928-a01c5fc6fa50</UUID>
      <Info>False</Info>
    </ProductBackendInfo>
    <ProductBackendInfo name="Skye.MultibrickType">
      <UUID>bfd85a90-9927-429d-aa0f-45f3adefa75c</UUID>
      <Info />
    </ProductBackendInfo>
  </ProductBrick>
  <ProductBrick name="HomeCreatePolicyDetailsUIDefStickyBar" visibilityLevel="3" brickClass="" isAbstract="false" typeId="0">
    <UUID>d6c5b8bb-c502-4fae-b20a-f56596cf0915</UUID>
    <SortOrder>20</SortOrder>
    <MinimumUsage>1</MinimumUsage>
    <MaximumUsage>1</MaximumUsage>
    <InitialUsage>1</InitialUsage>
    <ProductPolicyAttribute name="StickyMessage" visibilityLevel="0" mandatory="false" unit="" format="" numberOfDecimals="0" attributeClass="" type="UI">
      <UUID>64a1e756-2166-4ad5-ba59-e1602c2c4c49</UUID>
      <SortOrder>99</SortOrder>
      <InputType>Textbox</InputType>
      <DataType>String</DataType>
      <MaxLength>4000</MaxLength>
      <MinLength>0</MinLength>
      <ProductBackendInfo name="Skye.AttributeAlias">
        <UUID>b572c76a-4925-45c2-9a28-22a1c2d92d35</UUID>
        <Info />
      </ProductBackendInfo>
      <ProductBackendInfo name="Skye.Core.DataSecurity">
        <UUID>0154f687-9f91-4946-bd3c-345e2e788be3</UUID>
        <Info>Standard</Info>
      </ProductBackendInfo>
      <ProductBackendInfo name="Skye.AllowValueSetViaUnencryptedURL">
        <UUID>cb1d48ea-d174-4c18-81ff-b3ae69733295</UUID>
        <Info>False</Info>
      </ProductBackendInfo>
      <ProductBackendInfo name="Skye.UIAttribute.ReferencedModel">
        <UUID>91587cbe-e8d0-4b49-9f83-58a01b84bd37</UUID>
        <Info>Home</Info>
      </ProductBackendInfo>
      <ProductBackendInfo name="Skye.UIAttribute.ReferencedAttribute">
        <UUID>051b42d5-a5ec-4f60-a3fc-7c94d93e05f3</UUID>
        <Info>Home.StickyMessage</Info>
      </ProductBackendInfo>
      <DefinitionValueRelation>
        <DefinitionValueUUID>b5ee0541-4772-415e-b3ad-6b641cd6b890</DefinitionValueUUID>
      </DefinitionValueRelation>
    </ProductPolicyAttribute>
    <ProductBackendInfo name="Skye.StickyBarPositionUIType">
      <UUID>0cde092c-bf89-411b-b81f-10b1e5dff843</UUID>
      <Info>bottom</Info>
    </ProductBackendInfo>
    <ProductBackendInfo name="Skye.ProcessStepUIType">
      <UUID>1b7d86fe-e3e4-4156-9c4d-a60e5d312a3e</UUID>
      <Info>StickyBar</Info>
    </ProductBackendInfo>
    <ProductBackendInfo name="Skye.StyleClass">
      <UUID>f563a074-f8d8-42aa-bd44-ffae55605033</UUID>
      <Info />
    </ProductBackendInfo>
    <ProductBackendInfo name="Skye.MultibrickType">
      <UUID>6bcd4126-d087-490c-8017-1ecabdacb736</UUID>
      <Info />
    </ProductBackendInfo>
  </ProductBrick>
  <DefinitionDependentLists>
    <DefinitionDependencyDefaultValueList />
    <DefinitionDependencyValueRangeList />
    <DefinitionDependencyVisibilityList />
    <DefinitionDependencyMandatoryList />
    <DefinitionDependencyToDependencyList />
    <DefinitionDependencyValueRangeFilterValuesList />
    <DefinitionDependencyDataSourceAttributeList />
  </DefinitionDependentLists>
</Product>