﻿<?xml version="1.0" encoding="utf-8"?>
<Product xmlns:xsd="http://www.w3.org/2001/XMLSchema" xmlns:xsi="http://www.w3.org/2001/XMLSchema-instance" name="NewProcess" lastChanged="2018-06-21T08:11:42.8994024Z" implementationClass=" " modelType="process" skyeEditorVersion="7.4.0.48">
  <UUID>871941ad-a696-45eb-a0e3-b60861691b3c</UUID>
  <BusinessUnit> </BusinessUnit>
  <Section> </Section>
  <ProductTextList>
    <ProductText name="header" language="en" country="US">
      <UUID>b3b96bd3-60ef-4d7e-bc0a-883241bd811b</UUID>
      <Text>Step 1</Text>
    </ProductText>
  </ProductTextList>
  <ProductValueRangeList>
    <ProductValueRange name="Reference.referencedModelsVR" type="fix">
      <UUID>8d2d9bdf-c324-4402-a81a-76b1ee70fb47</UUID>
    </ProductValueRange>
    <ProductValueRange name="Reference.attributeMappingVR" type="fix">
      <UUID>2eef590a-83d1-42d0-addc-e8fb4db6e8b2</UUID>
    </ProductValueRange>
  </ProductValueRangeList>
  <DefinitionBusinessObjectContextList />
  <DefinitionResourceList>
    <DefinitionResource name="ProductSettings" language="" country="">
      <UUID>619f5d31-a23d-4f8e-9e45-2a24b71a6e02</UUID>
      <resourceName>ProductSettings.xml</resourceName>
      <resourceType>xml</resourceType>
    </DefinitionResource>
  </DefinitionResourceList>
  <AbstractProductBrickList />
  <ProductValueList>
    <ProductValue name="" type="value">
      <UUID>f56f741a-2803-4a67-a1db-f9e50ed1b693</UUID>
      <SortOrder>0</SortOrder>
      <Value />
    </ProductValue>
    <ProductValue name="delete=ignore,copy=setnull" type="value">
      <UUID>591d3c7c-b9de-4271-8260-a9e1d0436e49</UUID>
      <SortOrder>0</SortOrder>
      <Value />
    </ProductValue>
  </ProductValueList>
  <ProductPolicyAttribute name="@CurrentProcessStep" visibilityLevel="2" mandatory="false" unit=" " format=" " numberOfDecimals="0" attributeClass=" " type="Standard" hasHistory="false">
    <UUID>f10a9d95-3000-412c-82eb-8b90f883148c</UUID>
    <SortOrder>99</SortOrder>
    <InputType>Textbox</InputType>
    <DataType>String</DataType>
    <MaxLength>100</MaxLength>
    <MinLength>0</MinLength>
    <ProductBackendInfo name="Skye.AttributeAlias">
      <UUID>d16080e9-7430-4540-a303-f1863602e4b0</UUID>
      <Info />
    </ProductBackendInfo>
    <ProductBackendInfo name="Skye.AllowValueSetViaUnencryptedURL">
      <UUID>f643dfc7-6fa5-48dc-962c-4baeeb2cb268</UUID>
      <Info>False</Info>
    </ProductBackendInfo>
    <ProductBackendInfo name="Skye.Core.DataSecurity">
      <UUID>b732e46e-0748-4291-9b04-504606400ea7</UUID>
      <Info>Standard</Info>
    </ProductBackendInfo>
    <DefinitionValueRelation>
      <UUID>6bcfc0a5-5004-41a2-9cf4-8a949b73a285</UUID>
      <DefinitionValueUUID>f56f741a-2803-4a67-a1db-f9e50ed1b693</DefinitionValueUUID>
      <DefinitionValueValue />
    </DefinitionValueRelation>
  </ProductPolicyAttribute>
  <ProductPolicyAttribute name="@CurrentProcessObject" visibilityLevel="2" mandatory="false" unit=" " format=" " numberOfDecimals="0" attributeClass=" " type="Reference" hasHistory="false">
    <UUID>a607f103-6e84-406a-b909-c5a1dc6c3ceb</UUID>
    <SortOrder>99</SortOrder>
    <InputType>Textbox</InputType>
    <DataType>product</DataType>
    <MaxLength>100</MaxLength>
    <MinLength>0</MinLength>
    <ProductValueRangeRelation>
      <UUID>13aab7da-4146-4131-aa48-85b973171b56</UUID>
      <SortOrder>99</SortOrder>
      <ProductValueRangeUUID>8d2d9bdf-c324-4402-a81a-76b1ee70fb47</ProductValueRangeUUID>
      <ValueRangeName>@CurrentProcessObject</ValueRangeName>
    </ProductValueRangeRelation>
    <ProductValueRangeRelation>
      <UUID>e05861b1-7596-4927-88cd-eed22c1a4b25</UUID>
      <SortOrder>99</SortOrder>
      <ProductValueRangeUUID>2eef590a-83d1-42d0-addc-e8fb4db6e8b2</ProductValueRangeUUID>
    </ProductValueRangeRelation>
    <ProductBackendInfo name="Skye.AttributeAlias">
      <UUID>c0ec9ae4-62d7-46b5-bbce-9e87f6fb118e</UUID>
      <Info />
    </ProductBackendInfo>
    <ProductBackendInfo name="Skye.AllowValueSetViaUnencryptedURL">
      <UUID>3aa944f2-3acb-42f4-954e-96a147b81daf</UUID>
      <Info>False</Info>
    </ProductBackendInfo>
    <ProductBackendInfo name="Skye.Core.DataSecurity">
      <UUID>034516b3-4e3a-4715-bcd6-a45fee6b33a7</UUID>
      <Info>Standard</Info>
    </ProductBackendInfo>
    <ProductBackendInfo name="Skye.Reference.CopyBehavior">
      <UUID>553c419e-69f7-4366-9718-79778c01555c</UUID>
      <Info>setnull</Info>
    </ProductBackendInfo>
    <ProductBackendInfo name="Skye.Reference.DeleteBehavior">
      <UUID>253d3b80-2f22-4f04-a4f2-1c9226aeb688</UUID>
      <Info>ignore</Info>
    </ProductBackendInfo>
    <ProductBackendInfo name="Skye.Reference.SetReferenceBehaviour">
      <UUID>cb909eb0-0b8e-4639-80a0-cbf70ea343ac</UUID>
      <Info>ByUuid</Info>
    </ProductBackendInfo>
    <ProductBackendInfo name="Skye.Reference.SearchTextType">
      <UUID>7354c068-a82f-497e-b62d-7d32a8cf0a01</UUID>
      <Info />
    </ProductBackendInfo>
    <ProductBackendInfo name="Skye.Reference.ShouldCopyValues">
      <UUID>62efc28d-84e9-44b2-abc0-ef1101dd5442</UUID>
      <Info>false</Info>
    </ProductBackendInfo>
    <ProductBackendInfo name="Skye.Reference.CheckValidity">
      <UUID>f423c733-7ca6-4a3a-bde1-d20cf0e41636</UUID>
      <Info>false</Info>
    </ProductBackendInfo>
    <ProductBackendInfo name="Skye.MaximumNumberOfSearchResults">
      <UUID>562b6a4c-639f-4f37-8adc-6d462cbf5000</UUID>
      <Info>20</Info>
    </ProductBackendInfo>
    <ProductBackendInfo name="Skye.Reference.DisplayValidationError">
      <UUID>568e0269-5e26-4b28-9441-8fbc24088530</UUID>
      <Info>False</Info>
    </ProductBackendInfo>
    <ProductBackendInfo name="Skye.CharsToTriggerSearch">
      <UUID>67b02d4a-be84-4ee6-a9b6-1de07c61eda3</UUID>
      <Info>3</Info>
    </ProductBackendInfo>
    <DefinitionValueRelation>
      <UUID>e726b3d1-f4ef-4976-9ed1-4e1ee5b0ecb7</UUID>
      <DefinitionValueUUID>591d3c7c-b9de-4271-8260-a9e1d0436e49</DefinitionValueUUID>
      <DefinitionValueValue />
    </DefinitionValueRelation>
  </ProductPolicyAttribute>
  <ProductBrick name="NewProcess:Step1" visibilityLevel="2" brickClass=" " isAbstract="false" typeId="13">
    <UUID>777cbfe8-5021-4ec1-a628-87bf4c113395</UUID>
    <SortOrder>1</SortOrder>
    <MinimumUsage>1</MinimumUsage>
    <MaximumUsage>1</MaximumUsage>
    <InitialUsage>1</InitialUsage>
    <ProductTextRelation>
      <UUID>83d9b1ce-238a-43fe-beb9-4197406e5a8e</UUID>
      <ProductTextUUID>b3b96bd3-60ef-4d7e-bc0a-883241bd811b</ProductTextUUID>
    </ProductTextRelation>
    <ProductBackendInfo name="Skye.MultibrickType">
      <UUID>c4271329-1300-4c71-9232-b706d8394f16</UUID>
      <Info />
    </ProductBackendInfo>
  </ProductBrick>
  <DefinitionDependentLists>
    <DefinitionDependencyDefaultValueList />
    <DefinitionDependencyValueRangeList />
    <DefinitionDependencyVisibilityList />
    <DefinitionDependencyMandatoryList />
    <DefinitionDependencyToDependencyList />
    <DefinitionDependencyValueRangeFilterValuesList />
    <DefinitionDependencyDataSourceAttributeList />
  </DefinitionDependentLists>
  <DefinitionResourceRelation>
    <UUID>dbc2736c-69f6-4793-9ae1-3f41efd9a6a3</UUID>
    <DefinitionResourceUUID>619f5d31-a23d-4f8e-9e45-2a24b71a6e02</DefinitionResourceUUID>
    <DefinitionObjectUUID>871941ad-a696-45eb-a0e3-b60861691b3c</DefinitionObjectUUID>
  </DefinitionResourceRelation>
</Product>