﻿<?xml version="1.0" encoding="utf-8"?>
<Product xmlns:xsd="http://www.w3.org/2001/XMLSchema" xmlns:xsi="http://www.w3.org/2001/XMLSchema-instance" name="Shoppingcart" lastChanged="2019-10-24T13:41:25.1322436Z" implementationClass=" " versionUuid=" " modelType="shoppingcart" subModelType="" skyeEditorVersion="7.15.0.16">
  <UUID>4484a45d-11bc-4ae4-ade8-b24ac6bc60b9</UUID>
  <SortOrder>0</SortOrder>
  <BusinessUnit> </BusinessUnit>
  <Section> </Section>
  <ProductTextList>
    <ProductText name="searchTooManyRecords" language="en" country="US">
      <UUID>9ff7b0e8-a1b3-40be-90ce-4af0c2cdc7f7</UUID>
      <Text />
    </ProductText>
    <ProductText name="short" language="en" country="US">
      <UUID>170c73dd-f2b1-44ff-9bdb-e3af0864fab9</UUID>
      <Text>Bank</Text>
    </ProductText>
    <ProductText name="short" language="en" country="US">
      <UUID>6809836b-ccde-4b5a-a8c1-6eb415ce2272</UUID>
      <Text>Cheque Nr.</Text>
    </ProductText>
    <ProductText name="short" language="en" country="US">
      <UUID>205e4c05-6147-4e25-8aa1-a709477bf766</UUID>
      <Text>Cheque Date</Text>
    </ProductText>
    <ProductText name="short" language="en" country="US">
      <UUID>8df71636-c897-48a6-a362-ed6b5db8cab3</UUID>
      <Text>Payment Amount</Text>
    </ProductText>
    <ProductText name="paymentAdditionalInfoHtml" language="en" country="US">
      <UUID>dea31b0f-24bb-4b3f-98b1-66511ae9e0a4</UUID>
      <Text>Please proceed with your credit card payment</Text>
    </ProductText>
    <ProductText name="paymentButtonLabel" language="en" country="US">
      <UUID>cf1dc627-bfc0-496f-b9b9-f40843d11b34</UUID>
      <Text>Pay</Text>
    </ProductText>
    <ProductText name="paymentCardLabel" language="en" country="US">
      <UUID>b3b359b9-6a4a-4f1a-b5e3-52389f5c5106</UUID>
      <Text />
    </ProductText>
    <ProductText name="paymentCardNumberLabel" language="en" country="US">
      <UUID>5f93c1ba-ec55-4e8a-9b20-bb7e6d03d809</UUID>
      <Text />
    </ProductText>
    <ProductText name="paymentCardExpiryLabel" language="en" country="US">
      <UUID>00c85050-54d2-4b3b-8c95-55ac51923e39</UUID>
      <Text />
    </ProductText>
    <ProductText name="paymentCardCVVLabel" language="en" country="US">
      <UUID>7605829e-2bba-4e2d-8a04-daa6bc049351</UUID>
      <Text />
    </ProductText>
    <ProductText name="short" language="en" country="US">
      <UUID>9b42e043-81b9-483c-bdb9-0f71f9e31484</UUID>
      <Text />
    </ProductText>
    <ProductText name="short" language="en" country="US">
      <UUID>c2b430a3-c9a8-4c65-a8c9-a0075cceb76d</UUID>
      <Text />
    </ProductText>
    <ProductText name="short" language="en" country="US">
      <UUID>ffa0eba2-4526-4bac-8d0c-2bfd904306c9</UUID>
      <Text />
    </ProductText>
    <ProductText name="short" language="en" country="US">
      <UUID>f4816a66-f5fc-4026-b941-01c46ac5cd0f</UUID>
      <Text />
    </ProductText>
    <ProductText name="short" language="en" country="US">
      <UUID>cddd9856-d158-48b7-bbd1-c65bf5035b99</UUID>
      <Text />
    </ProductText>
    <ProductText name="short" language="en" country="US">
      <UUID>5047f868-937f-4749-b53e-82729115815d</UUID>
      <Text />
    </ProductText>
  </ProductTextList>
  <ProductValueRangeList>
    <ProductValueRange name="Reference.attributeMappingVR" type="fix">
      <UUID>add1549d-aa5f-4f0b-8e03-c26a8cd5478b</UUID>
    </ProductValueRange>
    <ProductValueRange name="Reference.referencedModelsVR" type="fix">
      <UUID>f1432d90-4b22-41ad-b60e-6fac04965662</UUID>
      <DefinitionValueRelation>
        <UUID>11e9e9c5-17ac-7d3f-8104-ab8dde4e730f</UUID>
        <DefinitionValueUUID>abee3978-cb97-4a54-b3ee-a803d3d9f052</DefinitionValueUUID>
      </DefinitionValueRelation>
      <DefinitionValueRelation>
        <UUID>de2a02a9-39a7-44af-b834-420a07610a7a</UUID>
        <DefinitionValueUUID>c02c2c23-d45a-4e0c-a56e-add0bf0a8b77</DefinitionValueUUID>
      </DefinitionValueRelation>
      <DefinitionValueRelation>
        <UUID>92c49e23-882f-4863-9494-62bfb5234ea0</UUID>
        <DefinitionValueUUID>1e7e7d09-7c4b-4cc6-a03f-69285ddcab90</DefinitionValueUUID>
      </DefinitionValueRelation>
    </ProductValueRange>
    <ProductValueRange name="Skye.payment.responseMappingVR" type="fix">
      <UUID>9a1fb1e7-3aca-4d03-9cfe-06c42605c278</UUID>
      <DefinitionValueRelation>
        <UUID>be27f0f8-95d5-4d38-93d1-dff6bbec6217</UUID>
        <DefinitionValueUUID>51124ee8-41b7-4903-85c4-b2d0f9747a77</DefinitionValueUUID>
      </DefinitionValueRelation>
      <DefinitionValueRelation>
        <UUID>66a7aaf9-0d67-40a9-83bb-afa510a157e9</UUID>
        <DefinitionValueUUID>0d9dadc8-f363-4305-95ac-284c2fa0123f</DefinitionValueUUID>
      </DefinitionValueRelation>
      <DefinitionValueRelation>
        <UUID>17294f2c-f26c-4bf6-be50-11f143c19687</UUID>
        <DefinitionValueUUID>de360724-4038-423c-a100-f3ecab1db64d</DefinitionValueUUID>
      </DefinitionValueRelation>
    </ProductValueRange>
    <ProductValueRange name="Skye.payment.errorMappingVR" type="fix">
      <UUID>6e561315-8697-4f0d-8fe4-b91cddda1eb2</UUID>
      <DefinitionValueRelation>
        <UUID>09341cd3-8089-4d0b-b983-cb20b0e75c8d</UUID>
        <DefinitionValueUUID>f6a3b9e1-b5de-4c7e-9730-8181d9b797f5</DefinitionValueUUID>
      </DefinitionValueRelation>
      <DefinitionValueRelation>
        <UUID>f0b26845-62be-40ab-af7f-097d7cbd9da6</UUID>
        <DefinitionValueUUID>5391a6b4-e512-4d7e-805e-392c499c41c3</DefinitionValueUUID>
      </DefinitionValueRelation>
    </ProductValueRange>
    <ProductValueRange name="Skye.payment.webhookMappingVR" type="fix">
      <UUID>81299731-fe3b-4fee-bf0d-a5647103fb74</UUID>
    </ProductValueRange>
  </ProductValueRangeList>
  <DefinitionBusinessObjectContextList>
    <DefinitionBusinessObjectContext name="MotorCreatePolicy:Payment-callcenter-callcenter">
      <UUID>86e14339-7111-4121-953b-a82751a50062</UUID>
      <SubclassId>visibilityLevelContext</SubclassId>
      <ValueField>4</ValueField>
    </DefinitionBusinessObjectContext>
    <DefinitionBusinessObjectContext name="MotorCreatePolicy:Payment-callcenter-callcenter">
      <UUID>420ccb32-f542-4146-bbb7-315dedab8c2b</UUID>
      <SubclassId>visibilityLevelContext</SubclassId>
      <ValueField>2</ValueField>
    </DefinitionBusinessObjectContext>
  </DefinitionBusinessObjectContextList>
  <DefinitionResourceList />
  <AbstractProductBrickList />
  <ProductValueList>
    <ProductValue name="FamilyInsuranceCreatePolicy" type="value">
      <UUID>abee3978-cb97-4a54-b3ee-a803d3d9f052</UUID>
      <SortOrder>0</SortOrder>
      <Value />
    </ProductValue>
    <ProductValue name=" " type="value">
      <UUID>f2b288d2-f78c-4533-8b16-19d7c3f37ecc</UUID>
      <SortOrder>0</SortOrder>
      <Value />
    </ProductValue>
    <ProductValue name="HomeCreatePolicy" type="value">
      <UUID>c02c2c23-d45a-4e0c-a56e-add0bf0a8b77</UUID>
      <SortOrder>0</SortOrder>
      <Value />
    </ProductValue>
    <ProductValue name="" type="value">
      <UUID>00ab0c07-3f22-49fe-95a3-fd100bd25d42</UUID>
      <SortOrder>0</SortOrder>
      <Value />
    </ProductValue>
    <ProductValue name="" type="value">
      <UUID>f80aad42-fa22-459d-9e63-2690958725c2</UUID>
      <SortOrder>0</SortOrder>
      <Value />
    </ProductValue>
    <ProductValue name="" type="value">
      <UUID>8440f8cd-345f-44ff-ba4b-5cf19c9538a4</UUID>
      <SortOrder>0</SortOrder>
      <Value />
    </ProductValue>
    <ProductValue name="Cheque" type="value">
      <UUID>04fab218-17ab-4d6e-b910-55a8b9110736</UUID>
      <SortOrder>0</SortOrder>
      <Value>Cheque</Value>
    </ProductValue>
    <ProductValue name="Cheque" type="value">
      <UUID>60d238c3-9b2d-48a8-a8bb-f9264ac9035f</UUID>
      <SortOrder>0</SortOrder>
      <Value>Cheque</Value>
    </ProductValue>
    <ProductValue name="Cheque" type="value">
      <UUID>958241b7-02d5-456f-9978-a6f363102992</UUID>
      <SortOrder>0</SortOrder>
      <Value>Cheque</Value>
    </ProductValue>
    <ProductValue name="100" type="value">
      <UUID>076b237d-6424-41f8-888f-c2b14bf548bb</UUID>
      <SortOrder>0</SortOrder>
      <Value>100</Value>
    </ProductValue>
    <ProductValue name="MotorCreatePolicy" type="value">
      <UUID>1e7e7d09-7c4b-4cc6-a03f-69285ddcab90</UUID>
      <SortOrder>0</SortOrder>
      <Value />
    </ProductValue>
    <ProductValue name="" type="value">
      <UUID>d5ecb4f0-45a4-4793-a5b4-e1704a8d8cea</UUID>
      <SortOrder>0</SortOrder>
      <Value />
    </ProductValue>
    <ProductValue name="" type="value">
      <UUID>6a80f25f-0fd9-4774-ac42-2db182b66993</UUID>
      <SortOrder>0</SortOrder>
      <Value />
    </ProductValue>
    <ProductValue name="" type="value">
      <UUID>090edf05-c973-412b-8847-889e3f330efa</UUID>
      <SortOrder>0</SortOrder>
      <Value />
    </ProductValue>
    <ProductValue name="PaymentInfo.Last4" type="value">
      <UUID>51124ee8-41b7-4903-85c4-b2d0f9747a77</UUID>
      <SortOrder>1</SortOrder>
      <Value>source.last4</Value>
    </ProductValue>
    <ProductValue name="" type="value">
      <UUID>f98dbbe4-155c-4bf1-a722-a4884beb7491</UUID>
      <SortOrder>0</SortOrder>
      <Value />
    </ProductValue>
    <ProductValue name="" type="value">
      <UUID>7607b9a0-1414-4947-a091-6d3364c0ed3b</UUID>
      <SortOrder>0</SortOrder>
      <Value />
    </ProductValue>
    <ProductValue name="PaymentInfo.PaymentStatus" type="value">
      <UUID>0d9dadc8-f363-4305-95ac-284c2fa0123f</UUID>
      <SortOrder>2</SortOrder>
      <Value>status</Value>
    </ProductValue>
    <ProductValue name="PaymentInfo.PaymentGatewayErrorCode" type="value">
      <UUID>f6a3b9e1-b5de-4c7e-9730-8181d9b797f5</UUID>
      <SortOrder>1</SortOrder>
      <Value>code</Value>
    </ProductValue>
    <ProductValue name="PaymentInfo.PaymentGatewayErrorMessage" type="value">
      <UUID>5391a6b4-e512-4d7e-805e-392c499c41c3</UUID>
      <SortOrder>2</SortOrder>
      <Value>message</Value>
    </ProductValue>
    <ProductValue name="" type="value">
      <UUID>0303d8f0-bbb9-44bb-b863-abcdd2be4402</UUID>
      <SortOrder>0</SortOrder>
      <Value />
    </ProductValue>
    <ProductValue name="" type="value">
      <UUID>7ba5e895-536e-4ff7-b61c-0e442b844295</UUID>
      <SortOrder>0</SortOrder>
      <Value />
    </ProductValue>
    <ProductValue name="PaymentInfo.PaymentAmount" type="value">
      <UUID>de360724-4038-423c-a100-f3ecab1db64d</UUID>
      <SortOrder>3</SortOrder>
      <Value>amount</Value>
    </ProductValue>
    <ProductValue name="%{ref[Shoppingcart.processModel to MotorCreatePolicy].ref[root.@CurrentProcessObject to Motor].GridPackageSelection.GridSelectedPackageDollar-&gt;shortOrFormattedValue}" type="value">
      <UUID>71d3041d-ac96-4c80-a479-5669059499b1</UUID>
      <SortOrder>0</SortOrder>
      <Value>%{ref[Shoppingcart.processModel to MotorCreatePolicy].ref[root.@CurrentProcessObject to Motor].GridPackageSelection.GridSelectedPackageDollar-&gt;shortOrFormattedValue}</Value>
    </ProductValue>
    <ProductValue name="" type="value">
      <UUID>4eeb2cd0-aa92-4e49-9d6a-b3991b5385c1</UUID>
      <SortOrder>0</SortOrder>
      <Value />
    </ProductValue>
  </ProductValueList>
  <ProductPolicyAttribute name="processModel" visibilityLevel="0" mandatory="false" unit="" format="" numberOfDecimals="0" attributeClass=" " type="Reference">
    <UUID>5baae214-7cc8-4a14-8cb9-ff5a6d435cde</UUID>
    <SortOrder>99</SortOrder>
    <InputType>Textbox</InputType>
    <DataType>process</DataType>
    <MaxLength>4000</MaxLength>
    <MinLength>0</MinLength>
    <ProductTextRelation>
      <ProductTextUUID>9ff7b0e8-a1b3-40be-90ce-4af0c2cdc7f7</ProductTextUUID>
    </ProductTextRelation>
    <ProductValueRangeRelation>
      <UUID>70759546-0016-456b-b122-e90a5e48bb60</UUID>
      <SortOrder>0</SortOrder>
      <ProductValueRangeUUID>f1432d90-4b22-41ad-b60e-6fac04965662</ProductValueRangeUUID>
    </ProductValueRangeRelation>
    <ProductValueRangeRelation>
      <UUID>af3ec62a-a77c-4a38-aa35-643dc7918b7c</UUID>
      <SortOrder>0</SortOrder>
      <ProductValueRangeUUID>add1549d-aa5f-4f0b-8e03-c26a8cd5478b</ProductValueRangeUUID>
    </ProductValueRangeRelation>
    <ProductBackendInfo name="Skye.Reference.DisplayValidationError">
      <UUID>034dae01-4055-44ef-8653-fa3a84f56591</UUID>
      <Info>False</Info>
    </ProductBackendInfo>
    <ProductBackendInfo name="Skye.AttributeAlias">
      <UUID>1b723998-a4d4-43b4-98c0-f1fb515f9599</UUID>
      <Info />
    </ProductBackendInfo>
    <ProductBackendInfo name="Skye.AllowValueSetViaUnencryptedURL">
      <UUID>1e895cdb-7280-4332-b7c6-62b3ef0122f8</UUID>
      <Info>False</Info>
    </ProductBackendInfo>
    <ProductBackendInfo name="Skye.Reference.SetReferenceBehaviour">
      <UUID>33a1dfbc-c812-47d1-ad64-098aa2f7b372</UUID>
      <Info>ByUuid</Info>
    </ProductBackendInfo>
    <ProductBackendInfo name="Skye.MaximumNumberOfSearchResults">
      <UUID>3d65c302-6dde-4b7f-9df0-ab4154962202</UUID>
      <Info>20</Info>
    </ProductBackendInfo>
    <ProductBackendInfo name="Skye.Reference.ShouldCopyValues">
      <UUID>951bf7ba-99fa-4a1c-8e14-0d1052b7f03d</UUID>
      <Info>false</Info>
    </ProductBackendInfo>
    <ProductBackendInfo name="Skye.Core.DataSecurity">
      <UUID>9a4e2e2a-ae64-4c08-b470-80bcaeac4049</UUID>
      <Info>Standard</Info>
    </ProductBackendInfo>
    <ProductBackendInfo name="Skye.Reference.DeleteBehavior">
      <UUID>a49a4072-8132-42c8-8a26-981b19a418d6</UUID>
      <Info>ignore</Info>
    </ProductBackendInfo>
    <ProductBackendInfo name="Skye.Reference.CopyBehavior">
      <UUID>b3ccf4a7-0576-4c22-8c99-08b84b62558d</UUID>
      <Info>setnull</Info>
    </ProductBackendInfo>
    <ProductBackendInfo name="Skye.Reference.CheckValidity">
      <UUID>d2c37737-9982-4ab3-bd34-10ed5b929f94</UUID>
      <Info>false</Info>
    </ProductBackendInfo>
    <ProductBackendInfo name="Skye.CharsToTriggerSearch">
      <UUID>d4509945-a337-40b3-83f3-d3d0caedc5fe</UUID>
      <Info>3</Info>
    </ProductBackendInfo>
    <ProductBackendInfo name="Skye.Reference.SearchTextType">
      <UUID>ff08e836-d9ab-43a9-b9b7-577b788f5ed8</UUID>
      <Info />
    </ProductBackendInfo>
    <DefinitionValueRelation>
      <UUID>11e9e9c5-17ac-7d3e-8104-ab8dde4e730f</UUID>
      <DefinitionValueUUID>f2b288d2-f78c-4533-8b16-19d7c3f37ecc</DefinitionValueUUID>
    </DefinitionValueRelation>
  </ProductPolicyAttribute>
  <ProductPolicyAttribute name="MotorStripePayment" visibilityLevel="0" mandatory="false" unit="" format="" numberOfDecimals="0" attributeClass="" type="PaymentForm">
    <UUID>2492d42c-ffb2-41a9-bed8-266da1fdb334</UUID>
    <SortOrder>99</SortOrder>
    <InputType>SilentPaymentForm</InputType>
    <DataType>String</DataType>
    <MaxLength>4000</MaxLength>
    <MinLength>0</MinLength>
    <ProductTextRelation>
      <UUID>e9afe2b7-8cb5-4a95-be52-7c09b6754a85</UUID>
      <ProductTextUUID>dea31b0f-24bb-4b3f-98b1-66511ae9e0a4</ProductTextUUID>
    </ProductTextRelation>
    <ProductTextRelation>
      <UUID>68c55419-a67e-4f5f-b68d-c1d012d57c6e</UUID>
      <ProductTextUUID>cf1dc627-bfc0-496f-b9b9-f40843d11b34</ProductTextUUID>
    </ProductTextRelation>
    <ProductTextRelation>
      <UUID>d5897b84-af1f-4d27-80d3-cfcd883d857e</UUID>
      <ProductTextUUID>b3b359b9-6a4a-4f1a-b5e3-52389f5c5106</ProductTextUUID>
    </ProductTextRelation>
    <ProductTextRelation>
      <UUID>8e4b71af-f973-4196-9f40-281adff19a56</UUID>
      <ProductTextUUID>5f93c1ba-ec55-4e8a-9b20-bb7e6d03d809</ProductTextUUID>
    </ProductTextRelation>
    <ProductTextRelation>
      <UUID>69fbfd2d-0aa3-445b-92dc-e14ca57606cf</UUID>
      <ProductTextUUID>00c85050-54d2-4b3b-8c95-55ac51923e39</ProductTextUUID>
    </ProductTextRelation>
    <ProductTextRelation>
      <UUID>0078fad5-3067-41bf-8a34-48ac9b7e4922</UUID>
      <ProductTextUUID>7605829e-2bba-4e2d-8a04-daa6bc049351</ProductTextUUID>
    </ProductTextRelation>
    <ProductValueRangeRelation>
      <UUID>24482bdd-fe00-494c-aa2d-9f1bb527fac4</UUID>
      <SortOrder>99</SortOrder>
      <ProductValueRangeUUID>9a1fb1e7-3aca-4d03-9cfe-06c42605c278</ProductValueRangeUUID>
    </ProductValueRangeRelation>
    <ProductValueRangeRelation>
      <UUID>9cc079f9-a5c3-4a9d-899e-c0b5312361b9</UUID>
      <SortOrder>99</SortOrder>
      <ProductValueRangeUUID>6e561315-8697-4f0d-8fe4-b91cddda1eb2</ProductValueRangeUUID>
    </ProductValueRangeRelation>
    <ProductValueRangeRelation>
      <UUID>413691f2-9ff6-4424-96c2-154b2823e1c5</UUID>
      <SortOrder>99</SortOrder>
      <ProductValueRangeUUID>81299731-fe3b-4fee-bf0d-a5647103fb74</ProductValueRangeUUID>
    </ProductValueRangeRelation>
    <ProductBackendInfo name="Skye.payment.paymentGatewayProvider">
      <UUID>ee3ef926-3048-4e30-9231-b89cfb6ebb46</UUID>
      <Info>Stripe</Info>
    </ProductBackendInfo>
    <ProductBackendInfo name="Skye.AttributeAlias">
      <UUID>c3feaf28-d075-40ca-9b0f-b78f735ab84a</UUID>
      <Info />
    </ProductBackendInfo>
    <ProductBackendInfo name="Skye.Core.DataSecurity">
      <UUID>94c63d2f-5b9b-4861-ad9b-472a6e08a0a7</UUID>
      <Info>Standard</Info>
    </ProductBackendInfo>
    <ProductBackendInfo name="Skye.AllowValueSetViaUnencryptedURL">
      <UUID>a2457451-7e81-4576-8607-4e808ef92c4f</UUID>
      <Info>False</Info>
    </ProductBackendInfo>
    <ProductBackendInfo name="Skye.payment.actionAfterPayment">
      <UUID>b76257f4-2fd9-461f-a172-175a03ee4ac0</UUID>
      <Info>PayAction</Info>
    </ProductBackendInfo>
    <ProductBackendInfo name="Skye.payment.activateEvents">
      <UUID>b88546de-51be-4bfa-a599-4ffd4b4c67db</UUID>
      <Info>False</Info>
    </ProductBackendInfo>
    <ProductBackendInfo name="Skye.payment.publicAPIKeyProperty">
      <UUID>1b934643-b360-4597-9bc3-cbdab59e92cb</UUID>
      <Info>payment.stripe.publicKey</Info>
    </ProductBackendInfo>
    <ProductBackendInfo name="Skye.payment.privateAPIKeyProperty">
      <UUID>fcf90701-4429-447a-8643-ddba0c1cd57a</UUID>
      <Info>payment.stripe.privateKey</Info>
    </ProductBackendInfo>
    <ProductBackendInfo name="Skye.payment.fieldMode">
      <UUID>7887d958-6018-4cc1-9d68-b7db691a6583</UUID>
      <Info>OneInputPerField</Info>
    </ProductBackendInfo>
    <ProductBackendInfo name="Skye.payment.amount">
      <UUID>9b81d98a-da26-406f-b081-bf33c30a15f5</UUID>
      <Info>%{PaymentInfo.PaymentAmount-&gt;rawValue}</Info>
    </ProductBackendInfo>
    <ProductBackendInfo name="Skye.payment.currency">
      <UUID>a5b8c164-5189-48ec-89e8-1fd2520d81c2</UUID>
      <Info>USD</Info>
    </ProductBackendInfo>
    <ProductBackendInfo name="Skye.payment.description">
      <UUID>241d61f8-137c-482a-a96c-0966db5b31f2</UUID>
      <Info>Thank you for purchasng the policy</Info>
    </ProductBackendInfo>
    <ProductBackendInfo name="Skye.payment.typeOfPayment">
      <UUID>937fc6c4-4d0b-4a50-9a82-739cfa905b36</UUID>
      <Info>SinglePayment</Info>
    </ProductBackendInfo>
    <ProductBackendInfo name="Skye.payment.planId">
      <UUID>5ec9a9f6-6e85-47e6-9ea4-7211a8f27663</UUID>
      <Info />
    </ProductBackendInfo>
    <ProductBackendInfo name="Skye.payment.planName">
      <UUID>5a10fdcd-0595-482d-bee2-983221b8942b</UUID>
      <Info />
    </ProductBackendInfo>
    <ProductBackendInfo name="Skye.payment.interval">
      <UUID>75b43eff-5555-47c4-b6ab-532eb8d10d68</UUID>
      <Info />
    </ProductBackendInfo>
    <ProductBackendInfo name="Skye.payment.intervalCount">
      <UUID>0f7f54f1-66c9-42a8-be8e-b02bde32bcee</UUID>
      <Info />
    </ProductBackendInfo>
    <ProductBackendInfo name="Skye.payment.eventsVerifyingKey">
      <UUID>706d7223-cb1d-47e6-ba99-2dd1320c0907</UUID>
      <Info />
    </ProductBackendInfo>
    <ProductBackendInfo name="Skye.payment.idAttribute">
      <UUID>33fe5718-d687-49a1-92b4-6b141f1b570e</UUID>
      <Info>PaymentInfo.PaymentId</Info>
    </ProductBackendInfo>
    <ProductBackendInfo name="Skye.payment.requestParam.fieldName.1">
      <UUID>602f9abf-e950-4002-a9da-3d44a34b9aa5</UUID>
      <Info>application_fee</Info>
    </ProductBackendInfo>
    <ProductBackendInfo name="Skye.payment.requestParam.value.1">
      <UUID>2843c893-1723-4f46-8e64-07fd07c6d68d</UUID>
      <Info>3</Info>
    </ProductBackendInfo>
    <DefinitionValueRelation>
      <DefinitionValueUUID>d5ecb4f0-45a4-4793-a5b4-e1704a8d8cea</DefinitionValueUUID>
    </DefinitionValueRelation>
    <DefinitionBusinessObjectContextRelation>
      <ContextUUID>86e14339-7111-4121-953b-a82751a50062</ContextUUID>
      <DefinitionObjectUUID>2492d42c-ffb2-41a9-bed8-266da1fdb334</DefinitionObjectUUID>
    </DefinitionBusinessObjectContextRelation>
  </ProductPolicyAttribute>
  <ProductBrick name="PaymentInfo" visibilityLevel="3" brickClass=" " isAbstract="false" typeId="15">
    <UUID>71706579-2922-42fb-bd7b-81605f48d1d7</UUID>
    <SortOrder>99</SortOrder>
    <MinimumUsage>1</MinimumUsage>
    <MaximumUsage>1</MaximumUsage>
    <InitialUsage>1</InitialUsage>
    <PredecessorBrickUUID />
    <PredecessorBrickName />
    <ProductPolicyAttribute name="Bank" visibilityLevel="0" mandatory="false" unit="" format="" numberOfDecimals="0" attributeClass="" type="Standard">
      <UUID>33388570-6727-4111-9010-3424455b7a1c</UUID>
      <SortOrder>99</SortOrder>
      <InputType>Textbox</InputType>
      <DataType>String</DataType>
      <MaxLength>4000</MaxLength>
      <MinLength>0</MinLength>
      <ProductTextRelation>
        <UUID>f9062385-9790-42db-9c90-40de8256ccfe</UUID>
        <ProductTextUUID>170c73dd-f2b1-44ff-9bdb-e3af0864fab9</ProductTextUUID>
      </ProductTextRelation>
      <ProductBackendInfo name="Skye.AttributeAlias">
        <UUID>60449bc6-5886-49d6-9166-64b594af3032</UUID>
        <Info />
      </ProductBackendInfo>
      <ProductBackendInfo name="Skye.Core.DataSecurity">
        <UUID>787e7fd7-093e-4604-8d8e-7c87ce3bf3fe</UUID>
        <Info>Standard</Info>
      </ProductBackendInfo>
      <ProductBackendInfo name="Skye.AllowValueSetViaUnencryptedURL">
        <UUID>eacc6bf8-14c3-4a6c-b141-a27e2f54a9b9</UUID>
        <Info>False</Info>
      </ProductBackendInfo>
      <DefinitionValueRelation>
        <DefinitionValueUUID>00ab0c07-3f22-49fe-95a3-fd100bd25d42</DefinitionValueUUID>
      </DefinitionValueRelation>
    </ProductPolicyAttribute>
    <ProductPolicyAttribute name="ChequeNr" visibilityLevel="0" mandatory="false" unit="" format="" numberOfDecimals="0" attributeClass="" type="Standard">
      <UUID>065121ec-d999-4184-a549-67874b5774a0</UUID>
      <SortOrder>99</SortOrder>
      <InputType>Textbox</InputType>
      <DataType>String</DataType>
      <MaxLength>4000</MaxLength>
      <MinLength>0</MinLength>
      <ProductTextRelation>
        <UUID>7baedd5f-9e25-4dad-b6bc-6e25e6639000</UUID>
        <ProductTextUUID>6809836b-ccde-4b5a-a8c1-6eb415ce2272</ProductTextUUID>
      </ProductTextRelation>
      <ProductBackendInfo name="Skye.AttributeAlias">
        <UUID>af0e848a-8aa1-4179-bfb0-e6c8254a2e4a</UUID>
        <Info />
      </ProductBackendInfo>
      <ProductBackendInfo name="Skye.Core.DataSecurity">
        <UUID>bdf89dcd-26b5-4aed-83fc-2b5003e8f2c7</UUID>
        <Info>Standard</Info>
      </ProductBackendInfo>
      <ProductBackendInfo name="Skye.AllowValueSetViaUnencryptedURL">
        <UUID>ce122595-aab8-44d9-824e-8b03a9eb4173</UUID>
        <Info>False</Info>
      </ProductBackendInfo>
      <DefinitionValueRelation>
        <DefinitionValueUUID>f80aad42-fa22-459d-9e63-2690958725c2</DefinitionValueUUID>
      </DefinitionValueRelation>
    </ProductPolicyAttribute>
    <ProductPolicyAttribute name="ChequeDate" visibilityLevel="0" mandatory="false" unit="" format="" numberOfDecimals="0" attributeClass="" type="Standard">
      <UUID>cde927e2-5bdf-4740-a7a5-7f27cfc35e1b</UUID>
      <SortOrder>99</SortOrder>
      <InputType>Datepicker</InputType>
      <DataType>Date</DataType>
      <MaxLength>4000</MaxLength>
      <MinLength>0</MinLength>
      <ProductTextRelation>
        <UUID>4cbe1fd1-a0ac-4837-bd0e-f1c3f0b9905c</UUID>
        <ProductTextUUID>205e4c05-6147-4e25-8aa1-a709477bf766</ProductTextUUID>
      </ProductTextRelation>
      <ProductBackendInfo name="Skye.AttributeAlias">
        <UUID>7fd7407f-a402-48d5-90ca-88e299b1addb</UUID>
        <Info />
      </ProductBackendInfo>
      <ProductBackendInfo name="Skye.Core.DataSecurity">
        <UUID>e189b08c-ac4e-4c3c-b911-ab2000c9bad3</UUID>
        <Info>Standard</Info>
      </ProductBackendInfo>
      <ProductBackendInfo name="Skye.AllowValueSetViaUnencryptedURL">
        <UUID>16bcae80-6f57-4850-b32d-14762e6bbfbc</UUID>
        <Info>False</Info>
      </ProductBackendInfo>
      <DefinitionValueRelation>
        <DefinitionValueUUID>8440f8cd-345f-44ff-ba4b-5cf19c9538a4</DefinitionValueUUID>
      </DefinitionValueRelation>
    </ProductPolicyAttribute>
    <ProductPolicyAttribute name="PaymentAmount" visibilityLevel="0" mandatory="false" unit="" format="&lt;Format&gt;&lt;Out&gt;&lt;Class&gt;com.innoveo.skye.business.model.extension.attribute.format.CurrencyFormatter&lt;/Class&gt;&lt;/Out&gt;&lt;/Format&gt;" numberOfDecimals="0" attributeClass="" type="Standard">
      <UUID>7ce8ab6d-b296-4d8e-8ca5-b4ecbae789cb</UUID>
      <SortOrder>99</SortOrder>
      <InputType refreshOnChange="true">Textbox</InputType>
      <DataType>String</DataType>
      <MaxLength>4000</MaxLength>
      <MinLength>0</MinLength>
      <ProductTextRelation>
        <UUID>646e47be-75bf-4ad9-8020-30cbf47913bc</UUID>
        <ProductTextUUID>8df71636-c897-48a6-a362-ed6b5db8cab3</ProductTextUUID>
      </ProductTextRelation>
      <ProductBackendInfo name="Skye.AttributeAlias">
        <UUID>13795adf-0881-4f34-9cec-4d203fc90838</UUID>
        <Info />
      </ProductBackendInfo>
      <ProductBackendInfo name="Skye.Core.DataSecurity">
        <UUID>70471fb4-4111-4ebf-8808-819ec6bfdd20</UUID>
        <Info>Standard</Info>
      </ProductBackendInfo>
      <ProductBackendInfo name="Skye.AllowValueSetViaUnencryptedURL">
        <UUID>9ac170d3-baae-42cc-84dc-9360fe9b57e5</UUID>
        <Info>False</Info>
      </ProductBackendInfo>
      <ProductBackendInfo name="Skye.CurrencySymbol">
        <UUID>d4ca077a-cd24-49c9-b40f-11ba3665fb93</UUID>
        <Info>USD</Info>
      </ProductBackendInfo>
      <DefinitionValueRelation>
        <DefinitionValueUUID>076b237d-6424-41f8-888f-c2b14bf548bb</DefinitionValueUUID>
      </DefinitionValueRelation>
      <DefinitionBusinessObjectContextRelation>
        <ContextUUID>420ccb32-f542-4146-bbb7-315dedab8c2b</ContextUUID>
        <DefinitionObjectUUID>7ce8ab6d-b296-4d8e-8ca5-b4ecbae789cb</DefinitionObjectUUID>
      </DefinitionBusinessObjectContextRelation>
    </ProductPolicyAttribute>
    <ProductPolicyAttribute name="PaymentId" visibilityLevel="0" mandatory="false" unit="" format="" numberOfDecimals="0" attributeClass="" type="Standard">
      <UUID>fdcb21ac-42f8-4be4-aac4-41956f0610c2</UUID>
      <SortOrder>99</SortOrder>
      <InputType>Textbox</InputType>
      <DataType>String</DataType>
      <MaxLength>4000</MaxLength>
      <MinLength>0</MinLength>
      <ProductTextRelation>
        <UUID>3669457b-885b-4319-b177-ffcac8d7b1f6</UUID>
        <ProductTextUUID>9b42e043-81b9-483c-bdb9-0f71f9e31484</ProductTextUUID>
      </ProductTextRelation>
      <ProductBackendInfo name="Skye.AttributeAlias">
        <UUID>f1bdc22e-cbe0-42cb-bde2-5b6fd7193d94</UUID>
        <Info />
      </ProductBackendInfo>
      <ProductBackendInfo name="Skye.Core.DataSecurity">
        <UUID>18a94a1e-0dda-47e8-8940-453b2a5064e8</UUID>
        <Info>Standard</Info>
      </ProductBackendInfo>
      <ProductBackendInfo name="Skye.AllowValueSetViaUnencryptedURL">
        <UUID>33925d35-c7fe-43af-a972-d9bcb3acc60f</UUID>
        <Info>False</Info>
      </ProductBackendInfo>
      <DefinitionValueRelation>
        <DefinitionValueUUID>6a80f25f-0fd9-4774-ac42-2db182b66993</DefinitionValueUUID>
      </DefinitionValueRelation>
    </ProductPolicyAttribute>
    <ProductPolicyAttribute name="CardHolderName" visibilityLevel="0" mandatory="false" unit="" format="" numberOfDecimals="0" attributeClass="" type="Standard">
      <UUID>9cea6e5a-26b6-473a-a904-61da6447e4a1</UUID>
      <SortOrder>99</SortOrder>
      <InputType>Textbox</InputType>
      <DataType>String</DataType>
      <MaxLength>4000</MaxLength>
      <MinLength>0</MinLength>
      <ProductTextRelation>
        <UUID>e23ca90c-742b-4730-aeae-82a2e9f1090e</UUID>
        <ProductTextUUID>c2b430a3-c9a8-4c65-a8c9-a0075cceb76d</ProductTextUUID>
      </ProductTextRelation>
      <ProductBackendInfo name="Skye.AttributeAlias">
        <UUID>12b80708-8fde-4a8e-9522-c20673fd5262</UUID>
        <Info />
      </ProductBackendInfo>
      <ProductBackendInfo name="Skye.Core.DataSecurity">
        <UUID>358a909c-c698-4839-bc57-8a027502befe</UUID>
        <Info>Standard</Info>
      </ProductBackendInfo>
      <ProductBackendInfo name="Skye.AllowValueSetViaUnencryptedURL">
        <UUID>40d2fad4-0ece-4a62-8bfc-2f9dd746c9ed</UUID>
        <Info>False</Info>
      </ProductBackendInfo>
      <DefinitionValueRelation>
        <DefinitionValueUUID>090edf05-c973-412b-8847-889e3f330efa</DefinitionValueUUID>
      </DefinitionValueRelation>
    </ProductPolicyAttribute>
    <ProductPolicyAttribute name="Last4" visibilityLevel="0" mandatory="false" unit="" format="" numberOfDecimals="0" attributeClass="" type="Standard">
      <UUID>646dcf1a-0685-4ebe-aec5-e50a2e1929c4</UUID>
      <SortOrder>99</SortOrder>
      <InputType>Textbox</InputType>
      <DataType>String</DataType>
      <MaxLength>4000</MaxLength>
      <MinLength>0</MinLength>
      <ProductTextRelation>
        <UUID>6f7c2a4e-c116-4b28-8d06-31c5ba84e905</UUID>
        <ProductTextUUID>ffa0eba2-4526-4bac-8d0c-2bfd904306c9</ProductTextUUID>
      </ProductTextRelation>
      <ProductBackendInfo name="Skye.AttributeAlias">
        <UUID>8c495b9a-ab90-47f5-b504-e08f0d3f7182</UUID>
        <Info />
      </ProductBackendInfo>
      <ProductBackendInfo name="Skye.Core.DataSecurity">
        <UUID>29f28ea2-4f89-49ab-aabf-8ffe71aaad73</UUID>
        <Info>Standard</Info>
      </ProductBackendInfo>
      <ProductBackendInfo name="Skye.AllowValueSetViaUnencryptedURL">
        <UUID>628cd183-f913-427e-b433-880faaae2f06</UUID>
        <Info>False</Info>
      </ProductBackendInfo>
      <DefinitionValueRelation>
        <DefinitionValueUUID>f98dbbe4-155c-4bf1-a722-a4884beb7491</DefinitionValueUUID>
      </DefinitionValueRelation>
    </ProductPolicyAttribute>
    <ProductPolicyAttribute name="PaymentStatus" visibilityLevel="0" mandatory="false" unit="" format="" numberOfDecimals="0" attributeClass="" type="Standard">
      <UUID>f3da57e7-13e1-4890-b831-58c5f854eb30</UUID>
      <SortOrder>99</SortOrder>
      <InputType>Textbox</InputType>
      <DataType>String</DataType>
      <MaxLength>4000</MaxLength>
      <MinLength>0</MinLength>
      <ProductTextRelation>
        <UUID>0aa2b936-463b-4f37-8e90-d5d6c37673fc</UUID>
        <ProductTextUUID>f4816a66-f5fc-4026-b941-01c46ac5cd0f</ProductTextUUID>
      </ProductTextRelation>
      <ProductBackendInfo name="Skye.AttributeAlias">
        <UUID>ca2ed170-5cf5-41b2-9e90-53965032b59d</UUID>
        <Info />
      </ProductBackendInfo>
      <ProductBackendInfo name="Skye.Core.DataSecurity">
        <UUID>2a4b8de6-c9db-4b51-84dc-805c507e2c69</UUID>
        <Info>Standard</Info>
      </ProductBackendInfo>
      <ProductBackendInfo name="Skye.AllowValueSetViaUnencryptedURL">
        <UUID>a84fde28-1724-4741-993f-38d4b3930952</UUID>
        <Info>False</Info>
      </ProductBackendInfo>
      <DefinitionValueRelation>
        <DefinitionValueUUID>7607b9a0-1414-4947-a091-6d3364c0ed3b</DefinitionValueUUID>
      </DefinitionValueRelation>
    </ProductPolicyAttribute>
    <ProductPolicyAttribute name="PaymentGatewayErrorCode" visibilityLevel="0" mandatory="false" unit="" format="" numberOfDecimals="0" attributeClass="" type="Standard">
      <UUID>fad9a6d2-ab49-4bcf-9ea9-a3caa2da7131</UUID>
      <SortOrder>99</SortOrder>
      <InputType>Textbox</InputType>
      <DataType>String</DataType>
      <MaxLength>4000</MaxLength>
      <MinLength>0</MinLength>
      <ProductTextRelation>
        <UUID>0651ac99-f962-4937-87d3-fd88a2cc1f10</UUID>
        <ProductTextUUID>cddd9856-d158-48b7-bbd1-c65bf5035b99</ProductTextUUID>
      </ProductTextRelation>
      <ProductBackendInfo name="Skye.AttributeAlias">
        <UUID>72d0d382-f664-471f-87ab-4107ac2104b2</UUID>
        <Info />
      </ProductBackendInfo>
      <ProductBackendInfo name="Skye.Core.DataSecurity">
        <UUID>3b2035b0-4239-4a70-90de-0f408fdd5cb5</UUID>
        <Info>Standard</Info>
      </ProductBackendInfo>
      <ProductBackendInfo name="Skye.AllowValueSetViaUnencryptedURL">
        <UUID>1f45180d-3a27-4f2a-bf46-9aa2939fac1f</UUID>
        <Info>False</Info>
      </ProductBackendInfo>
      <DefinitionValueRelation>
        <DefinitionValueUUID>0303d8f0-bbb9-44bb-b863-abcdd2be4402</DefinitionValueUUID>
      </DefinitionValueRelation>
    </ProductPolicyAttribute>
    <ProductPolicyAttribute name="PaymentGatewayErrorMessage" visibilityLevel="0" mandatory="false" unit="" format="" numberOfDecimals="0" attributeClass="" type="Standard">
      <UUID>0ac0362f-264d-4658-b8e2-5f84a7a22592</UUID>
      <SortOrder>99</SortOrder>
      <InputType>Textbox</InputType>
      <DataType>String</DataType>
      <MaxLength>4000</MaxLength>
      <MinLength>0</MinLength>
      <ProductTextRelation>
        <UUID>910a1015-7699-4eca-b067-da8492edfe9b</UUID>
        <ProductTextUUID>5047f868-937f-4749-b53e-82729115815d</ProductTextUUID>
      </ProductTextRelation>
      <ProductBackendInfo name="Skye.AttributeAlias">
        <UUID>30ab9573-da8b-43b0-a4ca-b5ea8fe1d82d</UUID>
        <Info />
      </ProductBackendInfo>
      <ProductBackendInfo name="Skye.Core.DataSecurity">
        <UUID>b1191305-51fa-4ffd-95be-6d89781c2d1c</UUID>
        <Info>Standard</Info>
      </ProductBackendInfo>
      <ProductBackendInfo name="Skye.AllowValueSetViaUnencryptedURL">
        <UUID>06f9e05f-9410-4c27-8bee-4f1e2731ff1b</UUID>
        <Info>False</Info>
      </ProductBackendInfo>
      <DefinitionValueRelation>
        <DefinitionValueUUID>7ba5e895-536e-4ff7-b61c-0e442b844295</DefinitionValueUUID>
      </DefinitionValueRelation>
    </ProductPolicyAttribute>
    <ProductBackendInfo name="Skye.MultibrickType">
      <UUID>647824c3-1cc0-4e62-b9f3-38031503ae92</UUID>
      <Info />
    </ProductBackendInfo>
  </ProductBrick>
  <ProductBrick name="GeneralInsuredObject" visibilityLevel="3" brickClass=" " isAbstract="false" typeId="19">
    <UUID>ad1f020c-59b2-455f-9d75-eb8544ca7e28</UUID>
    <SortOrder>99</SortOrder>
    <MinimumUsage>1</MinimumUsage>
    <MaximumUsage>1</MaximumUsage>
    <InitialUsage>1</InitialUsage>
    <PredecessorBrickUUID />
    <PredecessorBrickName />
    <ProductBackendInfo name="Skye.MultibrickType">
      <UUID>ec308136-edb5-4f33-895b-14e8a97b9dcf</UUID>
      <Info />
    </ProductBackendInfo>
  </ProductBrick>
  <DefinitionDependentLists>
    <DefinitionDependencyDefaultValueList>
      <DefinitionDependencyDefaultValue name="ShowValue#0">
        <UUID>03bce1d0-0ffd-42ab-957c-5f9cc6cd7f58</UUID>
        <ClientUUID>7ce8ab6d-b296-4d8e-8ca5-b4ecbae789cb</ClientUUID>
        <Operator>NOT_EQUALS</Operator>
        <SupplierValueUUID>4eeb2cd0-aa92-4e49-9d6a-b3991b5385c1</SupplierValueUUID>
        <RefreshOnChange>true</RefreshOnChange>
        <SupplierReference>ref[Shoppingcart.processModel to MotorCreatePolicy].ref[root.@CurrentProcessObject to Motor].GridPackageSelection.GridSelectedPackageDollar</SupplierReference>
        <ClientValueUUID>71d3041d-ac96-4c80-a479-5669059499b1</ClientValueUUID>
      </DefinitionDependencyDefaultValue>
    </DefinitionDependencyDefaultValueList>
    <DefinitionDependencyValueRangeList />
    <DefinitionDependencyVisibilityList>
      <DefinitionDependencyVisibility name="SetVisible#0">
        <UUID>ae63ef08-2716-4639-8827-c86fd7782e7e</UUID>
        <ClientUUID>33388570-6727-4111-9010-3424455b7a1c</ClientUUID>
        <Operator>EQUALS</Operator>
        <SupplierValueUUID>04fab218-17ab-4d6e-b910-55a8b9110736</SupplierValueUUID>
        <RefreshOnChange>false</RefreshOnChange>
        <SupplierReference>ref[Shoppingcart.processModel to HomeCreatePolicy].ref[root.@CurrentProcessObject to Home].Payment.PaymentOptions</SupplierReference>
        <ClientVisibilityLevel>4</ClientVisibilityLevel>
      </DefinitionDependencyVisibility>
      <DefinitionDependencyVisibility name="SetVisible#0">
        <UUID>bd25633e-fe3b-44ce-bf1f-57fd83ecfaf8</UUID>
        <ClientUUID>065121ec-d999-4184-a549-67874b5774a0</ClientUUID>
        <Operator>EQUALS</Operator>
        <SupplierValueUUID>60d238c3-9b2d-48a8-a8bb-f9264ac9035f</SupplierValueUUID>
        <RefreshOnChange>false</RefreshOnChange>
        <SupplierReference>ref[Shoppingcart.processModel to HomeCreatePolicy].ref[root.@CurrentProcessObject to Home].Payment.PaymentOptions</SupplierReference>
        <ClientVisibilityLevel>4</ClientVisibilityLevel>
      </DefinitionDependencyVisibility>
      <DefinitionDependencyVisibility name="SetVisible#0">
        <UUID>b7e1aff3-2085-4a08-9dc8-a73520f0c9fd</UUID>
        <ClientUUID>cde927e2-5bdf-4740-a7a5-7f27cfc35e1b</ClientUUID>
        <Operator>EQUALS</Operator>
        <SupplierValueUUID>958241b7-02d5-456f-9978-a6f363102992</SupplierValueUUID>
        <RefreshOnChange>false</RefreshOnChange>
        <SupplierReference>ref[Shoppingcart.processModel to HomeCreatePolicy].ref[root.@CurrentProcessObject to Home].Payment.PaymentOptions</SupplierReference>
        <ClientVisibilityLevel>4</ClientVisibilityLevel>
      </DefinitionDependencyVisibility>
    </DefinitionDependencyVisibilityList>
    <DefinitionDependencyMandatoryList />
    <DefinitionDependencyToDependencyList />
    <DefinitionDependencyValueRangeFilterValuesList />
    <DefinitionDependencyDataSourceAttributeList />
  </DefinitionDependentLists>
</Product>