﻿<?xml version="1.0" encoding="utf-8"?>
<Product xmlns:xsd="http://www.w3.org/2001/XMLSchema" xmlns:xsi="http://www.w3.org/2001/XMLSchema-instance" name="Shoppingcart" lastChanged="2019-10-16T14:36:03.6305020Z" implementationClass=" " versionUuid=" " modelType="shoppingcart" subModelType="" skyeEditorVersion="7.15.0.16">
  <UUID>4484a45d-11bc-4ae4-ade8-b24ac6bc60b9</UUID>
  <SortOrder>0</SortOrder>
  <BusinessUnit> </BusinessUnit>
  <Section> </Section>
  <ProductTextList>
    <ProductText name="searchTooManyRecords" language="en" country="US">
      <UUID>9ff7b0e8-a1b3-40be-90ce-4af0c2cdc7f7</UUID>
      <Text />
    </ProductText>
    <ProductText name="short" language="en" country="US">
      <UUID>170c73dd-f2b1-44ff-9bdb-e3af0864fab9</UUID>
      <Text>Bank</Text>
    </ProductText>
    <ProductText name="short" language="en" country="US">
      <UUID>6809836b-ccde-4b5a-a8c1-6eb415ce2272</UUID>
      <Text>Cheque Nr.</Text>
    </ProductText>
    <ProductText name="short" language="en" country="US">
      <UUID>205e4c05-6147-4e25-8aa1-a709477bf766</UUID>
      <Text>Cheque Date</Text>
    </ProductText>
    <ProductText name="short" language="en" country="US">
      <UUID>8df71636-c897-48a6-a362-ed6b5db8cab3</UUID>
      <Text>Payment Amount</Text>
    </ProductText>
  </ProductTextList>
  <ProductValueRangeList>
    <ProductValueRange name="Reference.attributeMappingVR" type="fix">
      <UUID>add1549d-aa5f-4f0b-8e03-c26a8cd5478b</UUID>
    </ProductValueRange>
    <ProductValueRange name="Reference.referencedModelsVR" type="fix">
      <UUID>f1432d90-4b22-41ad-b60e-6fac04965662</UUID>
      <DefinitionValueRelation>
        <UUID>11e9e9c5-17ac-7d3f-8104-ab8dde4e730f</UUID>
        <DefinitionValueUUID>abee3978-cb97-4a54-b3ee-a803d3d9f052</DefinitionValueUUID>
      </DefinitionValueRelation>
      <DefinitionValueRelation>
        <UUID>de2a02a9-39a7-44af-b834-420a07610a7a</UUID>
        <DefinitionValueUUID>c02c2c23-d45a-4e0c-a56e-add0bf0a8b77</DefinitionValueUUID>
      </DefinitionValueRelation>
      <DefinitionValueRelation>
        <UUID>92c49e23-882f-4863-9494-62bfb5234ea0</UUID>
        <DefinitionValueUUID>1e7e7d09-7c4b-4cc6-a03f-69285ddcab90</DefinitionValueUUID>
      </DefinitionValueRelation>
    </ProductValueRange>
  </ProductValueRangeList>
  <DefinitionBusinessObjectContextList>
    <DefinitionBusinessObjectContext name="HomeCreatePolicy:Payment-callcenter-callcenter">
      <UUID>90bd9150-2046-49b0-a029-a45bc6060b94</UUID>
      <SubclassId>sortOrderContext</SubclassId>
      <ValueField>2</ValueField>
    </DefinitionBusinessObjectContext>
    <DefinitionBusinessObjectContext name="HomeCreatePolicy:Payment-callcenter-callcenter">
      <UUID>faeabdf2-50fb-45da-87c4-15ae5e6a2c91</UUID>
      <SubclassId>isMandatoryContext</SubclassId>
      <ValueField>True</ValueField>
    </DefinitionBusinessObjectContext>
    <DefinitionBusinessObjectContext name="HomeCreatePolicy:Payment-callcenter-callcenter">
      <UUID>91c14da4-d1be-42ce-bbfc-6a3fbbc19550</UUID>
      <SubclassId>sortOrderContext</SubclassId>
      <ValueField>4</ValueField>
    </DefinitionBusinessObjectContext>
    <DefinitionBusinessObjectContext name="HomeCreatePolicy:Payment-callcenter-callcenter">
      <UUID>e8e0d8b9-abcf-442f-ad20-4e55639aee61</UUID>
      <SubclassId>sortOrderContext</SubclassId>
      <ValueField>3</ValueField>
    </DefinitionBusinessObjectContext>
    <DefinitionBusinessObjectContext name="HomeCreatePolicy:Payment-callcenter-callcenter">
      <UUID>588e931d-cc0b-4e38-8ea9-1490661b8f46</UUID>
      <SubclassId>visibilityLevelContext</SubclassId>
      <ValueField>4</ValueField>
    </DefinitionBusinessObjectContext>
    <DefinitionBusinessObjectContext name="HomeCreatePolicy:Payment-callcenter-callcenter">
      <UUID>cef4f336-1866-4b56-85ef-b40b0921343f</UUID>
      <SubclassId>visibilityLevelContext</SubclassId>
      <ValueField>2</ValueField>
    </DefinitionBusinessObjectContext>
    <DefinitionBusinessObjectContext name="HomeCreatePolicy:Payment-callcenter-callcenter">
      <UUID>ba34dab3-79bb-4931-929f-5a21b302f5ec</UUID>
      <SubclassId>sortOrderContext</SubclassId>
      <ValueField>100</ValueField>
    </DefinitionBusinessObjectContext>
  </DefinitionBusinessObjectContextList>
  <DefinitionResourceList />
  <AbstractProductBrickList />
  <ProductValueList>
    <ProductValue name="FamilyInsuranceCreatePolicy" type="value">
      <UUID>abee3978-cb97-4a54-b3ee-a803d3d9f052</UUID>
      <SortOrder>0</SortOrder>
      <Value />
    </ProductValue>
    <ProductValue name=" " type="value">
      <UUID>f2b288d2-f78c-4533-8b16-19d7c3f37ecc</UUID>
      <SortOrder>0</SortOrder>
      <Value />
    </ProductValue>
    <ProductValue name="HomeCreatePolicy" type="value">
      <UUID>c02c2c23-d45a-4e0c-a56e-add0bf0a8b77</UUID>
      <SortOrder>0</SortOrder>
      <Value />
    </ProductValue>
    <ProductValue name="" type="value">
      <UUID>00ab0c07-3f22-49fe-95a3-fd100bd25d42</UUID>
      <SortOrder>0</SortOrder>
      <Value />
    </ProductValue>
    <ProductValue name="" type="value">
      <UUID>f80aad42-fa22-459d-9e63-2690958725c2</UUID>
      <SortOrder>0</SortOrder>
      <Value />
    </ProductValue>
    <ProductValue name="" type="value">
      <UUID>8440f8cd-345f-44ff-ba4b-5cf19c9538a4</UUID>
      <SortOrder>0</SortOrder>
      <Value />
    </ProductValue>
    <ProductValue name="Cheque" type="value">
      <UUID>04fab218-17ab-4d6e-b910-55a8b9110736</UUID>
      <SortOrder>0</SortOrder>
      <Value>Cheque</Value>
    </ProductValue>
    <ProductValue name="Cheque" type="value">
      <UUID>60d238c3-9b2d-48a8-a8bb-f9264ac9035f</UUID>
      <SortOrder>0</SortOrder>
      <Value>Cheque</Value>
    </ProductValue>
    <ProductValue name="Cheque" type="value">
      <UUID>958241b7-02d5-456f-9978-a6f363102992</UUID>
      <SortOrder>0</SortOrder>
      <Value>Cheque</Value>
    </ProductValue>
    <ProductValue name="" type="value">
      <UUID>076b237d-6424-41f8-888f-c2b14bf548bb</UUID>
      <SortOrder>0</SortOrder>
      <Value />
    </ProductValue>
    <ProductValue name="MotorCreatePolicy" type="value">
      <UUID>1e7e7d09-7c4b-4cc6-a03f-69285ddcab90</UUID>
      <SortOrder>0</SortOrder>
      <Value />
    </ProductValue>
  </ProductValueList>
  <ProductPolicyAttribute name="processModel" visibilityLevel="0" mandatory="false" unit="" format="" numberOfDecimals="0" attributeClass=" " type="Reference">
    <UUID>5baae214-7cc8-4a14-8cb9-ff5a6d435cde</UUID>
    <SortOrder>99</SortOrder>
    <InputType>Textbox</InputType>
    <DataType>process</DataType>
    <MaxLength>4000</MaxLength>
    <MinLength>0</MinLength>
    <ProductTextRelation>
      <ProductTextUUID>9ff7b0e8-a1b3-40be-90ce-4af0c2cdc7f7</ProductTextUUID>
    </ProductTextRelation>
    <ProductValueRangeRelation>
      <UUID>70759546-0016-456b-b122-e90a5e48bb60</UUID>
      <SortOrder>0</SortOrder>
      <ProductValueRangeUUID>f1432d90-4b22-41ad-b60e-6fac04965662</ProductValueRangeUUID>
    </ProductValueRangeRelation>
    <ProductValueRangeRelation>
      <UUID>af3ec62a-a77c-4a38-aa35-643dc7918b7c</UUID>
      <SortOrder>0</SortOrder>
      <ProductValueRangeUUID>add1549d-aa5f-4f0b-8e03-c26a8cd5478b</ProductValueRangeUUID>
    </ProductValueRangeRelation>
    <ProductBackendInfo name="Skye.Reference.DisplayValidationError">
      <UUID>034dae01-4055-44ef-8653-fa3a84f56591</UUID>
      <Info>False</Info>
    </ProductBackendInfo>
    <ProductBackendInfo name="Skye.AttributeAlias">
      <UUID>1b723998-a4d4-43b4-98c0-f1fb515f9599</UUID>
      <Info />
    </ProductBackendInfo>
    <ProductBackendInfo name="Skye.AllowValueSetViaUnencryptedURL">
      <UUID>1e895cdb-7280-4332-b7c6-62b3ef0122f8</UUID>
      <Info>False</Info>
    </ProductBackendInfo>
    <ProductBackendInfo name="Skye.Reference.SetReferenceBehaviour">
      <UUID>33a1dfbc-c812-47d1-ad64-098aa2f7b372</UUID>
      <Info>ByUuid</Info>
    </ProductBackendInfo>
    <ProductBackendInfo name="Skye.MaximumNumberOfSearchResults">
      <UUID>3d65c302-6dde-4b7f-9df0-ab4154962202</UUID>
      <Info>20</Info>
    </ProductBackendInfo>
    <ProductBackendInfo name="Skye.Reference.ShouldCopyValues">
      <UUID>951bf7ba-99fa-4a1c-8e14-0d1052b7f03d</UUID>
      <Info>false</Info>
    </ProductBackendInfo>
    <ProductBackendInfo name="Skye.Core.DataSecurity">
      <UUID>9a4e2e2a-ae64-4c08-b470-80bcaeac4049</UUID>
      <Info>Standard</Info>
    </ProductBackendInfo>
    <ProductBackendInfo name="Skye.Reference.DeleteBehavior">
      <UUID>a49a4072-8132-42c8-8a26-981b19a418d6</UUID>
      <Info>ignore</Info>
    </ProductBackendInfo>
    <ProductBackendInfo name="Skye.Reference.CopyBehavior">
      <UUID>b3ccf4a7-0576-4c22-8c99-08b84b62558d</UUID>
      <Info>setnull</Info>
    </ProductBackendInfo>
    <ProductBackendInfo name="Skye.Reference.CheckValidity">
      <UUID>d2c37737-9982-4ab3-bd34-10ed5b929f94</UUID>
      <Info>false</Info>
    </ProductBackendInfo>
    <ProductBackendInfo name="Skye.CharsToTriggerSearch">
      <UUID>d4509945-a337-40b3-83f3-d3d0caedc5fe</UUID>
      <Info>3</Info>
    </ProductBackendInfo>
    <ProductBackendInfo name="Skye.Reference.SearchTextType">
      <UUID>ff08e836-d9ab-43a9-b9b7-577b788f5ed8</UUID>
      <Info />
    </ProductBackendInfo>
    <DefinitionValueRelation>
      <UUID>11e9e9c5-17ac-7d3e-8104-ab8dde4e730f</UUID>
      <DefinitionValueUUID>f2b288d2-f78c-4533-8b16-19d7c3f37ecc</DefinitionValueUUID>
    </DefinitionValueRelation>
  </ProductPolicyAttribute>
  <ProductBrick name="PaymentInfo" visibilityLevel="3" brickClass=" " isAbstract="false" typeId="15">
    <UUID>71706579-2922-42fb-bd7b-81605f48d1d7</UUID>
    <SortOrder>99</SortOrder>
    <MinimumUsage>1</MinimumUsage>
    <MaximumUsage>1</MaximumUsage>
    <InitialUsage>1</InitialUsage>
    <PredecessorBrickUUID />
    <PredecessorBrickName />
    <ProductPolicyAttribute name="Bank" visibilityLevel="0" mandatory="false" unit="" format="" numberOfDecimals="0" attributeClass="" type="Standard">
      <UUID>33388570-6727-4111-9010-3424455b7a1c</UUID>
      <SortOrder>99</SortOrder>
      <InputType>Textbox</InputType>
      <DataType>String</DataType>
      <MaxLength>4000</MaxLength>
      <MinLength>0</MinLength>
      <ProductTextRelation>
        <UUID>f9062385-9790-42db-9c90-40de8256ccfe</UUID>
        <ProductTextUUID>170c73dd-f2b1-44ff-9bdb-e3af0864fab9</ProductTextUUID>
      </ProductTextRelation>
      <ProductBackendInfo name="Skye.AttributeAlias">
        <UUID>60449bc6-5886-49d6-9166-64b594af3032</UUID>
        <Info />
      </ProductBackendInfo>
      <ProductBackendInfo name="Skye.Core.DataSecurity">
        <UUID>787e7fd7-093e-4604-8d8e-7c87ce3bf3fe</UUID>
        <Info>Standard</Info>
      </ProductBackendInfo>
      <ProductBackendInfo name="Skye.AllowValueSetViaUnencryptedURL">
        <UUID>eacc6bf8-14c3-4a6c-b141-a27e2f54a9b9</UUID>
        <Info>False</Info>
      </ProductBackendInfo>
      <DefinitionValueRelation>
        <DefinitionValueUUID>00ab0c07-3f22-49fe-95a3-fd100bd25d42</DefinitionValueUUID>
      </DefinitionValueRelation>
      <DefinitionBusinessObjectContextRelation>
        <ContextUUID>90bd9150-2046-49b0-a029-a45bc6060b94</ContextUUID>
        <DefinitionObjectUUID>33388570-6727-4111-9010-3424455b7a1c</DefinitionObjectUUID>
      </DefinitionBusinessObjectContextRelation>
      <DefinitionBusinessObjectContextRelation>
        <ContextUUID>faeabdf2-50fb-45da-87c4-15ae5e6a2c91</ContextUUID>
        <DefinitionObjectUUID>33388570-6727-4111-9010-3424455b7a1c</DefinitionObjectUUID>
      </DefinitionBusinessObjectContextRelation>
    </ProductPolicyAttribute>
    <ProductPolicyAttribute name="ChequeNr" visibilityLevel="0" mandatory="false" unit="" format="" numberOfDecimals="0" attributeClass="" type="Standard">
      <UUID>065121ec-d999-4184-a549-67874b5774a0</UUID>
      <SortOrder>99</SortOrder>
      <InputType>Textbox</InputType>
      <DataType>String</DataType>
      <MaxLength>4000</MaxLength>
      <MinLength>0</MinLength>
      <ProductTextRelation>
        <UUID>7baedd5f-9e25-4dad-b6bc-6e25e6639000</UUID>
        <ProductTextUUID>6809836b-ccde-4b5a-a8c1-6eb415ce2272</ProductTextUUID>
      </ProductTextRelation>
      <ProductBackendInfo name="Skye.AttributeAlias">
        <UUID>af0e848a-8aa1-4179-bfb0-e6c8254a2e4a</UUID>
        <Info />
      </ProductBackendInfo>
      <ProductBackendInfo name="Skye.Core.DataSecurity">
        <UUID>bdf89dcd-26b5-4aed-83fc-2b5003e8f2c7</UUID>
        <Info>Standard</Info>
      </ProductBackendInfo>
      <ProductBackendInfo name="Skye.AllowValueSetViaUnencryptedURL">
        <UUID>ce122595-aab8-44d9-824e-8b03a9eb4173</UUID>
        <Info>False</Info>
      </ProductBackendInfo>
      <DefinitionValueRelation>
        <DefinitionValueUUID>f80aad42-fa22-459d-9e63-2690958725c2</DefinitionValueUUID>
      </DefinitionValueRelation>
      <DefinitionBusinessObjectContextRelation>
        <ContextUUID>e8e0d8b9-abcf-442f-ad20-4e55639aee61</ContextUUID>
        <DefinitionObjectUUID>065121ec-d999-4184-a549-67874b5774a0</DefinitionObjectUUID>
      </DefinitionBusinessObjectContextRelation>
      <DefinitionBusinessObjectContextRelation>
        <ContextUUID>faeabdf2-50fb-45da-87c4-15ae5e6a2c91</ContextUUID>
        <DefinitionObjectUUID>065121ec-d999-4184-a549-67874b5774a0</DefinitionObjectUUID>
      </DefinitionBusinessObjectContextRelation>
    </ProductPolicyAttribute>
    <ProductPolicyAttribute name="ChequeDate" visibilityLevel="0" mandatory="false" unit="" format="" numberOfDecimals="0" attributeClass="" type="Standard">
      <UUID>cde927e2-5bdf-4740-a7a5-7f27cfc35e1b</UUID>
      <SortOrder>99</SortOrder>
      <InputType>Datepicker</InputType>
      <DataType>Date</DataType>
      <MaxLength>4000</MaxLength>
      <MinLength>0</MinLength>
      <ProductTextRelation>
        <UUID>4cbe1fd1-a0ac-4837-bd0e-f1c3f0b9905c</UUID>
        <ProductTextUUID>205e4c05-6147-4e25-8aa1-a709477bf766</ProductTextUUID>
      </ProductTextRelation>
      <ProductBackendInfo name="Skye.AttributeAlias">
        <UUID>7fd7407f-a402-48d5-90ca-88e299b1addb</UUID>
        <Info />
      </ProductBackendInfo>
      <ProductBackendInfo name="Skye.Core.DataSecurity">
        <UUID>e189b08c-ac4e-4c3c-b911-ab2000c9bad3</UUID>
        <Info>Standard</Info>
      </ProductBackendInfo>
      <ProductBackendInfo name="Skye.AllowValueSetViaUnencryptedURL">
        <UUID>16bcae80-6f57-4850-b32d-14762e6bbfbc</UUID>
        <Info>False</Info>
      </ProductBackendInfo>
      <DefinitionValueRelation>
        <DefinitionValueUUID>8440f8cd-345f-44ff-ba4b-5cf19c9538a4</DefinitionValueUUID>
      </DefinitionValueRelation>
      <DefinitionBusinessObjectContextRelation>
        <ContextUUID>faeabdf2-50fb-45da-87c4-15ae5e6a2c91</ContextUUID>
        <DefinitionObjectUUID>cde927e2-5bdf-4740-a7a5-7f27cfc35e1b</DefinitionObjectUUID>
      </DefinitionBusinessObjectContextRelation>
      <DefinitionBusinessObjectContextRelation>
        <ContextUUID>91c14da4-d1be-42ce-bbfc-6a3fbbc19550</ContextUUID>
        <DefinitionObjectUUID>cde927e2-5bdf-4740-a7a5-7f27cfc35e1b</DefinitionObjectUUID>
      </DefinitionBusinessObjectContextRelation>
    </ProductPolicyAttribute>
    <ProductPolicyAttribute name="PaymentAmount" visibilityLevel="0" mandatory="false" unit="" format="&lt;Format&gt;&lt;Out&gt;&lt;Class&gt;com.innoveo.skye.business.model.extension.attribute.format.CurrencyFormatter&lt;/Class&gt;&lt;/Out&gt;&lt;/Format&gt;" numberOfDecimals="0" attributeClass="" type="Standard">
      <UUID>7ce8ab6d-b296-4d8e-8ca5-b4ecbae789cb</UUID>
      <SortOrder>99</SortOrder>
      <InputType>Textbox</InputType>
      <DataType>String</DataType>
      <MaxLength>4000</MaxLength>
      <MinLength>0</MinLength>
      <ProductTextRelation>
        <UUID>646e47be-75bf-4ad9-8020-30cbf47913bc</UUID>
        <ProductTextUUID>8df71636-c897-48a6-a362-ed6b5db8cab3</ProductTextUUID>
      </ProductTextRelation>
      <ProductBackendInfo name="Skye.AttributeAlias">
        <UUID>13795adf-0881-4f34-9cec-4d203fc90838</UUID>
        <Info />
      </ProductBackendInfo>
      <ProductBackendInfo name="Skye.Core.DataSecurity">
        <UUID>70471fb4-4111-4ebf-8808-819ec6bfdd20</UUID>
        <Info>Standard</Info>
      </ProductBackendInfo>
      <ProductBackendInfo name="Skye.AllowValueSetViaUnencryptedURL">
        <UUID>9ac170d3-baae-42cc-84dc-9360fe9b57e5</UUID>
        <Info>False</Info>
      </ProductBackendInfo>
      <ProductBackendInfo name="Skye.CurrencySymbol">
        <UUID>d4ca077a-cd24-49c9-b40f-11ba3665fb93</UUID>
        <Info>USD</Info>
      </ProductBackendInfo>
      <DefinitionValueRelation>
        <DefinitionValueUUID>076b237d-6424-41f8-888f-c2b14bf548bb</DefinitionValueUUID>
      </DefinitionValueRelation>
      <DefinitionBusinessObjectContextRelation>
        <ContextUUID>cef4f336-1866-4b56-85ef-b40b0921343f</ContextUUID>
        <DefinitionObjectUUID>7ce8ab6d-b296-4d8e-8ca5-b4ecbae789cb</DefinitionObjectUUID>
      </DefinitionBusinessObjectContextRelation>
      <DefinitionBusinessObjectContextRelation>
        <ContextUUID>ba34dab3-79bb-4931-929f-5a21b302f5ec</ContextUUID>
        <DefinitionObjectUUID>7ce8ab6d-b296-4d8e-8ca5-b4ecbae789cb</DefinitionObjectUUID>
      </DefinitionBusinessObjectContextRelation>
    </ProductPolicyAttribute>
    <ProductBackendInfo name="Skye.MultibrickType">
      <UUID>647824c3-1cc0-4e62-b9f3-38031503ae92</UUID>
      <Info />
    </ProductBackendInfo>
  </ProductBrick>
  <ProductBrick name="GeneralInsuredObject" visibilityLevel="3" brickClass=" " isAbstract="false" typeId="19">
    <UUID>ad1f020c-59b2-455f-9d75-eb8544ca7e28</UUID>
    <SortOrder>99</SortOrder>
    <MinimumUsage>1</MinimumUsage>
    <MaximumUsage>1</MaximumUsage>
    <InitialUsage>1</InitialUsage>
    <PredecessorBrickUUID />
    <PredecessorBrickName />
    <ProductBackendInfo name="Skye.MultibrickType">
      <UUID>ec308136-edb5-4f33-895b-14e8a97b9dcf</UUID>
      <Info />
    </ProductBackendInfo>
  </ProductBrick>
  <DefinitionDependentLists>
    <DefinitionDependencyDefaultValueList />
    <DefinitionDependencyValueRangeList />
    <DefinitionDependencyVisibilityList>
      <DefinitionDependencyVisibility name="SetVisible#0">
        <UUID>ae63ef08-2716-4639-8827-c86fd7782e7e</UUID>
        <ClientUUID>33388570-6727-4111-9010-3424455b7a1c</ClientUUID>
        <Operator>EQUALS</Operator>
        <SupplierValueUUID>04fab218-17ab-4d6e-b910-55a8b9110736</SupplierValueUUID>
        <RefreshOnChange>false</RefreshOnChange>
        <DefinitionBusinessObjectContextRelation>
          <ContextUUID>588e931d-cc0b-4e38-8ea9-1490661b8f46</ContextUUID>
          <DefinitionObjectUUID>ae63ef08-2716-4639-8827-c86fd7782e7e</DefinitionObjectUUID>
        </DefinitionBusinessObjectContextRelation>
        <SupplierReference>ref[Shoppingcart.processModel to HomeCreatePolicy].ref[root.@CurrentProcessObject to Home].Payment.PaymentOptions</SupplierReference>
        <ClientVisibilityLevel>4</ClientVisibilityLevel>
      </DefinitionDependencyVisibility>
      <DefinitionDependencyVisibility name="SetVisible#0">
        <UUID>bd25633e-fe3b-44ce-bf1f-57fd83ecfaf8</UUID>
        <ClientUUID>065121ec-d999-4184-a549-67874b5774a0</ClientUUID>
        <Operator>EQUALS</Operator>
        <SupplierValueUUID>60d238c3-9b2d-48a8-a8bb-f9264ac9035f</SupplierValueUUID>
        <RefreshOnChange>false</RefreshOnChange>
        <DefinitionBusinessObjectContextRelation>
          <ContextUUID>588e931d-cc0b-4e38-8ea9-1490661b8f46</ContextUUID>
          <DefinitionObjectUUID>bd25633e-fe3b-44ce-bf1f-57fd83ecfaf8</DefinitionObjectUUID>
        </DefinitionBusinessObjectContextRelation>
        <SupplierReference>ref[Shoppingcart.processModel to HomeCreatePolicy].ref[root.@CurrentProcessObject to Home].Payment.PaymentOptions</SupplierReference>
        <ClientVisibilityLevel>4</ClientVisibilityLevel>
      </DefinitionDependencyVisibility>
      <DefinitionDependencyVisibility name="SetVisible#0">
        <UUID>b7e1aff3-2085-4a08-9dc8-a73520f0c9fd</UUID>
        <ClientUUID>cde927e2-5bdf-4740-a7a5-7f27cfc35e1b</ClientUUID>
        <Operator>EQUALS</Operator>
        <SupplierValueUUID>958241b7-02d5-456f-9978-a6f363102992</SupplierValueUUID>
        <RefreshOnChange>false</RefreshOnChange>
        <DefinitionBusinessObjectContextRelation>
          <ContextUUID>588e931d-cc0b-4e38-8ea9-1490661b8f46</ContextUUID>
          <DefinitionObjectUUID>b7e1aff3-2085-4a08-9dc8-a73520f0c9fd</DefinitionObjectUUID>
        </DefinitionBusinessObjectContextRelation>
        <SupplierReference>ref[Shoppingcart.processModel to HomeCreatePolicy].ref[root.@CurrentProcessObject to Home].Payment.PaymentOptions</SupplierReference>
        <ClientVisibilityLevel>4</ClientVisibilityLevel>
      </DefinitionDependencyVisibility>
    </DefinitionDependencyVisibilityList>
    <DefinitionDependencyMandatoryList />
    <DefinitionDependencyToDependencyList />
    <DefinitionDependencyValueRangeFilterValuesList />
    <DefinitionDependencyDataSourceAttributeList />
  </DefinitionDependentLists>
</Product>