﻿<?xml version="1.0" encoding="utf-8"?>
<Product xmlns:xsd="http://www.w3.org/2001/XMLSchema" xmlns:xsi="http://www.w3.org/2001/XMLSchema-instance" name="MotorCreatePolicyCarinformationUIDefinition" lastChanged="2019-10-17T08:17:04.5739189Z" implementationClass="" modelType="uidefinition" subModelType="ProcessLayout" skyeEditorVersion="7.15.0.16">
  <UUID>ff9fadc4-1627-42a0-8418-5e592f15560c</UUID>
  <BusinessUnit> </BusinessUnit>
  <Section> </Section>
  <ProductTextList>
    <ProductText name="header" language="en" country="US">
      <UUID>aa1bdbda-5d93-48c5-9413-a2abe95039fe</UUID>
      <Text />
    </ProductText>
    <ProductText name="header" language="en" country="US">
      <UUID>b05a170a-8dc4-4c69-b6a7-9afff1a04ffe</UUID>
      <Text />
    </ProductText>
    <ProductText name="header" language="en" country="US">
      <UUID>8eb5984e-fedc-4565-805d-f7ffe9a4d12f</UUID>
      <Text />
    </ProductText>
  </ProductTextList>
  <ProductValueRangeList />
  <DefinitionBusinessObjectContextList />
  <DefinitionResourceList />
  <ProductValueList />
  <ProductBrick name="NoStyleGroup1" visibilityLevel="3" brickClass="" isAbstract="false" typeId="0">
    <UUID>265a13ea-dd37-4548-80bf-1faac2b27ae0</UUID>
    <SortOrder>10</SortOrder>
    <MinimumUsage>1</MinimumUsage>
    <MaximumUsage>1</MaximumUsage>
    <InitialUsage>1</InitialUsage>
    <ProductBrick name="PolicyStartDate" visibilityLevel="3" brickClass="" isAbstract="false" typeId="0">
      <UUID>18d641af-222d-4939-aa58-4031c25d178c</UUID>
      <SortOrder>1</SortOrder>
      <MinimumUsage>1</MinimumUsage>
      <MaximumUsage>1</MaximumUsage>
      <InitialUsage>1</InitialUsage>
      <ProductTextRelation>
        <UUID>e5c5a987-ff31-4fcf-a941-938be8802804</UUID>
        <ProductTextUUID>aa1bdbda-5d93-48c5-9413-a2abe95039fe</ProductTextUUID>
      </ProductTextRelation>
      <ProductBackendInfo name="Skye.NumberOfColumns">
        <UUID>f67d7c3b-5681-40d7-b108-0e4bfbc76dca</UUID>
        <Info>2</Info>
      </ProductBackendInfo>
      <ProductBackendInfo name="Skye.DisplayControlWithEmptyContent">
        <UUID>d202d5b4-f077-4b0a-bd7a-fdbd22450ac7</UUID>
        <Info>True</Info>
      </ProductBackendInfo>
      <ProductBackendInfo name="Skye.StyleClass">
        <UUID>c052d491-c512-4a6c-a6b1-e1d80eb74cdc</UUID>
        <Info />
      </ProductBackendInfo>
      <ProductBackendInfo name="Skye.MultibrickType">
        <UUID>7b48c58e-f833-4f2c-a02e-197951d8ef76</UUID>
        <Info />
      </ProductBackendInfo>
    </ProductBrick>
    <ProductBrick name="CarSearcher" visibilityLevel="3" brickClass="" isAbstract="false" typeId="0">
      <UUID>33eae847-5232-4c9a-a040-0c550def46da</UUID>
      <SortOrder>2</SortOrder>
      <MinimumUsage>1</MinimumUsage>
      <MaximumUsage>1</MaximumUsage>
      <InitialUsage>1</InitialUsage>
      <ProductTextRelation>
        <UUID>a3614b69-cbe2-46d1-9822-1a8b1578e64e</UUID>
        <ProductTextUUID>b05a170a-8dc4-4c69-b6a7-9afff1a04ffe</ProductTextUUID>
      </ProductTextRelation>
      <ProductBackendInfo name="Skye.NumberOfColumns">
        <UUID>9fa9ec1c-c735-486a-a259-ad88f984a529</UUID>
        <Info>1</Info>
      </ProductBackendInfo>
      <ProductBackendInfo name="Skye.DisplayControlWithEmptyContent">
        <UUID>e0e42141-e833-42f3-90dc-07b6aca52ee8</UUID>
        <Info>True</Info>
      </ProductBackendInfo>
      <ProductBackendInfo name="Skye.StyleClass">
        <UUID>8ae9d1c6-09fe-4617-9af5-b64d42a01303</UUID>
        <Info />
      </ProductBackendInfo>
      <ProductBackendInfo name="Skye.MultibrickType">
        <UUID>1535300f-470e-4edc-866c-a87bbc9451bf</UUID>
        <Info />
      </ProductBackendInfo>
    </ProductBrick>
    <ProductBrick name="OtherCarInformation" visibilityLevel="3" brickClass="" isAbstract="false" typeId="0">
      <UUID>5728a743-c87d-4553-bc2d-0fd8d2c3942b</UUID>
      <SortOrder>10</SortOrder>
      <MinimumUsage>1</MinimumUsage>
      <MaximumUsage>1</MaximumUsage>
      <InitialUsage>1</InitialUsage>
      <ProductTextRelation>
        <UUID>6654a7b9-8ea9-41b2-a432-1263bd4c2d34</UUID>
        <ProductTextUUID>8eb5984e-fedc-4565-805d-f7ffe9a4d12f</ProductTextUUID>
      </ProductTextRelation>
      <ProductBackendInfo name="Skye.NumberOfColumns">
        <UUID>df3fe46d-ecf1-4436-b5c3-c6608c1c8fe0</UUID>
        <Info>2</Info>
      </ProductBackendInfo>
      <ProductBackendInfo name="Skye.DisplayControlWithEmptyContent">
        <UUID>0cbc4f90-df4c-42a8-9f7c-3a41639839a3</UUID>
        <Info>False</Info>
      </ProductBackendInfo>
      <ProductBackendInfo name="Skye.StyleClass">
        <UUID>eed1bcc9-9c43-441a-98fb-9d3eb1b90cce</UUID>
        <Info />
      </ProductBackendInfo>
      <ProductBackendInfo name="Skye.MultibrickType">
        <UUID>1d1bda04-a515-44e3-a5fc-479574eb43ae</UUID>
        <Info />
      </ProductBackendInfo>
    </ProductBrick>
    <ProductBackendInfo name="Skye.ProcessStepUIType">
      <UUID>d1695e63-bc44-42f6-96f2-315c2048fbef</UUID>
      <Info>NoStyleFieldsetGroup</Info>
    </ProductBackendInfo>
    <ProductBackendInfo name="Skye.StyleClass">
      <UUID>f0036860-9804-4421-9cd1-8b0516b6c7fc</UUID>
      <Info />
    </ProductBackendInfo>
    <ProductBackendInfo name="Skye.MultibrickType">
      <UUID>c894fa0f-9a5c-41aa-a315-9cb2c5178042</UUID>
      <Info />
    </ProductBackendInfo>
  </ProductBrick>
  <DefinitionDependentLists>
    <DefinitionDependencyDefaultValueList />
    <DefinitionDependencyValueRangeList />
    <DefinitionDependencyVisibilityList />
    <DefinitionDependencyMandatoryList />
    <DefinitionDependencyToDependencyList />
    <DefinitionDependencyValueRangeFilterValuesList />
    <DefinitionDependencyDataSourceAttributeList />
  </DefinitionDependentLists>
</Product>