﻿<?xml version="1.0" encoding="utf-8"?>
<Product xmlns:xsd="http://www.w3.org/2001/XMLSchema" xmlns:xsi="http://www.w3.org/2001/XMLSchema-instance" name="ReferralSearch" lastChanged="2019-05-08T07:33:05Z" implementationClass=" " versionUuid=" " modelType="search" subModelType="automatic" skyeEditorVersion="7.15.0.16">
  <UUID>1c93c210-0b5d-4ed3-8650-fa8afdd1c461</UUID>
  <SortOrder>0</SortOrder>
  <BusinessUnit> </BusinessUnit>
  <Section> </Section>
  <ProductTextList>
    <ProductText name="short" language="en" country="US">
      <UUID>058df20c-05a2-4b3c-96e6-773bfbf3cf05</UUID>
      <Text>Sorted by creation date</Text>
    </ProductText>
    <ProductText name="header" language="en" country="US">
      <UUID>51a2fadc-420d-4e7c-9131-caa77f83196f</UUID>
      <Text>Pending</Text>
    </ProductText>
    <ProductText name="header" language="en" country="US">
      <UUID>8a96dea4-d1ed-4123-932c-33f56d272db6</UUID>
      <Text>Referrals</Text>
    </ProductText>
    <ProductText name="header" language="en" country="US">
      <UUID>914458f2-cdcc-4af5-8f2f-a653b8bd457a</UUID>
      <Text>My team</Text>
    </ProductText>
    <ProductText name="short" language="en" country="US">
      <UUID>9cae3a49-4572-457c-8cb3-e6802f609fac</UUID>
      <Text>Sorted by creation date</Text>
    </ProductText>
    <ProductText name="header" language="en" country="US">
      <UUID>c87987fe-22b2-4dcb-9184-5bb2ee696c3e</UUID>
      <Text>Mine</Text>
    </ProductText>
    <ProductText name="short" language="en" country="US">
      <UUID>cc0cc91e-40c8-49aa-aa11-d9a360517ebf</UUID>
      <Text>Sorted by creation date</Text>
    </ProductText>
    <ProductText name="searchNoRecords" language="en" country="US">
      <UUID>dce62d64-eaa0-4ec0-a063-ef70bb0799fe</UUID>
      <Text>No records found.</Text>
    </ProductText>
    <ProductText name="searchInfo" language="en" country="US">
      <UUID>f4c50c85-b782-4521-b030-18bd7d66472e</UUID>
      <Text>Showing records _START_ to _END_ of a total of _TOTAL_ entries</Text>
    </ProductText>
  </ProductTextList>
  <ProductValueRangeList>
    <ProductValueRange name="Reference.referencedModelsVR" type="fix">
      <UUID>346dfa59-0cb7-4346-8648-a9d990388521</UUID>
    </ProductValueRange>
  </ProductValueRangeList>
  <DefinitionBusinessObjectContextList />
  <DefinitionResourceList />
  <AbstractProductBrickList />
  <ProductValueList>
    <ProductValue name=" " type="value">
      <UUID>0839b099-d532-40b4-8494-1280ae1fc563</UUID>
      <SortOrder>0</SortOrder>
      <Value />
    </ProductValue>
    <ProductValue name="QUERY:(Requestor%{{UserContext['userId']}} AND (CurrentStatusInReview OR CurrentStatusInReferral))" type="value">
      <UUID>098c90ee-e23d-494d-a8ec-3394ef38e7f0</UUID>
      <SortOrder>0</SortOrder>
      <Value>QUERY:(Requestor%{{UserContext['userId']}} AND (CurrentStatusInReview OR CurrentStatusInReferral))</Value>
    </ProductValue>
    <ProductValue name="generic" type="value">
      <UUID>0f7a83f1-3f28-448a-b094-61abe7717fd0</UUID>
      <SortOrder>0</SortOrder>
      <Value>generic</Value>
    </ProductValue>
    <ProductValue name="3" type="value">
      <UUID>3a2c4912-7130-420b-957b-2686475059de</UUID>
      <SortOrder>0</SortOrder>
      <Value>3</Value>
    </ProductValue>
    <ProductValue name="3" type="value">
      <UUID>44b6797e-2529-4362-ad67-ea635c96bdc7</UUID>
      <SortOrder>0</SortOrder>
      <Value>3</Value>
    </ProductValue>
    <ProductValue name="referralSearchResult" type="value">
      <UUID>68d5e074-677c-464b-8877-3fa5363fb191</UUID>
      <SortOrder>0</SortOrder>
      <Value>referralSearchResult</Value>
    </ProductValue>
    <ProductValue name="Referral" type="value">
      <UUID>6c9af2b8-f7e1-416e-9b8f-3c61a94aec84</UUID>
      <SortOrder>0</SortOrder>
      <Value>Referral</Value>
    </ProductValue>
    <ProductValue name="CreationDate" type="value">
      <UUID>884f2900-640a-4f5a-a563-102dccda7b34</UUID>
      <SortOrder>0</SortOrder>
      <Value>CreationDate</Value>
    </ProductValue>
    <ProductValue name="referralSearchResult" type="value">
      <UUID>9769c604-3a51-4d86-b92d-516baeabd5df</UUID>
      <SortOrder>0</SortOrder>
      <Value>referralSearchResult</Value>
    </ProductValue>
    <ProductValue name="CreationDate" type="value">
      <UUID>9a081880-d4fb-4148-8a33-f5bab3702465</UUID>
      <SortOrder>0</SortOrder>
      <Value>CreationDate</Value>
    </ProductValue>
    <ProductValue name="generic" type="value">
      <UUID>b1d5b038-4f5f-4e4f-8459-ba2e93d2e569</UUID>
      <SortOrder>0</SortOrder>
      <Value>generic</Value>
    </ProductValue>
    <ProductValue name="QUERY:((CurrentStatusQuoteIssued OR CurrentStatusInReferral) AND NOT Requestor%{{UserContext['userId']}})" type="value">
      <UUID>b3f14c30-fa48-42eb-9ead-f1bcbdfc2182</UUID>
      <SortOrder>0</SortOrder>
      <Value>QUERY:((CurrentStatusQuoteIssued OR CurrentStatusInReferral) AND NOT Requestor%{{UserContext['userId']}})</Value>
    </ProductValue>
    <ProductValue name="3" type="value">
      <UUID>cc5a13bc-026a-4a22-99f0-96f5b61189f1</UUID>
      <SortOrder>0</SortOrder>
      <Value>3</Value>
    </ProductValue>
    <ProductValue name="Referral" type="value">
      <UUID>d8ac6f1d-ccb4-42ae-8918-f932ff961c25</UUID>
      <SortOrder>0</SortOrder>
      <Value>Referral</Value>
    </ProductValue>
    <ProductValue name="Referral" type="value">
      <UUID>e4edc455-9a65-4d50-b584-9063ac8277c9</UUID>
      <SortOrder>0</SortOrder>
      <Value>Referral</Value>
    </ProductValue>
    <ProductValue name="CreationDate" type="value">
      <UUID>e5afb922-93e1-40e9-bfee-3d6e7d3b6aa7</UUID>
      <SortOrder>0</SortOrder>
      <Value>CreationDate</Value>
    </ProductValue>
    <ProductValue name="generic" type="value">
      <UUID>ef24d315-bf2e-4daf-8cb6-00a05a1e5d45</UUID>
      <SortOrder>0</SortOrder>
      <Value>generic</Value>
    </ProductValue>
    <ProductValue name="QUERY:((Reviewer%{{UserContext['userId']}} AND CurrentStatusInReview) OR (Requestor%{{UserContext['userId']}} AND (CurrentStatusApproved OR CurrentStatusRejected)))" type="value">
      <UUID>f408e75a-90ab-48c1-8326-47386f496682</UUID>
      <SortOrder>0</SortOrder>
      <Value>QUERY:((Reviewer%{{UserContext['userId']}} AND CurrentStatusInReview) OR (Requestor%{{UserContext['userId']}} AND (CurrentStatusApproved OR CurrentStatusRejected)))</Value>
    </ProductValue>
    <ProductValue name="referralSearchResult" type="value">
      <UUID>fdfc6026-a7ae-43f2-a3c2-cf5b7d5982dd</UUID>
      <SortOrder>0</SortOrder>
      <Value>referralSearchResult</Value>
    </ProductValue>
  </ProductValueList>
  <ProductPolicyAttribute name="@ComponentOwner" visibilityLevel="0" mandatory="false" unit="" format="" numberOfDecimals="0" attributeClass=" " type="Reference">
    <UUID>39151f9f-5f82-48a7-a49b-35cbc630ae17</UUID>
    <SortOrder>99</SortOrder>
    <InputType>Textbox</InputType>
    <DataType>product</DataType>
    <MaxLength>4000</MaxLength>
    <MinLength>0</MinLength>
    <ProductValueRangeRelation>
      <UUID>81f1ced5-dbe9-4504-b32c-5a84ee67f200</UUID>
      <SortOrder>0</SortOrder>
      <ProductValueRangeUUID>346dfa59-0cb7-4346-8648-a9d990388521</ProductValueRangeUUID>
    </ProductValueRangeRelation>
    <ProductBackendInfo name="Skye.Core.DataSecurity">
      <UUID>a552e4cc-6e50-4653-9a84-053fb79e62c4</UUID>
      <Info>Standard</Info>
    </ProductBackendInfo>
    <ProductBackendInfo name="Skye.AttributeAlias">
      <UUID>ccacb043-f1bb-4889-b3b4-18e4307c980e</UUID>
      <Info />
    </ProductBackendInfo>
    <ProductBackendInfo name="Skye.AllowValueSetViaUnencryptedURL">
      <UUID>f16f207c-8c19-44cf-ba36-fb60ada07247</UUID>
      <Info>False</Info>
    </ProductBackendInfo>
    <DefinitionValueRelation>
      <UUID>11e9ee75-3ce3-8a9d-ace9-5ff23aa7cc38</UUID>
      <DefinitionValueUUID>0839b099-d532-40b4-8494-1280ae1fc563</DefinitionValueUUID>
    </DefinitionValueRelation>
  </ProductPolicyAttribute>
  <ProductTextRelation>
    <ProductTextUUID>dce62d64-eaa0-4ec0-a063-ef70bb0799fe</ProductTextUUID>
  </ProductTextRelation>
  <ProductTextRelation>
    <ProductTextUUID>8a96dea4-d1ed-4123-932c-33f56d272db6</ProductTextUUID>
  </ProductTextRelation>
  <ProductTextRelation>
    <ProductTextUUID>f4c50c85-b782-4521-b030-18bd7d66472e</ProductTextUUID>
  </ProductTextRelation>
  <ProductBrick name="MyTeam" visibilityLevel="3" brickClass=" " isAbstract="false" typeId="0">
    <UUID>aba75d19-7e53-4282-87c0-d9d419c5eaa5</UUID>
    <SortOrder>1</SortOrder>
    <MinimumUsage>1</MinimumUsage>
    <MaximumUsage>1</MaximumUsage>
    <InitialUsage>1</InitialUsage>
    <PredecessorBrickUUID />
    <PredecessorBrickName />
    <ProductTextRelation>
      <ProductTextUUID>914458f2-cdcc-4af5-8f2f-a653b8bd457a</ProductTextUUID>
    </ProductTextRelation>
    <ProductPolicyAttribute name="@SearchQuery" visibilityLevel="1" mandatory="false" unit=" " format=" " numberOfDecimals="0" attributeClass=" " type="Standard">
      <UUID>605dd585-c6f9-4bc0-bb11-b33768e56dde</UUID>
      <SortOrder>99</SortOrder>
      <InputType>Textbox</InputType>
      <DataType>String</DataType>
      <MaxLength>4000</MaxLength>
      <MinLength>0</MinLength>
      <ProductBackendInfo name="Skye.AttributeAlias">
        <UUID>25a73558-de0e-47a9-8248-63e5b535c5d7</UUID>
        <Info />
      </ProductBackendInfo>
      <ProductBackendInfo name="Skye.AllowValueSetViaUnencryptedURL">
        <UUID>37273670-c345-45a7-9599-239dd77f457b</UUID>
        <Info>False</Info>
      </ProductBackendInfo>
      <ProductBackendInfo name="Skye.Core.DataSecurity">
        <UUID>f10c10ca-1e1f-4aed-ae9a-57d7516f96a1</UUID>
        <Info>Standard</Info>
      </ProductBackendInfo>
      <DefinitionValueRelation>
        <UUID>11e9ee75-3ce3-8a93-ace9-5ff23aa7cc38</UUID>
        <DefinitionValueUUID>b3f14c30-fa48-42eb-9ead-f1bcbdfc2182</DefinitionValueUUID>
      </DefinitionValueRelation>
    </ProductPolicyAttribute>
    <ProductPolicyAttribute name="@SearchSorting" visibilityLevel="2" mandatory="false" unit="" format="" numberOfDecimals="0" attributeClass=" " type="Standard">
      <UUID>60bb54a7-fba3-46e3-8632-cc957d6a022f</UUID>
      <SortOrder>99</SortOrder>
      <InputType>Textbox</InputType>
      <DataType>String</DataType>
      <MaxLength>4000</MaxLength>
      <MinLength>0</MinLength>
      <ProductTextRelation>
        <ProductTextUUID>058df20c-05a2-4b3c-96e6-773bfbf3cf05</ProductTextUUID>
      </ProductTextRelation>
      <ProductBackendInfo name="Skye.AttributeAlias">
        <UUID>72373943-4bb6-44b5-a12b-ecce6a4ff559</UUID>
        <Info />
      </ProductBackendInfo>
      <ProductBackendInfo name="Skye.search.sortingOrder">
        <UUID>9a7cd6bd-5cc9-41a2-b654-fdd16754b145</UUID>
        <Info>Ascending</Info>
      </ProductBackendInfo>
      <ProductBackendInfo name="Skye.Core.DataSecurity">
        <UUID>cef528c7-ae52-4556-9ef1-f24f53275f3f</UUID>
        <Info>Standard</Info>
      </ProductBackendInfo>
      <ProductBackendInfo name="Skye.AllowValueSetViaUnencryptedURL">
        <UUID>d21c2398-8190-4149-aae7-e026d9eca321</UUID>
        <Info>False</Info>
      </ProductBackendInfo>
      <DefinitionValueRelation>
        <UUID>11e9ee75-3ce3-8a96-ace9-5ff23aa7cc38</UUID>
        <DefinitionValueUUID>884f2900-640a-4f5a-a563-102dccda7b34</DefinitionValueUUID>
      </DefinitionValueRelation>
    </ProductPolicyAttribute>
    <ProductPolicyAttribute name="@SearchForModelTextIds" visibilityLevel="1" mandatory="false" unit=" " format=" " numberOfDecimals="0" attributeClass=" " type="Standard">
      <UUID>67b6b7b6-cccb-4fab-a9c5-b37b6623b13e</UUID>
      <SortOrder>99</SortOrder>
      <InputType>Textbox</InputType>
      <DataType>String</DataType>
      <MaxLength>4000</MaxLength>
      <MinLength>0</MinLength>
      <ProductBackendInfo name="Skye.AllowValueSetViaUnencryptedURL">
        <UUID>28dab9c4-dfbd-4f8c-815e-a56ca72b5906</UUID>
        <Info>False</Info>
      </ProductBackendInfo>
      <ProductBackendInfo name="Skye.Core.DataSecurity">
        <UUID>a0e66e67-3779-4445-96b7-80b14c994875</UUID>
        <Info>Standard</Info>
      </ProductBackendInfo>
      <ProductBackendInfo name="Skye.AttributeAlias">
        <UUID>d68166d5-5b62-47d9-a878-f31af90bd1f1</UUID>
        <Info />
      </ProductBackendInfo>
      <DefinitionValueRelation>
        <UUID>11e9ee75-3ce3-8a9a-ace9-5ff23aa7cc38</UUID>
        <DefinitionValueUUID>e4edc455-9a65-4d50-b584-9063ac8277c9</DefinitionValueUUID>
      </DefinitionValueRelation>
    </ProductPolicyAttribute>
    <ProductPolicyAttribute name="@NumberOfSearchResultsPerPage" visibilityLevel="1" mandatory="false" unit=" " format=" " numberOfDecimals="0" attributeClass=" " type="Standard">
      <UUID>782e5cb3-f137-48de-97dc-81fdde5bde99</UUID>
      <SortOrder>99</SortOrder>
      <InputType>Textbox</InputType>
      <DataType>String</DataType>
      <MaxLength>4000</MaxLength>
      <MinLength>0</MinLength>
      <ProductBackendInfo name="Skye.AllowValueSetViaUnencryptedURL">
        <UUID>9da1449b-27f4-4383-ac1f-216969750fe1</UUID>
        <Info>False</Info>
      </ProductBackendInfo>
      <ProductBackendInfo name="Skye.AttributeAlias">
        <UUID>c8782413-d67d-4e76-bddb-f0092e2e44f9</UUID>
        <Info />
      </ProductBackendInfo>
      <ProductBackendInfo name="Skye.Core.DataSecurity">
        <UUID>d54b22d7-33d1-4038-a91e-612f0e034222</UUID>
        <Info>Standard</Info>
      </ProductBackendInfo>
      <DefinitionValueRelation>
        <UUID>11e9ee75-3ce3-8a9e-ace9-5ff23aa7cc38</UUID>
        <DefinitionValueUUID>cc5a13bc-026a-4a22-99f0-96f5b61189f1</DefinitionValueUUID>
      </DefinitionValueRelation>
    </ProductPolicyAttribute>
    <ProductPolicyAttribute name="@SearchForModelTypes" visibilityLevel="1" mandatory="false" unit=" " format=" " numberOfDecimals="0" attributeClass=" " type="Standard">
      <UUID>980b8dab-80e1-452c-b708-dbe5205cc354</UUID>
      <SortOrder>99</SortOrder>
      <InputType>Textbox</InputType>
      <DataType>String</DataType>
      <MaxLength>4000</MaxLength>
      <MinLength>0</MinLength>
      <ProductBackendInfo name="Skye.Core.DataSecurity">
        <UUID>6a2400c5-70d1-47a8-9c9a-b70fc53b8cf8</UUID>
        <Info>Standard</Info>
      </ProductBackendInfo>
      <ProductBackendInfo name="Skye.AttributeAlias">
        <UUID>73b5f557-8200-45ee-bf8f-c4626899491b</UUID>
        <Info />
      </ProductBackendInfo>
      <ProductBackendInfo name="Skye.AllowValueSetViaUnencryptedURL">
        <UUID>a1328ebd-0384-4fb1-8c09-89ac2c4a20f4</UUID>
        <Info>False</Info>
      </ProductBackendInfo>
      <DefinitionValueRelation>
        <UUID>11e9ee75-3ce3-8a94-ace9-5ff23aa7cc38</UUID>
        <DefinitionValueUUID>0f7a83f1-3f28-448a-b094-61abe7717fd0</DefinitionValueUUID>
      </DefinitionValueRelation>
    </ProductPolicyAttribute>
    <ProductPolicyAttribute name="@SearchTextType" visibilityLevel="1" mandatory="false" unit=" " format=" " numberOfDecimals="0" attributeClass=" " type="Standard">
      <UUID>eb71a6b2-7095-4a76-807d-c1f3e5684d31</UUID>
      <SortOrder>99</SortOrder>
      <InputType>Textbox</InputType>
      <DataType>String</DataType>
      <MaxLength>4000</MaxLength>
      <MinLength>0</MinLength>
      <ProductBackendInfo name="Skye.AllowValueSetViaUnencryptedURL">
        <UUID>25a9fdd5-eb8c-48f2-bf52-e344118de1c6</UUID>
        <Info>False</Info>
      </ProductBackendInfo>
      <ProductBackendInfo name="Skye.AttributeAlias">
        <UUID>5947fb55-c883-452f-ba72-8733d29b6e0d</UUID>
        <Info />
      </ProductBackendInfo>
      <ProductBackendInfo name="Skye.Core.DataSecurity">
        <UUID>9c8712a4-7677-4fc2-b256-60512dd1bb77</UUID>
        <Info>Standard</Info>
      </ProductBackendInfo>
      <DefinitionValueRelation>
        <UUID>11e9ee75-3ce3-8a90-ace9-5ff23aa7cc38</UUID>
        <DefinitionValueUUID>fdfc6026-a7ae-43f2-a3c2-cf5b7d5982dd</DefinitionValueUUID>
      </DefinitionValueRelation>
    </ProductPolicyAttribute>
    <ProductBackendInfo name="Skye.MultibrickType">
      <UUID>389159c6-4807-47a9-82df-7d0d9944752e</UUID>
      <Info />
    </ProductBackendInfo>
  </ProductBrick>
  <ProductBrick name="Pending" visibilityLevel="3" brickClass=" " isAbstract="false" typeId="0">
    <UUID>30008fd8-2f8e-45ca-b20d-38b59f7cda24</UUID>
    <SortOrder>2</SortOrder>
    <MinimumUsage>1</MinimumUsage>
    <MaximumUsage>1</MaximumUsage>
    <InitialUsage>1</InitialUsage>
    <PredecessorBrickUUID />
    <PredecessorBrickName />
    <ProductTextRelation>
      <ProductTextUUID>51a2fadc-420d-4e7c-9131-caa77f83196f</ProductTextUUID>
    </ProductTextRelation>
    <ProductPolicyAttribute name="@SearchQuery" visibilityLevel="1" mandatory="false" unit=" " format=" " numberOfDecimals="0" attributeClass=" " type="Standard">
      <UUID>3e702b37-5786-492b-a724-e0860bbfdc8b</UUID>
      <SortOrder>99</SortOrder>
      <InputType>Textbox</InputType>
      <DataType>String</DataType>
      <MaxLength>4000</MaxLength>
      <MinLength>0</MinLength>
      <ProductBackendInfo name="Skye.Core.DataSecurity">
        <UUID>0852ed37-121c-4ec5-8ec2-dc6b64ea5afb</UUID>
        <Info>Standard</Info>
      </ProductBackendInfo>
      <ProductBackendInfo name="Skye.AllowValueSetViaUnencryptedURL">
        <UUID>08a4e801-0fcf-4ee9-9fc5-4e84004d281b</UUID>
        <Info>False</Info>
      </ProductBackendInfo>
      <ProductBackendInfo name="Skye.AttributeAlias">
        <UUID>6a9df8d5-8fd1-46c4-bcc5-be6bf8dfa6df</UUID>
        <Info />
      </ProductBackendInfo>
      <DefinitionValueRelation>
        <UUID>11e9ee75-3ce3-8a9f-ace9-5ff23aa7cc38</UUID>
        <DefinitionValueUUID>098c90ee-e23d-494d-a8ec-3394ef38e7f0</DefinitionValueUUID>
      </DefinitionValueRelation>
    </ProductPolicyAttribute>
    <ProductPolicyAttribute name="@SearchTextType" visibilityLevel="1" mandatory="false" unit=" " format=" " numberOfDecimals="0" attributeClass=" " type="Standard">
      <UUID>58aa8a69-1cd3-4cd0-813b-c5401e91f877</UUID>
      <SortOrder>99</SortOrder>
      <InputType>Textbox</InputType>
      <DataType>String</DataType>
      <MaxLength>4000</MaxLength>
      <MinLength>0</MinLength>
      <ProductBackendInfo name="Skye.AllowValueSetViaUnencryptedURL">
        <UUID>4524b46e-14d8-4b2e-af2c-c8c16807db15</UUID>
        <Info>False</Info>
      </ProductBackendInfo>
      <ProductBackendInfo name="Skye.AttributeAlias">
        <UUID>e1d8fb0e-b07e-4e92-85ca-742e85714eb9</UUID>
        <Info />
      </ProductBackendInfo>
      <ProductBackendInfo name="Skye.Core.DataSecurity">
        <UUID>f7696374-522d-4815-b460-c032a66b015b</UUID>
        <Info>Standard</Info>
      </ProductBackendInfo>
      <DefinitionValueRelation>
        <UUID>11e9ee75-3ce3-8a9b-ace9-5ff23aa7cc38</UUID>
        <DefinitionValueUUID>68d5e074-677c-464b-8877-3fa5363fb191</DefinitionValueUUID>
      </DefinitionValueRelation>
    </ProductPolicyAttribute>
    <ProductPolicyAttribute name="@SearchSorting" visibilityLevel="2" mandatory="false" unit="" format="" numberOfDecimals="0" attributeClass=" " type="Standard">
      <UUID>60c1cb41-5f11-40fa-9203-40c86c40ee47</UUID>
      <SortOrder>99</SortOrder>
      <InputType>Textbox</InputType>
      <DataType>String</DataType>
      <MaxLength>4000</MaxLength>
      <MinLength>0</MinLength>
      <ProductTextRelation>
        <ProductTextUUID>cc0cc91e-40c8-49aa-aa11-d9a360517ebf</ProductTextUUID>
      </ProductTextRelation>
      <ProductBackendInfo name="Skye.search.sortingOrder">
        <UUID>3b37a3ba-ebe6-4903-a526-321168722837</UUID>
        <Info>Ascending</Info>
      </ProductBackendInfo>
      <ProductBackendInfo name="Skye.AttributeAlias">
        <UUID>7d2a5701-0e00-46e2-92cf-782f9633bce6</UUID>
        <Info />
      </ProductBackendInfo>
      <ProductBackendInfo name="Skye.AllowValueSetViaUnencryptedURL">
        <UUID>80bfb7e6-2e72-4c4e-86f0-235150bd35c9</UUID>
        <Info>False</Info>
      </ProductBackendInfo>
      <ProductBackendInfo name="Skye.Core.DataSecurity">
        <UUID>e85d734f-7ddc-4903-97e8-d289971cbc40</UUID>
        <Info>Standard</Info>
      </ProductBackendInfo>
      <DefinitionValueRelation>
        <UUID>11e9ee75-3ce3-8a92-ace9-5ff23aa7cc38</UUID>
        <DefinitionValueUUID>e5afb922-93e1-40e9-bfee-3d6e7d3b6aa7</DefinitionValueUUID>
      </DefinitionValueRelation>
    </ProductPolicyAttribute>
    <ProductPolicyAttribute name="@SearchForModelTextIds" visibilityLevel="1" mandatory="false" unit=" " format=" " numberOfDecimals="0" attributeClass=" " type="Standard">
      <UUID>92944b16-1e2f-42d7-8883-36b06471933f</UUID>
      <SortOrder>99</SortOrder>
      <InputType>Textbox</InputType>
      <DataType>String</DataType>
      <MaxLength>4000</MaxLength>
      <MinLength>0</MinLength>
      <ProductBackendInfo name="Skye.AllowValueSetViaUnencryptedURL">
        <UUID>624035a0-1da4-4a95-8174-6c93f1336ca1</UUID>
        <Info>False</Info>
      </ProductBackendInfo>
      <ProductBackendInfo name="Skye.AttributeAlias">
        <UUID>cb393d2e-e642-4499-a360-49cd5087bb36</UUID>
        <Info />
      </ProductBackendInfo>
      <ProductBackendInfo name="Skye.Core.DataSecurity">
        <UUID>fa6eab32-afdf-4858-a399-583f875f8a3e</UUID>
        <Info>Standard</Info>
      </ProductBackendInfo>
      <DefinitionValueRelation>
        <UUID>11e9ee75-3ce3-8a98-ace9-5ff23aa7cc38</UUID>
        <DefinitionValueUUID>6c9af2b8-f7e1-416e-9b8f-3c61a94aec84</DefinitionValueUUID>
      </DefinitionValueRelation>
    </ProductPolicyAttribute>
    <ProductPolicyAttribute name="@NumberOfSearchResultsPerPage" visibilityLevel="1" mandatory="false" unit=" " format=" " numberOfDecimals="0" attributeClass=" " type="Standard">
      <UUID>a76bf933-903c-40b5-bdb7-58bfcf5e5fee</UUID>
      <SortOrder>99</SortOrder>
      <InputType>Textbox</InputType>
      <DataType>String</DataType>
      <MaxLength>4000</MaxLength>
      <MinLength>0</MinLength>
      <ProductBackendInfo name="Skye.AttributeAlias">
        <UUID>5706a031-041d-4127-8c1e-7f685fdf490b</UUID>
        <Info />
      </ProductBackendInfo>
      <ProductBackendInfo name="Skye.AllowValueSetViaUnencryptedURL">
        <UUID>9239a958-a136-4df1-83c7-48b64227b7dc</UUID>
        <Info>False</Info>
      </ProductBackendInfo>
      <ProductBackendInfo name="Skye.Core.DataSecurity">
        <UUID>c6e4501e-5e25-4158-b8ec-edd1f9763f7d</UUID>
        <Info>Standard</Info>
      </ProductBackendInfo>
      <DefinitionValueRelation>
        <UUID>11e9ee75-3ce3-8a99-ace9-5ff23aa7cc38</UUID>
        <DefinitionValueUUID>44b6797e-2529-4362-ad67-ea635c96bdc7</DefinitionValueUUID>
      </DefinitionValueRelation>
    </ProductPolicyAttribute>
    <ProductPolicyAttribute name="@SearchForModelTypes" visibilityLevel="1" mandatory="false" unit=" " format=" " numberOfDecimals="0" attributeClass=" " type="Standard">
      <UUID>ffc64bc3-fea4-493d-8070-d6e48de3e297</UUID>
      <SortOrder>99</SortOrder>
      <InputType>Textbox</InputType>
      <DataType>String</DataType>
      <MaxLength>4000</MaxLength>
      <MinLength>0</MinLength>
      <ProductBackendInfo name="Skye.Core.DataSecurity">
        <UUID>3f0e58ae-bc15-4455-8fff-b9ada1e21d53</UUID>
        <Info>Standard</Info>
      </ProductBackendInfo>
      <ProductBackendInfo name="Skye.AttributeAlias">
        <UUID>851f7693-2c58-4883-a535-0dc165c490bd</UUID>
        <Info />
      </ProductBackendInfo>
      <ProductBackendInfo name="Skye.AllowValueSetViaUnencryptedURL">
        <UUID>9c59eb70-eece-4bfe-adea-9f143239f3be</UUID>
        <Info>False</Info>
      </ProductBackendInfo>
      <DefinitionValueRelation>
        <UUID>11e9ee75-3ce3-8a95-ace9-5ff23aa7cc38</UUID>
        <DefinitionValueUUID>ef24d315-bf2e-4daf-8cb6-00a05a1e5d45</DefinitionValueUUID>
      </DefinitionValueRelation>
    </ProductPolicyAttribute>
    <ProductBackendInfo name="Skye.MultibrickType">
      <UUID>1fe7ffa2-b609-4c21-afcf-52bcdfac835b</UUID>
      <Info />
    </ProductBackendInfo>
  </ProductBrick>
  <ProductBrick name="Mine" visibilityLevel="3" brickClass=" " isAbstract="false" typeId="0">
    <UUID>9849ff53-7795-44ab-8257-15d887a10ed8</UUID>
    <SortOrder>3</SortOrder>
    <MinimumUsage>1</MinimumUsage>
    <MaximumUsage>1</MaximumUsage>
    <InitialUsage>1</InitialUsage>
    <PredecessorBrickUUID />
    <PredecessorBrickName />
    <ProductTextRelation>
      <ProductTextUUID>c87987fe-22b2-4dcb-9184-5bb2ee696c3e</ProductTextUUID>
    </ProductTextRelation>
    <ProductPolicyAttribute name="@SearchForModelTypes" visibilityLevel="1" mandatory="false" unit=" " format=" " numberOfDecimals="0" attributeClass=" " type="Standard">
      <UUID>05b138d0-9e2d-4db7-af02-ed1a7f6401a5</UUID>
      <SortOrder>99</SortOrder>
      <InputType>Textbox</InputType>
      <DataType>String</DataType>
      <MaxLength>4000</MaxLength>
      <MinLength>0</MinLength>
      <ProductBackendInfo name="Skye.Core.DataSecurity">
        <UUID>12cb845f-04cf-456d-8fb1-f03438ca3292</UUID>
        <Info>Standard</Info>
      </ProductBackendInfo>
      <ProductBackendInfo name="Skye.AllowValueSetViaUnencryptedURL">
        <UUID>4eca181d-2d54-4185-b715-d62986272762</UUID>
        <Info>False</Info>
      </ProductBackendInfo>
      <ProductBackendInfo name="Skye.AttributeAlias">
        <UUID>f5988d90-deb2-4527-a7d2-91e122831cef</UUID>
        <Info />
      </ProductBackendInfo>
      <DefinitionValueRelation>
        <UUID>11e9ee75-3ce3-8a9c-ace9-5ff23aa7cc38</UUID>
        <DefinitionValueUUID>b1d5b038-4f5f-4e4f-8459-ba2e93d2e569</DefinitionValueUUID>
      </DefinitionValueRelation>
    </ProductPolicyAttribute>
    <ProductPolicyAttribute name="@SearchQuery" visibilityLevel="1" mandatory="false" unit=" " format=" " numberOfDecimals="0" attributeClass=" " type="Standard">
      <UUID>0b7a8190-c2a9-49f8-8888-5881bf9068d9</UUID>
      <SortOrder>99</SortOrder>
      <InputType>Textbox</InputType>
      <DataType>String</DataType>
      <MaxLength>4000</MaxLength>
      <MinLength>0</MinLength>
      <ProductBackendInfo name="Skye.Core.DataSecurity">
        <UUID>83f46b3d-6907-42cb-8895-c2ea2dadade4</UUID>
        <Info>Standard</Info>
      </ProductBackendInfo>
      <ProductBackendInfo name="Skye.AllowValueSetViaUnencryptedURL">
        <UUID>c42c5b0b-3a07-4e9c-bb9c-6aaabf841516</UUID>
        <Info>False</Info>
      </ProductBackendInfo>
      <ProductBackendInfo name="Skye.AttributeAlias">
        <UUID>c4645649-d604-4d1d-b954-bc70cdc68dc0</UUID>
        <Info />
      </ProductBackendInfo>
      <DefinitionValueRelation>
        <UUID>11e9ee75-3ce3-8a8f-ace9-5ff23aa7cc38</UUID>
        <DefinitionValueUUID>f408e75a-90ab-48c1-8326-47386f496682</DefinitionValueUUID>
      </DefinitionValueRelation>
    </ProductPolicyAttribute>
    <ProductPolicyAttribute name="@SearchForModelTextIds" visibilityLevel="1" mandatory="false" unit=" " format=" " numberOfDecimals="0" attributeClass=" " type="Standard">
      <UUID>47619f75-d8bf-4347-919e-bef5a32ed3e2</UUID>
      <SortOrder>99</SortOrder>
      <InputType>Textbox</InputType>
      <DataType>String</DataType>
      <MaxLength>4000</MaxLength>
      <MinLength>0</MinLength>
      <ProductBackendInfo name="Skye.AllowValueSetViaUnencryptedURL">
        <UUID>ac7dd605-abd2-4b6d-9add-bc97fb449481</UUID>
        <Info>False</Info>
      </ProductBackendInfo>
      <ProductBackendInfo name="Skye.AttributeAlias">
        <UUID>dcf8a4a5-65f2-406d-91dc-b9ebd5053b29</UUID>
        <Info />
      </ProductBackendInfo>
      <ProductBackendInfo name="Skye.Core.DataSecurity">
        <UUID>e929db75-ec34-41a7-afc1-242c71c345b3</UUID>
        <Info>Standard</Info>
      </ProductBackendInfo>
      <DefinitionValueRelation>
        <UUID>11e9ee75-3ce3-8a97-ace9-5ff23aa7cc38</UUID>
        <DefinitionValueUUID>d8ac6f1d-ccb4-42ae-8918-f932ff961c25</DefinitionValueUUID>
      </DefinitionValueRelation>
    </ProductPolicyAttribute>
    <ProductPolicyAttribute name="@SearchTextType" visibilityLevel="1" mandatory="false" unit=" " format=" " numberOfDecimals="0" attributeClass=" " type="Standard">
      <UUID>a8709c66-ec3b-46f0-852a-c9602cd97384</UUID>
      <SortOrder>99</SortOrder>
      <InputType>Textbox</InputType>
      <DataType>String</DataType>
      <MaxLength>4000</MaxLength>
      <MinLength>0</MinLength>
      <ProductBackendInfo name="Skye.Core.DataSecurity">
        <UUID>32c33170-ffa7-4d51-b05c-36bae54ea948</UUID>
        <Info>Standard</Info>
      </ProductBackendInfo>
      <ProductBackendInfo name="Skye.AttributeAlias">
        <UUID>488393a3-c170-40b9-a30f-e13b2fa98840</UUID>
        <Info />
      </ProductBackendInfo>
      <ProductBackendInfo name="Skye.AllowValueSetViaUnencryptedURL">
        <UUID>e8183ae7-f3bc-4453-89f4-4346adff5f91</UUID>
        <Info>False</Info>
      </ProductBackendInfo>
      <DefinitionValueRelation>
        <UUID>11e9ee75-3ce3-8aa1-ace9-5ff23aa7cc38</UUID>
        <DefinitionValueUUID>9769c604-3a51-4d86-b92d-516baeabd5df</DefinitionValueUUID>
      </DefinitionValueRelation>
    </ProductPolicyAttribute>
    <ProductPolicyAttribute name="@NumberOfSearchResultsPerPage" visibilityLevel="1" mandatory="false" unit=" " format=" " numberOfDecimals="0" attributeClass=" " type="Standard">
      <UUID>bbe3f569-998f-4ee5-9deb-130be7f8440f</UUID>
      <SortOrder>99</SortOrder>
      <InputType>Textbox</InputType>
      <DataType>String</DataType>
      <MaxLength>4000</MaxLength>
      <MinLength>0</MinLength>
      <ProductBackendInfo name="Skye.AttributeAlias">
        <UUID>1f68965f-db04-4a9d-b59b-3411a65c2f83</UUID>
        <Info />
      </ProductBackendInfo>
      <ProductBackendInfo name="Skye.Core.DataSecurity">
        <UUID>3c907941-548a-4985-952c-300fac9d0f4a</UUID>
        <Info>Standard</Info>
      </ProductBackendInfo>
      <ProductBackendInfo name="Skye.AllowValueSetViaUnencryptedURL">
        <UUID>ed896f43-85a6-4ff0-8e31-2e12e59120c0</UUID>
        <Info>False</Info>
      </ProductBackendInfo>
      <DefinitionValueRelation>
        <UUID>11e9ee75-3ce3-8a91-ace9-5ff23aa7cc38</UUID>
        <DefinitionValueUUID>3a2c4912-7130-420b-957b-2686475059de</DefinitionValueUUID>
      </DefinitionValueRelation>
    </ProductPolicyAttribute>
    <ProductPolicyAttribute name="@SearchSorting" visibilityLevel="2" mandatory="false" unit="" format="" numberOfDecimals="0" attributeClass=" " type="Standard">
      <UUID>e6d310a7-c018-451b-9f4d-cb2dda367642</UUID>
      <SortOrder>99</SortOrder>
      <InputType>Textbox</InputType>
      <DataType>String</DataType>
      <MaxLength>4000</MaxLength>
      <MinLength>0</MinLength>
      <ProductTextRelation>
        <ProductTextUUID>9cae3a49-4572-457c-8cb3-e6802f609fac</ProductTextUUID>
      </ProductTextRelation>
      <ProductBackendInfo name="Skye.search.sortingOrder">
        <UUID>61a162c5-409b-4c6c-a3b2-bf0f999dbebe</UUID>
        <Info>Ascending</Info>
      </ProductBackendInfo>
      <ProductBackendInfo name="Skye.AttributeAlias">
        <UUID>62b7b3cd-bbfb-43f5-ae08-0a2413628ba4</UUID>
        <Info />
      </ProductBackendInfo>
      <ProductBackendInfo name="Skye.AllowValueSetViaUnencryptedURL">
        <UUID>84972475-8a47-4796-b443-130e1a0a110e</UUID>
        <Info>False</Info>
      </ProductBackendInfo>
      <ProductBackendInfo name="Skye.Core.DataSecurity">
        <UUID>d8a41f21-a8b8-4786-bee1-ac5341fa0721</UUID>
        <Info>Standard</Info>
      </ProductBackendInfo>
      <DefinitionValueRelation>
        <UUID>11e9ee75-3ce3-8aa0-ace9-5ff23aa7cc38</UUID>
        <DefinitionValueUUID>9a081880-d4fb-4148-8a33-f5bab3702465</DefinitionValueUUID>
      </DefinitionValueRelation>
    </ProductPolicyAttribute>
    <ProductBackendInfo name="Skye.MultibrickType">
      <UUID>3d19a207-d4af-4d38-a3e1-aa26c06b0ce8</UUID>
      <Info />
    </ProductBackendInfo>
  </ProductBrick>
  <DefinitionDependentLists>
    <DefinitionDependencyDefaultValueList />
    <DefinitionDependencyValueRangeList />
    <DefinitionDependencyVisibilityList />
    <DefinitionDependencyMandatoryList />
    <DefinitionDependencyToDependencyList />
    <DefinitionDependencyValueRangeFilterValuesList />
    <DefinitionDependencyDataSourceAttributeList />
  </DefinitionDependentLists>
</Product>