﻿<?xml version="1.0" encoding="utf-8"?>
<Product xmlns:xsd="http://www.w3.org/2001/XMLSchema" xmlns:xsi="http://www.w3.org/2001/XMLSchema-instance" name="HeaderHTMLComponent" lastChanged="2019-11-18T12:15:05Z" implementationClass=" " versionUuid=" " modelType="htmlcomponent" subModelType="" skyeEditorVersion="7.15.0.16">
  <UUID>2dd063a3-ecb6-4b4b-8e0b-f5a60c36a1a8</UUID>
  <SortOrder>0</SortOrder>
  <BusinessUnit> </BusinessUnit>
  <Section> </Section>
  <ProductTextList>
    <ProductText name="header" language="en" country="US">
      <UUID>c415b850-2c84-459d-a323-4eae380033a8</UUID>
      <Text />
    </ProductText>
    <ProductText name="short" language="en" country="US">
      <UUID>f4ed2f74-bea1-4c95-a916-41fa92458d18</UUID>
      <Text>&lt;div style="float:right"&gt;
	&lt;h3 style="display:inline;margin-left:1em"&gt;
		&lt;a href="https://www.innoveo.com/"&gt;Home&lt;/a&gt;
	&lt;/h3&gt;
	&lt;h3 style="display:inline;margin-left:1em"&gt;
		&lt;a href="https://www.innoveo.com/services/"&gt;Services&lt;/a&gt;
	&lt;/h3&gt;
	&lt;h3 style="display:inline;margin-left:1em"&gt;
		&lt;a href="https://www.innoveo.com/features/"&gt;Features&lt;/a&gt;
	&lt;/h3&gt;
	&lt;h3 style="display:inline;margin-left:1em"&gt;
		&lt;a href="https://www.innoveo.com/about-us/"&gt;About us&lt;/a&gt;
	&lt;/h3&gt;
&lt;/div&gt;</Text>
    </ProductText>
  </ProductTextList>
  <ProductValueRangeList>
    <ProductValueRange name="Reference.referencedModelsVR" type="fix">
      <UUID>f61bb995-5f8c-4fcd-9da7-ae9198710a03</UUID>
    </ProductValueRange>
  </ProductValueRangeList>
  <DefinitionBusinessObjectContextList />
  <DefinitionResourceList />
  <AbstractProductBrickList />
  <ProductValueList>
    <ProductValue name=" " type="value">
      <UUID>530b0a40-debe-44c1-9cf4-ec720a9787f0</UUID>
      <SortOrder>0</SortOrder>
      <Value />
    </ProductValue>
  </ProductValueList>
  <ProductPolicyAttribute name="@ComponentOwner" visibilityLevel="0" mandatory="false" unit="" format="" numberOfDecimals="0" attributeClass=" " type="Reference">
    <UUID>c883530f-5e8d-47b3-bf09-4f74a9388e8e</UUID>
    <SortOrder>99</SortOrder>
    <InputType>Textbox</InputType>
    <DataType>product</DataType>
    <MaxLength>4000</MaxLength>
    <MinLength>0</MinLength>
    <ProductValueRangeRelation>
      <UUID>c88c5099-c0f7-42fb-81a1-e0dab93e8366</UUID>
      <SortOrder>99</SortOrder>
      <ProductValueRangeUUID>f61bb995-5f8c-4fcd-9da7-ae9198710a03</ProductValueRangeUUID>
    </ProductValueRangeRelation>
    <ProductBackendInfo name="Skye.AllowValueSetViaUnencryptedURL">
      <UUID>0c8ef490-d5bf-4007-abba-e29fe15322a0</UUID>
      <Info>False</Info>
    </ProductBackendInfo>
    <ProductBackendInfo name="Skye.Core.DataSecurity">
      <UUID>86c0efea-2390-43cd-8746-48210087a48f</UUID>
      <Info>Standard</Info>
    </ProductBackendInfo>
    <ProductBackendInfo name="Skye.AttributeAlias">
      <UUID>894142ac-9bc8-4407-acea-260ccea89b1a</UUID>
      <Info />
    </ProductBackendInfo>
    <DefinitionValueRelation>
      <UUID>11ea11e6-742e-41b2-9bb3-63709490e9be</UUID>
      <DefinitionValueUUID>530b0a40-debe-44c1-9cf4-ec720a9787f0</DefinitionValueUUID>
    </DefinitionValueRelation>
  </ProductPolicyAttribute>
  <ProductTextRelation>
    <ProductTextUUID>c415b850-2c84-459d-a323-4eae380033a8</ProductTextUUID>
  </ProductTextRelation>
  <ProductTextRelation>
    <ProductTextUUID>f4ed2f74-bea1-4c95-a916-41fa92458d18</ProductTextUUID>
  </ProductTextRelation>
  <DefinitionDependentLists>
    <DefinitionDependencyDefaultValueList />
    <DefinitionDependencyValueRangeList />
    <DefinitionDependencyVisibilityList />
    <DefinitionDependencyMandatoryList />
    <DefinitionDependencyToDependencyList />
    <DefinitionDependencyValueRangeFilterValuesList />
    <DefinitionDependencyDataSourceAttributeList />
  </DefinitionDependentLists>
</Product>