﻿<?xml version="1.0" encoding="utf-8"?>
<Product xmlns:xsd="http://www.w3.org/2001/XMLSchema" xmlns:xsi="http://www.w3.org/2001/XMLSchema-instance" name="HomeCreatePolicyDetailsUIDef" lastChanged="2019-10-14T14:06:27.4883717Z" implementationClass="" modelType="uidefinition" subModelType="ProcessLayout" skyeEditorVersion="7.15.0.16">
  <UUID>e9e3e30c-ce3a-4556-8f3a-74707aa565ea</UUID>
  <BusinessUnit> </BusinessUnit>
  <Section> </Section>
  <ProductTextList>
    <ProductText name="header" language="en" country="US">
      <UUID>2a634a46-5152-4e84-92bf-aa3c89981762</UUID>
      <Text>Customer information</Text>
    </ProductText>
    <ProductText name="header" language="en" country="US">
      <UUID>cb896a36-c662-47db-9c47-63591223f067</UUID>
      <Text>Insurance details</Text>
    </ProductText>
    <ProductText name="header" language="en" country="US">
      <UUID>eebf1b84-5f90-4b9f-bea4-7c8272fc15e0</UUID>
      <Text>Policy details</Text>
    </ProductText>
    <ProductText name="header" language="en" country="US">
      <UUID>83582d7d-ae2d-43fa-8eca-e9773a0f246d</UUID>
      <Text>Customer details</Text>
    </ProductText>
    <ProductText name="header" language="en" country="US">
      <UUID>d47e0857-225f-4045-97d4-b4ba0bb0829e</UUID>
      <Text>Customer address details</Text>
    </ProductText>
    <ProductText name="header" language="en" country="US">
      <UUID>5c144dcb-4daa-4f98-b216-eea7f5263cb7</UUID>
      <Text>Sum insured / Excess</Text>
    </ProductText>
    <ProductText name="header" language="en" country="US">
      <UUID>6637ce3f-8d54-43e3-a688-ae898e9e2cb8</UUID>
      <Text>Location details</Text>
    </ProductText>
    <ProductText name="header" language="en" country="US">
      <UUID>581e8a6d-3aa1-45c7-8abc-af8bd8c27b30</UUID>
      <Text>Premium details</Text>
    </ProductText>
    <ProductText name="header" language="en" country="US">
      <UUID>5f31ee49-4675-4476-a556-ee989cb14717</UUID>
      <Text>Valuables</Text>
    </ProductText>
    <ProductText name="addButtonLabel" language="en" country="US">
      <UUID>2df7e66a-cdb6-492c-a440-0ae8562103d9</UUID>
      <Text />
    </ProductText>
    <ProductText name="deleteButtonLabel" language="en" country="US">
      <UUID>5d5f34b5-28ea-4d91-b343-807e24f07764</UUID>
      <Text />
    </ProductText>
    <ProductText name="header" language="en" country="US">
      <UUID>539caae2-02ae-4fc0-903d-d2c951e93c1a</UUID>
      <Text />
    </ProductText>
  </ProductTextList>
  <ProductValueRangeList />
  <DefinitionBusinessObjectContextList />
  <DefinitionResourceList />
  <AbstractProductBrickList />
  <ProductValueList />
  <ProductBrick name="TabGroup" visibilityLevel="3" brickClass="" isAbstract="false" typeId="0">
    <UUID>da7867bc-1410-45ae-bf59-6d5863d10e85</UUID>
    <SortOrder>10</SortOrder>
    <MinimumUsage>1</MinimumUsage>
    <MaximumUsage>1</MaximumUsage>
    <InitialUsage>1</InitialUsage>
    <ProductBrick name="CustomerInfo" visibilityLevel="3" brickClass="" isAbstract="false" typeId="0">
      <UUID>6e1598fa-781f-43b5-9907-16e97ea59a10</UUID>
      <SortOrder>10</SortOrder>
      <MinimumUsage>1</MinimumUsage>
      <MaximumUsage>1</MaximumUsage>
      <InitialUsage>1</InitialUsage>
      <ProductTextRelation>
        <UUID>876b29cd-6acb-45c9-8496-c5d4796f29f2</UUID>
        <ProductTextUUID>2a634a46-5152-4e84-92bf-aa3c89981762</ProductTextUUID>
      </ProductTextRelation>
      <ProductBrick name="PanelGroup1" visibilityLevel="3" brickClass="" isAbstract="false" typeId="0">
        <UUID>bf9a7bb6-8388-4ece-8dc4-a7189ac78059</UUID>
        <SortOrder>10</SortOrder>
        <MinimumUsage>1</MinimumUsage>
        <MaximumUsage>1</MaximumUsage>
        <InitialUsage>1</InitialUsage>
        <ProductBrick name="CustomerDetails" visibilityLevel="3" brickClass="" isAbstract="false" typeId="0">
          <UUID>3eb910dd-4ebb-4780-ab58-9cc5c7836071</UUID>
          <SortOrder>10</SortOrder>
          <MinimumUsage>1</MinimumUsage>
          <MaximumUsage>1</MaximumUsage>
          <InitialUsage>1</InitialUsage>
          <ProductTextRelation>
            <UUID>e1d6ffba-d948-4659-a653-89c640291a49</UUID>
            <ProductTextUUID>83582d7d-ae2d-43fa-8eca-e9773a0f246d</ProductTextUUID>
          </ProductTextRelation>
          <ProductBackendInfo name="Skye.NumberOfColumns">
            <UUID>d691cbd0-e7e2-48f3-968a-343cdc0973fc</UUID>
            <Info>2</Info>
          </ProductBackendInfo>
          <ProductBackendInfo name="Skye.DisplayControlWithEmptyContent">
            <UUID>7755c62e-9bbd-40f2-a98b-de7ec5d72831</UUID>
            <Info>True</Info>
          </ProductBackendInfo>
          <ProductBackendInfo name="Skye.StyleClass">
            <UUID>a1d69f06-ea7c-455b-bcd9-44cc7ac6f9e0</UUID>
            <Info />
          </ProductBackendInfo>
          <ProductBackendInfo name="Skye.MultibrickType">
            <UUID>3ec499c6-1193-4eff-9ce2-6b7a7c917a36</UUID>
            <Info />
          </ProductBackendInfo>
        </ProductBrick>
        <ProductBrick name="CustomerAddressDetails" visibilityLevel="3" brickClass="" isAbstract="false" typeId="0">
          <UUID>0c21ff56-fd9a-4b70-9ed7-486b008ac964</UUID>
          <SortOrder>20</SortOrder>
          <MinimumUsage>1</MinimumUsage>
          <MaximumUsage>1</MaximumUsage>
          <InitialUsage>1</InitialUsage>
          <ProductTextRelation>
            <UUID>33ae838b-56bb-457c-aa4d-8eaecbccde31</UUID>
            <ProductTextUUID>d47e0857-225f-4045-97d4-b4ba0bb0829e</ProductTextUUID>
          </ProductTextRelation>
          <ProductBackendInfo name="Skye.NumberOfColumns">
            <UUID>ddd61bbf-ddb2-4486-aa0d-da2aedd34d5e</UUID>
            <Info>2</Info>
          </ProductBackendInfo>
          <ProductBackendInfo name="Skye.DisplayControlWithEmptyContent">
            <UUID>bbab6f86-b27f-44df-aeb2-2f2984430c75</UUID>
            <Info>True</Info>
          </ProductBackendInfo>
          <ProductBackendInfo name="Skye.StyleClass">
            <UUID>c887b290-e084-49a9-9dc0-daf3e81e10a1</UUID>
            <Info />
          </ProductBackendInfo>
          <ProductBackendInfo name="Skye.MultibrickType">
            <UUID>87664e75-7f6e-462c-a518-f9148ff5d228</UUID>
            <Info />
          </ProductBackendInfo>
        </ProductBrick>
        <ProductBackendInfo name="Skye.ProcessStepUIType">
          <UUID>23165223-12fd-48e7-a8ca-5cb60cc245bd</UUID>
          <Info>PanelGroup</Info>
        </ProductBackendInfo>
        <ProductBackendInfo name="Skye.StyleClass">
          <UUID>e0379f44-a8bb-4563-adf1-e75811a28bd3</UUID>
          <Info />
        </ProductBackendInfo>
        <ProductBackendInfo name="Skye.MultibrickType">
          <UUID>667cce39-1be6-4879-af18-0140dbeecf26</UUID>
          <Info />
        </ProductBackendInfo>
      </ProductBrick>
      <ProductBackendInfo name="Skye.NumberOfColumns">
        <UUID>28e24710-7788-4c89-a39d-e631f42346a3</UUID>
        <Info>2</Info>
      </ProductBackendInfo>
      <ProductBackendInfo name="Skye.DisplayControlWithEmptyContent">
        <UUID>75440b33-5626-4886-9111-8ce7ecb75596</UUID>
        <Info>True</Info>
      </ProductBackendInfo>
      <ProductBackendInfo name="Skye.StyleClass">
        <UUID>e368f397-f600-4bd0-a76d-602414e359c7</UUID>
        <Info />
      </ProductBackendInfo>
      <ProductBackendInfo name="Skye.MultibrickType">
        <UUID>06a9b5a6-adde-4b4d-bf23-117a72925ce3</UUID>
        <Info />
      </ProductBackendInfo>
    </ProductBrick>
    <ProductBrick name="InsuranceDetails" visibilityLevel="3" brickClass="" isAbstract="false" typeId="0">
      <UUID>109a69ff-abe7-4b1b-8e8e-06b03e78d136</UUID>
      <SortOrder>20</SortOrder>
      <MinimumUsage>1</MinimumUsage>
      <MaximumUsage>1</MaximumUsage>
      <InitialUsage>1</InitialUsage>
      <ProductTextRelation>
        <UUID>a1412019-bf58-427b-a6a2-7bf41f5da2ce</UUID>
        <ProductTextUUID>cb896a36-c662-47db-9c47-63591223f067</ProductTextUUID>
      </ProductTextRelation>
      <ProductBrick name="PanelGroup2" visibilityLevel="3" brickClass="" isAbstract="false" typeId="0">
        <UUID>6adebb70-d150-4635-a807-dcd2e39beb2b</UUID>
        <SortOrder>10</SortOrder>
        <MinimumUsage>1</MinimumUsage>
        <MaximumUsage>1</MaximumUsage>
        <InitialUsage>1</InitialUsage>
        <ProductBrick name="SumInsuredExcess" visibilityLevel="3" brickClass="" isAbstract="false" typeId="0">
          <UUID>77221727-c5c7-4934-8702-5c9fd1860322</UUID>
          <SortOrder>10</SortOrder>
          <MinimumUsage>1</MinimumUsage>
          <MaximumUsage>1</MaximumUsage>
          <InitialUsage>1</InitialUsage>
          <ProductTextRelation>
            <UUID>2ce14457-112a-4192-85f9-8882f0ccd776</UUID>
            <ProductTextUUID>5c144dcb-4daa-4f98-b216-eea7f5263cb7</ProductTextUUID>
          </ProductTextRelation>
          <ProductBackendInfo name="Skye.NumberOfColumns">
            <UUID>b9d3cff0-295c-4244-999a-cc334326c123</UUID>
            <Info>2</Info>
          </ProductBackendInfo>
          <ProductBackendInfo name="Skye.DisplayControlWithEmptyContent">
            <UUID>fa94db40-a49c-4fc2-8af5-0066a1b1fe44</UUID>
            <Info>False</Info>
          </ProductBackendInfo>
          <ProductBackendInfo name="Skye.StyleClass">
            <UUID>c86c8821-5c7b-4228-91ed-ce6157a96450</UUID>
            <Info />
          </ProductBackendInfo>
          <ProductBackendInfo name="Skye.MultibrickType">
            <UUID>f1a1c7d1-58e3-443a-b115-11c87aa5b45a</UUID>
            <Info />
          </ProductBackendInfo>
        </ProductBrick>
        <ProductBrick name="LocationDetails" visibilityLevel="3" brickClass="" isAbstract="false" typeId="0">
          <UUID>937d016c-5966-4bc7-8c8a-e932fb3a9a21</UUID>
          <SortOrder>20</SortOrder>
          <MinimumUsage>1</MinimumUsage>
          <MaximumUsage>1</MaximumUsage>
          <InitialUsage>1</InitialUsage>
          <ProductTextRelation>
            <UUID>393a3fd5-88cf-4373-a4ec-c5e5395b6672</UUID>
            <ProductTextUUID>6637ce3f-8d54-43e3-a688-ae898e9e2cb8</ProductTextUUID>
          </ProductTextRelation>
          <ProductBackendInfo name="Skye.NumberOfColumns">
            <UUID>acf381fb-80e2-4607-8a39-363457716dc7</UUID>
            <Info>2</Info>
          </ProductBackendInfo>
          <ProductBackendInfo name="Skye.DisplayControlWithEmptyContent">
            <UUID>01b53774-4884-441c-a59b-14b4aa9c7970</UUID>
            <Info>False</Info>
          </ProductBackendInfo>
          <ProductBackendInfo name="Skye.StyleClass">
            <UUID>ba7574f3-5267-4e35-91b3-0c69b8172465</UUID>
            <Info />
          </ProductBackendInfo>
          <ProductBackendInfo name="Skye.MultibrickType">
            <UUID>cf899681-df0b-471a-b3c6-5ba68c4eed8c</UUID>
            <Info />
          </ProductBackendInfo>
        </ProductBrick>
        <ProductBrick name="PremiumDetails" visibilityLevel="3" brickClass="" isAbstract="false" typeId="0">
          <UUID>a70db2cf-638a-4c3f-816b-87a880de737e</UUID>
          <SortOrder>15</SortOrder>
          <MinimumUsage>1</MinimumUsage>
          <MaximumUsage>1</MaximumUsage>
          <InitialUsage>1</InitialUsage>
          <ProductTextRelation>
            <UUID>a1074c59-6ddd-44ea-b086-966b129216ae</UUID>
            <ProductTextUUID>581e8a6d-3aa1-45c7-8abc-af8bd8c27b30</ProductTextUUID>
          </ProductTextRelation>
          <ProductBackendInfo name="Skye.NumberOfColumns">
            <UUID>1deeed1f-944d-4064-b4ae-73fe2fe2a3ff</UUID>
            <Info>2</Info>
          </ProductBackendInfo>
          <ProductBackendInfo name="Skye.DisplayControlWithEmptyContent">
            <UUID>f90baf70-f723-4630-804c-7406edf043a0</UUID>
            <Info>False</Info>
          </ProductBackendInfo>
          <ProductBackendInfo name="Skye.StyleClass">
            <UUID>1ae53188-6207-4eb8-8726-30c94b4deb7a</UUID>
            <Info />
          </ProductBackendInfo>
          <ProductBackendInfo name="Skye.MultibrickType">
            <UUID>35392837-4294-4545-b141-503610d64c5f</UUID>
            <Info />
          </ProductBackendInfo>
        </ProductBrick>
        <ProductBrick name="Valuables" visibilityLevel="3" brickClass="" isAbstract="false" typeId="0">
          <UUID>3ffd0600-0f45-4ede-b58f-3bee28e0bbb5</UUID>
          <SortOrder>30</SortOrder>
          <MinimumUsage>1</MinimumUsage>
          <MaximumUsage>1</MaximumUsage>
          <InitialUsage>1</InitialUsage>
          <ProductTextRelation>
            <UUID>c751bf87-b2b9-4fda-9620-1890e5f94471</UUID>
            <ProductTextUUID>5f31ee49-4675-4476-a556-ee989cb14717</ProductTextUUID>
          </ProductTextRelation>
          <ProductBrick name="ValuableMultibrick" visibilityLevel="3" brickClass="" isAbstract="false" typeId="0">
            <UUID>8e727e43-41aa-433d-adf8-29daa07ba692</UUID>
            <SortOrder>10</SortOrder>
            <MinimumUsage>1</MinimumUsage>
            <MaximumUsage>1</MaximumUsage>
            <InitialUsage>1</InitialUsage>
            <ProductTextRelation>
              <UUID>1da60dd4-fd4a-4151-901c-1dac31bb3c61</UUID>
              <ProductTextUUID>2df7e66a-cdb6-492c-a440-0ae8562103d9</ProductTextUUID>
            </ProductTextRelation>
            <ProductTextRelation>
              <UUID>37fbdace-8767-4d1b-a4fd-b3dba116800c</UUID>
              <ProductTextUUID>5d5f34b5-28ea-4d91-b343-807e24f07764</ProductTextUUID>
            </ProductTextRelation>
            <ProductTextRelation>
              <UUID>948fca29-1857-4543-a9cd-28853b3246fa</UUID>
              <ProductTextUUID>539caae2-02ae-4fc0-903d-d2c951e93c1a</ProductTextUUID>
            </ProductTextRelation>
            <ProductBackendInfo name="Skye.ProcessStepUIType">
              <UUID>7e0d2296-dc03-4bf9-b6a6-5b38915667a4</UUID>
              <Info>MultibrickGroupService</Info>
            </ProductBackendInfo>
            <ProductBackendInfo name="Skye.MultiBrickTextId">
              <UUID>e04b041e-5392-4789-94d4-cb6283c85232</UUID>
              <Info>Valuable</Info>
            </ProductBackendInfo>
            <ProductBackendInfo name="Skye.DisplayControlWithEmptyContent">
              <UUID>3a5c8c56-4cc5-4624-baa1-690edf3cd48d</UUID>
              <Info>False</Info>
            </ProductBackendInfo>
            <ProductBackendInfo name="Skye.StyleClass">
              <UUID>3652cc74-6207-4859-811e-2c51fb481e6f</UUID>
              <Info />
            </ProductBackendInfo>
            <ProductBackendInfo name="Skye.MultibrickType">
              <UUID>12908e16-3fc4-4fec-8fde-bcb442e9eb06</UUID>
              <Info />
            </ProductBackendInfo>
          </ProductBrick>
          <ProductBackendInfo name="Skye.NumberOfColumns">
            <UUID>b511dc76-72cd-44f4-b591-c88d54213a9c</UUID>
            <Info>2</Info>
          </ProductBackendInfo>
          <ProductBackendInfo name="Skye.DisplayControlWithEmptyContent">
            <UUID>bddfcb56-d2b3-45e7-81b9-ce7fdcf6f72f</UUID>
            <Info>True</Info>
          </ProductBackendInfo>
          <ProductBackendInfo name="Skye.StyleClass">
            <UUID>4c9e4064-5d25-44aa-aef3-87614c2ea688</UUID>
            <Info />
          </ProductBackendInfo>
          <ProductBackendInfo name="Skye.MultibrickType">
            <UUID>dc94793b-a9e0-469a-9085-2354ace76140</UUID>
            <Info />
          </ProductBackendInfo>
        </ProductBrick>
        <ProductBackendInfo name="Skye.ProcessStepUIType">
          <UUID>aa6fe4c0-97df-409a-8e7e-a201a0cba83f</UUID>
          <Info>PanelGroup</Info>
        </ProductBackendInfo>
        <ProductBackendInfo name="Skye.StyleClass">
          <UUID>00b85caa-b61d-486a-ac2a-91f7531aba26</UUID>
          <Info />
        </ProductBackendInfo>
        <ProductBackendInfo name="Skye.MultibrickType">
          <UUID>fad27fdb-4fd4-4105-b0a8-7c06e0cfbeed</UUID>
          <Info />
        </ProductBackendInfo>
      </ProductBrick>
      <ProductBackendInfo name="Skye.NumberOfColumns">
        <UUID>16662125-081d-44e3-ae46-4bc0ad90484a</UUID>
        <Info>2</Info>
      </ProductBackendInfo>
      <ProductBackendInfo name="Skye.DisplayControlWithEmptyContent">
        <UUID>aab1ea2f-d7a8-4ad7-a2e5-19a14bc5b061</UUID>
        <Info>True</Info>
      </ProductBackendInfo>
      <ProductBackendInfo name="Skye.StyleClass">
        <UUID>29147b16-474a-4dc8-baaf-cf543613866c</UUID>
        <Info />
      </ProductBackendInfo>
      <ProductBackendInfo name="Skye.MultibrickType">
        <UUID>f3b25532-7fca-43ac-b3f2-4e6fa1d8be3a</UUID>
        <Info />
      </ProductBackendInfo>
    </ProductBrick>
    <ProductBrick name="PolicyDetails" visibilityLevel="3" brickClass="" isAbstract="false" typeId="0">
      <UUID>70d9ce56-e1c1-4026-9ae1-d4ba44fe4851</UUID>
      <SortOrder>30</SortOrder>
      <MinimumUsage>1</MinimumUsage>
      <MaximumUsage>1</MaximumUsage>
      <InitialUsage>1</InitialUsage>
      <ProductTextRelation>
        <UUID>6308fbd0-7f97-4f14-91dd-2149d706f290</UUID>
        <ProductTextUUID>eebf1b84-5f90-4b9f-bea4-7c8272fc15e0</ProductTextUUID>
      </ProductTextRelation>
      <ProductBackendInfo name="Skye.NumberOfColumns">
        <UUID>304f35e7-d53d-43f8-b634-cec57efb36a7</UUID>
        <Info>2</Info>
      </ProductBackendInfo>
      <ProductBackendInfo name="Skye.DisplayControlWithEmptyContent">
        <UUID>7a021cd9-0088-47ee-8c97-153d1d9dd8ef</UUID>
        <Info>True</Info>
      </ProductBackendInfo>
      <ProductBackendInfo name="Skye.StyleClass">
        <UUID>ae315495-74d5-4037-993b-1216a6d6b74f</UUID>
        <Info />
      </ProductBackendInfo>
      <ProductBackendInfo name="Skye.MultibrickType">
        <UUID>7bddbe96-023a-4f87-b1dc-2b7513ccffe9</UUID>
        <Info />
      </ProductBackendInfo>
    </ProductBrick>
    <ProductBackendInfo name="Skye.ProcessStepUIType">
      <UUID>19cc1587-3e7c-4d0f-bc99-dd0c784b9076</UUID>
      <Info>TabGroup</Info>
    </ProductBackendInfo>
    <ProductBackendInfo name="Skye.StyleClass">
      <UUID>53fe26d2-357d-4773-90d8-11e62a258491</UUID>
      <Info />
    </ProductBackendInfo>
    <ProductBackendInfo name="Skye.MultibrickType">
      <UUID>90f43255-125a-45f8-9d97-207ca36f159a</UUID>
      <Info />
    </ProductBackendInfo>
  </ProductBrick>
  <DefinitionDependentLists>
    <DefinitionDependencyDefaultValueList />
    <DefinitionDependencyValueRangeList />
    <DefinitionDependencyVisibilityList />
    <DefinitionDependencyMandatoryList />
    <DefinitionDependencyToDependencyList />
    <DefinitionDependencyValueRangeFilterValuesList />
    <DefinitionDependencyDataSourceAttributeList />
  </DefinitionDependentLists>
</Product>