﻿<?xml version="1.0" encoding="utf-8"?>
<Product xmlns:xsd="http://www.w3.org/2001/XMLSchema" xmlns:xsi="http://www.w3.org/2001/XMLSchema-instance" name="DashboardCarousel" lastChanged="2020-05-18T13:18:08.2906348Z" implementationClass="" modelType="carousel" subModelType="" skyeEditorVersion="7.26.1.50">
  <UUID>61e60927-b048-4d88-aeb6-d16a11384539</UUID>
  <BusinessUnit> </BusinessUnit>
  <Section> </Section>
  <ProductTextList>
    <ProductText name="defaultCarouselPicture" language="en" country="US">
      <UUID>e96c10ab-9984-498a-95a1-1a11ba186adb</UUID>
      <Text />
    </ProductText>
    <ProductText name="defaultCarouselLink" language="en" country="US">
      <UUID>861be480-bd65-43e7-a153-497bc434960f</UUID>
      <Text />
    </ProductText>
    <ProductText name="defaultCarouselText" language="en" country="US">
      <UUID>d7d9b741-2a40-452b-a571-66809c7439a5</UUID>
      <Text />
    </ProductText>
    <ProductText name="header" language="en" country="US">
      <UUID>730b8687-5731-453c-b66a-d9a56a6c9f6e</UUID>
      <Text />
    </ProductText>
    <ProductText name="label" language="en" country="US">
      <UUID>240ac979-edf2-4a63-90dc-ee5609dba6bc</UUID>
      <Text>House</Text>
    </ProductText>
    <ProductText name="carouselText" language="en" country="US">
      <UUID>eec37a68-fe63-42b6-9832-38e880961958</UUID>
      <Text>&lt;h1&gt;For every location&lt;/h1&gt;</Text>
    </ProductText>
    <ProductText name="carouselPicture" language="en" country="US">
      <UUID>ce17ca55-4ace-4a58-908b-d730c72ca415</UUID>
      <Text>%definitionResource(def[DashboardCarousel], 'en', 'us', 'slide1.jpg')</Text>
    </ProductText>
    <ProductText name="label" language="en" country="US">
      <UUID>4a2d5c4b-b8e7-423b-acc0-dd59d99ac4ce</UUID>
      <Text />
    </ProductText>
    <ProductText name="carouselText" language="en" country="US">
      <UUID>36d254a1-2979-474c-a407-e43529803042</UUID>
      <Text>Apply from home</Text>
    </ProductText>
    <ProductText name="carouselPicture" language="en" country="US">
      <UUID>71b4fed5-f4e4-484c-9e18-9797346e2602</UUID>
      <Text>%definitionResource(def[DashboardCarousel], 'en', 'us', 'slide2.jpg')</Text>
    </ProductText>
    <ProductText name="carouselLink" language="en" country="US">
      <UUID>3ca2b0c7-0640-458a-ad90-3ae9e49afacf</UUID>
      <Text>https://www.innoveo.com/</Text>
    </ProductText>
    <ProductText name="label" language="en" country="US">
      <UUID>5725d822-06a0-4ede-bb9b-9b24c773bc0a</UUID>
      <Text>Family</Text>
    </ProductText>
    <ProductText name="carouselText" language="en" country="US">
      <UUID>ccf87a0d-fc0c-4110-b9c8-6023879f1105</UUID>
      <Text>Protect your family</Text>
    </ProductText>
    <ProductText name="carouselPicture" language="en" country="US">
      <UUID>74fdf5b5-e6f4-41fe-9982-fcb0285e262c</UUID>
      <Text>%definitionResource(def[DashboardCarousel], 'en', 'us', 'slide3.jpg')</Text>
    </ProductText>
  </ProductTextList>
  <ProductValueRangeList>
    <ProductValueRange name="Reference.referencedModelsVR" type="fix">
      <UUID>54f6b63f-e2a5-49dd-934f-be3b1e00493a</UUID>
    </ProductValueRange>
  </ProductValueRangeList>
  <DefinitionBusinessObjectContextList />
  <DefinitionResourceList>
    <DefinitionResource name="slide1_jpg" language="en" country="US">
      <UUID>5842c0c2-610c-4821-be25-2feec8bd616f</UUID>
      <resourceName>slide1.jpg</resourceName>
      <resourceType>resource</resourceType>
    </DefinitionResource>
    <DefinitionResource name="slide2_jpg" language="en" country="US">
      <UUID>2f5de6f3-005d-447a-aaed-6daa50b25f07</UUID>
      <resourceName>slide2.jpg</resourceName>
      <resourceType>resource</resourceType>
    </DefinitionResource>
    <DefinitionResource name="slide3_jpg" language="en" country="US">
      <UUID>0c9fc23c-a8e6-46df-9e39-ba34f8981493</UUID>
      <resourceName>slide3.jpg</resourceName>
      <resourceType>resource</resourceType>
    </DefinitionResource>
  </DefinitionResourceList>
  <ProductValueList>
    <ProductValue name="6000" type="value">
      <UUID>a89e8780-fb95-49c0-84a9-a6d692d5005b</UUID>
      <SortOrder>0</SortOrder>
      <Value>6000</Value>
    </ProductValue>
    <ProductValue name="" type="value">
      <UUID>263ae473-9ba6-4776-bdc0-5bccd89ab079</UUID>
      <SortOrder>0</SortOrder>
      <Value />
    </ProductValue>
    <ProductValue name="" type="value">
      <UUID>e576a946-d5e6-4d54-b4af-0476257012ad</UUID>
      <SortOrder>0</SortOrder>
      <Value />
    </ProductValue>
    <ProductValue name="" type="value">
      <UUID>823871b9-0570-4c82-8518-eaa0aef9f224</UUID>
      <SortOrder>0</SortOrder>
      <Value />
    </ProductValue>
    <ProductValue name="" type="value">
      <UUID>3bd94f00-06ec-4f89-8fd1-3b66c58f8032</UUID>
      <SortOrder>0</SortOrder>
      <Value />
    </ProductValue>
  </ProductValueList>
  <ProductPolicyAttribute name="@DisplayTime" visibilityLevel="0" mandatory="false" unit="" format="" numberOfDecimals="0" attributeClass="" type="Standard">
    <UUID>407271d2-3d43-475f-8b9e-8ee8517bd1cb</UUID>
    <SortOrder>99</SortOrder>
    <InputType>Textbox</InputType>
    <DataType>String</DataType>
    <MaxLength>4000</MaxLength>
    <MinLength>0</MinLength>
    <ProductBackendInfo name="Skye.AttributeAlias">
      <UUID>8a3fafa6-1ec8-4cae-9ada-4b9e46be48ab</UUID>
      <Info />
    </ProductBackendInfo>
    <ProductBackendInfo name="Skye.Core.DataSecurity">
      <UUID>b916e0c2-4090-4b42-b1bf-8d8243bfd577</UUID>
      <Info>Standard</Info>
    </ProductBackendInfo>
    <ProductBackendInfo name="Skye.AllowValueSetViaUnencryptedURL">
      <UUID>c73da615-bd7c-463c-ae25-4924df14ff54</UUID>
      <Info>False</Info>
    </ProductBackendInfo>
    <DefinitionValueRelation>
      <DefinitionValueUUID>a89e8780-fb95-49c0-84a9-a6d692d5005b</DefinitionValueUUID>
    </DefinitionValueRelation>
  </ProductPolicyAttribute>
  <ProductPolicyAttribute name="@ComponentOwner" visibilityLevel="0" mandatory="false" unit="" format="" numberOfDecimals="0" attributeClass="" type="Reference">
    <UUID>a69d3686-0221-4cf2-a7aa-38bf9d84fb9a</UUID>
    <SortOrder>99</SortOrder>
    <InputType>Textbox</InputType>
    <DataType>String</DataType>
    <MaxLength>4000</MaxLength>
    <MinLength>0</MinLength>
    <ProductValueRangeRelation>
      <UUID>c89d4494-e309-4740-aa78-7b0f3729c3e6</UUID>
      <SortOrder>99</SortOrder>
      <ProductValueRangeUUID>54f6b63f-e2a5-49dd-934f-be3b1e00493a</ProductValueRangeUUID>
    </ProductValueRangeRelation>
    <ProductBackendInfo name="Skye.AttributeAlias">
      <UUID>ec2a5447-693a-41b5-85f4-c3129a2bfa3b</UUID>
      <Info />
    </ProductBackendInfo>
    <ProductBackendInfo name="Skye.Core.DataSecurity">
      <UUID>48a00907-637a-428c-966f-7f2059114b62</UUID>
      <Info>Standard</Info>
    </ProductBackendInfo>
    <ProductBackendInfo name="Skye.AllowValueSetViaUnencryptedURL">
      <UUID>8f103e79-7457-420b-9abf-bf77754197da</UUID>
      <Info>False</Info>
    </ProductBackendInfo>
    <ProductBackendInfo name="Skye.Reference.ModelType">
      <UUID>d76185a1-617b-4a7c-a65f-92c403df76de</UUID>
      <Info>product</Info>
    </ProductBackendInfo>
    <DefinitionValueRelation>
      <DefinitionValueUUID>263ae473-9ba6-4776-bdc0-5bccd89ab079</DefinitionValueUUID>
    </DefinitionValueRelation>
  </ProductPolicyAttribute>
  <ProductPolicyAttribute name="Slide1" visibilityLevel="2" mandatory="false" unit="" format="" numberOfDecimals="0" attributeClass="" type="Standard">
    <UUID>56a205fa-80cd-412c-84ab-afe6b3eeb882</UUID>
    <SortOrder>1</SortOrder>
    <InputType>Textbox</InputType>
    <DataType>String</DataType>
    <MaxLength>4000</MaxLength>
    <MinLength>0</MinLength>
    <ProductTextRelation>
      <UUID>5bba6766-57fe-445b-b6b7-7b97a79fb6e1</UUID>
      <ProductTextUUID>240ac979-edf2-4a63-90dc-ee5609dba6bc</ProductTextUUID>
    </ProductTextRelation>
    <ProductTextRelation>
      <UUID>bb26089b-d643-4faf-bb40-7c6fd0e0c675</UUID>
      <ProductTextUUID>eec37a68-fe63-42b6-9832-38e880961958</ProductTextUUID>
    </ProductTextRelation>
    <ProductTextRelation>
      <UUID>85457d32-fe23-4894-b6ca-3b75ea8984d2</UUID>
      <ProductTextUUID>ce17ca55-4ace-4a58-908b-d730c72ca415</ProductTextUUID>
    </ProductTextRelation>
    <ProductBackendInfo name="Skye.AttributeAlias">
      <UUID>c62ae940-ca46-40f4-81f5-d2c9c79e0ab2</UUID>
      <Info />
    </ProductBackendInfo>
    <ProductBackendInfo name="Skye.Core.DataSecurity">
      <UUID>f1529f44-139c-4400-897a-e80e4be1cdfd</UUID>
      <Info>Standard</Info>
    </ProductBackendInfo>
    <ProductBackendInfo name="Skye.AllowValueSetViaUnencryptedURL">
      <UUID>d43ed80f-8705-4c0c-a0fe-e5a8691dac67</UUID>
      <Info>False</Info>
    </ProductBackendInfo>
    <DefinitionValueRelation>
      <DefinitionValueUUID>e576a946-d5e6-4d54-b4af-0476257012ad</DefinitionValueUUID>
    </DefinitionValueRelation>
  </ProductPolicyAttribute>
  <ProductPolicyAttribute name="Slide2" visibilityLevel="2" mandatory="false" unit="" format="" numberOfDecimals="0" attributeClass="" type="Standard">
    <UUID>af788842-f5cf-4d5f-ae50-47fd8eedfdac</UUID>
    <SortOrder>2</SortOrder>
    <InputType>Textbox</InputType>
    <DataType>String</DataType>
    <MaxLength>4000</MaxLength>
    <MinLength>0</MinLength>
    <ProductTextRelation>
      <UUID>27994844-7239-4e16-a0b3-4c5c70980a8d</UUID>
      <ProductTextUUID>4a2d5c4b-b8e7-423b-acc0-dd59d99ac4ce</ProductTextUUID>
    </ProductTextRelation>
    <ProductTextRelation>
      <UUID>9106e571-0574-45a2-920d-22506c321c17</UUID>
      <ProductTextUUID>36d254a1-2979-474c-a407-e43529803042</ProductTextUUID>
    </ProductTextRelation>
    <ProductTextRelation>
      <UUID>7d03bf5f-48c5-40e7-b0b9-ee35dc6ff06a</UUID>
      <ProductTextUUID>71b4fed5-f4e4-484c-9e18-9797346e2602</ProductTextUUID>
    </ProductTextRelation>
    <ProductTextRelation>
      <UUID>fc266ee7-dd90-4abc-ba24-a44c15b4252e</UUID>
      <ProductTextUUID>3ca2b0c7-0640-458a-ad90-3ae9e49afacf</ProductTextUUID>
    </ProductTextRelation>
    <ProductBackendInfo name="Skye.AttributeAlias">
      <UUID>05765d39-dad3-4808-877f-f59656fc455e</UUID>
      <Info />
    </ProductBackendInfo>
    <ProductBackendInfo name="Skye.Core.DataSecurity">
      <UUID>73e3562c-54f6-4383-abaf-a7f4a7a3e0b5</UUID>
      <Info>Standard</Info>
    </ProductBackendInfo>
    <ProductBackendInfo name="Skye.AllowValueSetViaUnencryptedURL">
      <UUID>b8e477d2-fabd-4e2d-87e4-4a2a026e2c11</UUID>
      <Info>False</Info>
    </ProductBackendInfo>
    <DefinitionValueRelation>
      <DefinitionValueUUID>823871b9-0570-4c82-8518-eaa0aef9f224</DefinitionValueUUID>
    </DefinitionValueRelation>
  </ProductPolicyAttribute>
  <ProductPolicyAttribute name="Slide3" visibilityLevel="2" mandatory="false" unit="" format="" numberOfDecimals="0" attributeClass="" type="Standard">
    <UUID>704ec268-de67-4ed6-8b3d-9781ba77cdbe</UUID>
    <SortOrder>3</SortOrder>
    <InputType>Textbox</InputType>
    <DataType>String</DataType>
    <MaxLength>4000</MaxLength>
    <MinLength>0</MinLength>
    <ProductTextRelation>
      <UUID>976db888-c2b3-4c9b-a058-2e2edf406632</UUID>
      <ProductTextUUID>5725d822-06a0-4ede-bb9b-9b24c773bc0a</ProductTextUUID>
    </ProductTextRelation>
    <ProductTextRelation>
      <UUID>f524999c-e005-4b4d-8592-fd4a9fac4cde</UUID>
      <ProductTextUUID>ccf87a0d-fc0c-4110-b9c8-6023879f1105</ProductTextUUID>
    </ProductTextRelation>
    <ProductTextRelation>
      <UUID>9a922529-b443-41f6-bf63-b824ab4cfb05</UUID>
      <ProductTextUUID>74fdf5b5-e6f4-41fe-9982-fcb0285e262c</ProductTextUUID>
    </ProductTextRelation>
    <ProductBackendInfo name="Skye.AttributeAlias">
      <UUID>999d337e-4807-4dd1-b2be-8c90657738b1</UUID>
      <Info />
    </ProductBackendInfo>
    <ProductBackendInfo name="Skye.Core.DataSecurity">
      <UUID>313317bb-70d7-455c-9869-881b8d8dff46</UUID>
      <Info>Standard</Info>
    </ProductBackendInfo>
    <ProductBackendInfo name="Skye.AllowValueSetViaUnencryptedURL">
      <UUID>904a9e79-2711-481b-b282-89ab2ef6a785</UUID>
      <Info>False</Info>
    </ProductBackendInfo>
    <DefinitionValueRelation>
      <DefinitionValueUUID>3bd94f00-06ec-4f89-8fd1-3b66c58f8032</DefinitionValueUUID>
    </DefinitionValueRelation>
  </ProductPolicyAttribute>
  <ProductTextRelation>
    <UUID>00812600-1a8e-415c-aa0c-23bc545ca934</UUID>
    <ProductTextUUID>e96c10ab-9984-498a-95a1-1a11ba186adb</ProductTextUUID>
  </ProductTextRelation>
  <ProductTextRelation>
    <UUID>8e61c3c2-92c4-441b-96ef-57d5d0fed3ab</UUID>
    <ProductTextUUID>861be480-bd65-43e7-a153-497bc434960f</ProductTextUUID>
  </ProductTextRelation>
  <ProductTextRelation>
    <UUID>0c7ea293-4930-46b9-bb17-1487b09b253e</UUID>
    <ProductTextUUID>d7d9b741-2a40-452b-a571-66809c7439a5</ProductTextUUID>
  </ProductTextRelation>
  <ProductTextRelation>
    <UUID>97e0f98c-46e4-4cf7-8ba0-f26f95aaf570</UUID>
    <ProductTextUUID>730b8687-5731-453c-b66a-d9a56a6c9f6e</ProductTextUUID>
  </ProductTextRelation>
  <DefinitionDependentLists>
    <DefinitionDependencyDefaultValueList />
    <DefinitionDependencyValueRangeList />
    <DefinitionDependencyVisibilityList />
    <DefinitionDependencyMandatoryList />
    <DefinitionDependencyToDependencyList />
    <DefinitionDependencyValueRangeFilterValuesList />
    <DefinitionDependencyDataSourceAttributeList />
  </DefinitionDependentLists>
  <DefinitionResourceRelation>
    <UUID>bf83cdae-9b67-483e-a7e6-e3da9b7042f8</UUID>
    <DefinitionResourceUUID>5842c0c2-610c-4821-be25-2feec8bd616f</DefinitionResourceUUID>
    <DefinitionObjectUUID>61e60927-b048-4d88-aeb6-d16a11384539</DefinitionObjectUUID>
  </DefinitionResourceRelation>
  <DefinitionResourceRelation>
    <UUID>b46eb2cb-fc1f-4a91-a20b-1760e5e4a610</UUID>
    <DefinitionResourceUUID>2f5de6f3-005d-447a-aaed-6daa50b25f07</DefinitionResourceUUID>
    <DefinitionObjectUUID>61e60927-b048-4d88-aeb6-d16a11384539</DefinitionObjectUUID>
  </DefinitionResourceRelation>
  <DefinitionResourceRelation>
    <UUID>88e83939-f041-4861-8d11-f42489f4e2de</UUID>
    <DefinitionResourceUUID>0c9fc23c-a8e6-46df-9e39-ba34f8981493</DefinitionResourceUUID>
    <DefinitionObjectUUID>61e60927-b048-4d88-aeb6-d16a11384539</DefinitionObjectUUID>
  </DefinitionResourceRelation>
</Product>