﻿<?xml version="1.0" encoding="utf-8"?>
<Product xmlns:xsd="http://www.w3.org/2001/XMLSchema" xmlns:xsi="http://www.w3.org/2001/XMLSchema-instance" name="ZoneDefinition" lastChanged="2020-05-19T07:35:16.3018023Z" implementationClass=" " versionUuid=" " modelType="zonedefinition" subModelType="ZonePrivate" skyeEditorVersion="7.26.1.50">
  <UUID>9cd307cb-603c-4280-b891-425a1d0e7c95</UUID>
  <SortOrder>0</SortOrder>
  <BusinessUnit> </BusinessUnit>
  <Section> </Section>
  <ProductTextList>
    <ProductText name="header" language="en" country="US">
      <UUID>42ca4f9f-eacf-4c74-b0ed-7be57b3b822d</UUID>
      <Text>My products</Text>
    </ProductText>
    <ProductText name="header" language="en" country="US">
      <UUID>a0a05436-42d9-4d0d-be65-be2ba85ef954</UUID>
      <Text>My zone</Text>
    </ProductText>
    <ProductText name="header" language="en" country="US">
      <UUID>adec9cf2-8ab6-4f27-81d8-58f4c529b15a</UUID>
      <Text>Search</Text>
    </ProductText>
    <ProductText name="icon" language="en" country="US">
      <UUID>cbad6cb3-13b1-4b3a-8ebd-13f8fa05bd95</UUID>
      <Text>&lt;i class="far fa-search"&gt;&lt;/i&gt;</Text>
    </ProductText>
    <ProductText name="zoneMenuHeader" language="en" country="US">
      <UUID>5c3e4c02-5861-4efc-898f-3ae2eb1a7f36</UUID>
      <Text>Home</Text>
    </ProductText>
    <ProductText name="zoneMenuHeader" language="en" country="US">
      <UUID>19f08840-2d58-410d-88a5-0ee605f30071</UUID>
      <Text />
    </ProductText>
    <ProductText name="zoneMenuHeader" language="en" country="US">
      <UUID>11a025a7-c42e-4046-b440-c9efb9aaa623</UUID>
      <Text />
    </ProductText>
  </ProductTextList>
  <ProductValueRangeList>
    <ProductValueRange name="Reference.referencedModelsVR" type="fix">
      <UUID>23b4169b-7d59-4ab9-a17f-1527acd9aac2</UUID>
      <DefinitionValueRelation>
        <UUID>11ea9365-17e4-01ab-8a40-a95c9c2090ce</UUID>
        <DefinitionValueUUID>c18c4322-6724-42b4-886b-bdb0a9fc1989</DefinitionValueUUID>
      </DefinitionValueRelation>
    </ProductValueRange>
  </ProductValueRangeList>
  <DefinitionBusinessObjectContextList>
    <DefinitionBusinessObjectContext name="default-callcenter-callcenter">
      <UUID>9ac74a58-3ce8-4b54-8394-677a7ada25f5</UUID>
      <SubclassId>visibilityLevelContext</SubclassId>
      <ValueField>4</ValueField>
    </DefinitionBusinessObjectContext>
    <DefinitionBusinessObjectContext name="default-callcenter-callcenter">
      <UUID>009a7fcf-453f-484e-95ea-be4b1bbe624c</UUID>
      <SubclassId>visibilityLevelContext</SubclassId>
      <ValueField>2</ValueField>
    </DefinitionBusinessObjectContext>
  </DefinitionBusinessObjectContextList>
  <DefinitionResourceList />
  <AbstractProductBrickList />
  <ProductValueList>
    <ProductValue name=" " type="value">
      <UUID>3a2c055c-ed14-4127-b232-d207a56bf255</UUID>
      <SortOrder>0</SortOrder>
      <Value />
    </ProductValue>
    <ProductValue name="MyZone" type="value">
      <UUID>456ebba2-1fd5-4fb0-b3f5-379c8f33f9f4</UUID>
      <SortOrder>0</SortOrder>
      <Value>MyZone</Value>
    </ProductValue>
    <ProductValue name=" " type="value">
      <UUID>4c6dc79a-a2b8-4881-a321-d746d93d68ea</UUID>
      <SortOrder>0</SortOrder>
      <Value />
    </ProductValue>
    <ProductValue name=" " type="value">
      <UUID>59144fe9-2582-4f70-b5d0-c47b711fd51c</UUID>
      <SortOrder>0</SortOrder>
      <Value />
    </ProductValue>
    <ProductValue name="false" type="value">
      <UUID>6b741056-f80a-4cd6-9cc9-f71c5d35af15</UUID>
      <SortOrder>0</SortOrder>
      <Value>false</Value>
    </ProductValue>
    <ProductValue name=" " type="value">
      <UUID>772563f0-e158-4b89-8039-60c47ff73a60</UUID>
      <SortOrder>0</SortOrder>
      <Value />
    </ProductValue>
    <ProductValue name="%{{SkyeContext['channel']}}" type="value">
      <UUID>854630eb-9190-48ac-a3e1-18f92cb7ca1b</UUID>
      <SortOrder>0</SortOrder>
      <Value>%{{SkyeContext['channel']}}</Value>
    </ProductValue>
    <ProductValue name=" " type="value">
      <UUID>8cc46023-f76e-4ff9-9d70-64f7938ea377</UUID>
      <SortOrder>0</SortOrder>
      <Value />
    </ProductValue>
    <ProductValue name="true" type="value">
      <UUID>8d1aecf5-1627-4393-995b-d3999d51e49e</UUID>
      <SortOrder>0</SortOrder>
      <Value>true</Value>
    </ProductValue>
    <ProductValue name="MyZoneUIDefinition" type="value">
      <UUID>c18c4322-6724-42b4-886b-bdb0a9fc1989</UUID>
      <SortOrder>0</SortOrder>
      <Value />
    </ProductValue>
    <ProductValue name="true" type="value">
      <UUID>fe8f5470-c639-4439-ba9b-04362fbc90ae</UUID>
      <SortOrder>0</SortOrder>
      <Value>true</Value>
    </ProductValue>
    <ProductValue name="" type="value">
      <UUID>e3ac8aae-f509-4adf-b693-fdf4085b62f9</UUID>
      <SortOrder>0</SortOrder>
      <Value />
    </ProductValue>
    <ProductValue name="" type="value">
      <UUID>138f6eb3-07bf-4d8e-bdc2-2cd56434549e</UUID>
      <SortOrder>0</SortOrder>
      <Value />
    </ProductValue>
    <ProductValue name="" type="value">
      <UUID>c304ff71-c80d-4cc0-87c3-651bfc2b5ef6</UUID>
      <SortOrder>0</SortOrder>
      <Value />
    </ProductValue>
    <ProductValue name="" type="value">
      <UUID>1d92d702-dffd-4d02-bfb9-f720b2a6257f</UUID>
      <SortOrder>0</SortOrder>
      <Value />
    </ProductValue>
  </ProductValueList>
  <ProductPolicyAttribute name="channel" visibilityLevel="0" mandatory="false" unit="" format="" numberOfDecimals="0" attributeClass=" " type="Standard">
    <UUID>4160942e-9936-43ea-bcb2-9944634431a0</UUID>
    <SortOrder>99</SortOrder>
    <InputType>Textbox</InputType>
    <DataType>String</DataType>
    <MaxLength>4000</MaxLength>
    <MinLength>0</MinLength>
    <ProductBackendInfo name="Skye.Core.DataSecurity">
      <UUID>1b61113b-1ff7-4950-ba6a-f7c1935153e5</UUID>
      <Info>Standard</Info>
    </ProductBackendInfo>
    <ProductBackendInfo name="Skye.AttributeAlias">
      <UUID>59030bd7-22bb-4fd6-a386-0ed9620845e3</UUID>
      <Info />
    </ProductBackendInfo>
    <ProductBackendInfo name="Skye.AllowValueSetViaUnencryptedURL">
      <UUID>ace6a91f-564c-43c1-8836-25267b2a7ca6</UUID>
      <Info>False</Info>
    </ProductBackendInfo>
    <DefinitionValueRelation>
      <UUID>11ea9365-17e4-01a9-8a40-a95c9c2090ce</UUID>
      <DefinitionValueUUID>854630eb-9190-48ac-a3e1-18f92cb7ca1b</DefinitionValueUUID>
    </DefinitionValueRelation>
  </ProductPolicyAttribute>
  <ProductPolicyAttribute name="@DefaultZone" visibilityLevel="0" mandatory="false" unit=" " format=" " numberOfDecimals="0" attributeClass=" " type="Standard">
    <UUID>a0bfac08-903d-4b1b-ac85-d74086de8c77</UUID>
    <SortOrder>99</SortOrder>
    <InputType>Textbox</InputType>
    <DataType>String</DataType>
    <MaxLength>4000</MaxLength>
    <MinLength>0</MinLength>
    <ProductBackendInfo name="Skye.Core.DataSecurity">
      <UUID>75ff4448-12ed-4244-9965-eb3e299c306a</UUID>
      <Info>Standard</Info>
    </ProductBackendInfo>
    <ProductBackendInfo name="Skye.AllowValueSetViaUnencryptedURL">
      <UUID>948a2ff2-7616-4f22-96bb-c22bc2f31c95</UUID>
      <Info>False</Info>
    </ProductBackendInfo>
    <ProductBackendInfo name="Skye.AttributeAlias">
      <UUID>c3215ffc-01fe-40bf-bdad-fd9f17fc2250</UUID>
      <Info />
    </ProductBackendInfo>
    <DefinitionValueRelation>
      <UUID>11ea9365-17e4-01a7-8a40-a95c9c2090ce</UUID>
      <DefinitionValueUUID>456ebba2-1fd5-4fb0-b3f5-379c8f33f9f4</DefinitionValueUUID>
    </DefinitionValueRelation>
  </ProductPolicyAttribute>
  <ProductPolicyAttribute name="@Footer" visibilityLevel="2" mandatory="false" unit="" format="" numberOfDecimals="0" attributeClass="" type="UIComponent">
    <UUID>8de895d0-3574-4873-a297-ac5e84d79c63</UUID>
    <SortOrder>99</SortOrder>
    <InputType>Textbox</InputType>
    <DataType>String</DataType>
    <MaxLength>4000</MaxLength>
    <MinLength>0</MinLength>
    <ProductBackendInfo name="Skye.AttributeAlias">
      <UUID>1cc97596-0b08-42b2-8dc5-fb22d952e036</UUID>
      <Info />
    </ProductBackendInfo>
    <ProductBackendInfo name="Skye.Core.DataSecurity">
      <UUID>d3aa9dfc-242d-4009-92c6-c06f50224da6</UUID>
      <Info>Standard</Info>
    </ProductBackendInfo>
    <ProductBackendInfo name="Skye.AllowValueSetViaUnencryptedURL">
      <UUID>a88deb48-6606-43ab-8cff-0401f6fa9f34</UUID>
      <Info>False</Info>
    </ProductBackendInfo>
    <ProductBackendInfo name="Skye.Component.ModelType">
      <UUID>dda79d7a-f963-4762-95a0-d3c5820a2739</UUID>
      <Info>htmlcomponent</Info>
    </ProductBackendInfo>
    <ProductBackendInfo name="Skye.Component.ModelTextId">
      <UUID>2892df86-bd04-441e-b102-af9abb434bf1</UUID>
      <Info>HeaderHTMLComponent</Info>
    </ProductBackendInfo>
    <DefinitionValueRelation>
      <DefinitionValueUUID>1d92d702-dffd-4d02-bfb9-f720b2a6257f</DefinitionValueUUID>
    </DefinitionValueRelation>
    <DefinitionBusinessObjectContextRelation>
      <ContextUUID>009a7fcf-453f-484e-95ea-be4b1bbe624c</ContextUUID>
      <DefinitionObjectUUID>8de895d0-3574-4873-a297-ac5e84d79c63</DefinitionObjectUUID>
    </DefinitionBusinessObjectContextRelation>
  </ProductPolicyAttribute>
  <ProductBrick name="MyZone" visibilityLevel="4" brickClass=" " isAbstract="false" typeId="0">
    <UUID>9d0f5be6-029c-4a8e-aba2-0f4a31c82f23</UUID>
    <SortOrder>1</SortOrder>
    <MinimumUsage>1</MinimumUsage>
    <MaximumUsage>1</MaximumUsage>
    <InitialUsage>1</InitialUsage>
    <ProductTextRelation>
      <ProductTextUUID>a0a05436-42d9-4d0d-be65-be2ba85ef954</ProductTextUUID>
    </ProductTextRelation>
    <ProductPolicyAttribute name="DashboardSection1" visibilityLevel="0" mandatory="false" unit="" format="" numberOfDecimals="0" attributeClass=" " type="UIComponent">
      <UUID>f5ce1004-2f42-4a4b-8a28-4a472a04efef</UUID>
      <SortOrder>0</SortOrder>
      <InputType>Textbox</InputType>
      <DataType>String</DataType>
      <MaxLength>4000</MaxLength>
      <MinLength>0</MinLength>
      <ProductBackendInfo name="Skye.Component.ModelTextId">
        <UUID>0b0d4acc-c3e5-4ea2-8f89-4b79c4aa2fbc</UUID>
        <Info>DashboardSection1HTMLComponent</Info>
      </ProductBackendInfo>
      <ProductBackendInfo name="Skye.Core.DataSecurity">
        <UUID>1abb6985-7535-4a59-b280-90fc63b6eff2</UUID>
        <Info>Standard</Info>
      </ProductBackendInfo>
      <ProductBackendInfo name="Skye.AllowValueSetViaUnencryptedURL">
        <UUID>28c73cef-8730-4015-ac7a-18292427a603</UUID>
        <Info>False</Info>
      </ProductBackendInfo>
      <ProductBackendInfo name="Skye.DisplayGroups">
        <UUID>38a2c6ff-3721-4445-b087-60cf6956af39</UUID>
        <Info>Row1</Info>
      </ProductBackendInfo>
      <ProductBackendInfo name="Skye.Component.ContextPage">
        <UUID>61bf6ca1-c993-4e51-a0bc-8b1da5ca6e3d</UUID>
        <Info />
      </ProductBackendInfo>
      <ProductBackendInfo name="Skye.Component.ModelType">
        <UUID>9fe3758f-c069-435a-ad7f-42c751205739</UUID>
        <Info>htmlcomponent</Info>
      </ProductBackendInfo>
      <ProductBackendInfo name="Skye.AttributeAlias">
        <UUID>ea3825ee-0f2e-4d42-ab62-3f7fe9b5e781</UUID>
        <Info />
      </ProductBackendInfo>
      <DefinitionValueRelation>
        <UUID>11ea9365-17e4-01af-8a40-a95c9c2090ce</UUID>
        <DefinitionValueUUID>3a2c055c-ed14-4127-b232-d207a56bf255</DefinitionValueUUID>
      </DefinitionValueRelation>
      <DefinitionBusinessObjectContextRelation>
        <ContextUUID>9ac74a58-3ce8-4b54-8394-677a7ada25f5</ContextUUID>
        <DefinitionObjectUUID>f5ce1004-2f42-4a4b-8a28-4a472a04efef</DefinitionObjectUUID>
        <ValueField>4</ValueField>
      </DefinitionBusinessObjectContextRelation>
    </ProductPolicyAttribute>
    <ProductPolicyAttribute name="MyProductSelectorZoneComponent" visibilityLevel="0" mandatory="false" unit="" format="" numberOfDecimals="0" attributeClass=" " type="UIComponent">
      <UUID>b31ca80f-f588-47ab-a8f7-264dde519119</UUID>
      <SortOrder>1</SortOrder>
      <InputType>Textbox</InputType>
      <DataType>String</DataType>
      <MaxLength>4000</MaxLength>
      <MinLength>0</MinLength>
      <ProductBackendInfo name="Skye.AllowValueSetViaUnencryptedURL">
        <UUID>04564238-a5e9-4dd9-93df-69fea7c03fcb</UUID>
        <Info>False</Info>
      </ProductBackendInfo>
      <ProductBackendInfo name="Skye.Core.DataSecurity">
        <UUID>3f852b04-dd05-4f1e-983e-8090816c976e</UUID>
        <Info>Standard</Info>
      </ProductBackendInfo>
      <ProductBackendInfo name="Skye.AttributeAlias">
        <UUID>51015227-bd9b-45c6-a834-e610c20c9eac</UUID>
        <Info />
      </ProductBackendInfo>
      <ProductBackendInfo name="Skye.DisplayGroups">
        <UUID>5af83918-68a1-4d7f-881c-b4d7674b1abe</UUID>
        <Info>Row1</Info>
      </ProductBackendInfo>
      <ProductBackendInfo name="Skye.Component.ModelTextId">
        <UUID>899357f3-bf32-42bd-9ac4-f353457ce854</UUID>
        <Info>MyProductSelectorZoneComponent</Info>
      </ProductBackendInfo>
      <ProductBackendInfo name="Skye.Component.ContextPage">
        <UUID>dd55c6dd-ad29-4c1d-a18e-90edb8ff47f6</UUID>
        <Info>Zone</Info>
      </ProductBackendInfo>
      <ProductBackendInfo name="Skye.Component.ModelType">
        <UUID>e6deb020-2d92-453e-bd8c-ac130c3b2c39</UUID>
        <Info>modelselectorcomponent</Info>
      </ProductBackendInfo>
      <DefinitionValueRelation>
        <UUID>11ea9365-17e4-01a6-8a40-a95c9c2090ce</UUID>
        <DefinitionValueUUID>59144fe9-2582-4f70-b5d0-c47b711fd51c</DefinitionValueUUID>
      </DefinitionValueRelation>
      <DefinitionBusinessObjectContextRelation>
        <ContextUUID>9ac74a58-3ce8-4b54-8394-677a7ada25f5</ContextUUID>
        <DefinitionObjectUUID>b31ca80f-f588-47ab-a8f7-264dde519119</DefinitionObjectUUID>
        <ValueField>4</ValueField>
      </DefinitionBusinessObjectContextRelation>
    </ProductPolicyAttribute>
    <ProductPolicyAttribute name="DashboardSection2" visibilityLevel="0" mandatory="false" unit="" format="" numberOfDecimals="0" attributeClass=" " type="UIComponent">
      <UUID>05d7cbea-0f75-4e2b-adc6-0e4653e010f2</UUID>
      <SortOrder>2</SortOrder>
      <InputType>Textbox</InputType>
      <DataType>String</DataType>
      <MaxLength>4000</MaxLength>
      <MinLength>0</MinLength>
      <ProductBackendInfo name="Skye.Component.ModelTextId">
        <UUID>1f5f7923-9d75-4a82-94d9-b33f11012c7f</UUID>
        <Info>DashboardSection2HTMLComponent</Info>
      </ProductBackendInfo>
      <ProductBackendInfo name="Skye.AllowValueSetViaUnencryptedURL">
        <UUID>70eac49d-b3c6-4251-9d42-dd7a4ed0e197</UUID>
        <Info>False</Info>
      </ProductBackendInfo>
      <ProductBackendInfo name="Skye.Core.DataSecurity">
        <UUID>8a7edf40-dd3c-44bf-8bc3-b7f88314bde5</UUID>
        <Info>Standard</Info>
      </ProductBackendInfo>
      <ProductBackendInfo name="Skye.Component.ModelType">
        <UUID>a56bd50c-0827-45f9-ad78-31713f032743</UUID>
        <Info>htmlcomponent</Info>
      </ProductBackendInfo>
      <ProductBackendInfo name="Skye.DisplayGroups">
        <UUID>aaec9a82-0c6b-4dd1-9a95-910f7db865ed</UUID>
        <Info>Row2</Info>
      </ProductBackendInfo>
      <ProductBackendInfo name="Skye.AttributeAlias">
        <UUID>f8d7ed70-074d-4213-82bb-11b99e06dbcd</UUID>
        <Info />
      </ProductBackendInfo>
      <ProductBackendInfo name="Skye.Component.ContextPage">
        <UUID>fb535af6-8724-4ef9-a0fa-3920e03474b7</UUID>
        <Info />
      </ProductBackendInfo>
      <DefinitionValueRelation>
        <UUID>11ea9365-17e4-01ae-8a40-a95c9c2090ce</UUID>
        <DefinitionValueUUID>772563f0-e158-4b89-8039-60c47ff73a60</DefinitionValueUUID>
      </DefinitionValueRelation>
      <DefinitionBusinessObjectContextRelation>
        <ContextUUID>9ac74a58-3ce8-4b54-8394-677a7ada25f5</ContextUUID>
        <DefinitionObjectUUID>05d7cbea-0f75-4e2b-adc6-0e4653e010f2</DefinitionObjectUUID>
        <ValueField>4</ValueField>
      </DefinitionBusinessObjectContextRelation>
    </ProductPolicyAttribute>
    <ProductPolicyAttribute name="@RefreshZoneOnSwitch" visibilityLevel="0" mandatory="false" unit=" " format=" " numberOfDecimals="0" attributeClass=" " type="Standard">
      <UUID>04459c15-1806-42ff-908b-e42db771fdba</UUID>
      <SortOrder>99</SortOrder>
      <InputType>Textbox</InputType>
      <DataType>String</DataType>
      <MaxLength>4000</MaxLength>
      <MinLength>0</MinLength>
      <ProductBackendInfo name="Skye.Core.DataSecurity">
        <UUID>851af9e5-daf4-4a0c-8de3-181d1f390609</UUID>
        <Info>Standard</Info>
      </ProductBackendInfo>
      <ProductBackendInfo name="Skye.AllowValueSetViaUnencryptedURL">
        <UUID>8abe37db-ed23-41b7-8682-bee6704ca15b</UUID>
        <Info>False</Info>
      </ProductBackendInfo>
      <ProductBackendInfo name="Skye.AttributeAlias">
        <UUID>a4391384-7405-4dc3-ad86-0b6a1b2e258a</UUID>
        <Info />
      </ProductBackendInfo>
      <DefinitionValueRelation>
        <UUID>11ea9365-17e4-01ad-8a40-a95c9c2090ce</UUID>
        <DefinitionValueUUID>8d1aecf5-1627-4393-995b-d3999d51e49e</DefinitionValueUUID>
      </DefinitionValueRelation>
    </ProductPolicyAttribute>
    <ProductPolicyAttribute name="MyZoneUIDefRef" visibilityLevel="0" mandatory="false" unit="" format="" numberOfDecimals="0" attributeClass=" " type="DefinitionReference">
      <UUID>09aabf10-6870-448e-b50a-f1984bc3aeb3</UUID>
      <SortOrder>99</SortOrder>
      <InputType>ReferenceAutoComplete</InputType>
      <DataType>String</DataType>
      <MaxLength>4000</MaxLength>
      <MinLength>0</MinLength>
      <ProductValueRangeRelation>
        <UUID>5f4c2978-25fa-4b4e-87be-58eefe0c3cd1</UUID>
        <SortOrder>99</SortOrder>
        <ProductValueRangeUUID>23b4169b-7d59-4ab9-a17f-1527acd9aac2</ProductValueRangeUUID>
      </ProductValueRangeRelation>
      <ProductBackendInfo name="Skye.AttributeAlias">
        <UUID>356efff2-a541-44f8-adb1-7ad15455539d</UUID>
        <Info />
      </ProductBackendInfo>
      <ProductBackendInfo name="Skye.Core.DataSecurity">
        <UUID>78fd1bbb-e485-4ce2-bcc3-9ddbc1936980</UUID>
        <Info>Standard</Info>
      </ProductBackendInfo>
      <ProductBackendInfo name="Skye.AllowValueSetViaUnencryptedURL">
        <UUID>9755474f-6d30-45bf-8620-fd29ccc6f93a</UUID>
        <Info>False</Info>
      </ProductBackendInfo>
      <ProductBackendInfo name="Skye.Reference.ModelType">
        <UUID>ede0c17b-3ef8-43d8-a1a4-2723497206b2</UUID>
        <Info>uidefinition</Info>
      </ProductBackendInfo>
      <DefinitionValueRelation>
        <UUID>11ea9365-17e4-01ac-8a40-a95c9c2090ce</UUID>
        <DefinitionValueUUID>8cc46023-f76e-4ff9-9d70-64f7938ea377</DefinitionValueUUID>
      </DefinitionValueRelation>
      <DefinitionBusinessObjectContextRelation>
        <ContextUUID>9ac74a58-3ce8-4b54-8394-677a7ada25f5</ContextUUID>
        <DefinitionObjectUUID>09aabf10-6870-448e-b50a-f1984bc3aeb3</DefinitionObjectUUID>
        <ValueField>4</ValueField>
      </DefinitionBusinessObjectContextRelation>
    </ProductPolicyAttribute>
    <ProductPolicyAttribute name="CarouselComponent" visibilityLevel="0" mandatory="false" unit="" format="" numberOfDecimals="0" attributeClass="" type="UIComponent">
      <UUID>08d1e9e3-23d8-4408-bde9-c75f99ce59d6</UUID>
      <SortOrder>99</SortOrder>
      <InputType>Textbox</InputType>
      <DataType>String</DataType>
      <MaxLength>4000</MaxLength>
      <MinLength>0</MinLength>
      <ProductTextRelation>
        <UUID>757c2d85-ef76-42b9-8804-a699601656be</UUID>
        <ProductTextUUID>19f08840-2d58-410d-88a5-0ee605f30071</ProductTextUUID>
      </ProductTextRelation>
      <ProductBackendInfo name="Skye.AttributeAlias">
        <UUID>f146c5f4-7a23-4c9d-bdfa-3112419e1306</UUID>
        <Info />
      </ProductBackendInfo>
      <ProductBackendInfo name="Skye.Core.DataSecurity">
        <UUID>4ffd8646-ea1c-4280-86fd-8c4655454872</UUID>
        <Info>Standard</Info>
      </ProductBackendInfo>
      <ProductBackendInfo name="Skye.AllowValueSetViaUnencryptedURL">
        <UUID>629ea57b-c495-46d6-af6f-3378da6d749f</UUID>
        <Info>False</Info>
      </ProductBackendInfo>
      <ProductBackendInfo name="Skye.Component.ModelType">
        <UUID>7c323f80-803d-46e4-93f8-2d78d8087098</UUID>
        <Info>carousel</Info>
      </ProductBackendInfo>
      <ProductBackendInfo name="Skye.Component.ModelTextId">
        <UUID>34068fd9-5137-4b99-a9f9-27b37961017d</UUID>
        <Info>DashboardCarousel</Info>
      </ProductBackendInfo>
      <ProductBackendInfo name="Skye.Component.ContextPage">
        <UUID>f7602c5e-ca76-4b79-877c-4c4027a82a41</UUID>
        <Info />
      </ProductBackendInfo>
      <ProductBackendInfo name="Skye.DisplayGroups">
        <UUID>81facbf2-d7dc-46ca-947c-4729a5960b44</UUID>
        <Info>Row3</Info>
      </ProductBackendInfo>
      <DefinitionValueRelation>
        <DefinitionValueUUID>138f6eb3-07bf-4d8e-bdc2-2cd56434549e</DefinitionValueUUID>
      </DefinitionValueRelation>
      <DefinitionBusinessObjectContextRelation>
        <ContextUUID>9ac74a58-3ce8-4b54-8394-677a7ada25f5</ContextUUID>
        <DefinitionObjectUUID>08d1e9e3-23d8-4408-bde9-c75f99ce59d6</DefinitionObjectUUID>
      </DefinitionBusinessObjectContextRelation>
    </ProductPolicyAttribute>
    <ProductPolicyAttribute name="FloatingButtonComponent" visibilityLevel="0" mandatory="false" unit="" format="" numberOfDecimals="0" attributeClass="" type="UIComponent">
      <UUID>7f773c25-a3c7-463e-a2d3-1054461517e6</UUID>
      <SortOrder>99</SortOrder>
      <InputType>Textbox</InputType>
      <DataType>String</DataType>
      <MaxLength>4000</MaxLength>
      <MinLength>0</MinLength>
      <ProductTextRelation>
        <UUID>7663ede9-8623-44ad-9e5c-99cfbdc2aec3</UUID>
        <ProductTextUUID>11a025a7-c42e-4046-b440-c9efb9aaa623</ProductTextUUID>
      </ProductTextRelation>
      <ProductBackendInfo name="Skye.AttributeAlias">
        <UUID>ceb52f4c-8637-4340-b6ba-c13b88895db9</UUID>
        <Info />
      </ProductBackendInfo>
      <ProductBackendInfo name="Skye.Core.DataSecurity">
        <UUID>73fce81a-17da-4dcf-b791-c599fe77022b</UUID>
        <Info>Standard</Info>
      </ProductBackendInfo>
      <ProductBackendInfo name="Skye.AllowValueSetViaUnencryptedURL">
        <UUID>b5e5561a-b1f1-40ff-be0a-4546312da6fd</UUID>
        <Info>False</Info>
      </ProductBackendInfo>
      <ProductBackendInfo name="Skye.Component.ModelType">
        <UUID>93ef9f58-91fa-40ce-ad45-bf62ddebb92e</UUID>
        <Info>floatingbutton</Info>
      </ProductBackendInfo>
      <ProductBackendInfo name="Skye.Component.ModelTextId">
        <UUID>793850eb-1892-458c-acac-5dc2ca4bddfe</UUID>
        <Info>HelpFloatingButton</Info>
      </ProductBackendInfo>
      <ProductBackendInfo name="Skye.Component.ContextPage">
        <UUID>7b1e26d4-518a-47c1-a72a-1234e4c30d23</UUID>
        <Info />
      </ProductBackendInfo>
      <DefinitionValueRelation>
        <DefinitionValueUUID>c304ff71-c80d-4cc0-87c3-651bfc2b5ef6</DefinitionValueUUID>
      </DefinitionValueRelation>
      <DefinitionBusinessObjectContextRelation>
        <ContextUUID>9ac74a58-3ce8-4b54-8394-677a7ada25f5</ContextUUID>
        <DefinitionObjectUUID>7f773c25-a3c7-463e-a2d3-1054461517e6</DefinitionObjectUUID>
      </DefinitionBusinessObjectContextRelation>
    </ProductPolicyAttribute>
    <ProductBackendInfo name="Skye.MultibrickType">
      <UUID>1084625a-9f0f-4d11-bb48-9a48fa128c2d</UUID>
      <Info />
    </ProductBackendInfo>
  </ProductBrick>
  <ProductBrick name="myproduct" visibilityLevel="4" brickClass=" " isAbstract="false" typeId="0">
    <UUID>e32aeb16-6f56-4951-a633-5ef848f81070</UUID>
    <SortOrder>2</SortOrder>
    <MinimumUsage>1</MinimumUsage>
    <MaximumUsage>1</MaximumUsage>
    <InitialUsage>1</InitialUsage>
    <ProductTextRelation>
      <ProductTextUUID>42ca4f9f-eacf-4c74-b0ed-7be57b3b822d</ProductTextUUID>
    </ProductTextRelation>
    <ProductPolicyAttribute name="MyProductSelectorProductComponent" visibilityLevel="0" mandatory="false" unit="" format="" numberOfDecimals="0" attributeClass=" " type="UIComponent">
      <UUID>6cb8e7df-06fa-4d5e-9a2f-c96b92884996</UUID>
      <SortOrder>99</SortOrder>
      <InputType>Textbox</InputType>
      <DataType>String</DataType>
      <MaxLength>4000</MaxLength>
      <MinLength>0</MinLength>
      <ProductBackendInfo name="Skye.AttributeAlias">
        <UUID>14fbef57-48dc-4fd1-a7fd-5366aa4b0134</UUID>
        <Info />
      </ProductBackendInfo>
      <ProductBackendInfo name="Skye.Core.DataSecurity">
        <UUID>44e62ee2-68b5-4e7c-a9c7-8122751ec3eb</UUID>
        <Info>Standard</Info>
      </ProductBackendInfo>
      <ProductBackendInfo name="Skye.AllowValueSetViaUnencryptedURL">
        <UUID>4d569637-54f5-442b-9efc-d836b5e9c70a</UUID>
        <Info>False</Info>
      </ProductBackendInfo>
      <ProductBackendInfo name="Skye.Component.ContextPage">
        <UUID>6069bef8-125d-4eb5-96ce-f62e1ee53da5</UUID>
        <Info>Product</Info>
      </ProductBackendInfo>
      <ProductBackendInfo name="Skye.Component.ModelType">
        <UUID>77dfc520-c088-4fae-9557-dc82dd0a0d93</UUID>
        <Info>modelselectorcomponent</Info>
      </ProductBackendInfo>
      <ProductBackendInfo name="Skye.Component.ModelTextId">
        <UUID>98844302-7fbd-4d21-a242-fd7a58290b13</UUID>
        <Info>MyProductSelectorProductComponent</Info>
      </ProductBackendInfo>
      <DefinitionValueRelation>
        <UUID>11ea9365-17e4-01aa-8a40-a95c9c2090ce</UUID>
        <DefinitionValueUUID>4c6dc79a-a2b8-4881-a321-d746d93d68ea</DefinitionValueUUID>
      </DefinitionValueRelation>
      <DefinitionBusinessObjectContextRelation>
        <ContextUUID>9ac74a58-3ce8-4b54-8394-677a7ada25f5</ContextUUID>
        <DefinitionObjectUUID>6cb8e7df-06fa-4d5e-9a2f-c96b92884996</DefinitionObjectUUID>
        <ValueField>4</ValueField>
      </DefinitionBusinessObjectContextRelation>
    </ProductPolicyAttribute>
    <ProductPolicyAttribute name="@RefreshZoneOnSwitch" visibilityLevel="0" mandatory="false" unit=" " format=" " numberOfDecimals="0" attributeClass=" " type="Standard">
      <UUID>e6b480ba-5a2c-426a-8708-c060e2d50a37</UUID>
      <SortOrder>99</SortOrder>
      <InputType>Textbox</InputType>
      <DataType>String</DataType>
      <MaxLength>4000</MaxLength>
      <MinLength>0</MinLength>
      <ProductBackendInfo name="Skye.Core.DataSecurity">
        <UUID>01d8636b-84e0-4668-97e2-1516545ef1d0</UUID>
        <Info>Standard</Info>
      </ProductBackendInfo>
      <ProductBackendInfo name="Skye.AllowValueSetViaUnencryptedURL">
        <UUID>1ab7f8ed-35c6-4ba5-af6a-d7cc9cf75b42</UUID>
        <Info>False</Info>
      </ProductBackendInfo>
      <ProductBackendInfo name="Skye.AttributeAlias">
        <UUID>afe15ad0-5010-46a3-b68a-1280d00d9d66</UUID>
        <Info />
      </ProductBackendInfo>
      <DefinitionValueRelation>
        <UUID>11ea9365-17e4-01a8-8a40-a95c9c2090ce</UUID>
        <DefinitionValueUUID>6b741056-f80a-4cd6-9cc9-f71c5d35af15</DefinitionValueUUID>
      </DefinitionValueRelation>
    </ProductPolicyAttribute>
    <ProductBackendInfo name="Skye.MultibrickType">
      <UUID>eb54a31c-e659-49c1-83d2-6be3a519877d</UUID>
      <Info />
    </ProductBackendInfo>
  </ProductBrick>
  <ProductBrick name="Search" visibilityLevel="4" brickClass="" isAbstract="false" typeId="0">
    <UUID>2d1ea618-e225-4a6d-8045-ea1e61c009b3</UUID>
    <SortOrder>3</SortOrder>
    <MinimumUsage>1</MinimumUsage>
    <MaximumUsage>1</MaximumUsage>
    <InitialUsage>1</InitialUsage>
    <ProductTextRelation>
      <UUID>c430db10-c254-4532-983a-09b88d518220</UUID>
      <ProductTextUUID>adec9cf2-8ab6-4f27-81d8-58f4c529b15a</ProductTextUUID>
    </ProductTextRelation>
    <ProductTextRelation>
      <UUID>130cfeab-b805-4395-8ffb-f6d174f0770c</UUID>
      <ProductTextUUID>cbad6cb3-13b1-4b3a-8ebd-13f8fa05bd95</ProductTextUUID>
    </ProductTextRelation>
    <ProductPolicyAttribute name="@RefreshZoneOnSwitch" visibilityLevel="0" mandatory="false" unit="" format="" numberOfDecimals="0" attributeClass="" type="Standard">
      <UUID>5c24ae3f-2a61-4f8d-b527-caa72aed1342</UUID>
      <SortOrder>99</SortOrder>
      <InputType>Textbox</InputType>
      <DataType>String</DataType>
      <MaxLength>4000</MaxLength>
      <MinLength>0</MinLength>
      <ProductBackendInfo name="Skye.AttributeAlias">
        <UUID>1a2bc5dd-69bc-4228-993e-09c4f88568f2</UUID>
        <Info />
      </ProductBackendInfo>
      <ProductBackendInfo name="Skye.Core.DataSecurity">
        <UUID>3f79f830-70d2-431b-9d22-e282a148317c</UUID>
        <Info>Standard</Info>
      </ProductBackendInfo>
      <ProductBackendInfo name="Skye.AllowValueSetViaUnencryptedURL">
        <UUID>e301ec2d-4911-49bd-b3e4-33f7325c3261</UUID>
        <Info>False</Info>
      </ProductBackendInfo>
      <DefinitionValueRelation>
        <DefinitionValueUUID>fe8f5470-c639-4439-ba9b-04362fbc90ae</DefinitionValueUUID>
      </DefinitionValueRelation>
    </ProductPolicyAttribute>
    <ProductPolicyAttribute name="HomeAutomaticSearchComponent" visibilityLevel="0" mandatory="false" unit="" format="" numberOfDecimals="0" attributeClass="" type="UIComponent">
      <UUID>a73f4ab8-2f62-49c5-9876-3f69f272cdee</UUID>
      <SortOrder>99</SortOrder>
      <InputType>Textbox</InputType>
      <DataType>String</DataType>
      <MaxLength>4000</MaxLength>
      <MinLength>0</MinLength>
      <ProductTextRelation>
        <UUID>c416cd5b-dd35-4ab0-a255-93e858fa26cf</UUID>
        <ProductTextUUID>5c3e4c02-5861-4efc-898f-3ae2eb1a7f36</ProductTextUUID>
      </ProductTextRelation>
      <ProductBackendInfo name="Skye.AttributeAlias">
        <UUID>a5a47312-7b8b-43ea-8e30-f0cba454072a</UUID>
        <Info />
      </ProductBackendInfo>
      <ProductBackendInfo name="Skye.Core.DataSecurity">
        <UUID>1b8bc92e-1311-4fa8-a733-0c3b7e119568</UUID>
        <Info>Standard</Info>
      </ProductBackendInfo>
      <ProductBackendInfo name="Skye.AllowValueSetViaUnencryptedURL">
        <UUID>5d6f1f10-5941-4ba5-b114-6ab188b0a3d8</UUID>
        <Info>False</Info>
      </ProductBackendInfo>
      <ProductBackendInfo name="Skye.Component.ModelType">
        <UUID>4f3f4fa2-34c7-40ac-aee6-7412ffafb0ab</UUID>
        <Info>search</Info>
      </ProductBackendInfo>
      <ProductBackendInfo name="Skye.Component.ModelTextId">
        <UUID>7a15306b-c63c-4c7a-9409-9fcc7e5f275f</UUID>
        <Info>HomeAutomaticSearch</Info>
      </ProductBackendInfo>
      <ProductBackendInfo name="Skye.Component.ContextPage">
        <UUID>a9a52890-ecfd-42ff-952c-648d38158852</UUID>
        <Info />
      </ProductBackendInfo>
      <DefinitionValueRelation>
        <DefinitionValueUUID>e3ac8aae-f509-4adf-b693-fdf4085b62f9</DefinitionValueUUID>
      </DefinitionValueRelation>
      <DefinitionBusinessObjectContextRelation>
        <ContextUUID>9ac74a58-3ce8-4b54-8394-677a7ada25f5</ContextUUID>
        <DefinitionObjectUUID>a73f4ab8-2f62-49c5-9876-3f69f272cdee</DefinitionObjectUUID>
      </DefinitionBusinessObjectContextRelation>
    </ProductPolicyAttribute>
    <ProductBackendInfo name="Skye.MultibrickType">
      <UUID>82ae2525-3c42-4697-9656-573cb44ee51c</UUID>
      <Info />
    </ProductBackendInfo>
  </ProductBrick>
  <DefinitionDependentLists>
    <DefinitionDependencyDefaultValueList />
    <DefinitionDependencyValueRangeList />
    <DefinitionDependencyVisibilityList />
    <DefinitionDependencyMandatoryList />
    <DefinitionDependencyToDependencyList />
    <DefinitionDependencyValueRangeFilterValuesList />
    <DefinitionDependencyDataSourceAttributeList />
  </DefinitionDependentLists>
</Product>