﻿<?xml version="1.0" encoding="utf-8"?>
<Product xmlns:xsd="http://www.w3.org/2001/XMLSchema" xmlns:xsi="http://www.w3.org/2001/XMLSchema-instance" name="HomeCreatePolicyConfirmationUIDefinition" lastChanged="2019-10-14T09:33:58Z" implementationClass=" " versionUuid=" " modelType="uidefinition" subModelType="ProcessLayout" skyeEditorVersion="7.15.0.16">
  <UUID>bdf38e99-856a-49cf-8db3-dab4699083e6</UUID>
  <SortOrder>0</SortOrder>
  <BusinessUnit> </BusinessUnit>
  <Section> </Section>
  <ProductTextList>
    <ProductText name="header" language="en" country="US">
      <UUID>3cebcbb5-08d2-439b-b78d-da5bacf56fc3</UUID>
      <Text />
    </ProductText>
  </ProductTextList>
  <ProductValueRangeList />
  <DefinitionBusinessObjectContextList />
  <DefinitionResourceList />
  <AbstractProductBrickList />
  <ProductValueList />
  <ProductBrick name="NoStyleGroup" visibilityLevel="3" brickClass=" " isAbstract="false" typeId="0">
    <UUID>d4331b00-9f4a-422e-b26e-6ab003fe1328</UUID>
    <SortOrder>10</SortOrder>
    <MinimumUsage>1</MinimumUsage>
    <MaximumUsage>1</MaximumUsage>
    <InitialUsage>1</InitialUsage>
    <PredecessorBrickUUID />
    <PredecessorBrickName />
    <ProductBrick name="Confirmation" visibilityLevel="3" brickClass=" " isAbstract="false" typeId="0">
      <UUID>989b2902-301f-4c7d-a57a-681a6b139302</UUID>
      <SortOrder>10</SortOrder>
      <MinimumUsage>1</MinimumUsage>
      <MaximumUsage>1</MaximumUsage>
      <InitialUsage>1</InitialUsage>
      <PredecessorBrickUUID>d4331b00-9f4a-422e-b26e-6ab003fe1328</PredecessorBrickUUID>
      <PredecessorBrickName>NoStyleGroup</PredecessorBrickName>
      <ProductTextRelation>
        <ProductTextUUID>3cebcbb5-08d2-439b-b78d-da5bacf56fc3</ProductTextUUID>
      </ProductTextRelation>
      <ProductBackendInfo name="Skye.DisplayControlWithEmptyContent">
        <UUID>60f21766-c8f1-415e-9acb-34cd6cbcb075</UUID>
        <Info>True</Info>
      </ProductBackendInfo>
      <ProductBackendInfo name="Skye.MultibrickType">
        <UUID>62cec52a-2c2f-4b19-bf0d-9f465e3d4191</UUID>
        <Info />
      </ProductBackendInfo>
      <ProductBackendInfo name="Skye.NumberOfColumns">
        <UUID>7eb265cb-32e1-472f-be83-2ae9ed9ed3d8</UUID>
        <Info>1</Info>
      </ProductBackendInfo>
      <ProductBackendInfo name="Skye.StyleClass">
        <UUID>f78a4915-3117-4af9-8067-f6a4c0baab2a</UUID>
        <Info />
      </ProductBackendInfo>
    </ProductBrick>
    <ProductBackendInfo name="Skye.ProcessStepUIType">
      <UUID>1cce55cb-35aa-4d3f-899c-9442ca574b44</UUID>
      <Info>NoStyleFieldsetGroup</Info>
    </ProductBackendInfo>
    <ProductBackendInfo name="Skye.StyleClass">
      <UUID>7d3c6685-0f34-4af0-9d2e-00dbdabea5f5</UUID>
      <Info />
    </ProductBackendInfo>
    <ProductBackendInfo name="Skye.MultibrickType">
      <UUID>bfbd1e96-8311-4b95-a9cf-ac460bd3cbb3</UUID>
      <Info />
    </ProductBackendInfo>
  </ProductBrick>
  <DefinitionDependentLists>
    <DefinitionDependencyDefaultValueList />
    <DefinitionDependencyValueRangeList />
    <DefinitionDependencyVisibilityList />
    <DefinitionDependencyMandatoryList />
    <DefinitionDependencyToDependencyList />
    <DefinitionDependencyValueRangeFilterValuesList />
    <DefinitionDependencyDataSourceAttributeList />
  </DefinitionDependentLists>
</Product>