﻿<?xml version="1.0" encoding="utf-8"?>
<Product xmlns:xsd="http://www.w3.org/2001/XMLSchema" xmlns:xsi="http://www.w3.org/2001/XMLSchema-instance" name="HomeCreatePolicyConfirmationUIDef" lastChanged="2019-10-14T09:24:27.0660699Z" implementationClass="" modelType="uidefinition" subModelType="ProcessLayout" skyeEditorVersion="7.15.0.16">
  <UUID>b7a85f43-3895-41b1-8264-b09f7871b610</UUID>
  <BusinessUnit> </BusinessUnit>
  <Section> </Section>
  <ProductTextList>
    <ProductText name="header" language="en" country="US">
      <UUID>fc6f3774-2a5a-4144-ab0e-f40d8f177466</UUID>
      <Text />
    </ProductText>
  </ProductTextList>
  <ProductValueRangeList />
  <DefinitionBusinessObjectContextList />
  <DefinitionResourceList />
  <AbstractProductBrickList />
  <ProductValueList />
  <ProductBrick name="NoStyleGroup1" visibilityLevel="3" brickClass="" isAbstract="false" typeId="0">
    <UUID>862d72a7-9397-4b6d-a189-f49b95683f11</UUID>
    <SortOrder>10</SortOrder>
    <MinimumUsage>1</MinimumUsage>
    <MaximumUsage>1</MaximumUsage>
    <InitialUsage>1</InitialUsage>
    <ProductBrick name="Conf" visibilityLevel="3" brickClass="" isAbstract="false" typeId="0">
      <UUID>c3ea8295-a7f3-400b-b7da-8a107a231256</UUID>
      <SortOrder>10</SortOrder>
      <MinimumUsage>1</MinimumUsage>
      <MaximumUsage>1</MaximumUsage>
      <InitialUsage>1</InitialUsage>
      <ProductTextRelation>
        <UUID>c3bd1e9d-9934-4731-b676-f7bebc0dd2ff</UUID>
        <ProductTextUUID>fc6f3774-2a5a-4144-ab0e-f40d8f177466</ProductTextUUID>
      </ProductTextRelation>
      <ProductBackendInfo name="Skye.NumberOfColumns">
        <UUID>893081df-0808-46e3-ac6c-73d10f7dbfb9</UUID>
        <Info>1</Info>
      </ProductBackendInfo>
      <ProductBackendInfo name="Skye.DisplayControlWithEmptyContent">
        <UUID>e8758faf-d416-405d-871b-cf6aea5b6640</UUID>
        <Info>False</Info>
      </ProductBackendInfo>
      <ProductBackendInfo name="Skye.StyleClass">
        <UUID>f0b52e42-8702-4d34-902d-2142c0282a80</UUID>
        <Info />
      </ProductBackendInfo>
      <ProductBackendInfo name="Skye.MultibrickType">
        <UUID>2330c17d-b42d-4317-9fdc-d9367158ec8d</UUID>
        <Info />
      </ProductBackendInfo>
    </ProductBrick>
    <ProductBackendInfo name="Skye.ProcessStepUIType">
      <UUID>5bf895b1-9890-4180-b52c-14baf6a1ef3b</UUID>
      <Info>NoStyleFieldsetGroup</Info>
    </ProductBackendInfo>
    <ProductBackendInfo name="Skye.StyleClass">
      <UUID>4475301e-ac0b-4ce7-818b-ca898d43148b</UUID>
      <Info />
    </ProductBackendInfo>
    <ProductBackendInfo name="Skye.MultibrickType">
      <UUID>874ee832-5c08-404e-b39f-6c75dc82c6fa</UUID>
      <Info />
    </ProductBackendInfo>
  </ProductBrick>
  <DefinitionDependentLists>
    <DefinitionDependencyDefaultValueList />
    <DefinitionDependencyValueRangeList />
    <DefinitionDependencyVisibilityList />
    <DefinitionDependencyMandatoryList />
    <DefinitionDependencyToDependencyList />
    <DefinitionDependencyValueRangeFilterValuesList />
    <DefinitionDependencyDataSourceAttributeList />
  </DefinitionDependentLists>
</Product>