﻿<?xml version="1.0" encoding="utf-8"?>
<Product xmlns:xsd="http://www.w3.org/2001/XMLSchema" xmlns:xsi="http://www.w3.org/2001/XMLSchema-instance" name="HomeCreatePolicy" lastChanged="2019-10-15T13:05:29.7908225Z" implementationClass=" " modelType="process" skyeEditorVersion="7.15.0.16">
  <UUID>d62fb066-61f7-44ab-ad3f-9bf3ded68b4e</UUID>
  <BusinessUnit> </BusinessUnit>
  <Section> </Section>
  <ProductTextList>
    <ProductText name="header" language="en" country="US">
      <UUID>c04e1cd8-d0d0-40a5-82a3-a9496e7225ed</UUID>
      <Text>Quick Quote</Text>
    </ProductText>
    <ProductText name="header" language="en" country="US">
      <UUID>ef90f79d-430a-494c-849a-fe7e0eca3312</UUID>
      <Text>Details</Text>
    </ProductText>
    <ProductText name="short" language="en" country="US">
      <UUID>cdb0ad2f-c1fc-46b2-a991-e55559065601</UUID>
      <Text>Create quote</Text>
    </ProductText>
    <ProductText name="header" language="en" country="US">
      <UUID>4fd9fd92-e649-4616-b977-b3c66f9acb71</UUID>
      <Text>Payment</Text>
    </ProductText>
    <ProductText name="header" language="en" country="US">
      <UUID>ad081bf5-9fa8-43a5-89dd-3e9b1be5f140</UUID>
      <Text>Confirmaton</Text>
    </ProductText>
    <ProductText name="short" language="en" country="US">
      <UUID>ea8d5937-51b4-48e3-a5b7-a2f3b3034098</UUID>
      <Text>Back</Text>
    </ProductText>
    <ProductText name="short" language="en" country="US">
      <UUID>19b5fbb2-a46b-416d-b91b-381871351081</UUID>
      <Text>Next</Text>
    </ProductText>
    <ProductText name="short" language="en" country="US">
      <UUID>139440cb-ca6b-4a9d-9306-6352cd9071b8</UUID>
      <Text>Back to details</Text>
    </ProductText>
    <ProductText name="short" language="en" country="US">
      <UUID>65cccb46-399b-4d41-8d4b-c5ccaa03d845</UUID>
      <Text>Next to confirm</Text>
    </ProductText>
    <ProductText name="short" language="en" country="US">
      <UUID>dbe1f47d-0994-454f-b1a2-afb638b94843</UUID>
      <Text>Back</Text>
    </ProductText>
    <ProductText name="short" language="en" country="US">
      <UUID>054eb122-433a-4daa-a72a-ce9fd0e84385</UUID>
      <Text>Pay</Text>
    </ProductText>
  </ProductTextList>
  <ProductValueRangeList>
    <ProductValueRange name="Reference.referencedModelsVR" type="fix">
      <UUID>d34ceef9-7b42-47c2-8344-ef2684ef96b3</UUID>
      <DefinitionValueRelation>
        <UUID>08e2e97a-be5c-4144-8365-2e9c94963ffe</UUID>
        <DefinitionValueUUID>18faa995-7756-4640-8cff-9dd2afb6c18b</DefinitionValueUUID>
      </DefinitionValueRelation>
    </ProductValueRange>
    <ProductValueRange name="Action.targetUpdateMapVR" type="fix">
      <UUID>dcd8a07d-dbf4-4779-b7b3-7a804a53af62</UUID>
      <DefinitionValueRelation>
        <UUID>0e9a0a30-43d7-4043-a97f-918ed82c2b9d</UUID>
        <DefinitionValueUUID>d973f618-a2d9-488c-87d9-aa59ceb0dc4c</DefinitionValueUUID>
      </DefinitionValueRelation>
    </ProductValueRange>
    <ProductValueRange name="Action.targetUpdateMapVR" type="fix">
      <UUID>91eda463-1cb3-4623-a281-60dd585df605</UUID>
    </ProductValueRange>
    <ProductValueRange name="Action.targetUpdateMapVR" type="fix">
      <UUID>b678871a-7788-426d-9f2d-ac33b387508d</UUID>
      <DefinitionValueRelation>
        <UUID>f44111d6-144f-4e8e-855b-b18b07e0606f</UUID>
        <DefinitionValueUUID>17a4ee93-76a0-48a7-8f4c-88f808dfaa06</DefinitionValueUUID>
      </DefinitionValueRelation>
    </ProductValueRange>
    <ProductValueRange name="Action.targetUpdateMapVR" type="fix">
      <UUID>18bae99d-79dd-428f-a458-8e25c8d26643</UUID>
    </ProductValueRange>
    <ProductValueRange name="Action.targetUpdateMapVR" type="fix">
      <UUID>37363836-94f8-4839-8756-27f7b72681b0</UUID>
      <DefinitionValueRelation>
        <UUID>5d857c23-18ef-40d8-98c0-3f7acbdf8a25</UUID>
        <DefinitionValueUUID>83a21a0b-2ab8-4c95-b7cf-a02bfa660c6e</DefinitionValueUUID>
      </DefinitionValueRelation>
    </ProductValueRange>
    <ProductValueRange name="Action.targetUpdateMapVR" type="fix">
      <UUID>a9862af5-300a-478d-bc45-c9a28b84af91</UUID>
    </ProductValueRange>
    <ProductValueRange name="Action.targetUpdateMapVR" type="fix">
      <UUID>8b458888-07c9-4904-accf-f26890f6080d</UUID>
      <DefinitionValueRelation>
        <UUID>700656da-2d8f-483a-8a3b-6b2429e1e19b</UUID>
        <DefinitionValueUUID>2ff133b3-bdd6-4779-bbff-a98cc6028737</DefinitionValueUUID>
      </DefinitionValueRelation>
    </ProductValueRange>
  </ProductValueRangeList>
  <DefinitionBusinessObjectContextList>
    <DefinitionBusinessObjectContext name="default-callcenter-callcenter">
      <UUID>92195476-4850-4008-a744-bc62c7c3edf7</UUID>
      <SubclassId>visibilityLevelContext</SubclassId>
      <ValueField>0</ValueField>
    </DefinitionBusinessObjectContext>
    <DefinitionBusinessObjectContext name="default-callcenter-callcenter">
      <UUID>81d1cdcb-0dfc-4123-9c67-3fa860bc3805</UUID>
      <SubclassId>visibilityLevelContext</SubclassId>
      <ValueField>4</ValueField>
    </DefinitionBusinessObjectContext>
    <DefinitionBusinessObjectContext name="default-public-anonymous">
      <UUID>7c725290-a4a0-47b1-afc1-f0d6d3c6e60f</UUID>
      <SubclassId>visibilityLevelContext</SubclassId>
      <ValueField>0</ValueField>
    </DefinitionBusinessObjectContext>
    <DefinitionBusinessObjectContext name="default-public-anonymous">
      <UUID>120838e2-90a6-4c6e-a7e7-86360e581b6b</UUID>
      <SubclassId>visibilityLevelContext</SubclassId>
      <ValueField>4</ValueField>
    </DefinitionBusinessObjectContext>
  </DefinitionBusinessObjectContextList>
  <DefinitionResourceList />
  <AbstractProductBrickList />
  <ProductValueList>
    <ProductValue name="" type="value">
      <UUID>266fd442-17cc-42b1-b9d8-e19402dfcc29</UUID>
      <SortOrder>0</SortOrder>
      <Value />
    </ProductValue>
    <ProductValue name="delete=ignore,copy=setnull" type="value">
      <UUID>7f9b9645-ac91-4d18-8057-9b9834298d86</UUID>
      <SortOrder>0</SortOrder>
      <Value />
    </ProductValue>
    <ProductValue name="Home" type="value">
      <UUID>18faa995-7756-4640-8cff-9dd2afb6c18b</UUID>
      <SortOrder>0</SortOrder>
      <Value />
    </ProductValue>
    <ProductValue name="" type="value">
      <UUID>0f309322-4a5f-4750-97cd-740ee465260b</UUID>
      <SortOrder>0</SortOrder>
      <Value />
    </ProductValue>
    <ProductValue name="" type="value">
      <UUID>7a847933-558d-4c4e-b9cf-d5e657b4d6cd</UUID>
      <SortOrder>0</SortOrder>
      <Value />
    </ProductValue>
    <ProductValue name="" type="value">
      <UUID>60d9bc24-a143-46f0-973f-53730e6abcb7</UUID>
      <SortOrder>0</SortOrder>
      <Value />
    </ProductValue>
    <ProductValue name="" type="value">
      <UUID>6e439eab-7130-456c-8626-ccb1b5a3063e</UUID>
      <SortOrder>0</SortOrder>
      <Value />
    </ProductValue>
    <ProductValue name="" type="value">
      <UUID>8049ec7b-ebf4-4b0c-93b6-b15aed323b88</UUID>
      <SortOrder>0</SortOrder>
      <Value />
    </ProductValue>
    <ProductValue name="" type="value">
      <UUID>91c05a24-223a-4b62-9fe5-73cb31608279</UUID>
      <SortOrder>0</SortOrder>
      <Value />
    </ProductValue>
    <ProductValue name="" type="value">
      <UUID>6ad9c55a-1015-4eea-831f-f45c4d072c11</UUID>
      <SortOrder>0</SortOrder>
      <Value />
    </ProductValue>
    <ProductValue name="ref[HomeCreatePolicy.@CurrentProcessObject to Home].root.StateTransitionAction" type="value">
      <UUID>d973f618-a2d9-488c-87d9-aa59ceb0dc4c</UUID>
      <SortOrder>1</SortOrder>
      <Value>ToInProgress</Value>
      <ProductBackendInfo name="Skye.SetValuesOnAction.Force">
        <UUID>94fc9b42-7ab3-4ee5-b35c-b4fdbbac6140</UUID>
        <Info>True</Info>
      </ProductBackendInfo>
    </ProductValue>
    <ProductValue name="ref[HomeCreatePolicy.@CurrentProcessObject to Home].root.StateTransitionAction" type="value">
      <UUID>17a4ee93-76a0-48a7-8f4c-88f808dfaa06</UUID>
      <SortOrder>1</SortOrder>
      <Value>ToQuoteCreated</Value>
      <ProductBackendInfo name="Skye.SetValuesOnAction.Force">
        <UUID>a61b693e-4896-418a-af5c-9559af1b4fa0</UUID>
        <Info>True</Info>
      </ProductBackendInfo>
    </ProductValue>
    <ProductValue name="Cash" type="value">
      <UUID>cd75f70d-e33b-4ce2-aeb1-215da523b63c</UUID>
      <SortOrder>0</SortOrder>
      <Value>Cash</Value>
    </ProductValue>
    <ProductValue name="ref[HomeCreatePolicy.@CurrentProcessObject to Home].root.StateTransitionAction" type="value">
      <UUID>83a21a0b-2ab8-4c95-b7cf-a02bfa660c6e</UUID>
      <SortOrder>1</SortOrder>
      <Value>ToPolicyCreated</Value>
      <ProductBackendInfo name="Skye.SetValuesOnAction.Force">
        <UUID>c370be24-4cdd-498e-92fc-e369c9cea516</UUID>
        <Info>False</Info>
      </ProductBackendInfo>
    </ProductValue>
    <ProductValue name="ref[HomeCreatePolicy.@CurrentProcessObject to Home].root.StateTransitionAction" type="value">
      <UUID>2ff133b3-bdd6-4779-bbff-a98cc6028737</UUID>
      <SortOrder>1</SortOrder>
      <Value>ToPaymentProcessed</Value>
      <ProductBackendInfo name="Skye.SetValuesOnAction.Force">
        <UUID>f14c06f6-234f-4935-8bbb-108596433a42</UUID>
        <Info>True</Info>
      </ProductBackendInfo>
    </ProductValue>
    <ProductValue name="Cheque" type="value">
      <UUID>b58ef1e7-9849-4ca7-90f0-1e34839dfda7</UUID>
      <SortOrder>0</SortOrder>
      <Value>Cheque</Value>
    </ProductValue>
    <ProductValue name="PaymentProcessed" type="value">
      <UUID>815a8eb9-694d-438f-b8b6-d35834102a2d</UUID>
      <SortOrder>0</SortOrder>
      <Value>PaymentProcessed</Value>
    </ProductValue>
    <ProductValue name="Cheque" type="value">
      <UUID>d7e4cf0e-128c-4a97-be62-c6b1c570488f</UUID>
      <SortOrder>0</SortOrder>
      <Value>Cheque</Value>
    </ProductValue>
    <ProductValue name="PaymentProcessed" type="value">
      <UUID>5a045437-9c80-4ebf-b787-f7acfbf9b77b</UUID>
      <SortOrder>0</SortOrder>
      <Value>PaymentProcessed</Value>
    </ProductValue>
  </ProductValueList>
  <ProductPolicyAttribute name="@CurrentProcessStep" visibilityLevel="2" mandatory="false" unit=" " format="" numberOfDecimals="0" attributeClass="" type="Standard">
    <UUID>31715714-f4d0-4086-a1bb-9a7281cb1dca</UUID>
    <SortOrder>99</SortOrder>
    <InputType>Textbox</InputType>
    <DataType>String</DataType>
    <MaxLength>4000</MaxLength>
    <MinLength>0</MinLength>
    <ProductBackendInfo name="Skye.AttributeAlias">
      <UUID>c87642bd-bf9f-482e-a82b-93c426f30292</UUID>
      <Info />
    </ProductBackendInfo>
    <ProductBackendInfo name="Skye.AllowValueSetViaUnencryptedURL">
      <UUID>fc5af30c-8ffd-4a10-8919-5eba6588b2cc</UUID>
      <Info>false</Info>
    </ProductBackendInfo>
    <ProductBackendInfo name="Skye.Core.DataSecurity">
      <UUID>dc1f6c6b-8013-47a8-b1f8-2a7f9bdb3dc3</UUID>
      <Info>Standard</Info>
    </ProductBackendInfo>
    <DefinitionValueRelation>
      <UUID>cd2a0517-fab3-42fe-86ae-b5af7abdc069</UUID>
      <DefinitionValueUUID>266fd442-17cc-42b1-b9d8-e19402dfcc29</DefinitionValueUUID>
    </DefinitionValueRelation>
  </ProductPolicyAttribute>
  <ProductPolicyAttribute name="@CurrentProcessObject" visibilityLevel="2" mandatory="false" unit=" " format="" numberOfDecimals="0" attributeClass="" type="Reference">
    <UUID>33ff4b33-73df-4a67-aa4b-28194c25e7a3</UUID>
    <SortOrder>99</SortOrder>
    <InputType>Textbox</InputType>
    <DataType>product</DataType>
    <MaxLength>4000</MaxLength>
    <MinLength>0</MinLength>
    <ProductValueRangeRelation>
      <UUID>2a799052-6503-4ae0-8134-5977286a3589</UUID>
      <SortOrder>99</SortOrder>
      <ProductValueRangeUUID>d34ceef9-7b42-47c2-8344-ef2684ef96b3</ProductValueRangeUUID>
      <ValueRangeName>@CurrentProcessObject</ValueRangeName>
    </ProductValueRangeRelation>
    <ProductBackendInfo name="Skye.AttributeAlias">
      <UUID>d7731fbd-e70a-4acf-bb79-82789ce97492</UUID>
      <Info />
    </ProductBackendInfo>
    <ProductBackendInfo name="Skye.AllowValueSetViaUnencryptedURL">
      <UUID>e372580a-a42b-4943-96c9-3d4811f3ee55</UUID>
      <Info>false</Info>
    </ProductBackendInfo>
    <ProductBackendInfo name="Skye.Core.DataSecurity">
      <UUID>f18b2e97-c9d0-4354-8ca9-11634816ed9d</UUID>
      <Info>Standard</Info>
    </ProductBackendInfo>
    <DefinitionValueRelation>
      <UUID>136f6703-9993-46ea-951d-cc15bfd23089</UUID>
      <DefinitionValueUUID>7f9b9645-ac91-4d18-8057-9b9834298d86</DefinitionValueUUID>
    </DefinitionValueRelation>
  </ProductPolicyAttribute>
  <ProductBrick name="HomeCreatePolicy:QuickQuote" visibilityLevel="2" brickClass=" " isAbstract="false" typeId="13">
    <UUID>b4e2428c-47ee-4be4-a6dc-1de1ae0645e1</UUID>
    <SortOrder>1</SortOrder>
    <MinimumUsage>1</MinimumUsage>
    <MaximumUsage>1</MaximumUsage>
    <InitialUsage>1</InitialUsage>
    <ProductTextRelation>
      <UUID>13b189c6-f327-4860-8888-54a4f1d60788</UUID>
      <ProductTextUUID>c04e1cd8-d0d0-40a5-82a3-a9496e7225ed</ProductTextUUID>
    </ProductTextRelation>
    <ProductPolicyAttribute name="CreateQuote" visibilityLevel="4" mandatory="false" unit="" format="" numberOfDecimals="0" attributeClass="" type="Action">
      <UUID>cdd901e6-2deb-45d4-b508-f4480c5449f3</UUID>
      <SortOrder>1</SortOrder>
      <InputType>Textbox</InputType>
      <DataType>String</DataType>
      <MaxLength>4000</MaxLength>
      <MinLength>0</MinLength>
      <ProductTextRelation>
        <UUID>d7f69a7c-5430-4ad6-bc01-4586b5a6eecd</UUID>
        <ProductTextUUID>cdb0ad2f-c1fc-46b2-a991-e55559065601</ProductTextUUID>
      </ProductTextRelation>
      <ProductValueRangeRelation>
        <UUID>c100c05c-e1c9-4d31-aa8b-285b45c83ce1</UUID>
        <SortOrder>99</SortOrder>
        <ProductValueRangeUUID>dcd8a07d-dbf4-4779-b7b3-7a804a53af62</ProductValueRangeUUID>
      </ProductValueRangeRelation>
      <ProductBackendInfo name="Skye.AttributeAlias">
        <UUID>78268799-1131-4de3-af66-36f97bf4faac</UUID>
        <Info />
      </ProductBackendInfo>
      <ProductBackendInfo name="Skye.Core.DataSecurity">
        <UUID>f43a07e5-7ecb-4d51-9b33-b928d352b560</UUID>
        <Info>Standard</Info>
      </ProductBackendInfo>
      <ProductBackendInfo name="Skye.AllowValueSetViaUnencryptedURL">
        <UUID>6c7cb818-578e-4251-b078-7e4a864f3f2e</UUID>
        <Info>False</Info>
      </ProductBackendInfo>
      <ProductBackendInfo name="Skye.ControllerActionName">
        <UUID>cd970067-3e2c-4563-b517-84bd75351e6d</UUID>
        <Info>CreateQuote</Info>
      </ProductBackendInfo>
      <ProductBackendInfo name="Skye.StyleClass">
        <UUID>3c4fbe57-0177-4000-83ae-a6bf55defe9a</UUID>
        <Info>skyeAccordionNext</Info>
      </ProductBackendInfo>
      <ProductBackendInfo name="Skye.TransitionProcessStep">
        <UUID>b95cb243-81d4-4f2c-b1a0-c74d866aeddf</UUID>
        <Info>HomeCreatePolicy:Details</Info>
      </ProductBackendInfo>
      <ProductBackendInfo name="Skye.sendEventWithValidationErrorsAnalytics">
        <UUID>655e99e4-42b1-40f8-b99d-78a74a3c5a1d</UUID>
        <Info>False</Info>
      </ProductBackendInfo>
      <ProductBackendInfo name="Skye.ValidateOnAction">
        <UUID>18fb47c5-db58-4a66-82b9-26ec350ffd1b</UUID>
        <Info>False</Info>
      </ProductBackendInfo>
      <ProductBackendInfo name="Skye.UpdateProcessOnAction">
        <UUID>6a32a285-1fcd-4d6c-ac20-e3b2d056c757</UUID>
        <Info>True</Info>
      </ProductBackendInfo>
      <ProductBackendInfo name="Skye.ProcessExitPoint">
        <UUID>e9770f20-591a-4312-9c79-4e39e0b7e3e9</UUID>
        <Info>False</Info>
      </ProductBackendInfo>
      <ProductBackendInfo name="Skye.PersistOnAction">
        <UUID>5ae64f73-03fe-43d7-979f-e09178e7f8b8</UUID>
        <Info>True</Info>
      </ProductBackendInfo>
      <ProductBackendInfo name="Skye.ActionAttribute.BindInvisibleCaptchaChallenge">
        <UUID>0a1f8e30-fa50-41f0-a532-83163497eccb</UUID>
        <Info>False</Info>
      </ProductBackendInfo>
      <DefinitionValueRelation>
        <DefinitionValueUUID>0f309322-4a5f-4750-97cd-740ee465260b</DefinitionValueUUID>
      </DefinitionValueRelation>
    </ProductPolicyAttribute>
    <ProductBackendInfo name="Skye.MultibrickType">
      <UUID>70ba5a1d-66c5-4f0d-b562-810f6d0c4a54</UUID>
      <Info />
    </ProductBackendInfo>
  </ProductBrick>
  <ProductBrick name="HomeCreatePolicy:Details" visibilityLevel="2" brickClass="" isAbstract="false" typeId="0">
    <UUID>7eb4273c-d5f9-4d64-a9d7-6eb38cec1092</UUID>
    <SortOrder>20</SortOrder>
    <MinimumUsage>1</MinimumUsage>
    <MaximumUsage>1</MaximumUsage>
    <InitialUsage>1</InitialUsage>
    <ProductTextRelation>
      <UUID>6ec7ac99-1dae-458b-8830-c7b85b48ef14</UUID>
      <ProductTextUUID>ef90f79d-430a-494c-849a-fe7e0eca3312</ProductTextUUID>
    </ProductTextRelation>
    <ProductPolicyAttribute name="Back" visibilityLevel="4" mandatory="false" unit="" format="" numberOfDecimals="0" attributeClass="" type="Action">
      <UUID>5b1002b6-aa3a-4cba-b63e-25574f926f4e</UUID>
      <SortOrder>2</SortOrder>
      <InputType>Textbox</InputType>
      <DataType>String</DataType>
      <MaxLength>4000</MaxLength>
      <MinLength>0</MinLength>
      <ProductTextRelation>
        <UUID>4ef10994-6bf7-47f3-9299-747e27c91600</UUID>
        <ProductTextUUID>ea8d5937-51b4-48e3-a5b7-a2f3b3034098</ProductTextUUID>
      </ProductTextRelation>
      <ProductValueRangeRelation>
        <UUID>af044e12-f088-495b-a2ce-4d9861e1c778</UUID>
        <SortOrder>99</SortOrder>
        <ProductValueRangeUUID>91eda463-1cb3-4623-a281-60dd585df605</ProductValueRangeUUID>
      </ProductValueRangeRelation>
      <ProductBackendInfo name="Skye.AttributeAlias">
        <UUID>209bda77-7ed9-43d7-9090-d213b23de0a2</UUID>
        <Info />
      </ProductBackendInfo>
      <ProductBackendInfo name="Skye.Core.DataSecurity">
        <UUID>f6a740ca-b991-44d5-8a49-9baca88dad47</UUID>
        <Info>Standard</Info>
      </ProductBackendInfo>
      <ProductBackendInfo name="Skye.AllowValueSetViaUnencryptedURL">
        <UUID>3a26eb85-9a03-49e2-956d-fb7f2445552c</UUID>
        <Info>False</Info>
      </ProductBackendInfo>
      <ProductBackendInfo name="Skye.ControllerActionName">
        <UUID>7234a1ce-3bb9-466e-84c5-3a6537a7ced9</UUID>
        <Info>Back</Info>
      </ProductBackendInfo>
      <ProductBackendInfo name="Skye.StyleClass">
        <UUID>25560cf9-a0ef-4270-8dfe-958e2c3c2764</UUID>
        <Info>skyeAccordionBack</Info>
      </ProductBackendInfo>
      <ProductBackendInfo name="Skye.TransitionProcessStep">
        <UUID>34746662-14e1-4325-bedb-49e048523e4a</UUID>
        <Info>HomeCreatePolicy:QuickQuote</Info>
      </ProductBackendInfo>
      <ProductBackendInfo name="Skye.sendEventWithValidationErrorsAnalytics">
        <UUID>c9d299d2-f7a5-467d-a559-5a2133eb94d5</UUID>
        <Info>False</Info>
      </ProductBackendInfo>
      <ProductBackendInfo name="Skye.ValidateOnAction">
        <UUID>3edf9830-9ec6-49bd-b5fd-a2461e5eee6c</UUID>
        <Info>False</Info>
      </ProductBackendInfo>
      <ProductBackendInfo name="Skye.UpdateProcessOnAction">
        <UUID>43cde550-5682-4fa5-ab94-3602f403840a</UUID>
        <Info>True</Info>
      </ProductBackendInfo>
      <ProductBackendInfo name="Skye.ProcessExitPoint">
        <UUID>4b929775-4104-480a-8490-29fe1d77caff</UUID>
        <Info>False</Info>
      </ProductBackendInfo>
      <ProductBackendInfo name="Skye.PersistOnAction">
        <UUID>6aecc5de-05b6-4eee-a0a5-3beebef78203</UUID>
        <Info>True</Info>
      </ProductBackendInfo>
      <ProductBackendInfo name="Skye.ActionAttribute.BindInvisibleCaptchaChallenge">
        <UUID>a6f4fb4f-3248-4fc6-9a78-d836ed0813ca</UUID>
        <Info>False</Info>
      </ProductBackendInfo>
      <DefinitionValueRelation>
        <DefinitionValueUUID>7a847933-558d-4c4e-b9cf-d5e657b4d6cd</DefinitionValueUUID>
      </DefinitionValueRelation>
    </ProductPolicyAttribute>
    <ProductPolicyAttribute name="Next" visibilityLevel="4" mandatory="false" unit="" format="" numberOfDecimals="0" attributeClass="" type="Action">
      <UUID>6305f7a5-1a54-4aea-96ec-9886c1fb883d</UUID>
      <SortOrder>3</SortOrder>
      <InputType>Textbox</InputType>
      <DataType>String</DataType>
      <MaxLength>4000</MaxLength>
      <MinLength>0</MinLength>
      <ProductTextRelation>
        <UUID>3cdd0263-6d40-42c6-af91-43d69a581915</UUID>
        <ProductTextUUID>19b5fbb2-a46b-416d-b91b-381871351081</ProductTextUUID>
      </ProductTextRelation>
      <ProductValueRangeRelation>
        <UUID>59675ab4-8ee3-47d0-a2f6-8b6c7d136669</UUID>
        <SortOrder>99</SortOrder>
        <ProductValueRangeUUID>b678871a-7788-426d-9f2d-ac33b387508d</ProductValueRangeUUID>
      </ProductValueRangeRelation>
      <ProductBackendInfo name="Skye.AttributeAlias">
        <UUID>aa5b9629-dfed-4781-a91b-6c9733a3b3cf</UUID>
        <Info />
      </ProductBackendInfo>
      <ProductBackendInfo name="Skye.Core.DataSecurity">
        <UUID>b4f682b3-a556-4ecb-aac9-c98206f622a3</UUID>
        <Info>Standard</Info>
      </ProductBackendInfo>
      <ProductBackendInfo name="Skye.AllowValueSetViaUnencryptedURL">
        <UUID>b885136d-f3cf-4225-822d-b1e91b1b25c9</UUID>
        <Info>False</Info>
      </ProductBackendInfo>
      <ProductBackendInfo name="Skye.ControllerActionName">
        <UUID>0ed0ea29-4225-4084-9e06-08690a9ee18c</UUID>
        <Info>Next</Info>
      </ProductBackendInfo>
      <ProductBackendInfo name="Skye.StyleClass">
        <UUID>b9f5726b-5d21-4fa2-b0eb-136eab921632</UUID>
        <Info>skyeAccordionNext</Info>
      </ProductBackendInfo>
      <ProductBackendInfo name="Skye.TransitionProcessStep">
        <UUID>01c46a0c-4eb3-4b8e-aa00-aef57605954d</UUID>
        <Info>HomeCreatePolicy:Payment</Info>
      </ProductBackendInfo>
      <ProductBackendInfo name="Skye.sendEventWithValidationErrorsAnalytics">
        <UUID>e0ac8347-083d-4239-87ed-e659135e8c84</UUID>
        <Info>False</Info>
      </ProductBackendInfo>
      <ProductBackendInfo name="Skye.ValidateOnAction">
        <UUID>d9f1d9a5-7467-487e-9d1a-dfbfaf034230</UUID>
        <Info>False</Info>
      </ProductBackendInfo>
      <ProductBackendInfo name="Skye.UpdateProcessOnAction">
        <UUID>8bcfb1e2-7295-48ba-a4c5-5a2eff2317ee</UUID>
        <Info>True</Info>
      </ProductBackendInfo>
      <ProductBackendInfo name="Skye.ProcessExitPoint">
        <UUID>67ffc885-9c7d-4204-b8e9-74e03e92bd10</UUID>
        <Info>False</Info>
      </ProductBackendInfo>
      <ProductBackendInfo name="Skye.PersistOnAction">
        <UUID>26da782e-c765-4516-8157-5221eada4498</UUID>
        <Info>True</Info>
      </ProductBackendInfo>
      <ProductBackendInfo name="Skye.ActionAttribute.BindInvisibleCaptchaChallenge">
        <UUID>56f9a16a-2652-4d22-8f49-402cf9b0b57d</UUID>
        <Info>False</Info>
      </ProductBackendInfo>
      <DefinitionValueRelation>
        <DefinitionValueUUID>60d9bc24-a143-46f0-973f-53730e6abcb7</DefinitionValueUUID>
      </DefinitionValueRelation>
    </ProductPolicyAttribute>
    <ProductBackendInfo name="Skye.MultibrickType">
      <UUID>5d54cb28-27cd-4cd5-ab6a-41232086c5d6</UUID>
      <Info />
    </ProductBackendInfo>
  </ProductBrick>
  <ProductBrick name="HomeCreatePolicy:Payment" visibilityLevel="2" brickClass="" isAbstract="false" typeId="0">
    <UUID>c4fdcc74-c350-427a-acbb-c9b1892c1db8</UUID>
    <SortOrder>30</SortOrder>
    <MinimumUsage>1</MinimumUsage>
    <MaximumUsage>1</MaximumUsage>
    <InitialUsage>1</InitialUsage>
    <ProductTextRelation>
      <UUID>3e222d62-5bb2-48a9-a2fe-98578a5269d8</UUID>
      <ProductTextUUID>4fd9fd92-e649-4616-b977-b3c66f9acb71</ProductTextUUID>
    </ProductTextRelation>
    <ProductPolicyAttribute name="Back" visibilityLevel="4" mandatory="false" unit="" format="" numberOfDecimals="0" attributeClass="" type="Action">
      <UUID>077c5db7-4f37-4cec-b4ab-cdaba61a72ed</UUID>
      <SortOrder>1</SortOrder>
      <InputType>Textbox</InputType>
      <DataType>String</DataType>
      <MaxLength>4000</MaxLength>
      <MinLength>0</MinLength>
      <ProductTextRelation>
        <UUID>5cc8d947-d4a1-460d-9561-45478dffebfb</UUID>
        <ProductTextUUID>139440cb-ca6b-4a9d-9306-6352cd9071b8</ProductTextUUID>
      </ProductTextRelation>
      <ProductValueRangeRelation>
        <UUID>a6463526-15ad-4081-b288-cf617467aadd</UUID>
        <SortOrder>99</SortOrder>
        <ProductValueRangeUUID>18bae99d-79dd-428f-a458-8e25c8d26643</ProductValueRangeUUID>
      </ProductValueRangeRelation>
      <ProductBackendInfo name="Skye.AttributeAlias">
        <UUID>cc762f15-7482-4dd6-b836-6f689c875f27</UUID>
        <Info />
      </ProductBackendInfo>
      <ProductBackendInfo name="Skye.Core.DataSecurity">
        <UUID>e3e13d9a-0440-476d-b49a-d74742779cda</UUID>
        <Info>Standard</Info>
      </ProductBackendInfo>
      <ProductBackendInfo name="Skye.AllowValueSetViaUnencryptedURL">
        <UUID>b0feaaf8-2cff-4084-8820-daf0aa5794a0</UUID>
        <Info>False</Info>
      </ProductBackendInfo>
      <ProductBackendInfo name="Skye.ControllerActionName">
        <UUID>03e11528-c756-48c6-a460-bf96d5159d03</UUID>
        <Info>Back</Info>
      </ProductBackendInfo>
      <ProductBackendInfo name="Skye.StyleClass">
        <UUID>27940ab4-7eea-41cd-b06f-5551c503e84c</UUID>
        <Info>skyeAccordionBack</Info>
      </ProductBackendInfo>
      <ProductBackendInfo name="Skye.TransitionProcessStep">
        <UUID>040e0f61-87de-48e7-9358-357dab795563</UUID>
        <Info>HomeCreatePolicy:Details</Info>
      </ProductBackendInfo>
      <ProductBackendInfo name="Skye.sendEventWithValidationErrorsAnalytics">
        <UUID>754c189c-558d-472e-94a8-e66cfb2ee7f3</UUID>
        <Info>False</Info>
      </ProductBackendInfo>
      <ProductBackendInfo name="Skye.ValidateOnAction">
        <UUID>a0753e66-9993-4731-ac98-49e7bc51348f</UUID>
        <Info>False</Info>
      </ProductBackendInfo>
      <ProductBackendInfo name="Skye.UpdateProcessOnAction">
        <UUID>68103ade-3047-497e-b124-623a0c50c9a0</UUID>
        <Info>True</Info>
      </ProductBackendInfo>
      <ProductBackendInfo name="Skye.ProcessExitPoint">
        <UUID>0b0b654c-c2b6-4e5c-a737-950f820915f4</UUID>
        <Info>False</Info>
      </ProductBackendInfo>
      <ProductBackendInfo name="Skye.PersistOnAction">
        <UUID>068d0842-e7c6-4956-ae09-fc979a4a5c3f</UUID>
        <Info>True</Info>
      </ProductBackendInfo>
      <ProductBackendInfo name="Skye.ActionAttribute.BindInvisibleCaptchaChallenge">
        <UUID>db60402b-1545-46c9-8f5b-966736cb1e7c</UUID>
        <Info>False</Info>
      </ProductBackendInfo>
      <DefinitionValueRelation>
        <DefinitionValueUUID>6e439eab-7130-456c-8626-ccb1b5a3063e</DefinitionValueUUID>
      </DefinitionValueRelation>
    </ProductPolicyAttribute>
    <ProductPolicyAttribute name="Next" visibilityLevel="0" mandatory="false" unit="" format="" numberOfDecimals="0" attributeClass="" type="Action">
      <UUID>b789d22b-94d0-4bc5-b814-f315211b87e5</UUID>
      <SortOrder>5</SortOrder>
      <InputType>Textbox</InputType>
      <DataType>String</DataType>
      <MaxLength>4000</MaxLength>
      <MinLength>0</MinLength>
      <ProductTextRelation>
        <UUID>8016e96b-d34f-4621-93d5-3609ff4505f7</UUID>
        <ProductTextUUID>65cccb46-399b-4d41-8d4b-c5ccaa03d845</ProductTextUUID>
      </ProductTextRelation>
      <ProductValueRangeRelation>
        <UUID>ce378e9e-9795-4d23-b8ef-aba168270e27</UUID>
        <SortOrder>99</SortOrder>
        <ProductValueRangeUUID>37363836-94f8-4839-8756-27f7b72681b0</ProductValueRangeUUID>
      </ProductValueRangeRelation>
      <ProductBackendInfo name="Skye.AttributeAlias">
        <UUID>14885b67-5236-4bd7-8fea-8c202bcb4b7e</UUID>
        <Info />
      </ProductBackendInfo>
      <ProductBackendInfo name="Skye.Core.DataSecurity">
        <UUID>58c2ecb8-3245-44fe-b647-697b59faad22</UUID>
        <Info>Standard</Info>
      </ProductBackendInfo>
      <ProductBackendInfo name="Skye.AllowValueSetViaUnencryptedURL">
        <UUID>a47801f7-8504-4d90-9982-ee474e5cf471</UUID>
        <Info>False</Info>
      </ProductBackendInfo>
      <ProductBackendInfo name="Skye.ControllerActionName">
        <UUID>12871f74-4208-4107-965e-a58c38a02cf7</UUID>
        <Info>Next</Info>
      </ProductBackendInfo>
      <ProductBackendInfo name="Skye.StyleClass">
        <UUID>e0cb9585-7314-44f0-845a-d99aa090f4b2</UUID>
        <Info>skyeAccordionNext</Info>
      </ProductBackendInfo>
      <ProductBackendInfo name="Skye.TransitionProcessStep">
        <UUID>bc279a38-f7cf-4481-b0b6-5f924a4e8ff1</UUID>
        <Info>HomeCreatePolicy:Confirmation</Info>
      </ProductBackendInfo>
      <ProductBackendInfo name="Skye.sendEventWithValidationErrorsAnalytics">
        <UUID>2a9beb8a-ac5b-4c3b-a853-7b85508b8ef2</UUID>
        <Info>False</Info>
      </ProductBackendInfo>
      <ProductBackendInfo name="Skye.ValidateOnAction">
        <UUID>4cd3a381-d442-4aa3-a5b5-4335f2e6ea24</UUID>
        <Info>True</Info>
      </ProductBackendInfo>
      <ProductBackendInfo name="Skye.UpdateProcessOnAction">
        <UUID>a382a8b1-4442-4202-abbe-00a0a3b52a4f</UUID>
        <Info>True</Info>
      </ProductBackendInfo>
      <ProductBackendInfo name="Skye.ProcessExitPoint">
        <UUID>23e26fca-4f34-4051-b01d-c394633e0f77</UUID>
        <Info>False</Info>
      </ProductBackendInfo>
      <ProductBackendInfo name="Skye.PersistOnAction">
        <UUID>562fea29-f7f5-40cb-977e-ad649b29f5c8</UUID>
        <Info>True</Info>
      </ProductBackendInfo>
      <ProductBackendInfo name="Skye.ActionAttribute.BindInvisibleCaptchaChallenge">
        <UUID>c90c3995-96e0-4882-94e7-3416596f63a1</UUID>
        <Info>False</Info>
      </ProductBackendInfo>
      <DefinitionValueRelation>
        <DefinitionValueUUID>8049ec7b-ebf4-4b0c-93b6-b15aed323b88</DefinitionValueUUID>
      </DefinitionValueRelation>
      <DefinitionBusinessObjectContextRelation>
        <ContextUUID>92195476-4850-4008-a744-bc62c7c3edf7</ContextUUID>
        <DefinitionObjectUUID>b789d22b-94d0-4bc5-b814-f315211b87e5</DefinitionObjectUUID>
      </DefinitionBusinessObjectContextRelation>
      <DefinitionBusinessObjectContextRelation>
        <ContextUUID>7c725290-a4a0-47b1-afc1-f0d6d3c6e60f</ContextUUID>
        <DefinitionObjectUUID>b789d22b-94d0-4bc5-b814-f315211b87e5</DefinitionObjectUUID>
      </DefinitionBusinessObjectContextRelation>
    </ProductPolicyAttribute>
    <ProductPolicyAttribute name="Pay" visibilityLevel="0" mandatory="false" unit="" format="" numberOfDecimals="0" attributeClass="" type="Action">
      <UUID>bbad80e7-89d5-4161-bd6a-1dcda061f7a5</UUID>
      <SortOrder>99</SortOrder>
      <InputType>Textbox</InputType>
      <DataType>String</DataType>
      <MaxLength>4000</MaxLength>
      <MinLength>0</MinLength>
      <ProductTextRelation>
        <UUID>e48a3ead-1ca8-4032-b54b-f83303c8069a</UUID>
        <ProductTextUUID>054eb122-433a-4daa-a72a-ce9fd0e84385</ProductTextUUID>
      </ProductTextRelation>
      <ProductValueRangeRelation>
        <UUID>42088b4e-3174-4937-98d2-f99377a4a404</UUID>
        <SortOrder>99</SortOrder>
        <ProductValueRangeUUID>8b458888-07c9-4904-accf-f26890f6080d</ProductValueRangeUUID>
      </ProductValueRangeRelation>
      <ProductBackendInfo name="Skye.AttributeAlias">
        <UUID>7d319339-9f95-41f8-9a80-a8bd5de7aa98</UUID>
        <Info />
      </ProductBackendInfo>
      <ProductBackendInfo name="Skye.Core.DataSecurity">
        <UUID>4de31086-3c5f-46c5-9bc7-5db657e6dcf2</UUID>
        <Info>Standard</Info>
      </ProductBackendInfo>
      <ProductBackendInfo name="Skye.AllowValueSetViaUnencryptedURL">
        <UUID>86af989e-9a9c-4d0f-9945-0ef436858372</UUID>
        <Info>False</Info>
      </ProductBackendInfo>
      <ProductBackendInfo name="Skye.ControllerActionName">
        <UUID>eb2e237e-b798-4a7a-87c6-4e170abf464d</UUID>
        <Info>Pay</Info>
      </ProductBackendInfo>
      <ProductBackendInfo name="Skye.StyleClass">
        <UUID>2eccef0b-a86d-42df-a8f2-3b53b293e4b8</UUID>
        <Info>skyeAccordionAction</Info>
      </ProductBackendInfo>
      <ProductBackendInfo name="Skye.TransitionProcessStep">
        <UUID>6cd407b9-22bc-4fa8-883d-80bde22f099e</UUID>
        <Info />
      </ProductBackendInfo>
      <ProductBackendInfo name="Skye.sendEventWithValidationErrorsAnalytics">
        <UUID>f0a4c6e9-553c-4aae-936a-c522dd7de4f5</UUID>
        <Info>False</Info>
      </ProductBackendInfo>
      <ProductBackendInfo name="Skye.ValidateOnAction">
        <UUID>6698efec-200e-4e67-8f6e-78cd8c49e6d0</UUID>
        <Info>False</Info>
      </ProductBackendInfo>
      <ProductBackendInfo name="Skye.UpdateProcessOnAction">
        <UUID>df5d3019-8cf0-4669-b1dc-6dd5f502c5c5</UUID>
        <Info>False</Info>
      </ProductBackendInfo>
      <ProductBackendInfo name="Skye.ProcessExitPoint">
        <UUID>b074dac6-4d8c-4384-809c-77cec854e08e</UUID>
        <Info>False</Info>
      </ProductBackendInfo>
      <ProductBackendInfo name="Skye.PersistOnAction">
        <UUID>d9d709a9-a37a-497f-a958-7f7e7e10f8f0</UUID>
        <Info>False</Info>
      </ProductBackendInfo>
      <ProductBackendInfo name="Skye.ActionAttribute.BindInvisibleCaptchaChallenge">
        <UUID>8a55a5bc-5b20-416b-b28f-270670af4d6e</UUID>
        <Info>False</Info>
      </ProductBackendInfo>
      <DefinitionValueRelation>
        <DefinitionValueUUID>6ad9c55a-1015-4eea-831f-f45c4d072c11</DefinitionValueUUID>
      </DefinitionValueRelation>
    </ProductPolicyAttribute>
    <ProductBackendInfo name="Skye.MultibrickType">
      <UUID>915f0a03-fe51-4838-b604-59b58c678cef</UUID>
      <Info />
    </ProductBackendInfo>
  </ProductBrick>
  <ProductBrick name="HomeCreatePolicy:Confirmation" visibilityLevel="2" brickClass="" isAbstract="false" typeId="0">
    <UUID>5fddf1e3-4f37-4a10-9081-9c8c4b125c5d</UUID>
    <SortOrder>40</SortOrder>
    <MinimumUsage>1</MinimumUsage>
    <MaximumUsage>1</MaximumUsage>
    <InitialUsage>1</InitialUsage>
    <ProductTextRelation>
      <UUID>ff085090-3827-4ad8-82d5-b3f4d7cfed59</UUID>
      <ProductTextUUID>ad081bf5-9fa8-43a5-89dd-3e9b1be5f140</ProductTextUUID>
    </ProductTextRelation>
    <ProductPolicyAttribute name="Back" visibilityLevel="4" mandatory="false" unit="" format="" numberOfDecimals="0" attributeClass="" type="Action">
      <UUID>c76a2868-e25c-45c6-9c67-b27fc7efb3cb</UUID>
      <SortOrder>1</SortOrder>
      <InputType>Textbox</InputType>
      <DataType>String</DataType>
      <MaxLength>4000</MaxLength>
      <MinLength>0</MinLength>
      <ProductTextRelation>
        <UUID>e8481476-7b92-4a50-8cfc-77df35222577</UUID>
        <ProductTextUUID>dbe1f47d-0994-454f-b1a2-afb638b94843</ProductTextUUID>
      </ProductTextRelation>
      <ProductValueRangeRelation>
        <UUID>dd005ebf-87a7-4bff-a9ca-04dc749ad640</UUID>
        <SortOrder>99</SortOrder>
        <ProductValueRangeUUID>a9862af5-300a-478d-bc45-c9a28b84af91</ProductValueRangeUUID>
      </ProductValueRangeRelation>
      <ProductBackendInfo name="Skye.AttributeAlias">
        <UUID>c92f968f-a06f-42b5-a796-3e06414882c3</UUID>
        <Info />
      </ProductBackendInfo>
      <ProductBackendInfo name="Skye.Core.DataSecurity">
        <UUID>5b604ece-066b-4663-9673-17946acd4928</UUID>
        <Info>Standard</Info>
      </ProductBackendInfo>
      <ProductBackendInfo name="Skye.AllowValueSetViaUnencryptedURL">
        <UUID>b0cfa24d-1eaa-4003-92e2-2538d1c80133</UUID>
        <Info>False</Info>
      </ProductBackendInfo>
      <ProductBackendInfo name="Skye.ControllerActionName">
        <UUID>7065460c-63a9-4374-bdfe-b4acf56ca1c3</UUID>
        <Info>Back</Info>
      </ProductBackendInfo>
      <ProductBackendInfo name="Skye.StyleClass">
        <UUID>c2f005fb-4c34-4adc-8939-46da912eeed8</UUID>
        <Info>skyeAccordionAction</Info>
      </ProductBackendInfo>
      <ProductBackendInfo name="Skye.TransitionProcessStep">
        <UUID>d5a4e004-016c-4a25-904b-04a5fe9a860f</UUID>
        <Info>HomeCreatePolicy:Payment</Info>
      </ProductBackendInfo>
      <ProductBackendInfo name="Skye.sendEventWithValidationErrorsAnalytics">
        <UUID>a5168c44-34d8-4ee0-9ec4-4d3f794b4ae0</UUID>
        <Info>False</Info>
      </ProductBackendInfo>
      <ProductBackendInfo name="Skye.ValidateOnAction">
        <UUID>5639a57c-9b9f-4b33-938c-370b6f67807c</UUID>
        <Info>False</Info>
      </ProductBackendInfo>
      <ProductBackendInfo name="Skye.UpdateProcessOnAction">
        <UUID>58cb8dcf-bda8-46f7-807f-93123b5d41ac</UUID>
        <Info>True</Info>
      </ProductBackendInfo>
      <ProductBackendInfo name="Skye.ProcessExitPoint">
        <UUID>ca782280-09b5-4a99-8ace-fde8a78e5173</UUID>
        <Info>False</Info>
      </ProductBackendInfo>
      <ProductBackendInfo name="Skye.PersistOnAction">
        <UUID>775161eb-1c1b-4a12-b4b6-6cb41ed1ea55</UUID>
        <Info>True</Info>
      </ProductBackendInfo>
      <ProductBackendInfo name="Skye.ActionAttribute.BindInvisibleCaptchaChallenge">
        <UUID>83606b24-a996-4196-9f89-ef28575b4e92</UUID>
        <Info>False</Info>
      </ProductBackendInfo>
      <DefinitionValueRelation>
        <DefinitionValueUUID>91c05a24-223a-4b62-9fe5-73cb31608279</DefinitionValueUUID>
      </DefinitionValueRelation>
    </ProductPolicyAttribute>
    <ProductBackendInfo name="Skye.MultibrickType">
      <UUID>d6f0d77a-6a32-4f91-a33f-7f25e8396fa4</UUID>
      <Info />
    </ProductBackendInfo>
  </ProductBrick>
  <DefinitionDependentLists>
    <DefinitionDependencyDefaultValueList />
    <DefinitionDependencyValueRangeList />
    <DefinitionDependencyVisibilityList>
      <DefinitionDependencyVisibility name="setVisibleForCash#0">
        <UUID>7f126e29-28c5-4b4c-8a93-190ddfa2992c</UUID>
        <ClientUUID>b789d22b-94d0-4bc5-b814-f315211b87e5</ClientUUID>
        <Operator>EQUALS</Operator>
        <SupplierValueUUID>cd75f70d-e33b-4ce2-aeb1-215da523b63c</SupplierValueUUID>
        <RefreshOnChange>false</RefreshOnChange>
        <DefinitionBusinessObjectContextRelation>
          <ContextUUID>81d1cdcb-0dfc-4123-9c67-3fa860bc3805</ContextUUID>
          <DefinitionObjectUUID>7f126e29-28c5-4b4c-8a93-190ddfa2992c</DefinitionObjectUUID>
        </DefinitionBusinessObjectContextRelation>
        <DefinitionBusinessObjectContextRelation>
          <ContextUUID>120838e2-90a6-4c6e-a7e7-86360e581b6b</ContextUUID>
          <DefinitionObjectUUID>7f126e29-28c5-4b4c-8a93-190ddfa2992c</DefinitionObjectUUID>
        </DefinitionBusinessObjectContextRelation>
        <SupplierReference>ref[HomeCreatePolicy.@CurrentProcessObject to Home].Payment.PaymentOptions</SupplierReference>
        <ClientVisibilityLevel>4</ClientVisibilityLevel>
      </DefinitionDependencyVisibility>
      <DefinitionDependencyVisibility name="setVisibleForPaymentProcess#0">
        <UUID>246f7c70-c217-4e63-8a6a-026fa15a85aa</UUID>
        <ClientUUID>b789d22b-94d0-4bc5-b814-f315211b87e5</ClientUUID>
        <Operator>EQUALS</Operator>
        <SupplierValueUUID>b58ef1e7-9849-4ca7-90f0-1e34839dfda7</SupplierValueUUID>
        <RefreshOnChange>false</RefreshOnChange>
        <DefinitionBusinessObjectContextRelation>
          <ContextUUID>81d1cdcb-0dfc-4123-9c67-3fa860bc3805</ContextUUID>
          <DefinitionObjectUUID>246f7c70-c217-4e63-8a6a-026fa15a85aa</DefinitionObjectUUID>
        </DefinitionBusinessObjectContextRelation>
        <DefinitionBusinessObjectContextRelation>
          <ContextUUID>120838e2-90a6-4c6e-a7e7-86360e581b6b</ContextUUID>
          <DefinitionObjectUUID>246f7c70-c217-4e63-8a6a-026fa15a85aa</DefinitionObjectUUID>
        </DefinitionBusinessObjectContextRelation>
        <SupplierReference>ref[HomeCreatePolicy.@CurrentProcessObject to Home].Payment.PaymentOptions</SupplierReference>
        <ClientVisibilityLevel>4</ClientVisibilityLevel>
      </DefinitionDependencyVisibility>
      <DefinitionDependencyVisibility name="setVisible#0">
        <UUID>a9e6ced6-4362-40cb-b95d-279155b03a50</UUID>
        <ClientUUID>bbad80e7-89d5-4161-bd6a-1dcda061f7a5</ClientUUID>
        <Operator>EQUALS</Operator>
        <SupplierValueUUID>d7e4cf0e-128c-4a97-be62-c6b1c570488f</SupplierValueUUID>
        <RefreshOnChange>false</RefreshOnChange>
        <DefinitionBusinessObjectContextRelation>
          <ContextUUID>81d1cdcb-0dfc-4123-9c67-3fa860bc3805</ContextUUID>
          <DefinitionObjectUUID>a9e6ced6-4362-40cb-b95d-279155b03a50</DefinitionObjectUUID>
        </DefinitionBusinessObjectContextRelation>
        <DefinitionBusinessObjectContextRelation>
          <ContextUUID>120838e2-90a6-4c6e-a7e7-86360e581b6b</ContextUUID>
          <DefinitionObjectUUID>a9e6ced6-4362-40cb-b95d-279155b03a50</DefinitionObjectUUID>
        </DefinitionBusinessObjectContextRelation>
        <SupplierReference>ref[HomeCreatePolicy.@CurrentProcessObject to Home].Payment.PaymentOptions</SupplierReference>
        <ClientVisibilityLevel>4</ClientVisibilityLevel>
      </DefinitionDependencyVisibility>
    </DefinitionDependencyVisibilityList>
    <DefinitionDependencyMandatoryList />
    <DefinitionDependencyToDependencyList>
      <DefinitionDependencyToDependency name="setVisibleForPaymentProcess#1">
        <UUID>55f133a9-d645-4589-a4ba-45ab82c2101e</UUID>
        <ClientUUID>246f7c70-c217-4e63-8a6a-026fa15a85aa</ClientUUID>
        <Operator>EQUALS</Operator>
        <SupplierValueUUID>815a8eb9-694d-438f-b8b6-d35834102a2d</SupplierValueUUID>
        <RefreshOnChange>true</RefreshOnChange>
        <SupplierReference>ref[HomeCreatePolicy.@CurrentProcessObject to Home].root.Status</SupplierReference>
      </DefinitionDependencyToDependency>
      <DefinitionDependencyToDependency name="setVisible#1">
        <UUID>a2e6e22f-8042-411a-8b8f-38abd09c0fa5</UUID>
        <ClientUUID>a9e6ced6-4362-40cb-b95d-279155b03a50</ClientUUID>
        <Operator>NOT_EQUALS</Operator>
        <SupplierValueUUID>5a045437-9c80-4ebf-b787-f7acfbf9b77b</SupplierValueUUID>
        <RefreshOnChange>true</RefreshOnChange>
        <SupplierReference>ref[HomeCreatePolicy.@CurrentProcessObject to Home].root.Status</SupplierReference>
      </DefinitionDependencyToDependency>
    </DefinitionDependencyToDependencyList>
    <DefinitionDependencyValueRangeFilterValuesList />
    <DefinitionDependencyDataSourceAttributeList />
  </DefinitionDependentLists>
</Product>