﻿<?xml version="1.0" encoding="utf-8"?>
<Product xmlns:xsd="http://www.w3.org/2001/XMLSchema" xmlns:xsi="http://www.w3.org/2001/XMLSchema-instance" name="HomeCreatePolicy" lastChanged="2019-10-14T14:14:14.4675740Z" implementationClass=" " versionUuid=" " modelType="process" subModelType="" skyeEditorVersion="7.15.0.16">
  <UUID>af4b8fe8-1783-45e7-98e8-f84f40bec30a</UUID>
  <SortOrder>0</SortOrder>
  <BusinessUnit> </BusinessUnit>
  <Section> </Section>
  <ProductTextList>
    <ProductText name="short" language="en" country="US">
      <UUID>09825d40-faee-4bba-94f8-d9b50a1814d3</UUID>
      <Text>next</Text>
    </ProductText>
    <ProductText name="header" language="en" country="US">
      <UUID>2572b282-3c30-4451-9847-b45d5ba3559c</UUID>
      <Text>Confirmation</Text>
    </ProductText>
    <ProductText name="header" language="en" country="US">
      <UUID>2df2bb67-9bf9-40d7-a258-2d3f2387df88</UUID>
      <Text>Payment</Text>
    </ProductText>
    <ProductText name="short" language="en" country="US">
      <UUID>39bf95d8-81a7-4ca8-ab0d-b1c53c2e81db</UUID>
      <Text>back</Text>
    </ProductText>
    <ProductText name="short" language="en" country="US">
      <UUID>3ad45d8e-3b47-49d5-ac80-587196a64c89</UUID>
      <Text>back</Text>
    </ProductText>
    <ProductText name="short" language="en" country="US">
      <UUID>4bfa394f-681c-4a8b-8719-74c10212e3b1</UUID>
      <Text>Create quote</Text>
    </ProductText>
    <ProductText name="short" language="en" country="US">
      <UUID>60095e97-6398-4e38-9a42-1de936ff77a9</UUID>
      <Text>next</Text>
    </ProductText>
    <ProductText name="header" language="en" country="US">
      <UUID>61705d6e-e552-4fcc-906d-9f5852b757ec</UUID>
      <Text>Details</Text>
    </ProductText>
    <ProductText name="header" language="en" country="US">
      <UUID>9522d6bc-52c0-4698-b03e-45b4f3fb78f6</UUID>
      <Text>Quick Quote</Text>
    </ProductText>
    <ProductText name="short" language="en" country="US">
      <UUID>9c940f14-29c0-471c-8934-ebd9da19e708</UUID>
      <Text>back</Text>
    </ProductText>
  </ProductTextList>
  <ProductValueRangeList>
    <ProductValueRange name="Action.targetUpdateMapVR" type="fix">
      <UUID>311b69d1-3943-440d-aed1-799fc4d55f84</UUID>
    </ProductValueRange>
    <ProductValueRange name="Action.targetUpdateMapVR" type="fix">
      <UUID>7482926f-dbd6-4fef-9dfc-793528ecdf95</UUID>
    </ProductValueRange>
    <ProductValueRange name="Action.targetUpdateMapVR" type="fix">
      <UUID>7574f905-7566-41b2-aae5-9761ffaa2a15</UUID>
    </ProductValueRange>
    <ProductValueRange name="Action.targetUpdateMapVR" type="fix">
      <UUID>9ed6fd5b-58a3-4e3c-ac6a-b1a57d9e2674</UUID>
    </ProductValueRange>
    <ProductValueRange name="Reference.referencedModelsVR" type="fix">
      <UUID>b6c0bb62-874c-4748-9211-0abed29ea9e2</UUID>
      <DefinitionValueRelation>
        <UUID>11e9ee75-3c09-cbb4-ace9-5ff23aa7cc38</UUID>
        <DefinitionValueUUID>8647036f-6a4a-4930-9bfa-450cf391343c</DefinitionValueUUID>
      </DefinitionValueRelation>
    </ProductValueRange>
    <ProductValueRange name="Action.targetUpdateMapVR" type="fix">
      <UUID>fa266bc5-102c-4724-9a85-073b23bbc057</UUID>
    </ProductValueRange>
    <ProductValueRange name="Action.targetUpdateMapVR" type="fix">
      <UUID>ff589bc2-1303-4ad1-b5c8-a13d55636ea7</UUID>
    </ProductValueRange>
  </ProductValueRangeList>
  <DefinitionBusinessObjectContextList>
    <DefinitionBusinessObjectContext name="default-callcenter-callcenter">
      <UUID>0da049f5-59e3-4ae9-a18e-1ec321cee9c7</UUID>
      <SubclassId>visibilityLevelContext</SubclassId>
      <ValueField>4</ValueField>
    </DefinitionBusinessObjectContext>
  </DefinitionBusinessObjectContextList>
  <DefinitionResourceList />
  <AbstractProductBrickList />
  <ProductValueList>
    <ProductValue name="delete=ignore,copy=setnull" type="value">
      <UUID>23a9a16d-f76a-44e4-9f0d-a06b6492a889</UUID>
      <SortOrder>0</SortOrder>
      <Value />
    </ProductValue>
    <ProductValue name=" " type="value">
      <UUID>3c8f4f83-28c5-42bf-a8d1-8416beb65b2c</UUID>
      <SortOrder>0</SortOrder>
      <Value />
    </ProductValue>
    <ProductValue name=" " type="value">
      <UUID>50c60fac-ff5f-4d13-9bc4-9e143571d034</UUID>
      <SortOrder>0</SortOrder>
      <Value />
    </ProductValue>
    <ProductValue name=" " type="value">
      <UUID>5f5d51a8-9c74-4b8f-ab2f-d77e5d375c08</UUID>
      <SortOrder>0</SortOrder>
      <Value />
    </ProductValue>
    <ProductValue name="Home" type="value">
      <UUID>8647036f-6a4a-4930-9bfa-450cf391343c</UUID>
      <SortOrder>0</SortOrder>
      <Value />
    </ProductValue>
    <ProductValue name=" " type="value">
      <UUID>8d3adfad-8c81-46e8-9b05-023abb68d88d</UUID>
      <SortOrder>0</SortOrder>
      <Value />
    </ProductValue>
    <ProductValue name=" " type="value">
      <UUID>db1110a1-3e82-4f2a-a894-4ed19f843554</UUID>
      <SortOrder>0</SortOrder>
      <Value />
    </ProductValue>
    <ProductValue name=" " type="value">
      <UUID>de998a42-2971-4c21-8cbd-529b4f65d7fb</UUID>
      <SortOrder>0</SortOrder>
      <Value />
    </ProductValue>
    <ProductValue name=" " type="value">
      <UUID>f9fb9103-eb27-4551-a5e1-c1c67c4c7f1f</UUID>
      <SortOrder>0</SortOrder>
      <Value />
    </ProductValue>
    <ProductValue name="1" type="value">
      <UUID>c13e0d67-a8bc-436b-9906-d7e73c11c11f</UUID>
      <SortOrder>0</SortOrder>
      <Value>1</Value>
    </ProductValue>
  </ProductValueList>
  <ProductPolicyAttribute name="@CurrentProcessObject" visibilityLevel="2" mandatory="false" unit=" " format="" numberOfDecimals="0" attributeClass=" " type="Reference">
    <UUID>9f9dfb76-a161-4626-8d7c-98d46e5eb235</UUID>
    <SortOrder>99</SortOrder>
    <InputType>Textbox</InputType>
    <DataType>product</DataType>
    <MaxLength>4000</MaxLength>
    <MinLength>0</MinLength>
    <ProductValueRangeRelation>
      <UUID>9e5a2904-103c-453d-b997-9cb61e67e31f</UUID>
      <SortOrder>99</SortOrder>
      <ProductValueRangeUUID>b6c0bb62-874c-4748-9211-0abed29ea9e2</ProductValueRangeUUID>
    </ProductValueRangeRelation>
    <ProductBackendInfo name="Skye.AllowValueSetViaUnencryptedURL">
      <UUID>05d8a947-0532-45ff-a9d1-d3ddfe5ec7e4</UUID>
      <Info>false</Info>
    </ProductBackendInfo>
    <ProductBackendInfo name="Skye.AttributeAlias">
      <UUID>65228117-50c3-4c50-a13a-31f6aa8ac4f3</UUID>
      <Info />
    </ProductBackendInfo>
    <ProductBackendInfo name="Skye.Core.DataSecurity">
      <UUID>faff3e03-7d29-4afb-93df-105466fcad48</UUID>
      <Info>Standard</Info>
    </ProductBackendInfo>
    <DefinitionValueRelation>
      <UUID>11e9ee75-3c09-cbb2-ace9-5ff23aa7cc38</UUID>
      <DefinitionValueUUID>23a9a16d-f76a-44e4-9f0d-a06b6492a889</DefinitionValueUUID>
    </DefinitionValueRelation>
  </ProductPolicyAttribute>
  <ProductPolicyAttribute name="@CurrentProcessStep" visibilityLevel="2" mandatory="false" unit=" " format="" numberOfDecimals="0" attributeClass=" " type="Standard">
    <UUID>fd97f869-d7a0-4094-ae3f-9e7f694ef439</UUID>
    <SortOrder>99</SortOrder>
    <InputType>Textbox</InputType>
    <DataType>String</DataType>
    <MaxLength>4000</MaxLength>
    <MinLength>0</MinLength>
    <ProductBackendInfo name="Skye.AttributeAlias">
      <UUID>4d2d500c-a273-4f94-9b79-c8a1edcad2b8</UUID>
      <Info />
    </ProductBackendInfo>
    <ProductBackendInfo name="Skye.Core.DataSecurity">
      <UUID>740dc4f0-060c-48e3-9a16-c1de9f963b66</UUID>
      <Info>Standard</Info>
    </ProductBackendInfo>
    <ProductBackendInfo name="Skye.AllowValueSetViaUnencryptedURL">
      <UUID>9633cb42-a593-4fec-a355-35633080efc4</UUID>
      <Info>false</Info>
    </ProductBackendInfo>
    <DefinitionValueRelation>
      <UUID>11e9ee75-3c09-cbb3-ace9-5ff23aa7cc38</UUID>
      <DefinitionValueUUID>de998a42-2971-4c21-8cbd-529b4f65d7fb</DefinitionValueUUID>
    </DefinitionValueRelation>
  </ProductPolicyAttribute>
  <ProductBrick name="HomeCreatePolicy:QuickQuote" visibilityLevel="2" brickClass=" " isAbstract="false" typeId="13">
    <UUID>1e12539b-97b7-418d-b8ff-17ee9406bdaf</UUID>
    <SortOrder>1</SortOrder>
    <MinimumUsage>1</MinimumUsage>
    <MaximumUsage>1</MaximumUsage>
    <InitialUsage>1</InitialUsage>
    <PredecessorBrickUUID />
    <PredecessorBrickName />
    <ProductTextRelation>
      <ProductTextUUID>9522d6bc-52c0-4698-b03e-45b4f3fb78f6</ProductTextUUID>
    </ProductTextRelation>
    <ProductPolicyAttribute name="CreateQuote" visibilityLevel="4" mandatory="false" unit="" format="" numberOfDecimals="0" attributeClass=" " type="Action">
      <UUID>b7bece3f-d9a4-4804-a928-87cfe212608b</UUID>
      <SortOrder>1</SortOrder>
      <InputType>Textbox</InputType>
      <DataType>String</DataType>
      <MaxLength>4000</MaxLength>
      <MinLength>0</MinLength>
      <ProductTextRelation>
        <ProductTextUUID>4bfa394f-681c-4a8b-8719-74c10212e3b1</ProductTextUUID>
      </ProductTextRelation>
      <ProductValueRangeRelation>
        <UUID>f42e01e7-6f7c-44e4-8fc0-e2d3634b3a2a</UUID>
        <SortOrder>99</SortOrder>
        <ProductValueRangeUUID>7482926f-dbd6-4fef-9dfc-793528ecdf95</ProductValueRangeUUID>
      </ProductValueRangeRelation>
      <ProductBackendInfo name="Skye.ProcessExitPoint">
        <UUID>183d7473-f467-48fa-afff-c6e00adbdef8</UUID>
        <Info>False</Info>
      </ProductBackendInfo>
      <ProductBackendInfo name="Skye.TransitionProcessStep">
        <UUID>2ec8b472-5047-466a-a03b-7886c7beb945</UUID>
        <Info>HomeCreatePolicy:Details</Info>
      </ProductBackendInfo>
      <ProductBackendInfo name="Skye.AllowValueSetViaUnencryptedURL">
        <UUID>31b9bd43-39bf-4405-bb4a-674418e96670</UUID>
        <Info>False</Info>
      </ProductBackendInfo>
      <ProductBackendInfo name="Skye.StyleClass">
        <UUID>39827009-94ca-495a-91aa-da5886cc0bea</UUID>
        <Info>skyeAccordionNext</Info>
      </ProductBackendInfo>
      <ProductBackendInfo name="Skye.UpdateProcessOnAction">
        <UUID>3ed8e6cb-d397-468c-bdb7-528eab0dbe55</UUID>
        <Info>True</Info>
      </ProductBackendInfo>
      <ProductBackendInfo name="Skye.ActionAttribute.BindInvisibleCaptchaChallenge">
        <UUID>521bf425-88e0-482f-8158-20121a67f380</UUID>
        <Info>False</Info>
      </ProductBackendInfo>
      <ProductBackendInfo name="Skye.Core.DataSecurity">
        <UUID>63bd341f-6c88-495e-91c0-f873dc0dc12b</UUID>
        <Info>Standard</Info>
      </ProductBackendInfo>
      <ProductBackendInfo name="Skye.AttributeAlias">
        <UUID>75e3369e-5e25-4d81-a4b4-1e388847f30a</UUID>
        <Info />
      </ProductBackendInfo>
      <ProductBackendInfo name="Skye.sendEventWithValidationErrorsAnalytics">
        <UUID>9762c057-f699-4e8d-ba03-915a62a9dbaa</UUID>
        <Info>False</Info>
      </ProductBackendInfo>
      <ProductBackendInfo name="Skye.ValidateOnAction">
        <UUID>ac7b4918-df40-449f-a93d-4b6ae80d3a75</UUID>
        <Info>False</Info>
      </ProductBackendInfo>
      <ProductBackendInfo name="Skye.ControllerActionName">
        <UUID>ac92fdaf-0960-4bb9-a1c0-33ece959b13d</UUID>
        <Info>CreateQuote</Info>
      </ProductBackendInfo>
      <ProductBackendInfo name="Skye.PersistOnAction">
        <UUID>ca6f4691-de54-4193-87d8-d28de4651567</UUID>
        <Info>True</Info>
      </ProductBackendInfo>
      <DefinitionValueRelation>
        <UUID>11e9ee75-3c09-cbac-ace9-5ff23aa7cc38</UUID>
        <DefinitionValueUUID>50c60fac-ff5f-4d13-9bc4-9e143571d034</DefinitionValueUUID>
      </DefinitionValueRelation>
    </ProductPolicyAttribute>
    <ProductBackendInfo name="Skye.MultibrickType">
      <UUID>2cb2c6e5-108f-4a21-9331-d69d8fdf9bed</UUID>
      <Info />
    </ProductBackendInfo>
  </ProductBrick>
  <ProductBrick name="HomeCreatePolicy:Details" visibilityLevel="2" brickClass=" " isAbstract="false" typeId="0">
    <UUID>ee826e10-2768-4595-bc0b-04d640d48607</UUID>
    <SortOrder>20</SortOrder>
    <MinimumUsage>1</MinimumUsage>
    <MaximumUsage>1</MaximumUsage>
    <InitialUsage>1</InitialUsage>
    <PredecessorBrickUUID />
    <PredecessorBrickName />
    <ProductTextRelation>
      <ProductTextUUID>61705d6e-e552-4fcc-906d-9f5852b757ec</ProductTextUUID>
    </ProductTextRelation>
    <ProductPolicyAttribute name="ActionCreatePolicy" visibilityLevel="4" mandatory="false" unit="" format="" numberOfDecimals="0" attributeClass=" " type="Action">
      <UUID>b2e8caa7-9cbe-4669-bd24-e184458ce8cd</UUID>
      <SortOrder>99</SortOrder>
      <InputType>Textbox</InputType>
      <DataType>String</DataType>
      <MaxLength>4000</MaxLength>
      <MinLength>0</MinLength>
      <ProductTextRelation>
        <ProductTextUUID>60095e97-6398-4e38-9a42-1de936ff77a9</ProductTextUUID>
      </ProductTextRelation>
      <ProductValueRangeRelation>
        <UUID>9658d1b0-5f6a-4db6-8498-c4c1d7233348</UUID>
        <SortOrder>99</SortOrder>
        <ProductValueRangeUUID>fa266bc5-102c-4724-9a85-073b23bbc057</ProductValueRangeUUID>
      </ProductValueRangeRelation>
      <ProductBackendInfo name="Skye.StyleClass">
        <UUID>06bb8fc4-97db-41f0-b4fa-aa7726e3a428</UUID>
        <Info>skyeAccordionNext</Info>
      </ProductBackendInfo>
      <ProductBackendInfo name="Skye.ActionAttribute.BindInvisibleCaptchaChallenge">
        <UUID>3a445f63-2fbd-4e4d-8537-42813b57a022</UUID>
        <Info>False</Info>
      </ProductBackendInfo>
      <ProductBackendInfo name="Skye.ValidateOnAction">
        <UUID>3f26e28e-3155-4b1a-b0f4-41fc89c67ff1</UUID>
        <Info>False</Info>
      </ProductBackendInfo>
      <ProductBackendInfo name="Skye.AllowValueSetViaUnencryptedURL">
        <UUID>54d3166d-c330-4709-93f8-b1a837241e22</UUID>
        <Info>False</Info>
      </ProductBackendInfo>
      <ProductBackendInfo name="Skye.sendEventWithValidationErrorsAnalytics">
        <UUID>7c929093-d772-447b-bfff-f174e0a7ac9e</UUID>
        <Info>False</Info>
      </ProductBackendInfo>
      <ProductBackendInfo name="Skye.ProcessExitPoint">
        <UUID>847b6968-c893-4e18-b8b1-57550128ea4b</UUID>
        <Info>False</Info>
      </ProductBackendInfo>
      <ProductBackendInfo name="Skye.UpdateProcessOnAction">
        <UUID>a545329e-2e81-4a62-aecc-eec6b277971f</UUID>
        <Info>True</Info>
      </ProductBackendInfo>
      <ProductBackendInfo name="Skye.TransitionProcessStep">
        <UUID>b76f235c-b7c5-4f06-9646-0585c2aa5c64</UUID>
        <Info>HomeCreatePolicy:Payment</Info>
      </ProductBackendInfo>
      <ProductBackendInfo name="Skye.Core.DataSecurity">
        <UUID>c249ca72-69ce-40c0-975a-a3e3fa9c7da6</UUID>
        <Info>Standard</Info>
      </ProductBackendInfo>
      <ProductBackendInfo name="Skye.PersistOnAction">
        <UUID>d1128b28-7389-4993-84eb-2cc356b0dacd</UUID>
        <Info>False</Info>
      </ProductBackendInfo>
      <ProductBackendInfo name="Skye.ControllerActionName">
        <UUID>ddc3ece2-67af-43a2-b3a1-867f5f5b4a69</UUID>
        <Info>ActionCreatePolicy</Info>
      </ProductBackendInfo>
      <ProductBackendInfo name="Skye.AttributeAlias">
        <UUID>f5b2747e-0dba-4ba0-9421-b767449622e6</UUID>
        <Info />
      </ProductBackendInfo>
      <DefinitionValueRelation>
        <UUID>11e9ee75-3c09-cbb1-ace9-5ff23aa7cc38</UUID>
        <DefinitionValueUUID>8d3adfad-8c81-46e8-9b05-023abb68d88d</DefinitionValueUUID>
      </DefinitionValueRelation>
    </ProductPolicyAttribute>
    <ProductPolicyAttribute name="backtoquickquote" visibilityLevel="4" mandatory="false" unit="" format="" numberOfDecimals="0" attributeClass=" " type="Action">
      <UUID>f863dbb6-7261-4b43-b321-7186ef64683c</UUID>
      <SortOrder>99</SortOrder>
      <InputType>Textbox</InputType>
      <DataType>String</DataType>
      <MaxLength>4000</MaxLength>
      <MinLength>0</MinLength>
      <ProductTextRelation>
        <ProductTextUUID>3ad45d8e-3b47-49d5-ac80-587196a64c89</ProductTextUUID>
      </ProductTextRelation>
      <ProductValueRangeRelation>
        <UUID>ada73989-c168-4b2e-a079-a64bbb2f2ddb</UUID>
        <SortOrder>99</SortOrder>
        <ProductValueRangeUUID>ff589bc2-1303-4ad1-b5c8-a13d55636ea7</ProductValueRangeUUID>
      </ProductValueRangeRelation>
      <ProductBackendInfo name="Skye.StyleClass">
        <UUID>1212f29c-e9ec-472c-b583-4e0c14f28e46</UUID>
        <Info>skyeAccordionBack</Info>
      </ProductBackendInfo>
      <ProductBackendInfo name="Skye.AttributeAlias">
        <UUID>461c798d-9033-4728-9d5b-3caa757c884b</UUID>
        <Info />
      </ProductBackendInfo>
      <ProductBackendInfo name="Skye.ControllerActionName">
        <UUID>4a63fcda-812c-4bb6-ba21-02eb02510522</UUID>
        <Info>backtoquickquote</Info>
      </ProductBackendInfo>
      <ProductBackendInfo name="Skye.ActionAttribute.BindInvisibleCaptchaChallenge">
        <UUID>5860503d-f5bf-48bc-b739-a5c8dd6db88a</UUID>
        <Info>False</Info>
      </ProductBackendInfo>
      <ProductBackendInfo name="Skye.TransitionProcessStep">
        <UUID>5dc15808-e271-4adf-9898-467c6ca47480</UUID>
        <Info>HomeCreatePolicy:QuickQuote</Info>
      </ProductBackendInfo>
      <ProductBackendInfo name="Skye.ValidateOnAction">
        <UUID>6bc4cc13-3838-484f-9c7c-8ff669ae56dd</UUID>
        <Info>False</Info>
      </ProductBackendInfo>
      <ProductBackendInfo name="Skye.AllowValueSetViaUnencryptedURL">
        <UUID>6da744e5-e7b5-4742-9eba-f7768de7c3e2</UUID>
        <Info>False</Info>
      </ProductBackendInfo>
      <ProductBackendInfo name="Skye.sendEventWithValidationErrorsAnalytics">
        <UUID>a84d9ba9-0190-41e1-b433-1341acfdb21a</UUID>
        <Info>False</Info>
      </ProductBackendInfo>
      <ProductBackendInfo name="Skye.Core.DataSecurity">
        <UUID>ac8647f8-a8a6-4a20-954d-0f012cef17a0</UUID>
        <Info>Standard</Info>
      </ProductBackendInfo>
      <ProductBackendInfo name="Skye.UpdateProcessOnAction">
        <UUID>b63dfeaa-baf9-4b86-8239-f67643fc312a</UUID>
        <Info>True</Info>
      </ProductBackendInfo>
      <ProductBackendInfo name="Skye.PersistOnAction">
        <UUID>eb99777a-b993-417a-a0e6-6002b3eafbf4</UUID>
        <Info>False</Info>
      </ProductBackendInfo>
      <ProductBackendInfo name="Skye.ProcessExitPoint">
        <UUID>feb3cf18-7824-475e-b513-c4dd70c1804a</UUID>
        <Info>False</Info>
      </ProductBackendInfo>
      <DefinitionValueRelation>
        <UUID>11e9ee75-3c09-cbaf-ace9-5ff23aa7cc38</UUID>
        <DefinitionValueUUID>3c8f4f83-28c5-42bf-a8d1-8416beb65b2c</DefinitionValueUUID>
      </DefinitionValueRelation>
    </ProductPolicyAttribute>
    <ProductBackendInfo name="Skye.MultibrickType">
      <UUID>4d6df317-70fd-4870-b5b3-3b3e10293582</UUID>
      <Info />
    </ProductBackendInfo>
  </ProductBrick>
  <ProductBrick name="HomeCreatePolicy:Payment" visibilityLevel="2" brickClass=" " isAbstract="false" typeId="0">
    <UUID>ecdc0d6d-a808-4cf3-8a1d-d2a9854f0c5d</UUID>
    <SortOrder>30</SortOrder>
    <MinimumUsage>1</MinimumUsage>
    <MaximumUsage>1</MaximumUsage>
    <InitialUsage>1</InitialUsage>
    <PredecessorBrickUUID />
    <PredecessorBrickName />
    <ProductTextRelation>
      <ProductTextUUID>2df2bb67-9bf9-40d7-a258-2d3f2387df88</ProductTextUUID>
    </ProductTextRelation>
    <ProductPolicyAttribute name="BackToPolicy" visibilityLevel="4" mandatory="false" unit="" format="" numberOfDecimals="0" attributeClass=" " type="Action">
      <UUID>2d598d94-d596-4fd3-afc6-bf49b368acf4</UUID>
      <SortOrder>99</SortOrder>
      <InputType>Textbox</InputType>
      <DataType>String</DataType>
      <MaxLength>4000</MaxLength>
      <MinLength>0</MinLength>
      <ProductTextRelation>
        <ProductTextUUID>9c940f14-29c0-471c-8934-ebd9da19e708</ProductTextUUID>
      </ProductTextRelation>
      <ProductValueRangeRelation>
        <UUID>72e4d1cd-bbfd-40ab-bf26-0b1c72490a30</UUID>
        <SortOrder>99</SortOrder>
        <ProductValueRangeUUID>9ed6fd5b-58a3-4e3c-ac6a-b1a57d9e2674</ProductValueRangeUUID>
      </ProductValueRangeRelation>
      <ProductBackendInfo name="Skye.sendEventWithValidationErrorsAnalytics">
        <UUID>3ad9fb98-7f98-492d-a6d9-ed52c3934bdd</UUID>
        <Info>False</Info>
      </ProductBackendInfo>
      <ProductBackendInfo name="Skye.ActionAttribute.BindInvisibleCaptchaChallenge">
        <UUID>4067b704-6c9f-4748-9db3-c7e7914964eb</UUID>
        <Info>False</Info>
      </ProductBackendInfo>
      <ProductBackendInfo name="Skye.ControllerActionName">
        <UUID>48f8a6fb-bec6-4aa0-9e48-9bb8c8a78b47</UUID>
        <Info>BackToPolicy</Info>
      </ProductBackendInfo>
      <ProductBackendInfo name="Skye.ValidateOnAction">
        <UUID>6f254c65-5a35-4971-ab20-75a484379c0e</UUID>
        <Info>False</Info>
      </ProductBackendInfo>
      <ProductBackendInfo name="Skye.TransitionProcessStep">
        <UUID>99b69f7f-91cb-4002-b104-71589f38521b</UUID>
        <Info>HomeCreatePolicy:Details</Info>
      </ProductBackendInfo>
      <ProductBackendInfo name="Skye.AllowValueSetViaUnencryptedURL">
        <UUID>b5e9b26a-c51d-46a0-91e4-153f4304799d</UUID>
        <Info>False</Info>
      </ProductBackendInfo>
      <ProductBackendInfo name="Skye.AttributeAlias">
        <UUID>ba0fb1a7-e1ee-4841-b143-08be03dc361f</UUID>
        <Info />
      </ProductBackendInfo>
      <ProductBackendInfo name="Skye.ProcessExitPoint">
        <UUID>c17f6eda-2e5a-4c32-b0e3-3460dbaefbd1</UUID>
        <Info>False</Info>
      </ProductBackendInfo>
      <ProductBackendInfo name="Skye.StyleClass">
        <UUID>c62e07bf-3805-436c-88fc-1b45abb0c0ff</UUID>
        <Info>skyeAccordionBack</Info>
      </ProductBackendInfo>
      <ProductBackendInfo name="Skye.UpdateProcessOnAction">
        <UUID>cd61e1b1-fb52-4557-941f-171220a53544</UUID>
        <Info>True</Info>
      </ProductBackendInfo>
      <ProductBackendInfo name="Skye.PersistOnAction">
        <UUID>d80c1041-1f6d-4478-a55a-84c0c09c257a</UUID>
        <Info>False</Info>
      </ProductBackendInfo>
      <ProductBackendInfo name="Skye.Core.DataSecurity">
        <UUID>f8b73b3e-b0b5-406d-84ff-02adb5d6754c</UUID>
        <Info>Standard</Info>
      </ProductBackendInfo>
      <DefinitionValueRelation>
        <UUID>11e9ee75-3c09-cbb0-ace9-5ff23aa7cc38</UUID>
        <DefinitionValueUUID>f9fb9103-eb27-4551-a5e1-c1c67c4c7f1f</DefinitionValueUUID>
      </DefinitionValueRelation>
    </ProductPolicyAttribute>
    <ProductPolicyAttribute name="ActionConfirmation" visibilityLevel="0" mandatory="false" unit="" format="" numberOfDecimals="0" attributeClass=" " type="Action">
      <UUID>ffc97fa7-1f98-4b65-9191-d6ccc6046d1e</UUID>
      <SortOrder>99</SortOrder>
      <InputType>Textbox</InputType>
      <DataType>String</DataType>
      <MaxLength>4000</MaxLength>
      <MinLength>0</MinLength>
      <ProductTextRelation>
        <ProductTextUUID>09825d40-faee-4bba-94f8-d9b50a1814d3</ProductTextUUID>
      </ProductTextRelation>
      <ProductValueRangeRelation>
        <UUID>cf618955-0979-43e7-9858-e3bb0472c162</UUID>
        <SortOrder>99</SortOrder>
        <ProductValueRangeUUID>311b69d1-3943-440d-aed1-799fc4d55f84</ProductValueRangeUUID>
      </ProductValueRangeRelation>
      <ProductBackendInfo name="Skye.Core.DataSecurity">
        <UUID>025eada3-8713-4d51-b00b-6f02b35d3007</UUID>
        <Info>Standard</Info>
      </ProductBackendInfo>
      <ProductBackendInfo name="Skye.ControllerActionName">
        <UUID>1768914c-32fb-49d3-ad4e-0fcb3a2b3ef7</UUID>
        <Info>ActionConfirmation</Info>
      </ProductBackendInfo>
      <ProductBackendInfo name="Skye.ActionAttribute.BindInvisibleCaptchaChallenge">
        <UUID>40982cc2-ec38-4ab0-b8e2-c977fb8b7e89</UUID>
        <Info>False</Info>
      </ProductBackendInfo>
      <ProductBackendInfo name="Skye.StyleClass">
        <UUID>60d08824-434b-48c2-a44c-04970f01f2bb</UUID>
        <Info>skyeAccordionNext</Info>
      </ProductBackendInfo>
      <ProductBackendInfo name="Skye.AllowValueSetViaUnencryptedURL">
        <UUID>759c7ead-9334-4836-bad0-7833e91b24d4</UUID>
        <Info>False</Info>
      </ProductBackendInfo>
      <ProductBackendInfo name="Skye.TransitionProcessStep">
        <UUID>897013fe-6493-4116-ad22-f9e8dfc583ed</UUID>
        <Info>HomeCreatePolicy:Confirmation</Info>
      </ProductBackendInfo>
      <ProductBackendInfo name="Skye.sendEventWithValidationErrorsAnalytics">
        <UUID>cf2b583d-cc10-4d74-90ea-03370208cca0</UUID>
        <Info>False</Info>
      </ProductBackendInfo>
      <ProductBackendInfo name="Skye.AttributeAlias">
        <UUID>d699148a-e8a2-40d6-8521-cd851dabc2e2</UUID>
        <Info />
      </ProductBackendInfo>
      <ProductBackendInfo name="Skye.ValidateOnAction">
        <UUID>d8b740b8-ab1d-4e19-aa2b-730bb8fd29ad</UUID>
        <Info>True</Info>
      </ProductBackendInfo>
      <ProductBackendInfo name="Skye.ProcessExitPoint">
        <UUID>e099ac16-c7c3-4797-9896-d0ac0e8df6c9</UUID>
        <Info>False</Info>
      </ProductBackendInfo>
      <ProductBackendInfo name="Skye.UpdateProcessOnAction">
        <UUID>e99507fa-56cb-4bf5-9918-65745734978d</UUID>
        <Info>True</Info>
      </ProductBackendInfo>
      <ProductBackendInfo name="Skye.PersistOnAction">
        <UUID>fad26503-f46e-4be3-9482-4f8cb5c947bb</UUID>
        <Info>False</Info>
      </ProductBackendInfo>
      <DefinitionValueRelation>
        <UUID>11e9ee75-3c09-cbad-ace9-5ff23aa7cc38</UUID>
        <DefinitionValueUUID>db1110a1-3e82-4f2a-a894-4ed19f843554</DefinitionValueUUID>
      </DefinitionValueRelation>
    </ProductPolicyAttribute>
    <ProductBackendInfo name="Skye.MultibrickType">
      <UUID>8700100e-6863-49f6-b5a7-04dc4dcff38d</UUID>
      <Info />
    </ProductBackendInfo>
  </ProductBrick>
  <ProductBrick name="HomeCreatePolicy:Confirmation" visibilityLevel="2" brickClass=" " isAbstract="false" typeId="0">
    <UUID>fc07fa3c-033e-4c5f-8ac7-6070c057b34a</UUID>
    <SortOrder>40</SortOrder>
    <MinimumUsage>1</MinimumUsage>
    <MaximumUsage>1</MaximumUsage>
    <InitialUsage>1</InitialUsage>
    <PredecessorBrickUUID />
    <PredecessorBrickName />
    <ProductTextRelation>
      <ProductTextUUID>2572b282-3c30-4451-9847-b45d5ba3559c</ProductTextUUID>
    </ProductTextRelation>
    <ProductPolicyAttribute name="BackToPayment" visibilityLevel="4" mandatory="false" unit="" format="" numberOfDecimals="0" attributeClass=" " type="Action">
      <UUID>fc05ae0f-0045-40f2-b003-34ded6f9d3dc</UUID>
      <SortOrder>99</SortOrder>
      <InputType>Textbox</InputType>
      <DataType>String</DataType>
      <MaxLength>4000</MaxLength>
      <MinLength>0</MinLength>
      <ProductTextRelation>
        <ProductTextUUID>39bf95d8-81a7-4ca8-ab0d-b1c53c2e81db</ProductTextUUID>
      </ProductTextRelation>
      <ProductValueRangeRelation>
        <UUID>cb43b0f3-400d-4362-a11e-feb9366816ef</UUID>
        <SortOrder>99</SortOrder>
        <ProductValueRangeUUID>7574f905-7566-41b2-aae5-9761ffaa2a15</ProductValueRangeUUID>
      </ProductValueRangeRelation>
      <ProductBackendInfo name="Skye.AllowValueSetViaUnencryptedURL">
        <UUID>0a5ef193-fce4-4084-90a4-3f4b1133c15c</UUID>
        <Info>False</Info>
      </ProductBackendInfo>
      <ProductBackendInfo name="Skye.sendEventWithValidationErrorsAnalytics">
        <UUID>29a98222-b7a8-4c3c-b583-e6c8481f88b1</UUID>
        <Info>False</Info>
      </ProductBackendInfo>
      <ProductBackendInfo name="Skye.ActionAttribute.BindInvisibleCaptchaChallenge">
        <UUID>333fb45f-a161-424f-832f-1625f7b5c772</UUID>
        <Info>False</Info>
      </ProductBackendInfo>
      <ProductBackendInfo name="Skye.PersistOnAction">
        <UUID>3aba3b00-3e3b-4aff-aae2-6db7cb6f0e18</UUID>
        <Info>False</Info>
      </ProductBackendInfo>
      <ProductBackendInfo name="Skye.AttributeAlias">
        <UUID>4ff2f768-69b3-4180-aa23-4221083dedc5</UUID>
        <Info />
      </ProductBackendInfo>
      <ProductBackendInfo name="Skye.Core.DataSecurity">
        <UUID>7437cf74-d7ce-4ca8-b2b7-36ab8ad7e756</UUID>
        <Info>Standard</Info>
      </ProductBackendInfo>
      <ProductBackendInfo name="Skye.ControllerActionName">
        <UUID>7b8461f2-3085-4122-8523-3eb5458c542b</UUID>
        <Info>BackToPayment</Info>
      </ProductBackendInfo>
      <ProductBackendInfo name="Skye.StyleClass">
        <UUID>883d9d25-57b0-4285-ac9e-e859d23a3cd1</UUID>
        <Info>skyeAccordionBack</Info>
      </ProductBackendInfo>
      <ProductBackendInfo name="Skye.ProcessExitPoint">
        <UUID>a0c201b1-f106-423d-93c3-0129111a133f</UUID>
        <Info>False</Info>
      </ProductBackendInfo>
      <ProductBackendInfo name="Skye.TransitionProcessStep">
        <UUID>aa6c05ff-9e2d-4e8d-aa54-4f62dcb9ede8</UUID>
        <Info>HomeCreatePolicy:Payment</Info>
      </ProductBackendInfo>
      <ProductBackendInfo name="Skye.ValidateOnAction">
        <UUID>abefefa0-a4b7-4d72-87fd-5d6f3e77c3bd</UUID>
        <Info>False</Info>
      </ProductBackendInfo>
      <ProductBackendInfo name="Skye.UpdateProcessOnAction">
        <UUID>be2e60c4-c5a6-4e5b-aa25-08bf39d37831</UUID>
        <Info>True</Info>
      </ProductBackendInfo>
      <DefinitionValueRelation>
        <UUID>11e9ee75-3c09-cbae-ace9-5ff23aa7cc38</UUID>
        <DefinitionValueUUID>5f5d51a8-9c74-4b8f-ab2f-d77e5d375c08</DefinitionValueUUID>
      </DefinitionValueRelation>
    </ProductPolicyAttribute>
    <ProductBackendInfo name="Skye.MultibrickType">
      <UUID>8312daf5-c694-439b-a280-5448787f7df5</UUID>
      <Info />
    </ProductBackendInfo>
  </ProductBrick>
  <DefinitionDependentLists>
    <DefinitionDependencyDefaultValueList />
    <DefinitionDependencyValueRangeList />
    <DefinitionDependencyVisibilityList>
      <DefinitionDependencyVisibility name="NextSetVisibility#0">
        <UUID>22db0d3f-0a76-4fea-a821-3e77170bcda1</UUID>
        <ClientUUID>ffc97fa7-1f98-4b65-9191-d6ccc6046d1e</ClientUUID>
        <Operator>EQUALS</Operator>
        <SupplierValueUUID>c13e0d67-a8bc-436b-9906-d7e73c11c11f</SupplierValueUUID>
        <RefreshOnChange>false</RefreshOnChange>
        <DefinitionBusinessObjectContextRelation>
          <ContextUUID>0da049f5-59e3-4ae9-a18e-1ec321cee9c7</ContextUUID>
          <DefinitionObjectUUID>22db0d3f-0a76-4fea-a821-3e77170bcda1</DefinitionObjectUUID>
        </DefinitionBusinessObjectContextRelation>
        <SupplierReference>ref[HomeCreatePolicy.@CurrentProcessObject to Home].Payment.ConfirmReceipt</SupplierReference>
        <ClientVisibilityLevel>4</ClientVisibilityLevel>
      </DefinitionDependencyVisibility>
    </DefinitionDependencyVisibilityList>
    <DefinitionDependencyMandatoryList />
    <DefinitionDependencyToDependencyList />
    <DefinitionDependencyValueRangeFilterValuesList />
    <DefinitionDependencyDataSourceAttributeList />
  </DefinitionDependentLists>
</Product>