﻿<?xml version="1.0" encoding="utf-8"?>
<Product xmlns:xsd="http://www.w3.org/2001/XMLSchema" xmlns:xsi="http://www.w3.org/2001/XMLSchema-instance" name="SendEmailEvent" lastChanged="2019-10-22T15:03:09.7162373Z" implementationClass="" modelType="event" subModelType="" skyeEditorVersion="7.15.0.16">
  <UUID>5d87a424-8ab2-4c0f-8514-4a0647baf88a</UUID>
  <BusinessUnit> </BusinessUnit>
  <Section> </Section>
  <ProductTextList>
    <ProductText name="short" language="en" country="US">
      <UUID>a5f7e2a3-0cbe-4df8-90c9-03e59aced83c</UUID>
      <Text />
    </ProductText>
    <ProductText name="short" language="en" country="US">
      <UUID>aac68110-d5d6-4842-8466-3eabdbb5bcde</UUID>
      <Text />
    </ProductText>
    <ProductText name="short" language="en" country="US">
      <UUID>d7173ae5-0019-45d3-a0e1-7ac15adc850f</UUID>
      <Text />
    </ProductText>
    <ProductText name="short" language="en" country="US">
      <UUID>20096be2-3d6d-4863-aba9-b864afdb3156</UUID>
      <Text />
    </ProductText>
  </ProductTextList>
  <ProductValueRangeList />
  <DefinitionBusinessObjectContextList />
  <DefinitionResourceList />
  <ProductValueList>
    <ProductValue name="" type="value">
      <UUID>508f32ba-fd59-4577-9572-237572b50778</UUID>
      <SortOrder>0</SortOrder>
      <Value />
    </ProductValue>
    <ProductValue name="new" type="value">
      <UUID>b74359cc-c730-45af-be06-938717c5bcb4</UUID>
      <SortOrder>0</SortOrder>
      <Value>new</Value>
    </ProductValue>
    <ProductValue name="" type="value">
      <UUID>aebd4f59-2de5-41c8-9aba-16c9ebb9f96d</UUID>
      <SortOrder>0</SortOrder>
      <Value />
    </ProductValue>
    <ProductValue name="" type="value">
      <UUID>44c045e8-3258-4c48-8990-68a517f1facb</UUID>
      <SortOrder>0</SortOrder>
      <Value />
    </ProductValue>
  </ProductValueList>
  <ProductPolicyAttribute name="EventHandlerService" visibilityLevel="0" mandatory="false" unit="" format="" numberOfDecimals="0" attributeClass="" type="Standard">
    <UUID>1d88e791-7f92-4c23-b63e-29b87e578f14</UUID>
    <SortOrder>99</SortOrder>
    <InputType>Textbox</InputType>
    <DataType>String</DataType>
    <MaxLength>4000</MaxLength>
    <MinLength>0</MinLength>
    <ProductTextRelation>
      <UUID>13cc41b6-e3c6-4c38-93bb-713f2a513453</UUID>
      <ProductTextUUID>a5f7e2a3-0cbe-4df8-90c9-03e59aced83c</ProductTextUUID>
    </ProductTextRelation>
    <ProductBackendInfo name="Skye.AttributeAlias">
      <UUID>2f63c46f-c8e6-419c-9d38-7ace2de19342</UUID>
      <Info />
    </ProductBackendInfo>
    <ProductBackendInfo name="Skye.Core.DataSecurity">
      <UUID>c2f18230-4153-45ed-b8bb-31cab0f63ad7</UUID>
      <Info>Standard</Info>
    </ProductBackendInfo>
    <ProductBackendInfo name="Skye.AllowValueSetViaUnencryptedURL">
      <UUID>5f73556c-fad2-49c1-ae44-0b5f02a2471e</UUID>
      <Info>False</Info>
    </ProductBackendInfo>
    <DefinitionValueRelation>
      <DefinitionValueUUID>508f32ba-fd59-4577-9572-237572b50778</DefinitionValueUUID>
    </DefinitionValueRelation>
  </ProductPolicyAttribute>
  <ProductPolicyAttribute name="EventTriggerStatus" visibilityLevel="0" mandatory="false" unit="" format="" numberOfDecimals="0" attributeClass="" type="Standard">
    <UUID>bdf1f59e-4082-4187-b49a-3d3a66d9ff83</UUID>
    <SortOrder>99</SortOrder>
    <InputType>Textbox</InputType>
    <DataType>String</DataType>
    <MaxLength>4000</MaxLength>
    <MinLength>0</MinLength>
    <ProductTextRelation>
      <UUID>ebcaed48-3eb9-4e9e-bcf0-f16fbca072cd</UUID>
      <ProductTextUUID>aac68110-d5d6-4842-8466-3eabdbb5bcde</ProductTextUUID>
    </ProductTextRelation>
    <ProductBackendInfo name="Skye.AttributeAlias">
      <UUID>3bd57342-217e-412a-b927-b68d20414335</UUID>
      <Info />
    </ProductBackendInfo>
    <ProductBackendInfo name="Skye.Core.DataSecurity">
      <UUID>72def843-f414-45c1-b7ff-727bb1117fd4</UUID>
      <Info>Standard</Info>
    </ProductBackendInfo>
    <ProductBackendInfo name="Skye.AllowValueSetViaUnencryptedURL">
      <UUID>125150a6-38a6-4d9f-b93a-ef4d7309ef08</UUID>
      <Info>False</Info>
    </ProductBackendInfo>
    <DefinitionValueRelation>
      <DefinitionValueUUID>b74359cc-c730-45af-be06-938717c5bcb4</DefinitionValueUUID>
    </DefinitionValueRelation>
  </ProductPolicyAttribute>
  <ProductPolicyAttribute name="EventTriggerTime" visibilityLevel="0" mandatory="false" unit="" format="" numberOfDecimals="0" attributeClass="" type="Standard">
    <UUID>786560c0-ea8a-446f-b688-b318237712d1</UUID>
    <SortOrder>99</SortOrder>
    <InputType>Textbox</InputType>
    <DataType>String</DataType>
    <MaxLength>4000</MaxLength>
    <MinLength>0</MinLength>
    <ProductTextRelation>
      <UUID>5c34a404-9155-4a18-aeae-9eac490fcb68</UUID>
      <ProductTextUUID>d7173ae5-0019-45d3-a0e1-7ac15adc850f</ProductTextUUID>
    </ProductTextRelation>
    <ProductBackendInfo name="Skye.AttributeAlias">
      <UUID>e8d46258-dd7a-4ddc-b61f-5af7a57449e1</UUID>
      <Info />
    </ProductBackendInfo>
    <ProductBackendInfo name="Skye.Core.DataSecurity">
      <UUID>c6d16560-0366-476b-9bb0-320450fe802d</UUID>
      <Info>Standard</Info>
    </ProductBackendInfo>
    <ProductBackendInfo name="Skye.AllowValueSetViaUnencryptedURL">
      <UUID>bc507d48-19a2-4206-9a8e-f01966a046d4</UUID>
      <Info>False</Info>
    </ProductBackendInfo>
    <DefinitionValueRelation>
      <DefinitionValueUUID>aebd4f59-2de5-41c8-9aba-16c9ebb9f96d</DefinitionValueUUID>
    </DefinitionValueRelation>
  </ProductPolicyAttribute>
  <ProductPolicyAttribute name="Locale" visibilityLevel="0" mandatory="false" unit="" format="" numberOfDecimals="0" attributeClass="" type="Standard">
    <UUID>3bcfb52e-b734-4615-9676-f3fb1e5eb107</UUID>
    <SortOrder>99</SortOrder>
    <InputType>Textbox</InputType>
    <DataType>String</DataType>
    <MaxLength>4000</MaxLength>
    <MinLength>0</MinLength>
    <ProductTextRelation>
      <UUID>57c7dbb8-adac-4ea4-bf02-45b3890cc524</UUID>
      <ProductTextUUID>20096be2-3d6d-4863-aba9-b864afdb3156</ProductTextUUID>
    </ProductTextRelation>
    <ProductBackendInfo name="Skye.AttributeAlias">
      <UUID>d10b6a0c-a85e-48c7-8881-c7cfba296a03</UUID>
      <Info />
    </ProductBackendInfo>
    <ProductBackendInfo name="Skye.Core.DataSecurity">
      <UUID>14be2240-2b33-450f-8ed1-38b42231d3ff</UUID>
      <Info>Standard</Info>
    </ProductBackendInfo>
    <ProductBackendInfo name="Skye.AllowValueSetViaUnencryptedURL">
      <UUID>5a48afe2-16c9-4061-83c1-5ea3e2a19cbd</UUID>
      <Info>False</Info>
    </ProductBackendInfo>
    <DefinitionValueRelation>
      <DefinitionValueUUID>44c045e8-3258-4c48-8990-68a517f1facb</DefinitionValueUUID>
    </DefinitionValueRelation>
  </ProductPolicyAttribute>
  <DefinitionDependentLists>
    <DefinitionDependencyDefaultValueList />
    <DefinitionDependencyValueRangeList />
    <DefinitionDependencyVisibilityList />
    <DefinitionDependencyMandatoryList />
    <DefinitionDependencyToDependencyList />
    <DefinitionDependencyValueRangeFilterValuesList />
    <DefinitionDependencyDataSourceAttributeList />
  </DefinitionDependentLists>
</Product>