﻿<?xml version="1.0" encoding="utf-8"?>
<Product xmlns:xsd="http://www.w3.org/2001/XMLSchema" xmlns:xsi="http://www.w3.org/2001/XMLSchema-instance" name="SendEmailEvent" lastChanged="2019-11-29T15:38:33.3037455Z" implementationClass="" modelType="event" subModelType="" skyeEditorVersion="7.15.0.16">
  <UUID>47e3e89b-ed9c-4061-9344-cc08b63d2249</UUID>
  <BusinessUnit> </BusinessUnit>
  <Section> </Section>
  <ProductTextList>
    <ProductText name="short" language="en" country="US">
      <UUID>b2c8e112-c810-4046-90d8-88ca5fd1a93d</UUID>
      <Text />
    </ProductText>
    <ProductText name="short" language="en" country="US">
      <UUID>16146cea-aa7e-413a-8c0e-35588fece1e2</UUID>
      <Text />
    </ProductText>
    <ProductText name="short" language="en" country="US">
      <UUID>6065f105-9b08-47e5-a21a-8a2c0a0a5135</UUID>
      <Text />
    </ProductText>
    <ProductText name="short" language="en" country="US">
      <UUID>0ad6776c-e4ce-4a61-a1c1-24080524d62f</UUID>
      <Text />
    </ProductText>
    <ProductText name="short" language="en" country="US">
      <UUID>af73a434-c1f8-4751-9495-5b3614469d7f</UUID>
      <Text />
    </ProductText>
    <ProductText name="short" language="en" country="US">
      <UUID>6b49518a-4573-44f1-a213-69b62690ff45</UUID>
      <Text />
    </ProductText>
    <ProductText name="short" language="en" country="US">
      <UUID>ffbc38aa-f826-42ac-ac60-d5d875ad605a</UUID>
      <Text />
    </ProductText>
  </ProductTextList>
  <ProductValueRangeList />
  <DefinitionBusinessObjectContextList />
  <DefinitionResourceList />
  <ProductValueList>
    <ProductValue name="public" type="value">
      <UUID>ca6ef684-7828-41d8-a935-acd678e1c8a4</UUID>
      <SortOrder>0</SortOrder>
      <Value>public</Value>
    </ProductValue>
    <ProductValue name="SendEmailMessageEvent" type="value">
      <UUID>a470f3cd-a618-4a56-9c33-541c17da97f8</UUID>
      <SortOrder>0</SortOrder>
      <Value>SendEmailMessageEvent</Value>
    </ProductValue>
    <ProductValue name="new" type="value">
      <UUID>98e5c58f-0fb8-4a9a-8684-28b2c41053e5</UUID>
      <SortOrder>0</SortOrder>
      <Value>new</Value>
    </ProductValue>
    <ProductValue name="%{TODAY + TIME(NOW)}" type="value">
      <UUID>0be48f4c-ba0c-4a98-b75c-62386a5d5e49</UUID>
      <SortOrder>0</SortOrder>
      <Value>%{TODAY + TIME(NOW)}</Value>
    </ProductValue>
    <ProductValue name="email" type="value">
      <UUID>9246e516-9e61-4d23-b24a-737b188c397b</UUID>
      <SortOrder>0</SortOrder>
      <Value>email</Value>
    </ProductValue>
    <ProductValue name="en_US" type="value">
      <UUID>ac1c3b16-67b6-466f-84e7-ff91f3a6f463</UUID>
      <SortOrder>0</SortOrder>
      <Value>en_US</Value>
    </ProductValue>
    <ProductValue name="anonymous" type="value">
      <UUID>3c92dc8b-b53a-4657-8823-760fe3f71a8b</UUID>
      <SortOrder>0</SortOrder>
      <Value>anonymous</Value>
    </ProductValue>
  </ProductValueList>
  <ProductPolicyAttribute name="@Channel" visibilityLevel="0" mandatory="false" unit="" format="" numberOfDecimals="0" attributeClass="" type="Standard">
    <UUID>92daf2c3-8281-4ee7-bc2d-69e487eb1628</UUID>
    <SortOrder>99</SortOrder>
    <InputType>Textbox</InputType>
    <DataType>String</DataType>
    <MaxLength>4000</MaxLength>
    <MinLength>0</MinLength>
    <ProductTextRelation>
      <UUID>eebeef92-294a-4259-ae06-d04aa1529da9</UUID>
      <ProductTextUUID>b2c8e112-c810-4046-90d8-88ca5fd1a93d</ProductTextUUID>
    </ProductTextRelation>
    <ProductBackendInfo name="Skye.AttributeAlias">
      <UUID>93945a87-b448-4e05-8242-206820f6dff5</UUID>
      <Info />
    </ProductBackendInfo>
    <ProductBackendInfo name="Skye.Core.DataSecurity">
      <UUID>0409df47-fad1-495c-a942-01ead178cf76</UUID>
      <Info>Standard</Info>
    </ProductBackendInfo>
    <ProductBackendInfo name="Skye.AllowValueSetViaUnencryptedURL">
      <UUID>1b9d22cc-4d83-411a-a79d-b29500360d88</UUID>
      <Info>False</Info>
    </ProductBackendInfo>
    <DefinitionValueRelation>
      <DefinitionValueUUID>ca6ef684-7828-41d8-a935-acd678e1c8a4</DefinitionValueUUID>
    </DefinitionValueRelation>
  </ProductPolicyAttribute>
  <ProductPolicyAttribute name="@EventHandlerService" visibilityLevel="0" mandatory="false" unit="" format="" numberOfDecimals="0" attributeClass="" type="Standard">
    <UUID>edcfd135-0085-4665-b993-c1c9f396aa62</UUID>
    <SortOrder>99</SortOrder>
    <InputType>Textbox</InputType>
    <DataType>String</DataType>
    <MaxLength>4000</MaxLength>
    <MinLength>0</MinLength>
    <ProductTextRelation>
      <UUID>e53a22a6-3754-4bac-8b4e-58b577bee5b0</UUID>
      <ProductTextUUID>16146cea-aa7e-413a-8c0e-35588fece1e2</ProductTextUUID>
    </ProductTextRelation>
    <ProductBackendInfo name="Skye.AttributeAlias">
      <UUID>2f8c5471-65a3-4f08-ad62-8f20e0d46ee6</UUID>
      <Info />
    </ProductBackendInfo>
    <ProductBackendInfo name="Skye.Core.DataSecurity">
      <UUID>1c0e9b70-aa50-4f50-8062-ab135343dec4</UUID>
      <Info>Standard</Info>
    </ProductBackendInfo>
    <ProductBackendInfo name="Skye.AllowValueSetViaUnencryptedURL">
      <UUID>f9fff111-36c5-4916-8493-0637e685bc8b</UUID>
      <Info>False</Info>
    </ProductBackendInfo>
    <DefinitionValueRelation>
      <DefinitionValueUUID>a470f3cd-a618-4a56-9c33-541c17da97f8</DefinitionValueUUID>
    </DefinitionValueRelation>
  </ProductPolicyAttribute>
  <ProductPolicyAttribute name="@EventTriggerStatus" visibilityLevel="0" mandatory="false" unit="" format="" numberOfDecimals="0" attributeClass="" type="Standard">
    <UUID>ee2b0c80-c9c2-4f6b-88ca-5b47ea874728</UUID>
    <SortOrder>99</SortOrder>
    <InputType>Textbox</InputType>
    <DataType>String</DataType>
    <MaxLength>4000</MaxLength>
    <MinLength>0</MinLength>
    <ProductTextRelation>
      <UUID>8641f3a2-e60e-415f-bb0f-b8f35cc78859</UUID>
      <ProductTextUUID>6065f105-9b08-47e5-a21a-8a2c0a0a5135</ProductTextUUID>
    </ProductTextRelation>
    <ProductBackendInfo name="Skye.AttributeAlias">
      <UUID>4f8ab3f9-533d-4205-8c4e-1aa2006a57eb</UUID>
      <Info />
    </ProductBackendInfo>
    <ProductBackendInfo name="Skye.Core.DataSecurity">
      <UUID>586297c1-1ae5-44bd-9170-bfb5e842b9e6</UUID>
      <Info>Standard</Info>
    </ProductBackendInfo>
    <ProductBackendInfo name="Skye.AllowValueSetViaUnencryptedURL">
      <UUID>f0392b9c-24a3-4e68-8de5-6f2a437b039a</UUID>
      <Info>False</Info>
    </ProductBackendInfo>
    <DefinitionValueRelation>
      <DefinitionValueUUID>98e5c58f-0fb8-4a9a-8684-28b2c41053e5</DefinitionValueUUID>
    </DefinitionValueRelation>
  </ProductPolicyAttribute>
  <ProductPolicyAttribute name="@EventTriggerTime" visibilityLevel="0" mandatory="false" unit="" format="" numberOfDecimals="0" attributeClass="" type="Standard">
    <UUID>6f62a975-cf97-46f3-826b-a9e825ae51cb</UUID>
    <SortOrder>99</SortOrder>
    <InputType>Textbox</InputType>
    <DataType>String</DataType>
    <MaxLength>4000</MaxLength>
    <MinLength>0</MinLength>
    <ProductTextRelation>
      <UUID>5282aa97-2211-43d2-b156-f15c92610b32</UUID>
      <ProductTextUUID>0ad6776c-e4ce-4a61-a1c1-24080524d62f</ProductTextUUID>
    </ProductTextRelation>
    <ProductBackendInfo name="Skye.AttributeAlias">
      <UUID>09a5870d-ff88-4bf0-bf3f-54aec196887c</UUID>
      <Info />
    </ProductBackendInfo>
    <ProductBackendInfo name="Skye.Core.DataSecurity">
      <UUID>a46d8454-7c8a-4da6-9e50-5ad51813c783</UUID>
      <Info>Standard</Info>
    </ProductBackendInfo>
    <ProductBackendInfo name="Skye.AllowValueSetViaUnencryptedURL">
      <UUID>647090c8-f42e-4d54-96e3-f6518ac0a42c</UUID>
      <Info>False</Info>
    </ProductBackendInfo>
    <DefinitionValueRelation>
      <DefinitionValueUUID>0be48f4c-ba0c-4a98-b75c-62386a5d5e49</DefinitionValueUUID>
    </DefinitionValueRelation>
  </ProductPolicyAttribute>
  <ProductPolicyAttribute name="@EventTriggerTypeId" visibilityLevel="0" mandatory="false" unit="" format="" numberOfDecimals="0" attributeClass="" type="Standard">
    <UUID>7bbb62ce-3cf0-48a0-83de-fce3ab797e78</UUID>
    <SortOrder>99</SortOrder>
    <InputType>Textbox</InputType>
    <DataType>String</DataType>
    <MaxLength>4000</MaxLength>
    <MinLength>0</MinLength>
    <ProductTextRelation>
      <UUID>25f5908c-15fd-45e9-bf2f-0aac9298c8a9</UUID>
      <ProductTextUUID>af73a434-c1f8-4751-9495-5b3614469d7f</ProductTextUUID>
    </ProductTextRelation>
    <ProductBackendInfo name="Skye.AttributeAlias">
      <UUID>a788de63-edda-4e76-8027-91a5ffece7a3</UUID>
      <Info />
    </ProductBackendInfo>
    <ProductBackendInfo name="Skye.Core.DataSecurity">
      <UUID>1b1be30e-91f9-46f7-9002-858a12aa36fa</UUID>
      <Info>Standard</Info>
    </ProductBackendInfo>
    <ProductBackendInfo name="Skye.AllowValueSetViaUnencryptedURL">
      <UUID>30278f92-2f20-4f51-9efb-76891d6b79b9</UUID>
      <Info>False</Info>
    </ProductBackendInfo>
    <DefinitionValueRelation>
      <DefinitionValueUUID>9246e516-9e61-4d23-b24a-737b188c397b</DefinitionValueUUID>
    </DefinitionValueRelation>
  </ProductPolicyAttribute>
  <ProductPolicyAttribute name="@Locale" visibilityLevel="0" mandatory="false" unit="" format="" numberOfDecimals="0" attributeClass="" type="Standard">
    <UUID>f064016b-585f-4e2d-88d0-8d7b96937ad0</UUID>
    <SortOrder>99</SortOrder>
    <InputType>Textbox</InputType>
    <DataType>String</DataType>
    <MaxLength>4000</MaxLength>
    <MinLength>0</MinLength>
    <ProductTextRelation>
      <UUID>c442cf5b-3657-4373-83ee-ee95a1a925eb</UUID>
      <ProductTextUUID>6b49518a-4573-44f1-a213-69b62690ff45</ProductTextUUID>
    </ProductTextRelation>
    <ProductBackendInfo name="Skye.AttributeAlias">
      <UUID>0216ed3c-f47e-4402-a5a6-eff5190d39be</UUID>
      <Info />
    </ProductBackendInfo>
    <ProductBackendInfo name="Skye.Core.DataSecurity">
      <UUID>903fb04c-1b86-441b-9629-ce0ad4d07371</UUID>
      <Info>Standard</Info>
    </ProductBackendInfo>
    <ProductBackendInfo name="Skye.AllowValueSetViaUnencryptedURL">
      <UUID>68c397b2-940c-4098-af9b-9b20c5d93a72</UUID>
      <Info>False</Info>
    </ProductBackendInfo>
    <DefinitionValueRelation>
      <DefinitionValueUUID>ac1c3b16-67b6-466f-84e7-ff91f3a6f463</DefinitionValueUUID>
    </DefinitionValueRelation>
  </ProductPolicyAttribute>
  <ProductPolicyAttribute name="@Role" visibilityLevel="0" mandatory="false" unit="" format="" numberOfDecimals="0" attributeClass="" type="Standard">
    <UUID>4b450a1c-29c4-4b6e-93d0-002b1c8c9b67</UUID>
    <SortOrder>99</SortOrder>
    <InputType>Textbox</InputType>
    <DataType>String</DataType>
    <MaxLength>4000</MaxLength>
    <MinLength>0</MinLength>
    <ProductTextRelation>
      <UUID>1f8b1ab1-e5c2-4686-bb43-92b0c27ae77e</UUID>
      <ProductTextUUID>ffbc38aa-f826-42ac-ac60-d5d875ad605a</ProductTextUUID>
    </ProductTextRelation>
    <ProductBackendInfo name="Skye.AttributeAlias">
      <UUID>e744b7db-2a26-476c-9f9e-8cb1799802c3</UUID>
      <Info />
    </ProductBackendInfo>
    <ProductBackendInfo name="Skye.Core.DataSecurity">
      <UUID>46f5037d-f7f1-45ef-bfcd-8b3b735ab5dc</UUID>
      <Info>Standard</Info>
    </ProductBackendInfo>
    <ProductBackendInfo name="Skye.AllowValueSetViaUnencryptedURL">
      <UUID>28ea6729-b80f-42ff-b55f-a9dd7eedbc71</UUID>
      <Info>False</Info>
    </ProductBackendInfo>
    <DefinitionValueRelation>
      <DefinitionValueUUID>3c92dc8b-b53a-4657-8823-760fe3f71a8b</DefinitionValueUUID>
    </DefinitionValueRelation>
  </ProductPolicyAttribute>
  <DefinitionDependentLists>
    <DefinitionDependencyDefaultValueList />
    <DefinitionDependencyValueRangeList />
    <DefinitionDependencyVisibilityList />
    <DefinitionDependencyMandatoryList />
    <DefinitionDependencyToDependencyList />
    <DefinitionDependencyValueRangeFilterValuesList />
    <DefinitionDependencyDataSourceAttributeList />
  </DefinitionDependentLists>
</Product>