﻿<?xml version="1.0" encoding="utf-8"?>
<Product xmlns:xsd="http://www.w3.org/2001/XMLSchema" xmlns:xsi="http://www.w3.org/2001/XMLSchema-instance" name="MyZoneUIDefinition" lastChanged="2020-05-18T13:26:07.2951646Z" implementationClass=" " versionUuid=" " modelType="uidefinition" subModelType="ZonePageLayout" skyeEditorVersion="7.26.1.50">
  <UUID>53475308-4145-49e0-94af-463c19091c05</UUID>
  <SortOrder>0</SortOrder>
  <BusinessUnit> </BusinessUnit>
  <Section> </Section>
  <ProductTextList />
  <ProductValueRangeList />
  <DefinitionBusinessObjectContextList />
  <DefinitionResourceList />
  <AbstractProductBrickList />
  <ProductValueList />
  <ProductBrick name="Row1" visibilityLevel="3" brickClass=" " isAbstract="false" typeId="0">
    <UUID>75582b50-05f2-4866-825e-13e54d272b36</UUID>
    <SortOrder>99</SortOrder>
    <MinimumUsage>1</MinimumUsage>
    <MaximumUsage>1</MaximumUsage>
    <InitialUsage>1</InitialUsage>
    <ProductBackendInfo name="Skye.MultibrickType">
      <UUID>e6ce0218-459b-4343-9c2c-230b1b8b94b0</UUID>
      <Info />
    </ProductBackendInfo>
  </ProductBrick>
  <ProductBrick name="Row2" visibilityLevel="3" brickClass=" " isAbstract="false" typeId="0">
    <UUID>f84ecc7d-371d-458b-b2e8-e4d09a3ac27a</UUID>
    <SortOrder>99</SortOrder>
    <MinimumUsage>1</MinimumUsage>
    <MaximumUsage>1</MaximumUsage>
    <InitialUsage>1</InitialUsage>
    <ProductBackendInfo name="Skye.MultibrickType">
      <UUID>ea650adc-6c42-422e-a0d9-8a585fdc5078</UUID>
      <Info />
    </ProductBackendInfo>
  </ProductBrick>
  <ProductBrick name="Row3" visibilityLevel="3" brickClass="" isAbstract="false" typeId="0">
    <UUID>bb3357e8-41b1-4c63-add4-505367cda766</UUID>
    <SortOrder>99</SortOrder>
    <MinimumUsage>1</MinimumUsage>
    <MaximumUsage>1</MaximumUsage>
    <InitialUsage>1</InitialUsage>
    <ProductBackendInfo name="Skye.MultibrickType">
      <UUID>63d5f950-0938-4540-b932-00ecd5186530</UUID>
      <Info />
    </ProductBackendInfo>
  </ProductBrick>
  <DefinitionDependentLists>
    <DefinitionDependencyDefaultValueList />
    <DefinitionDependencyValueRangeList />
    <DefinitionDependencyVisibilityList />
    <DefinitionDependencyMandatoryList />
    <DefinitionDependencyToDependencyList />
    <DefinitionDependencyValueRangeFilterValuesList />
    <DefinitionDependencyDataSourceAttributeList />
  </DefinitionDependentLists>
</Product>