﻿<?xml version="1.0" encoding="utf-8"?>
<Product xmlns:xsd="http://www.w3.org/2001/XMLSchema" xmlns:xsi="http://www.w3.org/2001/XMLSchema-instance" name="CallcenterAutomaticSearch" lastChanged="2019-10-21T12:10:30.9647968Z" implementationClass="" modelType="search" subModelType="automatic" skyeEditorVersion="7.15.0.16">
  <UUID>49b02a3a-d317-4941-916c-f8472b3fc0ba</UUID>
  <BusinessUnit> </BusinessUnit>
  <Section> </Section>
  <ProductTextList>
    <ProductText name="defaultSortingFieldLabel" language="en" country="US">
      <UUID>486a4477-ecd8-4452-8fe8-b4ddc3c94a0a</UUID>
      <Text />
    </ProductText>
    <ProductText name="short" language="en" country="US">
      <UUID>59ed94e6-32ca-4faa-b7d2-9a52ca51ab2a</UUID>
      <Text />
    </ProductText>
    <ProductText name="header" language="en" country="US">
      <UUID>b1e3c9ce-cd9a-4405-ba1e-0f2d5e9336d5</UUID>
      <Text>All quotes</Text>
    </ProductText>
    <ProductText name="header" language="en" country="US">
      <UUID>8f396bdd-de77-4353-a276-eaa4186d0512</UUID>
      <Text>Motor</Text>
    </ProductText>
    <ProductText name="searchInfo" language="en" country="US">
      <UUID>83a24691-017a-42fa-95b9-669a770787af</UUID>
      <Text />
    </ProductText>
    <ProductText name="searchNoRecords" language="en" country="US">
      <UUID>033e3fdd-1b74-43a2-9710-51dd46bde376</UUID>
      <Text />
    </ProductText>
    <ProductText name="defaultSortingFieldLabel" language="en" country="US">
      <UUID>be5d05c5-acfc-4387-9863-7189767ca1ef</UUID>
      <Text />
    </ProductText>
    <ProductText name="short" language="en" country="US">
      <UUID>e95b975c-9dd3-45d7-a765-2c533fc52d9c</UUID>
      <Text />
    </ProductText>
    <ProductText name="header" language="en" country="US">
      <UUID>32f14220-97d4-44b9-8ae9-bcddbb1b0fe0</UUID>
      <Text>Quotes</Text>
    </ProductText>
    <ProductText name="defaultSortingFieldLabel" language="en" country="US">
      <UUID>b628cdb7-89a8-439f-839b-d94ea8cf5991</UUID>
      <Text />
    </ProductText>
    <ProductText name="short" language="en" country="US">
      <UUID>5f7ff5d2-f8d6-4280-816a-888722a2a213</UUID>
      <Text />
    </ProductText>
    <ProductText name="header" language="en" country="US">
      <UUID>cb4c1046-af7a-4c29-a5b5-f0e9fb32e755</UUID>
      <Text>Mine</Text>
    </ProductText>
  </ProductTextList>
  <ProductValueRangeList>
    <ProductValueRange name="Reference.referencedModelsVR" type="fix">
      <UUID>f38e7284-0492-45c4-971e-9b11b39dd619</UUID>
    </ProductValueRange>
  </ProductValueRangeList>
  <DefinitionBusinessObjectContextList />
  <DefinitionResourceList />
  <AbstractProductBrickList />
  <ProductValueList>
    <ProductValue name="QUERY:(Motor)" type="value">
      <UUID>1ffaccd9-e9c5-4861-ba20-34a9133c7cea</UUID>
      <SortOrder>0</SortOrder>
      <Value>QUERY:(Motor)</Value>
    </ProductValue>
    <ProductValue name="" type="value">
      <UUID>23eae5a2-bbfa-4f51-a800-5ff12194f277</UUID>
      <SortOrder>0</SortOrder>
      <Value />
    </ProductValue>
    <ProductValue name="Motor" type="value">
      <UUID>de804ff1-e5c2-496e-b6cd-cce11fd0ac0a</UUID>
      <SortOrder>0</SortOrder>
      <Value>Motor</Value>
    </ProductValue>
    <ProductValue name="5" type="value">
      <UUID>35633210-f115-4d33-953f-6efa4e07d1bc</UUID>
      <SortOrder>0</SortOrder>
      <Value>5</Value>
    </ProductValue>
    <ProductValue name="searchTextAutoSearch" type="value">
      <UUID>c1feb55d-c15a-4a9a-a85f-1b1cbc13bf2c</UUID>
      <SortOrder>0</SortOrder>
      <Value>searchTextAutoSearch</Value>
    </ProductValue>
    <ProductValue name="LastModified" type="value">
      <UUID>42b037b6-dc2f-400e-8b2a-480698c9d879</UUID>
      <SortOrder>0</SortOrder>
      <Value>LastModified</Value>
    </ProductValue>
    <ProductValue name="" type="value">
      <UUID>34675882-1e05-49ed-915e-d175c7aa5923</UUID>
      <SortOrder>0</SortOrder>
      <Value />
    </ProductValue>
    <ProductValue name="QUERY:(*)" type="value">
      <UUID>e65e091e-f353-4edc-bd47-4d2b34d5de94</UUID>
      <SortOrder>0</SortOrder>
      <Value>QUERY:(*)</Value>
    </ProductValue>
    <ProductValue name="" type="value">
      <UUID>f99e3d0c-6ba2-483e-9a00-772f9232fb35</UUID>
      <SortOrder>0</SortOrder>
      <Value />
    </ProductValue>
    <ProductValue name="Motor" type="value">
      <UUID>76b73604-50cc-4307-a979-b1eda4150f4d</UUID>
      <SortOrder>0</SortOrder>
      <Value>Motor</Value>
    </ProductValue>
    <ProductValue name="5" type="value">
      <UUID>b2e87d6d-6d4a-47f7-9ad8-477ac3b9adeb</UUID>
      <SortOrder>0</SortOrder>
      <Value>5</Value>
    </ProductValue>
    <ProductValue name="searchTextAutoSearch" type="value">
      <UUID>1bb05506-93e5-4c2a-9b87-4248374d78eb</UUID>
      <SortOrder>0</SortOrder>
      <Value>searchTextAutoSearch</Value>
    </ProductValue>
    <ProductValue name="LastModified" type="value">
      <UUID>2fa65186-0f1e-449d-9eb7-d99395be6a62</UUID>
      <SortOrder>0</SortOrder>
      <Value>LastModified</Value>
    </ProductValue>
    <ProductValue name="QUERY:(*)" type="value">
      <UUID>fda668e3-b8d9-41bf-a74c-27b63bccf8e9</UUID>
      <SortOrder>0</SortOrder>
      <Value>QUERY:(*)</Value>
    </ProductValue>
    <ProductValue name="" type="value">
      <UUID>49418372-55a9-4868-a8a2-f0871a4c670e</UUID>
      <SortOrder>0</SortOrder>
      <Value />
    </ProductValue>
    <ProductValue name="Motor" type="value">
      <UUID>8b6159bb-dd58-4706-9290-82ac65f4badc</UUID>
      <SortOrder>0</SortOrder>
      <Value>Motor</Value>
    </ProductValue>
    <ProductValue name="5" type="value">
      <UUID>356b2e3e-c7b8-441b-acb7-6cfc9cc8eab9</UUID>
      <SortOrder>0</SortOrder>
      <Value>5</Value>
    </ProductValue>
    <ProductValue name="searchTextAutoSearch" type="value">
      <UUID>ddbb5fa5-8d68-483e-a99d-09b35132094b</UUID>
      <SortOrder>0</SortOrder>
      <Value>searchTextAutoSearch</Value>
    </ProductValue>
    <ProductValue name="LastModified" type="value">
      <UUID>6cc014d8-4755-466c-bcc4-5bc7d65d2651</UUID>
      <SortOrder>0</SortOrder>
      <Value>LastModified</Value>
    </ProductValue>
  </ProductValueList>
  <ProductPolicyAttribute name="@ComponentOwner" visibilityLevel="0" mandatory="false" unit="" format="" numberOfDecimals="0" attributeClass="" type="Reference">
    <UUID>eb5721a0-129b-42ab-90ea-001552474d28</UUID>
    <SortOrder>99</SortOrder>
    <InputType>Textbox</InputType>
    <DataType>product</DataType>
    <MaxLength>4000</MaxLength>
    <MinLength>0</MinLength>
    <ProductValueRangeRelation>
      <UUID>8b400a6b-732e-4053-b619-c0abc2fdf533</UUID>
      <SortOrder>99</SortOrder>
      <ProductValueRangeUUID>f38e7284-0492-45c4-971e-9b11b39dd619</ProductValueRangeUUID>
    </ProductValueRangeRelation>
    <ProductBackendInfo name="Skye.AttributeAlias">
      <UUID>eb1ddd7b-4158-4e18-98e4-9e64de3f36e6</UUID>
      <Info />
    </ProductBackendInfo>
    <ProductBackendInfo name="Skye.Core.DataSecurity">
      <UUID>4ee6f301-9b53-4a21-ab86-dfde01c61ec9</UUID>
      <Info>Standard</Info>
    </ProductBackendInfo>
    <ProductBackendInfo name="Skye.AllowValueSetViaUnencryptedURL">
      <UUID>f37f5b56-6557-483a-bc48-031dad23415e</UUID>
      <Info>False</Info>
    </ProductBackendInfo>
    <DefinitionValueRelation>
      <DefinitionValueUUID>34675882-1e05-49ed-915e-d175c7aa5923</DefinitionValueUUID>
    </DefinitionValueRelation>
  </ProductPolicyAttribute>
  <ProductTextRelation>
    <UUID>9731bd97-ccfa-43fe-a7be-80592646385c</UUID>
    <ProductTextUUID>8f396bdd-de77-4353-a276-eaa4186d0512</ProductTextUUID>
  </ProductTextRelation>
  <ProductTextRelation>
    <UUID>da476a78-e864-4a43-bff1-fe4b98ee2823</UUID>
    <ProductTextUUID>83a24691-017a-42fa-95b9-669a770787af</ProductTextUUID>
  </ProductTextRelation>
  <ProductTextRelation>
    <UUID>0da75376-5018-42be-8fb0-cb3f83504fa2</UUID>
    <ProductTextUUID>033e3fdd-1b74-43a2-9710-51dd46bde376</ProductTextUUID>
  </ProductTextRelation>
  <ProductBrick name="All" visibilityLevel="3" brickClass="" isAbstract="false" typeId="0">
    <UUID>62cc4018-fe38-47c3-b9b1-505f98d0defd</UUID>
    <SortOrder>1</SortOrder>
    <MinimumUsage>1</MinimumUsage>
    <MaximumUsage>1</MaximumUsage>
    <InitialUsage>1</InitialUsage>
    <ProductTextRelation>
      <UUID>bf4d95b5-10fa-4ee9-b9a3-ab3abb9d27f8</UUID>
      <ProductTextUUID>b1e3c9ce-cd9a-4405-ba1e-0f2d5e9336d5</ProductTextUUID>
    </ProductTextRelation>
    <ProductPolicyAttribute name="@SearchQuery" visibilityLevel="1" mandatory="false" unit="" format="" numberOfDecimals="0" attributeClass="" type="Standard">
      <UUID>4bb49c9a-df55-40a6-a9da-63efedc18344</UUID>
      <SortOrder>99</SortOrder>
      <InputType>Textbox</InputType>
      <DataType>String</DataType>
      <MaxLength>4000</MaxLength>
      <MinLength>0</MinLength>
      <ProductBackendInfo name="Skye.AttributeAlias">
        <UUID>e1a16174-7b15-4c63-a98f-390ab74dd816</UUID>
        <Info />
      </ProductBackendInfo>
      <ProductBackendInfo name="Skye.Core.DataSecurity">
        <UUID>bd2fb28f-ac52-4ea4-9ef0-33ab97ac128f</UUID>
        <Info>Standard</Info>
      </ProductBackendInfo>
      <ProductBackendInfo name="Skye.AllowValueSetViaUnencryptedURL">
        <UUID>b7a94209-de19-49cf-be2a-214a1160952e</UUID>
        <Info>False</Info>
      </ProductBackendInfo>
      <DefinitionValueRelation>
        <DefinitionValueUUID>1ffaccd9-e9c5-4861-ba20-34a9133c7cea</DefinitionValueUUID>
      </DefinitionValueRelation>
    </ProductPolicyAttribute>
    <ProductPolicyAttribute name="@SearchForModelTypes" visibilityLevel="1" mandatory="false" unit="" format="" numberOfDecimals="0" attributeClass="" type="Standard">
      <UUID>90ad32c3-be67-4e59-aaf0-6f2832e6784c</UUID>
      <SortOrder>99</SortOrder>
      <InputType>Textbox</InputType>
      <DataType>String</DataType>
      <MaxLength>4000</MaxLength>
      <MinLength>0</MinLength>
      <ProductBackendInfo name="Skye.AttributeAlias">
        <UUID>2e886eca-5c11-4edd-a6bc-35928a31f03b</UUID>
        <Info />
      </ProductBackendInfo>
      <ProductBackendInfo name="Skye.Core.DataSecurity">
        <UUID>6078603e-aa5d-4fb6-8f9f-476ecab1b08e</UUID>
        <Info>Standard</Info>
      </ProductBackendInfo>
      <ProductBackendInfo name="Skye.AllowValueSetViaUnencryptedURL">
        <UUID>e57d16fb-c55d-4664-80d5-99a6eb2c9759</UUID>
        <Info>False</Info>
      </ProductBackendInfo>
      <DefinitionValueRelation>
        <DefinitionValueUUID>23eae5a2-bbfa-4f51-a800-5ff12194f277</DefinitionValueUUID>
      </DefinitionValueRelation>
    </ProductPolicyAttribute>
    <ProductPolicyAttribute name="@SearchForModelTextIds" visibilityLevel="1" mandatory="false" unit="" format="" numberOfDecimals="0" attributeClass="" type="Standard">
      <UUID>78dec036-f6bf-42d4-a362-c57db5000258</UUID>
      <SortOrder>99</SortOrder>
      <InputType>Textbox</InputType>
      <DataType>String</DataType>
      <MaxLength>4000</MaxLength>
      <MinLength>0</MinLength>
      <ProductBackendInfo name="Skye.AttributeAlias">
        <UUID>594bda2a-d545-43ac-938c-92ef1de539f4</UUID>
        <Info />
      </ProductBackendInfo>
      <ProductBackendInfo name="Skye.Core.DataSecurity">
        <UUID>61b0231f-5f87-4fdb-9a41-1d0f4b60e0dd</UUID>
        <Info>Standard</Info>
      </ProductBackendInfo>
      <ProductBackendInfo name="Skye.AllowValueSetViaUnencryptedURL">
        <UUID>8108aa52-3ac0-468e-bcb9-20b5530302a6</UUID>
        <Info>False</Info>
      </ProductBackendInfo>
      <DefinitionValueRelation>
        <DefinitionValueUUID>de804ff1-e5c2-496e-b6cd-cce11fd0ac0a</DefinitionValueUUID>
      </DefinitionValueRelation>
    </ProductPolicyAttribute>
    <ProductPolicyAttribute name="@NumberOfSearchResultsPerPage" visibilityLevel="1" mandatory="false" unit="" format="" numberOfDecimals="0" attributeClass="" type="Standard">
      <UUID>41585e04-53cf-4845-b716-8f136a2505b8</UUID>
      <SortOrder>99</SortOrder>
      <InputType>Textbox</InputType>
      <DataType>String</DataType>
      <MaxLength>4000</MaxLength>
      <MinLength>0</MinLength>
      <ProductBackendInfo name="Skye.AttributeAlias">
        <UUID>bc5d2f2d-72e1-46c2-b7f0-78e745435a73</UUID>
        <Info />
      </ProductBackendInfo>
      <ProductBackendInfo name="Skye.Core.DataSecurity">
        <UUID>d38fae22-be81-4304-8e8f-be69745d70ed</UUID>
        <Info>Standard</Info>
      </ProductBackendInfo>
      <ProductBackendInfo name="Skye.AllowValueSetViaUnencryptedURL">
        <UUID>a697a23f-e10b-4c83-b4b4-1719f5a19132</UUID>
        <Info>False</Info>
      </ProductBackendInfo>
      <DefinitionValueRelation>
        <DefinitionValueUUID>35633210-f115-4d33-953f-6efa4e07d1bc</DefinitionValueUUID>
      </DefinitionValueRelation>
    </ProductPolicyAttribute>
    <ProductPolicyAttribute name="@SearchTextType" visibilityLevel="1" mandatory="false" unit="" format="" numberOfDecimals="0" attributeClass="" type="Standard">
      <UUID>02d44341-d44d-4c61-b662-222a770044e5</UUID>
      <SortOrder>99</SortOrder>
      <InputType>Textbox</InputType>
      <DataType>String</DataType>
      <MaxLength>4000</MaxLength>
      <MinLength>0</MinLength>
      <ProductBackendInfo name="Skye.AttributeAlias">
        <UUID>8ec2f42d-c977-4750-974a-4b752acc8238</UUID>
        <Info />
      </ProductBackendInfo>
      <ProductBackendInfo name="Skye.Core.DataSecurity">
        <UUID>51cbaedf-92f0-439e-bb0d-3e7832975e04</UUID>
        <Info>Standard</Info>
      </ProductBackendInfo>
      <ProductBackendInfo name="Skye.AllowValueSetViaUnencryptedURL">
        <UUID>adadc1ca-5c23-490f-b5c4-79cd7288cf69</UUID>
        <Info>False</Info>
      </ProductBackendInfo>
      <DefinitionValueRelation>
        <DefinitionValueUUID>c1feb55d-c15a-4a9a-a85f-1b1cbc13bf2c</DefinitionValueUUID>
      </DefinitionValueRelation>
    </ProductPolicyAttribute>
    <ProductPolicyAttribute name="@SearchSorting" visibilityLevel="0" mandatory="false" unit="" format="" numberOfDecimals="0" attributeClass="" type="Standard">
      <UUID>0d03935f-5d4c-4006-9838-1209fe0236ac</UUID>
      <SortOrder>99</SortOrder>
      <InputType>Textbox</InputType>
      <DataType>String</DataType>
      <MaxLength>4000</MaxLength>
      <MinLength>0</MinLength>
      <ProductTextRelation>
        <UUID>2beede09-12c7-4745-860f-38c1e3c3b6ff</UUID>
        <ProductTextUUID>486a4477-ecd8-4452-8fe8-b4ddc3c94a0a</ProductTextUUID>
      </ProductTextRelation>
      <ProductTextRelation>
        <UUID>66925c23-8988-422e-964c-35a106d2c1d8</UUID>
        <ProductTextUUID>59ed94e6-32ca-4faa-b7d2-9a52ca51ab2a</ProductTextUUID>
      </ProductTextRelation>
      <ProductBackendInfo name="Skye.AttributeAlias">
        <UUID>6006ef5c-c725-4fb3-a0c2-5d5058f1aa0b</UUID>
        <Info />
      </ProductBackendInfo>
      <ProductBackendInfo name="Skye.Core.DataSecurity">
        <UUID>b1a8d046-64d3-4e34-82f6-ac7ffb68306a</UUID>
        <Info>Standard</Info>
      </ProductBackendInfo>
      <ProductBackendInfo name="Skye.AllowValueSetViaUnencryptedURL">
        <UUID>438a9fec-ec96-42da-be3e-e66e2346b976</UUID>
        <Info>False</Info>
      </ProductBackendInfo>
      <ProductBackendInfo name="Skye.search.sortingOrder">
        <UUID>9065ac26-580a-4f53-b038-3cbfde90584a</UUID>
        <Info>Descending</Info>
      </ProductBackendInfo>
      <DefinitionValueRelation>
        <DefinitionValueUUID>42b037b6-dc2f-400e-8b2a-480698c9d879</DefinitionValueUUID>
      </DefinitionValueRelation>
    </ProductPolicyAttribute>
    <ProductBackendInfo name="Skye.MultibrickType">
      <UUID>64b114fb-e989-468a-b3e3-016025debf1e</UUID>
      <Info />
    </ProductBackendInfo>
  </ProductBrick>
  <ProductBrick name="Quotes" visibilityLevel="3" brickClass="" isAbstract="false" typeId="0">
    <UUID>112e5004-2962-4bf0-8396-a429d88cd1cd</UUID>
    <SortOrder>2</SortOrder>
    <MinimumUsage>1</MinimumUsage>
    <MaximumUsage>1</MaximumUsage>
    <InitialUsage>1</InitialUsage>
    <ProductTextRelation>
      <UUID>27e76a58-49e2-49ea-8859-7556c92210ed</UUID>
      <ProductTextUUID>32f14220-97d4-44b9-8ae9-bcddbb1b0fe0</ProductTextUUID>
    </ProductTextRelation>
    <ProductPolicyAttribute name="@SearchQuery" visibilityLevel="1" mandatory="false" unit="" format="" numberOfDecimals="0" attributeClass="" type="Standard">
      <UUID>f00a8e80-0fff-4dc0-b463-759de991d0bb</UUID>
      <SortOrder>99</SortOrder>
      <InputType>Textbox</InputType>
      <DataType>String</DataType>
      <MaxLength>4000</MaxLength>
      <MinLength>0</MinLength>
      <ProductBackendInfo name="Skye.AttributeAlias">
        <UUID>9d3853de-8ad3-40e3-a5eb-4a3897755163</UUID>
        <Info />
      </ProductBackendInfo>
      <ProductBackendInfo name="Skye.Core.DataSecurity">
        <UUID>c9ef78de-835e-45bc-b547-67693b534289</UUID>
        <Info>Standard</Info>
      </ProductBackendInfo>
      <ProductBackendInfo name="Skye.AllowValueSetViaUnencryptedURL">
        <UUID>bcf1580f-0eb6-4c63-a995-89eed238418b</UUID>
        <Info>False</Info>
      </ProductBackendInfo>
      <DefinitionValueRelation>
        <DefinitionValueUUID>e65e091e-f353-4edc-bd47-4d2b34d5de94</DefinitionValueUUID>
      </DefinitionValueRelation>
    </ProductPolicyAttribute>
    <ProductPolicyAttribute name="@SearchForModelTypes" visibilityLevel="1" mandatory="false" unit="" format="" numberOfDecimals="0" attributeClass="" type="Standard">
      <UUID>9d709d38-d2e9-4f30-9b53-5c0bdf24d072</UUID>
      <SortOrder>99</SortOrder>
      <InputType>Textbox</InputType>
      <DataType>String</DataType>
      <MaxLength>4000</MaxLength>
      <MinLength>0</MinLength>
      <ProductBackendInfo name="Skye.AttributeAlias">
        <UUID>37a78ff1-8f48-49a1-bcfe-35b28cc467fa</UUID>
        <Info />
      </ProductBackendInfo>
      <ProductBackendInfo name="Skye.Core.DataSecurity">
        <UUID>5cc2247f-efc8-4612-8a6d-b79ac42fe6f1</UUID>
        <Info>Standard</Info>
      </ProductBackendInfo>
      <ProductBackendInfo name="Skye.AllowValueSetViaUnencryptedURL">
        <UUID>cef9bab0-a52c-4c28-beb2-1025ab524224</UUID>
        <Info>False</Info>
      </ProductBackendInfo>
      <DefinitionValueRelation>
        <DefinitionValueUUID>f99e3d0c-6ba2-483e-9a00-772f9232fb35</DefinitionValueUUID>
      </DefinitionValueRelation>
    </ProductPolicyAttribute>
    <ProductPolicyAttribute name="@SearchForModelTextIds" visibilityLevel="1" mandatory="false" unit="" format="" numberOfDecimals="0" attributeClass="" type="Standard">
      <UUID>39fdd81b-02c1-48f7-b3a6-b530a6fde5a1</UUID>
      <SortOrder>99</SortOrder>
      <InputType>Textbox</InputType>
      <DataType>String</DataType>
      <MaxLength>4000</MaxLength>
      <MinLength>0</MinLength>
      <ProductBackendInfo name="Skye.AttributeAlias">
        <UUID>23323ad3-e89a-4b3e-92c0-e44f19d1b8bc</UUID>
        <Info />
      </ProductBackendInfo>
      <ProductBackendInfo name="Skye.Core.DataSecurity">
        <UUID>106798dc-14df-4fd0-90a8-665321d16bf4</UUID>
        <Info>Standard</Info>
      </ProductBackendInfo>
      <ProductBackendInfo name="Skye.AllowValueSetViaUnencryptedURL">
        <UUID>e7b2e308-af1a-4cbe-9e70-201d84ad437c</UUID>
        <Info>False</Info>
      </ProductBackendInfo>
      <DefinitionValueRelation>
        <DefinitionValueUUID>76b73604-50cc-4307-a979-b1eda4150f4d</DefinitionValueUUID>
      </DefinitionValueRelation>
    </ProductPolicyAttribute>
    <ProductPolicyAttribute name="@NumberOfSearchResultsPerPage" visibilityLevel="1" mandatory="false" unit="" format="" numberOfDecimals="0" attributeClass="" type="Standard">
      <UUID>654b46ec-8e1c-41a8-a153-bba3e3531a2c</UUID>
      <SortOrder>99</SortOrder>
      <InputType>Textbox</InputType>
      <DataType>String</DataType>
      <MaxLength>4000</MaxLength>
      <MinLength>0</MinLength>
      <ProductBackendInfo name="Skye.AttributeAlias">
        <UUID>c5689be4-8edd-4d90-8448-5f9f4e0b6741</UUID>
        <Info />
      </ProductBackendInfo>
      <ProductBackendInfo name="Skye.Core.DataSecurity">
        <UUID>fc5f16ab-d097-49c7-a35d-09e6a613e011</UUID>
        <Info>Standard</Info>
      </ProductBackendInfo>
      <ProductBackendInfo name="Skye.AllowValueSetViaUnencryptedURL">
        <UUID>bee0e703-b6ab-4751-9818-974e2cbab403</UUID>
        <Info>False</Info>
      </ProductBackendInfo>
      <DefinitionValueRelation>
        <DefinitionValueUUID>b2e87d6d-6d4a-47f7-9ad8-477ac3b9adeb</DefinitionValueUUID>
      </DefinitionValueRelation>
    </ProductPolicyAttribute>
    <ProductPolicyAttribute name="@SearchTextType" visibilityLevel="1" mandatory="false" unit="" format="" numberOfDecimals="0" attributeClass="" type="Standard">
      <UUID>c7a31991-8b94-46e4-a5d8-7dd250992c91</UUID>
      <SortOrder>99</SortOrder>
      <InputType>Textbox</InputType>
      <DataType>String</DataType>
      <MaxLength>4000</MaxLength>
      <MinLength>0</MinLength>
      <ProductBackendInfo name="Skye.AttributeAlias">
        <UUID>7330c260-6e6e-4dfa-a22d-1c70f1cf0a82</UUID>
        <Info />
      </ProductBackendInfo>
      <ProductBackendInfo name="Skye.Core.DataSecurity">
        <UUID>936a598f-2f62-4225-8994-4f688bedff59</UUID>
        <Info>Standard</Info>
      </ProductBackendInfo>
      <ProductBackendInfo name="Skye.AllowValueSetViaUnencryptedURL">
        <UUID>d4ed3b52-75bb-4de5-92b4-b004c07de0b8</UUID>
        <Info>False</Info>
      </ProductBackendInfo>
      <DefinitionValueRelation>
        <DefinitionValueUUID>1bb05506-93e5-4c2a-9b87-4248374d78eb</DefinitionValueUUID>
      </DefinitionValueRelation>
    </ProductPolicyAttribute>
    <ProductPolicyAttribute name="@SearchSorting" visibilityLevel="0" mandatory="false" unit="" format="" numberOfDecimals="0" attributeClass="" type="Standard">
      <UUID>7dac8de0-8655-44ae-b436-b51341ad2863</UUID>
      <SortOrder>99</SortOrder>
      <InputType>Textbox</InputType>
      <DataType>String</DataType>
      <MaxLength>4000</MaxLength>
      <MinLength>0</MinLength>
      <ProductTextRelation>
        <UUID>8a4e265d-9742-4a33-912f-f1db2809cc86</UUID>
        <ProductTextUUID>be5d05c5-acfc-4387-9863-7189767ca1ef</ProductTextUUID>
      </ProductTextRelation>
      <ProductTextRelation>
        <UUID>e5fd35a3-5db3-434c-8af0-860680082604</UUID>
        <ProductTextUUID>e95b975c-9dd3-45d7-a765-2c533fc52d9c</ProductTextUUID>
      </ProductTextRelation>
      <ProductBackendInfo name="Skye.AttributeAlias">
        <UUID>f3757f9c-4457-4e35-a24a-18d849623c41</UUID>
        <Info />
      </ProductBackendInfo>
      <ProductBackendInfo name="Skye.Core.DataSecurity">
        <UUID>cd554912-be6e-41cc-a64c-6bf46e0a1303</UUID>
        <Info>Standard</Info>
      </ProductBackendInfo>
      <ProductBackendInfo name="Skye.AllowValueSetViaUnencryptedURL">
        <UUID>0aac2bc8-d2c5-4062-b0d3-002e98a13b72</UUID>
        <Info>False</Info>
      </ProductBackendInfo>
      <ProductBackendInfo name="Skye.search.sortingOrder">
        <UUID>22354cde-326a-4e79-b7d0-e4fb9a12bdd4</UUID>
        <Info>Descending</Info>
      </ProductBackendInfo>
      <DefinitionValueRelation>
        <DefinitionValueUUID>2fa65186-0f1e-449d-9eb7-d99395be6a62</DefinitionValueUUID>
      </DefinitionValueRelation>
    </ProductPolicyAttribute>
    <ProductBackendInfo name="Skye.MultibrickType">
      <UUID>9997f08a-84b4-48e9-9c8c-b92804b5da4e</UUID>
      <Info />
    </ProductBackendInfo>
  </ProductBrick>
  <ProductBrick name="Mine" visibilityLevel="3" brickClass="" isAbstract="false" typeId="0">
    <UUID>6de608c0-fe4c-4ec7-b12f-1b5d9e9ce0fe</UUID>
    <SortOrder>3</SortOrder>
    <MinimumUsage>1</MinimumUsage>
    <MaximumUsage>1</MaximumUsage>
    <InitialUsage>1</InitialUsage>
    <ProductTextRelation>
      <UUID>53a5e913-d8da-4469-b38f-5dd4abc06ef0</UUID>
      <ProductTextUUID>cb4c1046-af7a-4c29-a5b5-f0e9fb32e755</ProductTextUUID>
    </ProductTextRelation>
    <ProductPolicyAttribute name="@SearchQuery" visibilityLevel="1" mandatory="false" unit="" format="" numberOfDecimals="0" attributeClass="" type="Standard">
      <UUID>02bf9d8f-1602-4907-b770-d75ca85512c6</UUID>
      <SortOrder>99</SortOrder>
      <InputType>Textbox</InputType>
      <DataType>String</DataType>
      <MaxLength>4000</MaxLength>
      <MinLength>0</MinLength>
      <ProductBackendInfo name="Skye.AttributeAlias">
        <UUID>ffc9c6d3-2792-4d3c-b8ba-d99bf15ab2a6</UUID>
        <Info />
      </ProductBackendInfo>
      <ProductBackendInfo name="Skye.Core.DataSecurity">
        <UUID>459ec658-418b-48ea-8829-f5f3fd244d00</UUID>
        <Info>Standard</Info>
      </ProductBackendInfo>
      <ProductBackendInfo name="Skye.AllowValueSetViaUnencryptedURL">
        <UUID>17d81181-a9f6-400e-8b7b-533af632940e</UUID>
        <Info>False</Info>
      </ProductBackendInfo>
      <DefinitionValueRelation>
        <DefinitionValueUUID>fda668e3-b8d9-41bf-a74c-27b63bccf8e9</DefinitionValueUUID>
      </DefinitionValueRelation>
    </ProductPolicyAttribute>
    <ProductPolicyAttribute name="@SearchForModelTypes" visibilityLevel="1" mandatory="false" unit="" format="" numberOfDecimals="0" attributeClass="" type="Standard">
      <UUID>41bd5026-1f3b-4a08-a329-314e12ef9f32</UUID>
      <SortOrder>99</SortOrder>
      <InputType>Textbox</InputType>
      <DataType>String</DataType>
      <MaxLength>4000</MaxLength>
      <MinLength>0</MinLength>
      <ProductBackendInfo name="Skye.AttributeAlias">
        <UUID>790dc927-09f1-4f9a-b4bd-69441ec40608</UUID>
        <Info />
      </ProductBackendInfo>
      <ProductBackendInfo name="Skye.Core.DataSecurity">
        <UUID>0878a237-5729-448b-aa82-aeaa2ffdd613</UUID>
        <Info>Standard</Info>
      </ProductBackendInfo>
      <ProductBackendInfo name="Skye.AllowValueSetViaUnencryptedURL">
        <UUID>c525e316-758f-4b69-90b8-462956314bec</UUID>
        <Info>False</Info>
      </ProductBackendInfo>
      <DefinitionValueRelation>
        <DefinitionValueUUID>49418372-55a9-4868-a8a2-f0871a4c670e</DefinitionValueUUID>
      </DefinitionValueRelation>
    </ProductPolicyAttribute>
    <ProductPolicyAttribute name="@SearchForModelTextIds" visibilityLevel="1" mandatory="false" unit="" format="" numberOfDecimals="0" attributeClass="" type="Standard">
      <UUID>5597a6eb-32aa-4624-8ccc-f53dec00c0f1</UUID>
      <SortOrder>99</SortOrder>
      <InputType>Textbox</InputType>
      <DataType>String</DataType>
      <MaxLength>4000</MaxLength>
      <MinLength>0</MinLength>
      <ProductBackendInfo name="Skye.AttributeAlias">
        <UUID>03283f45-dce1-4af9-a728-89d8ee195bc0</UUID>
        <Info />
      </ProductBackendInfo>
      <ProductBackendInfo name="Skye.Core.DataSecurity">
        <UUID>9143b127-e59b-4ab2-9477-4ac9aa046849</UUID>
        <Info>Standard</Info>
      </ProductBackendInfo>
      <ProductBackendInfo name="Skye.AllowValueSetViaUnencryptedURL">
        <UUID>ca6c4475-b079-4097-b094-25a8c5acbd6e</UUID>
        <Info>False</Info>
      </ProductBackendInfo>
      <DefinitionValueRelation>
        <DefinitionValueUUID>8b6159bb-dd58-4706-9290-82ac65f4badc</DefinitionValueUUID>
      </DefinitionValueRelation>
    </ProductPolicyAttribute>
    <ProductPolicyAttribute name="@NumberOfSearchResultsPerPage" visibilityLevel="1" mandatory="false" unit="" format="" numberOfDecimals="0" attributeClass="" type="Standard">
      <UUID>294f9876-c166-4150-95be-8a98a4e73dbc</UUID>
      <SortOrder>99</SortOrder>
      <InputType>Textbox</InputType>
      <DataType>String</DataType>
      <MaxLength>4000</MaxLength>
      <MinLength>0</MinLength>
      <ProductBackendInfo name="Skye.AttributeAlias">
        <UUID>f4c82092-ddc1-4af5-8b29-f5a21803b2fd</UUID>
        <Info />
      </ProductBackendInfo>
      <ProductBackendInfo name="Skye.Core.DataSecurity">
        <UUID>e99ba5c1-98bc-42bd-87ad-29c76c0572ed</UUID>
        <Info>Standard</Info>
      </ProductBackendInfo>
      <ProductBackendInfo name="Skye.AllowValueSetViaUnencryptedURL">
        <UUID>da0bf69c-fe4b-4734-aefe-38ea5c2c4f65</UUID>
        <Info>False</Info>
      </ProductBackendInfo>
      <DefinitionValueRelation>
        <DefinitionValueUUID>356b2e3e-c7b8-441b-acb7-6cfc9cc8eab9</DefinitionValueUUID>
      </DefinitionValueRelation>
    </ProductPolicyAttribute>
    <ProductPolicyAttribute name="@SearchTextType" visibilityLevel="1" mandatory="false" unit="" format="" numberOfDecimals="0" attributeClass="" type="Standard">
      <UUID>42836571-3dc2-4973-9133-0d16703b01bf</UUID>
      <SortOrder>99</SortOrder>
      <InputType>Textbox</InputType>
      <DataType>String</DataType>
      <MaxLength>4000</MaxLength>
      <MinLength>0</MinLength>
      <ProductBackendInfo name="Skye.AttributeAlias">
        <UUID>9e7bcfed-9f23-4f55-b449-784f88c837ca</UUID>
        <Info />
      </ProductBackendInfo>
      <ProductBackendInfo name="Skye.Core.DataSecurity">
        <UUID>a97d4dd2-5e5d-4f2a-a914-29a28ccfdd86</UUID>
        <Info>Standard</Info>
      </ProductBackendInfo>
      <ProductBackendInfo name="Skye.AllowValueSetViaUnencryptedURL">
        <UUID>5379b7e6-7490-46d3-bb6f-df9588276c4e</UUID>
        <Info>False</Info>
      </ProductBackendInfo>
      <DefinitionValueRelation>
        <DefinitionValueUUID>ddbb5fa5-8d68-483e-a99d-09b35132094b</DefinitionValueUUID>
      </DefinitionValueRelation>
    </ProductPolicyAttribute>
    <ProductPolicyAttribute name="@SearchSorting" visibilityLevel="0" mandatory="false" unit="" format="" numberOfDecimals="0" attributeClass="" type="Standard">
      <UUID>c488ad16-e6e0-462d-a199-d50c9713b856</UUID>
      <SortOrder>99</SortOrder>
      <InputType>Textbox</InputType>
      <DataType>String</DataType>
      <MaxLength>4000</MaxLength>
      <MinLength>0</MinLength>
      <ProductTextRelation>
        <UUID>836cc4f9-f1e7-4add-94f2-17233e6ed3e3</UUID>
        <ProductTextUUID>b628cdb7-89a8-439f-839b-d94ea8cf5991</ProductTextUUID>
      </ProductTextRelation>
      <ProductTextRelation>
        <UUID>3cd6cd6c-16a1-4ace-8998-1225ff7b9730</UUID>
        <ProductTextUUID>5f7ff5d2-f8d6-4280-816a-888722a2a213</ProductTextUUID>
      </ProductTextRelation>
      <ProductBackendInfo name="Skye.AttributeAlias">
        <UUID>14056142-2700-4622-9930-97375e8aaea6</UUID>
        <Info />
      </ProductBackendInfo>
      <ProductBackendInfo name="Skye.Core.DataSecurity">
        <UUID>ac801f75-9125-4fa6-bd36-87991bfd6af5</UUID>
        <Info>Standard</Info>
      </ProductBackendInfo>
      <ProductBackendInfo name="Skye.AllowValueSetViaUnencryptedURL">
        <UUID>fddee728-322e-470f-9108-b56f1cb1d3b8</UUID>
        <Info>False</Info>
      </ProductBackendInfo>
      <ProductBackendInfo name="Skye.search.sortingOrder">
        <UUID>1d003389-6875-466d-b6b1-3ff36bf21006</UUID>
        <Info>Descending</Info>
      </ProductBackendInfo>
      <DefinitionValueRelation>
        <DefinitionValueUUID>6cc014d8-4755-466c-bcc4-5bc7d65d2651</DefinitionValueUUID>
      </DefinitionValueRelation>
    </ProductPolicyAttribute>
    <ProductBackendInfo name="Skye.MultibrickType">
      <UUID>03b91175-0501-4aea-9843-691520c7e593</UUID>
      <Info />
    </ProductBackendInfo>
  </ProductBrick>
  <DefinitionDependentLists>
    <DefinitionDependencyDefaultValueList />
    <DefinitionDependencyValueRangeList />
    <DefinitionDependencyVisibilityList />
    <DefinitionDependencyMandatoryList />
    <DefinitionDependencyToDependencyList />
    <DefinitionDependencyValueRangeFilterValuesList />
    <DefinitionDependencyDataSourceAttributeList />
  </DefinitionDependentLists>
</Product>