﻿<?xml version="1.0" encoding="utf-8"?>
<Product xmlns:xsd="http://www.w3.org/2001/XMLSchema" xmlns:xsi="http://www.w3.org/2001/XMLSchema-instance" name="MotorCreatePolicy" lastChanged="2019-10-17T09:10:04.8366071Z" implementationClass=" " modelType="process" skyeEditorVersion="7.15.0.16">
  <UUID>871941ad-a696-45eb-a0e3-b60861691b3c</UUID>
  <BusinessUnit> </BusinessUnit>
  <Section> </Section>
  <ProductTextList>
    <ProductText name="header" language="en" country="US">
      <UUID>b3b96bd3-60ef-4d7e-bc0a-883241bd811b</UUID>
      <Text>Car Information</Text>
    </ProductText>
    <ProductText name="header" language="en" country="US">
      <UUID>41510ac1-0e0f-4d89-8d66-f84772d8af9c</UUID>
      <Text>Insured's Information</Text>
    </ProductText>
    <ProductText name="header" language="en" country="US">
      <UUID>bb707a53-1fce-4416-9295-98e8f9e5d5f5</UUID>
      <Text>Summary</Text>
    </ProductText>
    <ProductText name="short" language="en" country="US">
      <UUID>62f337c2-d72f-4f0e-a5a8-0a47f82e7848</UUID>
      <Text>Home</Text>
    </ProductText>
    <ProductText name="short" language="en" country="US">
      <UUID>a6220ff5-fa4a-4732-a4ec-4642df5c5dab</UUID>
      <Text>Next</Text>
    </ProductText>
    <ProductText name="short" language="en" country="US">
      <UUID>3f2eefc0-2579-4277-a149-37f0e6b902bb</UUID>
      <Text>Home</Text>
    </ProductText>
    <ProductText name="short" language="en" country="US">
      <UUID>0e6b7829-d25e-4838-ab5c-b572c93bb8f0</UUID>
      <Text>Back</Text>
    </ProductText>
    <ProductText name="short" language="en" country="US">
      <UUID>92c2f4e0-e7c7-487f-a43d-a6501484d458</UUID>
      <Text>Next</Text>
    </ProductText>
    <ProductText name="short" language="en" country="US">
      <UUID>94328cb1-80c4-426b-b57d-9f779dc32976</UUID>
      <Text>Home</Text>
    </ProductText>
  </ProductTextList>
  <ProductValueRangeList>
    <ProductValueRange name="Reference.referencedModelsVR" type="fix">
      <UUID>8d2d9bdf-c324-4402-a81a-76b1ee70fb47</UUID>
      <DefinitionValueRelation>
        <UUID>db226a98-9ea1-4a94-a557-231d1fe48a47</UUID>
        <DefinitionValueUUID>8c72ed7c-6eb5-411a-ad6b-6205faaaf178</DefinitionValueUUID>
      </DefinitionValueRelation>
    </ProductValueRange>
    <ProductValueRange name="Action.targetUpdateMapVR" type="fix">
      <UUID>6819da62-70f6-46f6-91ec-6a6f5ac33f2f</UUID>
    </ProductValueRange>
    <ProductValueRange name="Action.targetUpdateMapVR" type="fix">
      <UUID>4559132e-ca5a-4316-b331-48165a149b1e</UUID>
    </ProductValueRange>
    <ProductValueRange name="Action.targetUpdateMapVR" type="fix">
      <UUID>f70782d2-8100-4da6-b7e4-bbc75c52ac46</UUID>
    </ProductValueRange>
    <ProductValueRange name="Action.targetUpdateMapVR" type="fix">
      <UUID>25dff9bc-5d33-4ea1-812a-6460533fd01f</UUID>
    </ProductValueRange>
    <ProductValueRange name="Action.targetUpdateMapVR" type="fix">
      <UUID>6bad5e9f-74cc-4ebb-9478-fd1b1463e744</UUID>
    </ProductValueRange>
    <ProductValueRange name="Action.targetUpdateMapVR" type="fix">
      <UUID>8c312aea-32c7-41db-878e-c1583a59c59c</UUID>
    </ProductValueRange>
  </ProductValueRangeList>
  <DefinitionBusinessObjectContextList />
  <DefinitionResourceList />
  <AbstractProductBrickList />
  <ProductValueList>
    <ProductValue name="" type="value">
      <UUID>f56f741a-2803-4a67-a1db-f9e50ed1b693</UUID>
      <SortOrder>0</SortOrder>
      <Value />
    </ProductValue>
    <ProductValue name="delete=ignore,copy=setnull" type="value">
      <UUID>591d3c7c-b9de-4271-8260-a9e1d0436e49</UUID>
      <SortOrder>0</SortOrder>
      <Value />
    </ProductValue>
    <ProductValue name="Motor" type="value">
      <UUID>8c72ed7c-6eb5-411a-ad6b-6205faaaf178</UUID>
      <SortOrder>0</SortOrder>
      <Value />
    </ProductValue>
    <ProductValue name="" type="value">
      <UUID>246237b0-0003-450c-a1f3-5b4a9bf0174e</UUID>
      <SortOrder>0</SortOrder>
      <Value />
    </ProductValue>
    <ProductValue name="" type="value">
      <UUID>60a4bdee-91c4-4b5c-8ec1-79f380edc583</UUID>
      <SortOrder>0</SortOrder>
      <Value />
    </ProductValue>
    <ProductValue name="" type="value">
      <UUID>54dd5fae-1f7c-43a5-91d1-35ce3568b224</UUID>
      <SortOrder>0</SortOrder>
      <Value />
    </ProductValue>
    <ProductValue name="" type="value">
      <UUID>2400ed8e-0fed-406c-873d-6ece464b9c46</UUID>
      <SortOrder>0</SortOrder>
      <Value />
    </ProductValue>
    <ProductValue name="" type="value">
      <UUID>c6731a04-b156-4802-b111-e2740ce38e4c</UUID>
      <SortOrder>0</SortOrder>
      <Value />
    </ProductValue>
    <ProductValue name="" type="value">
      <UUID>67306c2f-b60f-4a8f-aaeb-0a1a7d0cc044</UUID>
      <SortOrder>0</SortOrder>
      <Value />
    </ProductValue>
  </ProductValueList>
  <ProductPolicyAttribute name="@CurrentProcessStep" visibilityLevel="2" mandatory="false" unit=" " format="" numberOfDecimals="0" attributeClass="" type="Standard">
    <UUID>f10a9d95-3000-412c-82eb-8b90f883148c</UUID>
    <SortOrder>99</SortOrder>
    <InputType>Textbox</InputType>
    <DataType>String</DataType>
    <MaxLength>4000</MaxLength>
    <MinLength>0</MinLength>
    <ProductBackendInfo name="Skye.AttributeAlias">
      <UUID>d16080e9-7430-4540-a303-f1863602e4b0</UUID>
      <Info />
    </ProductBackendInfo>
    <ProductBackendInfo name="Skye.AllowValueSetViaUnencryptedURL">
      <UUID>f643dfc7-6fa5-48dc-962c-4baeeb2cb268</UUID>
      <Info>false</Info>
    </ProductBackendInfo>
    <ProductBackendInfo name="Skye.Core.DataSecurity">
      <UUID>b732e46e-0748-4291-9b04-504606400ea7</UUID>
      <Info>Standard</Info>
    </ProductBackendInfo>
    <DefinitionValueRelation>
      <UUID>6bcfc0a5-5004-41a2-9cf4-8a949b73a285</UUID>
      <DefinitionValueUUID>f56f741a-2803-4a67-a1db-f9e50ed1b693</DefinitionValueUUID>
    </DefinitionValueRelation>
  </ProductPolicyAttribute>
  <ProductPolicyAttribute name="@CurrentProcessObject" visibilityLevel="2" mandatory="false" unit=" " format="" numberOfDecimals="0" attributeClass="" type="Reference">
    <UUID>a607f103-6e84-406a-b909-c5a1dc6c3ceb</UUID>
    <SortOrder>99</SortOrder>
    <InputType>Textbox</InputType>
    <DataType>product</DataType>
    <MaxLength>4000</MaxLength>
    <MinLength>0</MinLength>
    <ProductValueRangeRelation>
      <UUID>13aab7da-4146-4131-aa48-85b973171b56</UUID>
      <SortOrder>99</SortOrder>
      <ProductValueRangeUUID>8d2d9bdf-c324-4402-a81a-76b1ee70fb47</ProductValueRangeUUID>
      <ValueRangeName>@CurrentProcessObject</ValueRangeName>
    </ProductValueRangeRelation>
    <ProductBackendInfo name="Skye.AttributeAlias">
      <UUID>c0ec9ae4-62d7-46b5-bbce-9e87f6fb118e</UUID>
      <Info />
    </ProductBackendInfo>
    <ProductBackendInfo name="Skye.AllowValueSetViaUnencryptedURL">
      <UUID>3aa944f2-3acb-42f4-954e-96a147b81daf</UUID>
      <Info>false</Info>
    </ProductBackendInfo>
    <ProductBackendInfo name="Skye.Core.DataSecurity">
      <UUID>034516b3-4e3a-4715-bcd6-a45fee6b33a7</UUID>
      <Info>Standard</Info>
    </ProductBackendInfo>
    <DefinitionValueRelation>
      <UUID>e726b3d1-f4ef-4976-9ed1-4e1ee5b0ecb7</UUID>
      <DefinitionValueUUID>591d3c7c-b9de-4271-8260-a9e1d0436e49</DefinitionValueUUID>
    </DefinitionValueRelation>
  </ProductPolicyAttribute>
  <ProductBrick name="MotorCreatePolicy:CarInformation" visibilityLevel="2" brickClass=" " isAbstract="false" typeId="13">
    <UUID>777cbfe8-5021-4ec1-a628-87bf4c113395</UUID>
    <SortOrder>1</SortOrder>
    <MinimumUsage>1</MinimumUsage>
    <MaximumUsage>1</MaximumUsage>
    <InitialUsage>1</InitialUsage>
    <ProductTextRelation>
      <UUID>83d9b1ce-238a-43fe-beb9-4197406e5a8e</UUID>
      <ProductTextUUID>b3b96bd3-60ef-4d7e-bc0a-883241bd811b</ProductTextUUID>
    </ProductTextRelation>
    <ProductPolicyAttribute name="BackToHome" visibilityLevel="4" mandatory="false" unit="" format="" numberOfDecimals="0" attributeClass="" type="Action">
      <UUID>81dd3b1a-feec-46b9-851b-22a1c7050ebf</UUID>
      <SortOrder>1</SortOrder>
      <InputType>Textbox</InputType>
      <DataType>String</DataType>
      <MaxLength>4000</MaxLength>
      <MinLength>0</MinLength>
      <ProductTextRelation>
        <UUID>22b576f1-9c2b-45b9-94f7-89d9f0c8de38</UUID>
        <ProductTextUUID>62f337c2-d72f-4f0e-a5a8-0a47f82e7848</ProductTextUUID>
      </ProductTextRelation>
      <ProductValueRangeRelation>
        <UUID>aea8b268-c77d-4a19-8ddf-11df49567584</UUID>
        <SortOrder>99</SortOrder>
        <ProductValueRangeUUID>6819da62-70f6-46f6-91ec-6a6f5ac33f2f</ProductValueRangeUUID>
      </ProductValueRangeRelation>
      <ProductBackendInfo name="Skye.AttributeAlias">
        <UUID>00766fd6-0d2c-4ce9-8c53-74f6268007e0</UUID>
        <Info />
      </ProductBackendInfo>
      <ProductBackendInfo name="Skye.Core.DataSecurity">
        <UUID>a94851eb-cf3f-4161-b578-30e49b827ec7</UUID>
        <Info>Standard</Info>
      </ProductBackendInfo>
      <ProductBackendInfo name="Skye.AllowValueSetViaUnencryptedURL">
        <UUID>06093ae2-8a3b-4b2d-aa52-9859efe9e711</UUID>
        <Info>False</Info>
      </ProductBackendInfo>
      <ProductBackendInfo name="Skye.ControllerActionName">
        <UUID>89d0df2f-1973-4f54-999c-368513c491d9</UUID>
        <Info>BackToHome</Info>
      </ProductBackendInfo>
      <ProductBackendInfo name="Skye.StyleClass">
        <UUID>741d4c44-334d-440d-98d6-93e666c3abbd</UUID>
        <Info>skyeAccordionBack</Info>
      </ProductBackendInfo>
      <ProductBackendInfo name="Skye.TransitionProcessStep">
        <UUID>dd55659f-38e8-4ccf-8110-71bc6d1e4827</UUID>
        <Info />
      </ProductBackendInfo>
      <ProductBackendInfo name="Skye.sendEventWithValidationErrorsAnalytics">
        <UUID>0da2d997-2a9d-49d0-93a2-7007b42b2948</UUID>
        <Info>False</Info>
      </ProductBackendInfo>
      <ProductBackendInfo name="Skye.ValidateOnAction">
        <UUID>7cc7a545-0cc3-4301-8c44-a6095540a34d</UUID>
        <Info>False</Info>
      </ProductBackendInfo>
      <ProductBackendInfo name="Skye.UpdateProcessOnAction">
        <UUID>95b3de80-b401-4eef-923c-f23bbe483b68</UUID>
        <Info>False</Info>
      </ProductBackendInfo>
      <ProductBackendInfo name="Skye.ProcessExitPoint">
        <UUID>0ecccd41-7ffe-43e5-b6b9-92d6019fdb27</UUID>
        <Info>False</Info>
      </ProductBackendInfo>
      <ProductBackendInfo name="Skye.PersistOnAction">
        <UUID>ecf9f1fb-4870-46ed-ac79-49bfa0910f7e</UUID>
        <Info>False</Info>
      </ProductBackendInfo>
      <ProductBackendInfo name="Skye.ActionAttribute.BindInvisibleCaptchaChallenge">
        <UUID>ab9203db-56db-4193-a92a-525d67eaaa1c</UUID>
        <Info>False</Info>
      </ProductBackendInfo>
      <DefinitionValueRelation>
        <DefinitionValueUUID>246237b0-0003-450c-a1f3-5b4a9bf0174e</DefinitionValueUUID>
      </DefinitionValueRelation>
    </ProductPolicyAttribute>
    <ProductPolicyAttribute name="Next" visibilityLevel="4" mandatory="false" unit="" format="" numberOfDecimals="0" attributeClass="" type="Action">
      <UUID>debabdd0-4c85-48af-81b6-ed6733b32e95</UUID>
      <SortOrder>1</SortOrder>
      <InputType>Textbox</InputType>
      <DataType>String</DataType>
      <MaxLength>4000</MaxLength>
      <MinLength>0</MinLength>
      <ProductTextRelation>
        <UUID>b89ba2bc-4543-4c4c-a3e1-88417f5e6599</UUID>
        <ProductTextUUID>a6220ff5-fa4a-4732-a4ec-4642df5c5dab</ProductTextUUID>
      </ProductTextRelation>
      <ProductValueRangeRelation>
        <UUID>bf72f96e-9884-434d-9a53-36bb7672608b</UUID>
        <SortOrder>99</SortOrder>
        <ProductValueRangeUUID>4559132e-ca5a-4316-b331-48165a149b1e</ProductValueRangeUUID>
      </ProductValueRangeRelation>
      <ProductBackendInfo name="Skye.AttributeAlias">
        <UUID>652171e3-7503-414b-b578-4025a330c84a</UUID>
        <Info />
      </ProductBackendInfo>
      <ProductBackendInfo name="Skye.Core.DataSecurity">
        <UUID>f4e8d681-4edd-4e10-b76c-947d59453537</UUID>
        <Info>Standard</Info>
      </ProductBackendInfo>
      <ProductBackendInfo name="Skye.AllowValueSetViaUnencryptedURL">
        <UUID>7feeb520-1770-4764-bcb7-cee27aee8669</UUID>
        <Info>False</Info>
      </ProductBackendInfo>
      <ProductBackendInfo name="Skye.ControllerActionName">
        <UUID>19ae3057-46d7-4b13-900e-c132742c4f18</UUID>
        <Info>Next</Info>
      </ProductBackendInfo>
      <ProductBackendInfo name="Skye.StyleClass">
        <UUID>d7bd159e-65c7-4d64-9682-6976019ad89d</UUID>
        <Info>skyeAccordionNext</Info>
      </ProductBackendInfo>
      <ProductBackendInfo name="Skye.TransitionProcessStep">
        <UUID>a7a44103-f0e9-4c6b-8022-b087473742dd</UUID>
        <Info>MotorCreatePolicy:InsuredsInformation</Info>
      </ProductBackendInfo>
      <ProductBackendInfo name="Skye.sendEventWithValidationErrorsAnalytics">
        <UUID>1617ac17-2e59-4249-a344-16a7d56cc074</UUID>
        <Info>False</Info>
      </ProductBackendInfo>
      <ProductBackendInfo name="Skye.ValidateOnAction">
        <UUID>0bae9887-f098-4582-90e2-86f8e059d5b4</UUID>
        <Info>False</Info>
      </ProductBackendInfo>
      <ProductBackendInfo name="Skye.UpdateProcessOnAction">
        <UUID>cdaad527-0c2c-47c3-a5a3-e90935457d62</UUID>
        <Info>True</Info>
      </ProductBackendInfo>
      <ProductBackendInfo name="Skye.ProcessExitPoint">
        <UUID>1bd22a4e-ddd6-4abb-a2d6-b9a007ba55b8</UUID>
        <Info>False</Info>
      </ProductBackendInfo>
      <ProductBackendInfo name="Skye.PersistOnAction">
        <UUID>76c58672-373b-42f6-b315-dec226eef81d</UUID>
        <Info>True</Info>
      </ProductBackendInfo>
      <ProductBackendInfo name="Skye.ActionAttribute.BindInvisibleCaptchaChallenge">
        <UUID>10fcca25-1a65-44c3-8913-498211169cd3</UUID>
        <Info>False</Info>
      </ProductBackendInfo>
      <DefinitionValueRelation>
        <DefinitionValueUUID>60a4bdee-91c4-4b5c-8ec1-79f380edc583</DefinitionValueUUID>
      </DefinitionValueRelation>
    </ProductPolicyAttribute>
    <ProductBackendInfo name="Skye.MultibrickType">
      <UUID>c4271329-1300-4c71-9232-b706d8394f16</UUID>
      <Info />
    </ProductBackendInfo>
  </ProductBrick>
  <ProductBrick name="MotorCreatePolicy:InsuredsInformation" visibilityLevel="2" brickClass="" isAbstract="false" typeId="0">
    <UUID>beaf7b56-5457-4d0f-af6c-f572dd0678fa</UUID>
    <SortOrder>20</SortOrder>
    <MinimumUsage>1</MinimumUsage>
    <MaximumUsage>1</MaximumUsage>
    <InitialUsage>1</InitialUsage>
    <ProductTextRelation>
      <UUID>6142479b-0f22-4f8e-a771-5dbdd8a7c284</UUID>
      <ProductTextUUID>41510ac1-0e0f-4d89-8d66-f84772d8af9c</ProductTextUUID>
    </ProductTextRelation>
    <ProductPolicyAttribute name="BackToHome" visibilityLevel="4" mandatory="false" unit="" format="" numberOfDecimals="0" attributeClass="" type="Action">
      <UUID>00eab3b4-fa20-4d83-b53a-2b7e5cc28578</UUID>
      <SortOrder>1</SortOrder>
      <InputType>Textbox</InputType>
      <DataType>String</DataType>
      <MaxLength>4000</MaxLength>
      <MinLength>0</MinLength>
      <ProductTextRelation>
        <UUID>668c4507-a45a-41d5-aa2f-b9368337876b</UUID>
        <ProductTextUUID>3f2eefc0-2579-4277-a149-37f0e6b902bb</ProductTextUUID>
      </ProductTextRelation>
      <ProductValueRangeRelation>
        <UUID>1049f1f1-19bb-4cda-9f9c-6b52e56c8104</UUID>
        <SortOrder>99</SortOrder>
        <ProductValueRangeUUID>f70782d2-8100-4da6-b7e4-bbc75c52ac46</ProductValueRangeUUID>
      </ProductValueRangeRelation>
      <ProductBackendInfo name="Skye.AttributeAlias">
        <UUID>97427c2c-d5ad-434f-b7fe-c38df357176a</UUID>
        <Info />
      </ProductBackendInfo>
      <ProductBackendInfo name="Skye.Core.DataSecurity">
        <UUID>e10d0bae-b272-4a8a-9c49-d3c640b38218</UUID>
        <Info>Standard</Info>
      </ProductBackendInfo>
      <ProductBackendInfo name="Skye.AllowValueSetViaUnencryptedURL">
        <UUID>d32f6810-8cc9-418b-8c22-e1c26e85df5f</UUID>
        <Info>False</Info>
      </ProductBackendInfo>
      <ProductBackendInfo name="Skye.ControllerActionName">
        <UUID>09de0571-0a08-4544-83fb-28b6e17f5b83</UUID>
        <Info>BackToHome</Info>
      </ProductBackendInfo>
      <ProductBackendInfo name="Skye.StyleClass">
        <UUID>3d40e099-572d-4a68-a488-99470484cd41</UUID>
        <Info>skyeAccordionBack</Info>
      </ProductBackendInfo>
      <ProductBackendInfo name="Skye.TransitionProcessStep">
        <UUID>da56f3cc-9360-4f0a-908c-4f071bec8784</UUID>
        <Info />
      </ProductBackendInfo>
      <ProductBackendInfo name="Skye.sendEventWithValidationErrorsAnalytics">
        <UUID>633f02a9-7fc7-426f-89d2-11f8a01af634</UUID>
        <Info>False</Info>
      </ProductBackendInfo>
      <ProductBackendInfo name="Skye.ValidateOnAction">
        <UUID>98835148-56de-4c37-a748-e37409859344</UUID>
        <Info>False</Info>
      </ProductBackendInfo>
      <ProductBackendInfo name="Skye.UpdateProcessOnAction">
        <UUID>1e363887-d7ab-4351-9a00-fc6d25156bdd</UUID>
        <Info>False</Info>
      </ProductBackendInfo>
      <ProductBackendInfo name="Skye.ProcessExitPoint">
        <UUID>991c5a74-e17c-425b-a500-863f14c5b124</UUID>
        <Info>False</Info>
      </ProductBackendInfo>
      <ProductBackendInfo name="Skye.PersistOnAction">
        <UUID>fdc1ed5e-c2a7-4c3e-8190-e1626e0d6f33</UUID>
        <Info>False</Info>
      </ProductBackendInfo>
      <ProductBackendInfo name="Skye.ActionAttribute.BindInvisibleCaptchaChallenge">
        <UUID>e28bf995-6274-4a91-a474-dd64430564e7</UUID>
        <Info>False</Info>
      </ProductBackendInfo>
      <DefinitionValueRelation>
        <DefinitionValueUUID>54dd5fae-1f7c-43a5-91d1-35ce3568b224</DefinitionValueUUID>
      </DefinitionValueRelation>
    </ProductPolicyAttribute>
    <ProductPolicyAttribute name="Back" visibilityLevel="4" mandatory="false" unit="" format="" numberOfDecimals="0" attributeClass="" type="Action">
      <UUID>34a77272-b8b4-4d54-8bad-d50a5ad55ced</UUID>
      <SortOrder>2</SortOrder>
      <InputType>Textbox</InputType>
      <DataType>String</DataType>
      <MaxLength>4000</MaxLength>
      <MinLength>0</MinLength>
      <ProductTextRelation>
        <UUID>3200c601-f8df-4725-8039-9bd19c3525a1</UUID>
        <ProductTextUUID>0e6b7829-d25e-4838-ab5c-b572c93bb8f0</ProductTextUUID>
      </ProductTextRelation>
      <ProductValueRangeRelation>
        <UUID>d8cd35a1-f8c7-4cb9-a0e8-80d98e7181f8</UUID>
        <SortOrder>99</SortOrder>
        <ProductValueRangeUUID>25dff9bc-5d33-4ea1-812a-6460533fd01f</ProductValueRangeUUID>
      </ProductValueRangeRelation>
      <ProductBackendInfo name="Skye.AttributeAlias">
        <UUID>a13b5253-9971-4c28-909b-402859813381</UUID>
        <Info />
      </ProductBackendInfo>
      <ProductBackendInfo name="Skye.Core.DataSecurity">
        <UUID>0ebf4944-0e30-41dd-955d-77355eddb231</UUID>
        <Info>Standard</Info>
      </ProductBackendInfo>
      <ProductBackendInfo name="Skye.AllowValueSetViaUnencryptedURL">
        <UUID>b91ad056-25cb-4f1a-8c1f-182a36cc79fc</UUID>
        <Info>False</Info>
      </ProductBackendInfo>
      <ProductBackendInfo name="Skye.ControllerActionName">
        <UUID>2206c155-8d30-4c6b-b468-4bb22da57d29</UUID>
        <Info>Back</Info>
      </ProductBackendInfo>
      <ProductBackendInfo name="Skye.StyleClass">
        <UUID>750a1040-9467-48d6-b189-47de2dbf1920</UUID>
        <Info>skyeAccordionBack</Info>
      </ProductBackendInfo>
      <ProductBackendInfo name="Skye.TransitionProcessStep">
        <UUID>19280386-116e-4908-bbbe-1f4a5a0d3b11</UUID>
        <Info>MotorCreatePolicy:CarInformation</Info>
      </ProductBackendInfo>
      <ProductBackendInfo name="Skye.sendEventWithValidationErrorsAnalytics">
        <UUID>a0fcefbf-3c2d-41d5-a2d3-d07da0d315c1</UUID>
        <Info>False</Info>
      </ProductBackendInfo>
      <ProductBackendInfo name="Skye.ValidateOnAction">
        <UUID>b8d4ecdf-0094-42d8-948e-ae3841b23b05</UUID>
        <Info>False</Info>
      </ProductBackendInfo>
      <ProductBackendInfo name="Skye.UpdateProcessOnAction">
        <UUID>b93e7539-fca2-4d64-8519-647abcf6d75c</UUID>
        <Info>True</Info>
      </ProductBackendInfo>
      <ProductBackendInfo name="Skye.ProcessExitPoint">
        <UUID>3b764858-735e-4bf9-a210-cfdda14f5d02</UUID>
        <Info>False</Info>
      </ProductBackendInfo>
      <ProductBackendInfo name="Skye.PersistOnAction">
        <UUID>633bced3-6d4a-4184-9946-4d7e49c820ac</UUID>
        <Info>False</Info>
      </ProductBackendInfo>
      <ProductBackendInfo name="Skye.ActionAttribute.BindInvisibleCaptchaChallenge">
        <UUID>da2dd716-b2f3-49ac-b379-037f0ed508e6</UUID>
        <Info>False</Info>
      </ProductBackendInfo>
      <DefinitionValueRelation>
        <DefinitionValueUUID>2400ed8e-0fed-406c-873d-6ece464b9c46</DefinitionValueUUID>
      </DefinitionValueRelation>
    </ProductPolicyAttribute>
    <ProductPolicyAttribute name="Next" visibilityLevel="4" mandatory="false" unit="" format="" numberOfDecimals="0" attributeClass="" type="Action">
      <UUID>82fef582-53ba-4f39-be34-25a551f5ba3b</UUID>
      <SortOrder>3</SortOrder>
      <InputType>Textbox</InputType>
      <DataType>String</DataType>
      <MaxLength>4000</MaxLength>
      <MinLength>0</MinLength>
      <ProductTextRelation>
        <UUID>78563568-debe-431a-9030-8a60e1cc5414</UUID>
        <ProductTextUUID>92c2f4e0-e7c7-487f-a43d-a6501484d458</ProductTextUUID>
      </ProductTextRelation>
      <ProductValueRangeRelation>
        <UUID>25725539-5efa-4ad6-9d18-b4de5bfd739e</UUID>
        <SortOrder>99</SortOrder>
        <ProductValueRangeUUID>6bad5e9f-74cc-4ebb-9478-fd1b1463e744</ProductValueRangeUUID>
      </ProductValueRangeRelation>
      <ProductBackendInfo name="Skye.AttributeAlias">
        <UUID>48008788-fb26-4e38-9d1a-ae13d82ac188</UUID>
        <Info />
      </ProductBackendInfo>
      <ProductBackendInfo name="Skye.Core.DataSecurity">
        <UUID>d4da4b8c-7976-4f1a-a2d4-e6f707f6fe51</UUID>
        <Info>Standard</Info>
      </ProductBackendInfo>
      <ProductBackendInfo name="Skye.AllowValueSetViaUnencryptedURL">
        <UUID>3cef4627-776f-401a-8b62-cb4fb6d69121</UUID>
        <Info>False</Info>
      </ProductBackendInfo>
      <ProductBackendInfo name="Skye.ControllerActionName">
        <UUID>0edfb306-c910-4dc7-adb6-9cfe102fc4f8</UUID>
        <Info>Next</Info>
      </ProductBackendInfo>
      <ProductBackendInfo name="Skye.StyleClass">
        <UUID>a388093f-d02c-42d7-9eb7-840d8d37778b</UUID>
        <Info>skyeAccordionNext</Info>
      </ProductBackendInfo>
      <ProductBackendInfo name="Skye.TransitionProcessStep">
        <UUID>5b8b487b-9e2c-4635-a398-61e73367f125</UUID>
        <Info>MotorCreatePolicy:Summary</Info>
      </ProductBackendInfo>
      <ProductBackendInfo name="Skye.sendEventWithValidationErrorsAnalytics">
        <UUID>9cfd6426-1450-4c6b-83a9-17b45cdbf06c</UUID>
        <Info>False</Info>
      </ProductBackendInfo>
      <ProductBackendInfo name="Skye.ValidateOnAction">
        <UUID>2904de6a-0bb5-430f-811f-59902741045c</UUID>
        <Info>False</Info>
      </ProductBackendInfo>
      <ProductBackendInfo name="Skye.UpdateProcessOnAction">
        <UUID>cab2d96e-441f-4d05-bf31-77b6a78d00a0</UUID>
        <Info>True</Info>
      </ProductBackendInfo>
      <ProductBackendInfo name="Skye.ProcessExitPoint">
        <UUID>f0d0471e-e46c-425d-91de-595b5ecb4467</UUID>
        <Info>False</Info>
      </ProductBackendInfo>
      <ProductBackendInfo name="Skye.PersistOnAction">
        <UUID>8f23e7bf-0751-490b-8664-d4fb4afb5c4a</UUID>
        <Info>True</Info>
      </ProductBackendInfo>
      <ProductBackendInfo name="Skye.ActionAttribute.BindInvisibleCaptchaChallenge">
        <UUID>d18b5871-7098-42ad-825a-47367d1e197d</UUID>
        <Info>False</Info>
      </ProductBackendInfo>
      <DefinitionValueRelation>
        <DefinitionValueUUID>c6731a04-b156-4802-b111-e2740ce38e4c</DefinitionValueUUID>
      </DefinitionValueRelation>
    </ProductPolicyAttribute>
    <ProductBackendInfo name="Skye.MultibrickType">
      <UUID>07a5c1ec-ca23-42a3-8373-f3141d5c112a</UUID>
      <Info />
    </ProductBackendInfo>
  </ProductBrick>
  <ProductBrick name="MotorCreatePolicy:Summary" visibilityLevel="2" brickClass="" isAbstract="false" typeId="0">
    <UUID>03f8fcd4-2bd0-4843-a0f9-f19e0a1f1d51</UUID>
    <SortOrder>30</SortOrder>
    <MinimumUsage>1</MinimumUsage>
    <MaximumUsage>1</MaximumUsage>
    <InitialUsage>1</InitialUsage>
    <ProductTextRelation>
      <UUID>bf09484f-5fd2-469f-b0ad-c5e28bd8a40f</UUID>
      <ProductTextUUID>bb707a53-1fce-4416-9295-98e8f9e5d5f5</ProductTextUUID>
    </ProductTextRelation>
    <ProductPolicyAttribute name="BackToHome" visibilityLevel="4" mandatory="false" unit="" format="" numberOfDecimals="0" attributeClass="" type="Action">
      <UUID>7d7db097-cf46-4734-ba08-0090c1cf0f87</UUID>
      <SortOrder>1</SortOrder>
      <InputType>Textbox</InputType>
      <DataType>String</DataType>
      <MaxLength>4000</MaxLength>
      <MinLength>0</MinLength>
      <ProductTextRelation>
        <UUID>6f9ff974-a2ca-4afe-8c27-473aa72d7606</UUID>
        <ProductTextUUID>94328cb1-80c4-426b-b57d-9f779dc32976</ProductTextUUID>
      </ProductTextRelation>
      <ProductValueRangeRelation>
        <UUID>c96891ee-0e1a-46b4-8b8a-ab376436271f</UUID>
        <SortOrder>99</SortOrder>
        <ProductValueRangeUUID>8c312aea-32c7-41db-878e-c1583a59c59c</ProductValueRangeUUID>
      </ProductValueRangeRelation>
      <ProductBackendInfo name="Skye.AttributeAlias">
        <UUID>fab1a969-1599-418c-b7e0-b548ecafe80c</UUID>
        <Info />
      </ProductBackendInfo>
      <ProductBackendInfo name="Skye.Core.DataSecurity">
        <UUID>d781de32-6ad8-4e8c-8158-653350fa2362</UUID>
        <Info>Standard</Info>
      </ProductBackendInfo>
      <ProductBackendInfo name="Skye.AllowValueSetViaUnencryptedURL">
        <UUID>4fde343d-6474-4c9a-b1a8-cd312231db18</UUID>
        <Info>False</Info>
      </ProductBackendInfo>
      <ProductBackendInfo name="Skye.ControllerActionName">
        <UUID>11729dfe-5860-4991-b277-d1c9cf8c0290</UUID>
        <Info />
      </ProductBackendInfo>
      <ProductBackendInfo name="Skye.StyleClass">
        <UUID>7508af60-b2df-4d1d-a8eb-3c3214a004e8</UUID>
        <Info>skyeAccordionBack</Info>
      </ProductBackendInfo>
      <ProductBackendInfo name="Skye.TransitionProcessStep">
        <UUID>ec485244-6298-472e-8f02-68da9cbbb29c</UUID>
        <Info />
      </ProductBackendInfo>
      <ProductBackendInfo name="Skye.sendEventWithValidationErrorsAnalytics">
        <UUID>cbd41e81-9b61-42f8-87a8-96e04095ab76</UUID>
        <Info>False</Info>
      </ProductBackendInfo>
      <ProductBackendInfo name="Skye.ValidateOnAction">
        <UUID>b356fc16-1804-47f8-9722-a08d41774e1f</UUID>
        <Info>False</Info>
      </ProductBackendInfo>
      <ProductBackendInfo name="Skye.UpdateProcessOnAction">
        <UUID>07933511-f363-491b-a753-6224eb85e720</UUID>
        <Info>False</Info>
      </ProductBackendInfo>
      <ProductBackendInfo name="Skye.ProcessExitPoint">
        <UUID>39a84564-52ec-4b5e-aa82-4c6fb20ec5cb</UUID>
        <Info>False</Info>
      </ProductBackendInfo>
      <ProductBackendInfo name="Skye.PersistOnAction">
        <UUID>87ed8eb0-74cd-46f6-bf90-38c27432ec9d</UUID>
        <Info>False</Info>
      </ProductBackendInfo>
      <ProductBackendInfo name="Skye.ActionAttribute.BindInvisibleCaptchaChallenge">
        <UUID>7f77131d-2ce6-486f-9b8f-2c8946c700ac</UUID>
        <Info>False</Info>
      </ProductBackendInfo>
      <DefinitionValueRelation>
        <DefinitionValueUUID>67306c2f-b60f-4a8f-aaeb-0a1a7d0cc044</DefinitionValueUUID>
      </DefinitionValueRelation>
    </ProductPolicyAttribute>
    <ProductBackendInfo name="Skye.MultibrickType">
      <UUID>c26bb312-a941-4c6f-a018-643d664337e3</UUID>
      <Info />
    </ProductBackendInfo>
  </ProductBrick>
  <DefinitionDependentLists>
    <DefinitionDependencyDefaultValueList />
    <DefinitionDependencyValueRangeList />
    <DefinitionDependencyVisibilityList />
    <DefinitionDependencyMandatoryList />
    <DefinitionDependencyToDependencyList />
    <DefinitionDependencyValueRangeFilterValuesList />
    <DefinitionDependencyDataSourceAttributeList />
  </DefinitionDependentLists>
</Product>