﻿<?xml version="1.0" encoding="utf-8"?>
<Product xmlns:xsd="http://www.w3.org/2001/XMLSchema" xmlns:xsi="http://www.w3.org/2001/XMLSchema-instance" name="Shoppingcart" lastChanged="2020-05-12T14:49:58.3417248Z" implementationClass=" " versionUuid=" " modelType="shoppingcart" subModelType="" skyeEditorVersion="7.26.1.50">
  <UUID>4484a45d-11bc-4ae4-ade8-b24ac6bc60b9</UUID>
  <SortOrder>0</SortOrder>
  <BusinessUnit> </BusinessUnit>
  <Section> </Section>
  <ProductTextList>
    <ProductText name="searchTooManyRecords" language="en" country="US">
      <UUID>9ff7b0e8-a1b3-40be-90ce-4af0c2cdc7f7</UUID>
      <Text />
    </ProductText>
    <ProductText name="label" language="en" country="US">
      <UUID>4346a3a5-9600-420e-8d72-0073ac126f09</UUID>
      <Text>Bank</Text>
    </ProductText>
    <ProductText name="label" language="en" country="US">
      <UUID>cdacd9ab-d19e-493d-b06c-8b59fac439e9</UUID>
      <Text>Cheque Date</Text>
    </ProductText>
    <ProductText name="label" language="en" country="US">
      <UUID>e2898bbc-8878-454f-84c9-beb6f5c4ff9a</UUID>
      <Text>Cheque Number</Text>
    </ProductText>
  </ProductTextList>
  <ProductValueRangeList>
    <ProductValueRange name="Reference.attributeMappingVR" type="fix">
      <UUID>add1549d-aa5f-4f0b-8e03-c26a8cd5478b</UUID>
    </ProductValueRange>
    <ProductValueRange name="Reference.referencedModelsVR" type="fix">
      <UUID>f1432d90-4b22-41ad-b60e-6fac04965662</UUID>
      <DefinitionValueRelation>
        <UUID>11ea9365-1781-491d-8a40-a95c9c2090ce</UUID>
        <DefinitionValueUUID>5ee3cec1-4beb-4a5d-a77d-c2d6031d3a26</DefinitionValueUUID>
      </DefinitionValueRelation>
      <DefinitionValueRelation>
        <UUID>11ea9365-1781-491f-8a40-a95c9c2090ce</UUID>
        <DefinitionValueUUID>abee3978-cb97-4a54-b3ee-a803d3d9f052</DefinitionValueUUID>
      </DefinitionValueRelation>
    </ProductValueRange>
  </ProductValueRangeList>
  <DefinitionBusinessObjectContextList>
    <DefinitionBusinessObjectContext name="HomeCreatePolicy:Payment-callcenter-callcenter">
      <UUID>a4ff4e56-e0ea-4e3e-8034-677255ac0df6</UUID>
      <SubclassId>sortOrderContext</SubclassId>
      <ValueField>40</ValueField>
    </DefinitionBusinessObjectContext>
    <DefinitionBusinessObjectContext name="HomeCreatePolicy:Payment-callcenter-callcenter">
      <UUID>46ef98c2-1b33-4c6f-8106-35909ed22815</UUID>
      <SubclassId>sortOrderContext</SubclassId>
      <ValueField>20</ValueField>
    </DefinitionBusinessObjectContext>
    <DefinitionBusinessObjectContext name="HomeCreatePolicy:Payment-callcenter-callcenter">
      <UUID>9d851eee-6488-453a-b566-dd42fbedadf7</UUID>
      <SubclassId>isMandatoryContext</SubclassId>
      <ValueField>True</ValueField>
    </DefinitionBusinessObjectContext>
    <DefinitionBusinessObjectContext name="HomeCreatePolicy:Payment-callcenter-callcenter">
      <UUID>71ca04ca-f491-40d2-91a9-d76a67a22ae8</UUID>
      <SubclassId>sortOrderContext</SubclassId>
      <ValueField>30</ValueField>
    </DefinitionBusinessObjectContext>
    <DefinitionBusinessObjectContext name="HomeCreatePolicy:Payment-callcenter-callcenter">
      <UUID>165de30d-83aa-4bf0-bfb9-f5c2c4b3dc52</UUID>
      <SubclassId>visibilityLevelContext</SubclassId>
      <ValueField>4</ValueField>
    </DefinitionBusinessObjectContext>
  </DefinitionBusinessObjectContextList>
  <DefinitionResourceList />
  <AbstractProductBrickList />
  <ProductValueList>
    <ProductValue name="HomeCreatePolicy" type="value">
      <UUID>5ee3cec1-4beb-4a5d-a77d-c2d6031d3a26</UUID>
      <SortOrder>0</SortOrder>
      <Value />
    </ProductValue>
    <ProductValue name="FamilyInsuranceCreatePolicy" type="value">
      <UUID>abee3978-cb97-4a54-b3ee-a803d3d9f052</UUID>
      <SortOrder>0</SortOrder>
      <Value />
    </ProductValue>
    <ProductValue name=" " type="value">
      <UUID>f2b288d2-f78c-4533-8b16-19d7c3f37ecc</UUID>
      <SortOrder>0</SortOrder>
      <Value />
    </ProductValue>
    <ProductValue name="" type="value">
      <UUID>b1292518-48df-419a-8261-e2756e8aa786</UUID>
      <SortOrder>0</SortOrder>
      <Value />
    </ProductValue>
    <ProductValue name="" type="value">
      <UUID>6dae692c-7046-49cc-a448-7793af6516f7</UUID>
      <SortOrder>0</SortOrder>
      <Value />
    </ProductValue>
    <ProductValue name="" type="value">
      <UUID>75c2ebd3-edb6-4d17-9216-77cb7b48290d</UUID>
      <SortOrder>0</SortOrder>
      <Value />
    </ProductValue>
    <ProductValue name="cheque" type="value">
      <UUID>9abb3729-ee59-4fc5-bca7-cecdb87c77c7</UUID>
      <SortOrder>0</SortOrder>
      <Value>cheque</Value>
    </ProductValue>
    <ProductValue name="cheque" type="value">
      <UUID>a63d6a9d-177d-41d5-8833-295bdbba4805</UUID>
      <SortOrder>0</SortOrder>
      <Value>cheque</Value>
    </ProductValue>
    <ProductValue name="cheque" type="value">
      <UUID>aa0b3919-2e22-494a-aea6-7ac12ed9b5f0</UUID>
      <SortOrder>0</SortOrder>
      <Value>cheque</Value>
    </ProductValue>
    <ProductValue name="cheque" type="value">
      <UUID>4bd89965-6453-4e91-9c4a-413ce1700481</UUID>
      <SortOrder>0</SortOrder>
      <Value>cheque</Value>
    </ProductValue>
    <ProductValue name="cheque" type="value">
      <UUID>5894a382-95ff-4dde-b15d-7c860aa6d609</UUID>
      <SortOrder>0</SortOrder>
      <Value>cheque</Value>
    </ProductValue>
    <ProductValue name="cheque" type="value">
      <UUID>cea04912-5c91-4187-9be4-a3162389b2f1</UUID>
      <SortOrder>0</SortOrder>
      <Value>cheque</Value>
    </ProductValue>
  </ProductValueList>
  <ProductPolicyAttribute name="processModel" visibilityLevel="0" mandatory="false" unit="" format="" numberOfDecimals="0" attributeClass=" " type="Reference">
    <UUID>5baae214-7cc8-4a14-8cb9-ff5a6d435cde</UUID>
    <SortOrder>99</SortOrder>
    <InputType>Textbox</InputType>
    <DataType>String</DataType>
    <MaxLength>4000</MaxLength>
    <MinLength>0</MinLength>
    <ProductTextRelation>
      <ProductTextUUID>9ff7b0e8-a1b3-40be-90ce-4af0c2cdc7f7</ProductTextUUID>
    </ProductTextRelation>
    <ProductValueRangeRelation>
      <UUID>70759546-0016-456b-b122-e90a5e48bb60</UUID>
      <SortOrder>0</SortOrder>
      <ProductValueRangeUUID>f1432d90-4b22-41ad-b60e-6fac04965662</ProductValueRangeUUID>
    </ProductValueRangeRelation>
    <ProductValueRangeRelation>
      <UUID>af3ec62a-a77c-4a38-aa35-643dc7918b7c</UUID>
      <SortOrder>0</SortOrder>
      <ProductValueRangeUUID>add1549d-aa5f-4f0b-8e03-c26a8cd5478b</ProductValueRangeUUID>
    </ProductValueRangeRelation>
    <ProductBackendInfo name="Skye.Reference.DisplayValidationError">
      <UUID>034dae01-4055-44ef-8653-fa3a84f56591</UUID>
      <Info>False</Info>
    </ProductBackendInfo>
    <ProductBackendInfo name="Skye.Reference.ModelType">
      <UUID>078e6f9f-134a-44b0-aac4-4bb38b20a87e</UUID>
      <Info>process</Info>
    </ProductBackendInfo>
    <ProductBackendInfo name="Skye.AttributeAlias">
      <UUID>1b723998-a4d4-43b4-98c0-f1fb515f9599</UUID>
      <Info />
    </ProductBackendInfo>
    <ProductBackendInfo name="Skye.AllowValueSetViaUnencryptedURL">
      <UUID>1e895cdb-7280-4332-b7c6-62b3ef0122f8</UUID>
      <Info>False</Info>
    </ProductBackendInfo>
    <ProductBackendInfo name="Skye.Reference.SetReferenceBehaviour">
      <UUID>33a1dfbc-c812-47d1-ad64-098aa2f7b372</UUID>
      <Info>ByUuid</Info>
    </ProductBackendInfo>
    <ProductBackendInfo name="Skye.MaximumNumberOfSearchResults">
      <UUID>3d65c302-6dde-4b7f-9df0-ab4154962202</UUID>
      <Info>20</Info>
    </ProductBackendInfo>
    <ProductBackendInfo name="Skye.Reference.ShouldCopyValues">
      <UUID>951bf7ba-99fa-4a1c-8e14-0d1052b7f03d</UUID>
      <Info>false</Info>
    </ProductBackendInfo>
    <ProductBackendInfo name="Skye.Core.DataSecurity">
      <UUID>9a4e2e2a-ae64-4c08-b470-80bcaeac4049</UUID>
      <Info>Standard</Info>
    </ProductBackendInfo>
    <ProductBackendInfo name="Skye.Reference.DeleteBehavior">
      <UUID>a49a4072-8132-42c8-8a26-981b19a418d6</UUID>
      <Info>ignore</Info>
    </ProductBackendInfo>
    <ProductBackendInfo name="Skye.Reference.CopyBehavior">
      <UUID>b3ccf4a7-0576-4c22-8c99-08b84b62558d</UUID>
      <Info>setnull</Info>
    </ProductBackendInfo>
    <ProductBackendInfo name="Skye.Reference.CheckValidity">
      <UUID>d2c37737-9982-4ab3-bd34-10ed5b929f94</UUID>
      <Info>false</Info>
    </ProductBackendInfo>
    <ProductBackendInfo name="Skye.CharsToTriggerSearch">
      <UUID>d4509945-a337-40b3-83f3-d3d0caedc5fe</UUID>
      <Info>3</Info>
    </ProductBackendInfo>
    <ProductBackendInfo name="Skye.Reference.SearchTextType">
      <UUID>ff08e836-d9ab-43a9-b9b7-577b788f5ed8</UUID>
      <Info />
    </ProductBackendInfo>
    <DefinitionValueRelation>
      <UUID>11ea9365-1781-491e-8a40-a95c9c2090ce</UUID>
      <DefinitionValueUUID>f2b288d2-f78c-4533-8b16-19d7c3f37ecc</DefinitionValueUUID>
    </DefinitionValueRelation>
  </ProductPolicyAttribute>
  <ProductBrick name="PaymentInfo" visibilityLevel="3" brickClass=" " isAbstract="false" typeId="15">
    <UUID>71706579-2922-42fb-bd7b-81605f48d1d7</UUID>
    <SortOrder>99</SortOrder>
    <MinimumUsage>1</MinimumUsage>
    <MaximumUsage>1</MaximumUsage>
    <InitialUsage>1</InitialUsage>
    <ProductPolicyAttribute name="bank" visibilityLevel="0" mandatory="false" unit="" format="" numberOfDecimals="0" attributeClass="" type="Standard">
      <UUID>a71f8509-3f58-45d3-bf7d-6890a1889ca3</UUID>
      <SortOrder>10</SortOrder>
      <InputType>Textbox</InputType>
      <DataType>String</DataType>
      <MaxLength>4000</MaxLength>
      <MinLength>0</MinLength>
      <ProductTextRelation>
        <UUID>67adc607-9bbe-4717-9911-74a28689d05a</UUID>
        <ProductTextUUID>4346a3a5-9600-420e-8d72-0073ac126f09</ProductTextUUID>
      </ProductTextRelation>
      <ProductBackendInfo name="Skye.AttributeAlias">
        <UUID>061d51ca-7bca-4444-bae0-35729767500f</UUID>
        <Info />
      </ProductBackendInfo>
      <ProductBackendInfo name="Skye.Core.DataSecurity">
        <UUID>c18f4b5e-47b3-4ccd-af91-4bc4f35be05f</UUID>
        <Info>Standard</Info>
      </ProductBackendInfo>
      <ProductBackendInfo name="Skye.AllowValueSetViaUnencryptedURL">
        <UUID>a31cbf4b-aa1a-4cbd-a5ab-eb8237c8f7a3</UUID>
        <Info>False</Info>
      </ProductBackendInfo>
      <DefinitionValueRelation>
        <DefinitionValueUUID>b1292518-48df-419a-8261-e2756e8aa786</DefinitionValueUUID>
      </DefinitionValueRelation>
      <DefinitionBusinessObjectContextRelation>
        <ContextUUID>46ef98c2-1b33-4c6f-8106-35909ed22815</ContextUUID>
        <DefinitionObjectUUID>a71f8509-3f58-45d3-bf7d-6890a1889ca3</DefinitionObjectUUID>
      </DefinitionBusinessObjectContextRelation>
      <DefinitionBusinessObjectContextRelation>
        <ContextUUID>9d851eee-6488-453a-b566-dd42fbedadf7</ContextUUID>
        <DefinitionObjectUUID>a71f8509-3f58-45d3-bf7d-6890a1889ca3</DefinitionObjectUUID>
      </DefinitionBusinessObjectContextRelation>
    </ProductPolicyAttribute>
    <ProductPolicyAttribute name="chequeDate" visibilityLevel="0" mandatory="false" unit="" format="&lt;Format&gt;&lt;In&gt;&lt;Class&gt;com.innoveo.skye.services.core.common.bo.ProductcatalogDefaultDateFormatter&lt;/Class&gt;&lt;/In&gt;&lt;/Format&gt;" numberOfDecimals="0" attributeClass="" type="Standard">
      <UUID>6c0a9248-0152-4830-ab2b-0a2e1a1deb64</UUID>
      <SortOrder>30</SortOrder>
      <InputType>Datepicker</InputType>
      <DataType>Date</DataType>
      <MaxLength>4000</MaxLength>
      <MinLength>0</MinLength>
      <ProductTextRelation>
        <UUID>5ceb6d80-6b11-4fa5-a3eb-c0c8b22579bd</UUID>
        <ProductTextUUID>cdacd9ab-d19e-493d-b06c-8b59fac439e9</ProductTextUUID>
      </ProductTextRelation>
      <ProductBackendInfo name="Skye.AttributeAlias">
        <UUID>7fd14c98-67b5-47df-a580-b4aa24beef21</UUID>
        <Info />
      </ProductBackendInfo>
      <ProductBackendInfo name="Skye.Core.DataSecurity">
        <UUID>9701fa36-5ba2-4b9f-8e44-2b957613f384</UUID>
        <Info>Standard</Info>
      </ProductBackendInfo>
      <ProductBackendInfo name="Skye.AllowValueSetViaUnencryptedURL">
        <UUID>a7740c16-328a-4f25-9881-25a8becf45ca</UUID>
        <Info>False</Info>
      </ProductBackendInfo>
      <DefinitionValueRelation>
        <DefinitionValueUUID>6dae692c-7046-49cc-a448-7793af6516f7</DefinitionValueUUID>
      </DefinitionValueRelation>
      <DefinitionBusinessObjectContextRelation>
        <ContextUUID>a4ff4e56-e0ea-4e3e-8034-677255ac0df6</ContextUUID>
        <DefinitionObjectUUID>6c0a9248-0152-4830-ab2b-0a2e1a1deb64</DefinitionObjectUUID>
      </DefinitionBusinessObjectContextRelation>
      <DefinitionBusinessObjectContextRelation>
        <ContextUUID>9d851eee-6488-453a-b566-dd42fbedadf7</ContextUUID>
        <DefinitionObjectUUID>6c0a9248-0152-4830-ab2b-0a2e1a1deb64</DefinitionObjectUUID>
      </DefinitionBusinessObjectContextRelation>
    </ProductPolicyAttribute>
    <ProductPolicyAttribute name="chequeNr" visibilityLevel="0" mandatory="false" unit="" format="" numberOfDecimals="0" attributeClass="" type="Standard">
      <UUID>0cbd49c3-b557-4bd1-9834-30dc38fcb73f</UUID>
      <SortOrder>99</SortOrder>
      <InputType>Textbox</InputType>
      <DataType>String</DataType>
      <MaxLength>4000</MaxLength>
      <MinLength>0</MinLength>
      <ProductTextRelation>
        <UUID>de500bbb-0eea-4d03-a725-e1e7c8cb41a8</UUID>
        <ProductTextUUID>e2898bbc-8878-454f-84c9-beb6f5c4ff9a</ProductTextUUID>
      </ProductTextRelation>
      <ProductBackendInfo name="Skye.AttributeAlias">
        <UUID>8a6af182-d903-4994-8229-a368e76a0a63</UUID>
        <Info />
      </ProductBackendInfo>
      <ProductBackendInfo name="Skye.Core.DataSecurity">
        <UUID>c6962ee9-379d-4a5a-b93b-be8c5e0085ae</UUID>
        <Info>Standard</Info>
      </ProductBackendInfo>
      <ProductBackendInfo name="Skye.AllowValueSetViaUnencryptedURL">
        <UUID>d3c2fb5e-567d-4f33-9fbe-2727d5b05424</UUID>
        <Info>False</Info>
      </ProductBackendInfo>
      <DefinitionValueRelation>
        <DefinitionValueUUID>75c2ebd3-edb6-4d17-9216-77cb7b48290d</DefinitionValueUUID>
      </DefinitionValueRelation>
      <DefinitionBusinessObjectContextRelation>
        <ContextUUID>71ca04ca-f491-40d2-91a9-d76a67a22ae8</ContextUUID>
        <DefinitionObjectUUID>0cbd49c3-b557-4bd1-9834-30dc38fcb73f</DefinitionObjectUUID>
      </DefinitionBusinessObjectContextRelation>
      <DefinitionBusinessObjectContextRelation>
        <ContextUUID>9d851eee-6488-453a-b566-dd42fbedadf7</ContextUUID>
        <DefinitionObjectUUID>0cbd49c3-b557-4bd1-9834-30dc38fcb73f</DefinitionObjectUUID>
      </DefinitionBusinessObjectContextRelation>
    </ProductPolicyAttribute>
    <ProductBackendInfo name="Skye.MultibrickType">
      <UUID>647824c3-1cc0-4e62-b9f3-38031503ae92</UUID>
      <Info />
    </ProductBackendInfo>
  </ProductBrick>
  <ProductBrick name="GeneralInsuredObject" visibilityLevel="3" brickClass=" " isAbstract="false" typeId="19">
    <UUID>ad1f020c-59b2-455f-9d75-eb8544ca7e28</UUID>
    <SortOrder>99</SortOrder>
    <MinimumUsage>1</MinimumUsage>
    <MaximumUsage>1</MaximumUsage>
    <InitialUsage>1</InitialUsage>
    <ProductBackendInfo name="Skye.MultibrickType">
      <UUID>ec308136-edb5-4f33-895b-14e8a97b9dcf</UUID>
      <Info />
    </ProductBackendInfo>
  </ProductBrick>
  <DefinitionDependentLists>
    <DefinitionDependencyDefaultValueList />
    <DefinitionDependencyValueRangeList />
    <DefinitionDependencyVisibilityList>
      <DefinitionDependencyVisibility name="set visible#0">
        <UUID>88d6a7c7-cc80-433b-bfb6-a8a72e28ab5a</UUID>
        <ClientUUID>a71f8509-3f58-45d3-bf7d-6890a1889ca3</ClientUUID>
        <Operator>EQUALS</Operator>
        <SupplierValueUUID>9abb3729-ee59-4fc5-bca7-cecdb87c77c7</SupplierValueUUID>
        <RefreshOnChange>false</RefreshOnChange>
        <DefinitionBusinessObjectContextRelation>
          <ContextUUID>165de30d-83aa-4bf0-bfb9-f5c2c4b3dc52</ContextUUID>
          <DefinitionObjectUUID>88d6a7c7-cc80-433b-bfb6-a8a72e28ab5a</DefinitionObjectUUID>
        </DefinitionBusinessObjectContextRelation>
        <SupplierReference>ref[Shoppingcart.processModel to HomeCreatePolicy].ref[root.@CurrentProcessObject to Home].Payment.paymentMethod</SupplierReference>
        <ClientVisibilityLevel>4</ClientVisibilityLevel>
      </DefinitionDependencyVisibility>
      <DefinitionDependencyVisibility name="set visible#0">
        <UUID>cd5f7f26-601b-401d-a1cb-31f97238791f</UUID>
        <ClientUUID>0cbd49c3-b557-4bd1-9834-30dc38fcb73f</ClientUUID>
        <Operator>EQUALS</Operator>
        <SupplierValueUUID>aa0b3919-2e22-494a-aea6-7ac12ed9b5f0</SupplierValueUUID>
        <RefreshOnChange>false</RefreshOnChange>
        <DefinitionBusinessObjectContextRelation>
          <ContextUUID>165de30d-83aa-4bf0-bfb9-f5c2c4b3dc52</ContextUUID>
          <DefinitionObjectUUID>cd5f7f26-601b-401d-a1cb-31f97238791f</DefinitionObjectUUID>
        </DefinitionBusinessObjectContextRelation>
        <SupplierReference>ref[Shoppingcart.processModel to HomeCreatePolicy].ref[root.@CurrentProcessObject to Home].Payment.paymentMethod</SupplierReference>
        <ClientVisibilityLevel>4</ClientVisibilityLevel>
      </DefinitionDependencyVisibility>
      <DefinitionDependencyVisibility name="set visible#0">
        <UUID>40c2e8db-84bf-4fb5-b808-1de24b84c24f</UUID>
        <ClientUUID>6c0a9248-0152-4830-ab2b-0a2e1a1deb64</ClientUUID>
        <Operator>EQUALS</Operator>
        <SupplierValueUUID>5894a382-95ff-4dde-b15d-7c860aa6d609</SupplierValueUUID>
        <RefreshOnChange>false</RefreshOnChange>
        <DefinitionBusinessObjectContextRelation>
          <ContextUUID>165de30d-83aa-4bf0-bfb9-f5c2c4b3dc52</ContextUUID>
          <DefinitionObjectUUID>40c2e8db-84bf-4fb5-b808-1de24b84c24f</DefinitionObjectUUID>
        </DefinitionBusinessObjectContextRelation>
        <SupplierReference>ref[Shoppingcart.processModel to HomeCreatePolicy].ref[root.@CurrentProcessObject to Home].Payment.paymentMethod</SupplierReference>
        <ClientVisibilityLevel>4</ClientVisibilityLevel>
      </DefinitionDependencyVisibility>
    </DefinitionDependencyVisibilityList>
    <DefinitionDependencyMandatoryList>
      <DefinitionDependencyMandatory name="set visible#1">
        <UUID>d8aafa96-77a4-4e74-8ca4-12f495d8f4f7</UUID>
        <ClientUUID>a71f8509-3f58-45d3-bf7d-6890a1889ca3</ClientUUID>
        <Operator>EQUALS</Operator>
        <SupplierValueUUID>a63d6a9d-177d-41d5-8833-295bdbba4805</SupplierValueUUID>
        <RefreshOnChange>false</RefreshOnChange>
        <DefinitionBusinessObjectContextRelation>
          <ContextUUID>9d851eee-6488-453a-b566-dd42fbedadf7</ContextUUID>
          <DefinitionObjectUUID>d8aafa96-77a4-4e74-8ca4-12f495d8f4f7</DefinitionObjectUUID>
        </DefinitionBusinessObjectContextRelation>
        <SupplierReference>ref[Shoppingcart.processModel to HomeCreatePolicy].ref[root.@CurrentProcessObject to Home].Payment.paymentMethod</SupplierReference>
        <ClientMandatory>True</ClientMandatory>
      </DefinitionDependencyMandatory>
      <DefinitionDependencyMandatory name="set visible#1">
        <UUID>709ee527-4890-43fb-8090-122e045d1789</UUID>
        <ClientUUID>0cbd49c3-b557-4bd1-9834-30dc38fcb73f</ClientUUID>
        <Operator>EQUALS</Operator>
        <SupplierValueUUID>4bd89965-6453-4e91-9c4a-413ce1700481</SupplierValueUUID>
        <RefreshOnChange>false</RefreshOnChange>
        <DefinitionBusinessObjectContextRelation>
          <ContextUUID>9d851eee-6488-453a-b566-dd42fbedadf7</ContextUUID>
          <DefinitionObjectUUID>709ee527-4890-43fb-8090-122e045d1789</DefinitionObjectUUID>
        </DefinitionBusinessObjectContextRelation>
        <SupplierReference>ref[Shoppingcart.processModel to HomeCreatePolicy].ref[root.@CurrentProcessObject to Home].Payment.paymentMethod</SupplierReference>
        <ClientMandatory>True</ClientMandatory>
      </DefinitionDependencyMandatory>
      <DefinitionDependencyMandatory name="set visible#1">
        <UUID>b5d91a15-e859-4846-9dd3-6ea70d0fcad0</UUID>
        <ClientUUID>6c0a9248-0152-4830-ab2b-0a2e1a1deb64</ClientUUID>
        <Operator>EQUALS</Operator>
        <SupplierValueUUID>cea04912-5c91-4187-9be4-a3162389b2f1</SupplierValueUUID>
        <RefreshOnChange>false</RefreshOnChange>
        <DefinitionBusinessObjectContextRelation>
          <ContextUUID>9d851eee-6488-453a-b566-dd42fbedadf7</ContextUUID>
          <DefinitionObjectUUID>b5d91a15-e859-4846-9dd3-6ea70d0fcad0</DefinitionObjectUUID>
        </DefinitionBusinessObjectContextRelation>
        <SupplierReference>ref[Shoppingcart.processModel to HomeCreatePolicy].ref[root.@CurrentProcessObject to Home].Payment.paymentMethod</SupplierReference>
        <ClientMandatory>True</ClientMandatory>
      </DefinitionDependencyMandatory>
    </DefinitionDependencyMandatoryList>
    <DefinitionDependencyToDependencyList />
    <DefinitionDependencyValueRangeFilterValuesList />
    <DefinitionDependencyDataSourceAttributeList />
  </DefinitionDependentLists>
</Product>