﻿<?xml version="1.0" encoding="utf-8"?>
<Product xmlns:xsd="http://www.w3.org/2001/XMLSchema" xmlns:xsi="http://www.w3.org/2001/XMLSchema-instance" name="HomeCreatePolicyDetailsUIDefinition" lastChanged="2019-10-14T13:40:42.8644624Z" implementationClass="" modelType="uidefinition" subModelType="ProcessLayout" skyeEditorVersion="7.15.0.16">
  <UUID>bddd220a-9950-4755-b24d-295558adeedd</UUID>
  <BusinessUnit> </BusinessUnit>
  <Section> </Section>
  <ProductTextList>
    <ProductText name="header" language="en" country="US">
      <UUID>0ef7bf0d-98b8-498c-b3d5-a6bc657b6db0</UUID>
      <Text>Insurance details</Text>
    </ProductText>
    <ProductText name="header" language="en" country="US">
      <UUID>15ea05a5-5010-400b-b409-05acc0bddbab</UUID>
      <Text>Customer information</Text>
    </ProductText>
    <ProductText name="header" language="en" country="US">
      <UUID>19c6ef63-afe6-4fcf-9003-0ac40db1f463</UUID>
      <Text>Policy details</Text>
    </ProductText>
    <ProductText name="header" language="en" country="US">
      <UUID>f4e7dd42-fbc1-4ef5-9442-88302f90268a</UUID>
      <Text />
    </ProductText>
    <ProductText name="header" language="en" country="US">
      <UUID>1ade8b62-cfce-4db8-a07e-7e917dc37e41</UUID>
      <Text>Customer details</Text>
    </ProductText>
    <ProductText name="header" language="en" country="US">
      <UUID>5caad7fa-2717-4f01-ac10-0b2f4d3e09ae</UUID>
      <Text>Customer address details</Text>
    </ProductText>
    <ProductText name="header" language="en" country="US">
      <UUID>8181f624-149b-419a-a4c9-3babe8e1b6a1</UUID>
      <Text>Sum insured / Excess</Text>
    </ProductText>
    <ProductText name="header" language="en" country="US">
      <UUID>a58114a2-1d60-408f-999d-bee8487634bc</UUID>
      <Text>Location Details</Text>
    </ProductText>
    <ProductText name="header" language="en" country="US">
      <UUID>67d88b22-60ec-4f59-bbde-d7985f70d51e</UUID>
      <Text>Premium details</Text>
    </ProductText>
    <ProductText name="header" language="en" country="US">
      <UUID>171bd5a4-35e0-4d77-aba2-bc46887812d0</UUID>
      <Text>Valuables</Text>
    </ProductText>
    <ProductText name="addButtonLabel" language="en" country="US">
      <UUID>2eadfa03-e776-4252-be2f-875bb4afc1f0</UUID>
      <Text>Add valuable item</Text>
    </ProductText>
    <ProductText name="short" language="en" country="US">
      <UUID>32a43e78-3981-4767-96eb-2feb3d8e576c</UUID>
      <Text />
    </ProductText>
  </ProductTextList>
  <ProductValueRangeList />
  <DefinitionBusinessObjectContextList />
  <DefinitionResourceList />
  <AbstractProductBrickList />
  <ProductValueList />
  <ProductBrick name="TabGroup" visibilityLevel="3" brickClass="" isAbstract="false" typeId="0">
    <UUID>0faaa149-5e0c-490f-88f0-0354df9aa7e5</UUID>
    <SortOrder>10</SortOrder>
    <MinimumUsage>1</MinimumUsage>
    <MaximumUsage>1</MaximumUsage>
    <InitialUsage>1</InitialUsage>
    <ProductBrick name="InsuranceDetails" visibilityLevel="3" brickClass="" isAbstract="false" typeId="0">
      <UUID>55cb32fc-eafa-401f-872e-092c75add6c0</UUID>
      <SortOrder>20</SortOrder>
      <MinimumUsage>1</MinimumUsage>
      <MaximumUsage>1</MaximumUsage>
      <InitialUsage>1</InitialUsage>
      <ProductTextRelation>
        <UUID>b7b2b4ad-3e7f-4597-ae75-76fc1d2eb645</UUID>
        <ProductTextUUID>0ef7bf0d-98b8-498c-b3d5-a6bc657b6db0</ProductTextUUID>
      </ProductTextRelation>
      <ProductBrick name="PanelGroup1" visibilityLevel="3" brickClass="" isAbstract="false" typeId="0">
        <UUID>bd6cde7c-39ce-4438-ac4a-3ed5a60e33c6</UUID>
        <SortOrder>10</SortOrder>
        <MinimumUsage>1</MinimumUsage>
        <MaximumUsage>1</MaximumUsage>
        <InitialUsage>1</InitialUsage>
        <ProductBrick name="SumInsuredExcess" visibilityLevel="3" brickClass="" isAbstract="false" typeId="0">
          <UUID>3c4901b8-44b3-49aa-b249-ef71010f4bfe</UUID>
          <SortOrder>10</SortOrder>
          <MinimumUsage>1</MinimumUsage>
          <MaximumUsage>1</MaximumUsage>
          <InitialUsage>1</InitialUsage>
          <ProductTextRelation>
            <UUID>ea6ff5eb-cf7b-4f6c-8eb4-d3a6398c9980</UUID>
            <ProductTextUUID>8181f624-149b-419a-a4c9-3babe8e1b6a1</ProductTextUUID>
          </ProductTextRelation>
          <ProductBackendInfo name="Skye.NumberOfColumns">
            <UUID>7fab0c4f-c7fe-4f8a-9216-35011ebfb7e6</UUID>
            <Info>2</Info>
          </ProductBackendInfo>
          <ProductBackendInfo name="Skye.DisplayControlWithEmptyContent">
            <UUID>a49845eb-a7fb-4e91-8923-247cbd0ed8b1</UUID>
            <Info>True</Info>
          </ProductBackendInfo>
          <ProductBackendInfo name="Skye.StyleClass">
            <UUID>c5576d57-5488-4c79-8907-a5730b4feaf6</UUID>
            <Info />
          </ProductBackendInfo>
          <ProductBackendInfo name="Skye.MultibrickType">
            <UUID>8e793a9e-fe41-4eef-8ee0-0d5bc40059a5</UUID>
            <Info />
          </ProductBackendInfo>
        </ProductBrick>
        <ProductBrick name="LocationDetails" visibilityLevel="3" brickClass="" isAbstract="false" typeId="0">
          <UUID>12511471-def1-4b94-ad00-8963ac5681b8</UUID>
          <SortOrder>20</SortOrder>
          <MinimumUsage>1</MinimumUsage>
          <MaximumUsage>1</MaximumUsage>
          <InitialUsage>1</InitialUsage>
          <ProductTextRelation>
            <UUID>554021b2-4a3c-4c22-9c8e-beee1cc915e8</UUID>
            <ProductTextUUID>a58114a2-1d60-408f-999d-bee8487634bc</ProductTextUUID>
          </ProductTextRelation>
          <ProductBackendInfo name="Skye.NumberOfColumns">
            <UUID>5bf651be-c179-476a-b59f-88bbc2bf3626</UUID>
            <Info>2</Info>
          </ProductBackendInfo>
          <ProductBackendInfo name="Skye.DisplayControlWithEmptyContent">
            <UUID>ba33a6b3-611b-49a9-ba32-f6662f6ecf05</UUID>
            <Info>True</Info>
          </ProductBackendInfo>
          <ProductBackendInfo name="Skye.StyleClass">
            <UUID>be6b4e5c-7778-4c10-b954-140f5cbe3a12</UUID>
            <Info />
          </ProductBackendInfo>
          <ProductBackendInfo name="Skye.MultibrickType">
            <UUID>d71bb82d-6ef8-486b-a52e-32d89cd371aa</UUID>
            <Info />
          </ProductBackendInfo>
        </ProductBrick>
        <ProductBrick name="PremiumDetails" visibilityLevel="3" brickClass="" isAbstract="false" typeId="0">
          <UUID>98b90be7-c8bc-47c4-9d8c-2c1ea67d5c30</UUID>
          <SortOrder>11</SortOrder>
          <MinimumUsage>1</MinimumUsage>
          <MaximumUsage>1</MaximumUsage>
          <InitialUsage>1</InitialUsage>
          <ProductTextRelation>
            <UUID>59872e78-ec8d-4c76-84a5-b9cc5905dd7c</UUID>
            <ProductTextUUID>67d88b22-60ec-4f59-bbde-d7985f70d51e</ProductTextUUID>
          </ProductTextRelation>
          <ProductBackendInfo name="Skye.NumberOfColumns">
            <UUID>f4120e48-7081-40c5-b01d-ea0788993eed</UUID>
            <Info>2</Info>
          </ProductBackendInfo>
          <ProductBackendInfo name="Skye.DisplayControlWithEmptyContent">
            <UUID>b42f582c-b34b-4bab-af1e-6952c7dd0a52</UUID>
            <Info>True</Info>
          </ProductBackendInfo>
          <ProductBackendInfo name="Skye.StyleClass">
            <UUID>ac757e35-67b4-4a9e-925b-b0c86c77f23d</UUID>
            <Info />
          </ProductBackendInfo>
          <ProductBackendInfo name="Skye.MultibrickType">
            <UUID>a4cf557d-14b4-47dc-bc0d-c7f9ae31ebf0</UUID>
            <Info />
          </ProductBackendInfo>
        </ProductBrick>
        <ProductBrick name="Valuables" visibilityLevel="3" brickClass="" isAbstract="false" typeId="0">
          <UUID>b786b739-d2b6-4e88-9da9-2fb5fdbc4120</UUID>
          <SortOrder>30</SortOrder>
          <MinimumUsage>1</MinimumUsage>
          <MaximumUsage>1</MaximumUsage>
          <InitialUsage>1</InitialUsage>
          <ProductTextRelation>
            <UUID>4a7c2e42-3d35-4e8c-a974-49563dfc31e5</UUID>
            <ProductTextUUID>171bd5a4-35e0-4d77-aba2-bc46887812d0</ProductTextUUID>
          </ProductTextRelation>
          <ProductBrick name="ValuableMultibrick" visibilityLevel="3" brickClass="" isAbstract="false" typeId="0">
            <UUID>8478f5ff-9f5b-4626-a7ce-e8e583dc1fe4</UUID>
            <SortOrder>10</SortOrder>
            <MinimumUsage>1</MinimumUsage>
            <MaximumUsage>1</MaximumUsage>
            <InitialUsage>1</InitialUsage>
            <ProductTextRelation>
              <UUID>70052fc0-cca4-484f-9416-dc99a6d3443b</UUID>
              <ProductTextUUID>2eadfa03-e776-4252-be2f-875bb4afc1f0</ProductTextUUID>
            </ProductTextRelation>
            <ProductTextRelation>
              <UUID>2c403470-5e94-45a2-a74e-224aa95e10de</UUID>
              <ProductTextUUID>32a43e78-3981-4767-96eb-2feb3d8e576c</ProductTextUUID>
            </ProductTextRelation>
            <ProductBackendInfo name="Skye.ProcessStepUIType">
              <UUID>cda82966-1d95-48e5-ab6e-a941e9aa4fb2</UUID>
              <Info>MultibrickGroupAddRemove</Info>
            </ProductBackendInfo>
            <ProductBackendInfo name="Skye.MultiBrickTextId">
              <UUID>335fc4f7-443d-48cc-882c-825e3f9b243a</UUID>
              <Info>Valuable</Info>
            </ProductBackendInfo>
            <ProductBackendInfo name="Skye.DisplayControlWithEmptyContent">
              <UUID>97e3a1da-c017-488f-86ec-ee26c64c16a9</UUID>
              <Info>True</Info>
            </ProductBackendInfo>
            <ProductBackendInfo name="Skye.StyleClass">
              <UUID>d98e1f51-8e16-44c7-864c-a780be38dd7e</UUID>
              <Info />
            </ProductBackendInfo>
            <ProductBackendInfo name="Skye.MultibrickType">
              <UUID>1b19a9fb-c47d-43de-b907-768a8e061679</UUID>
              <Info />
            </ProductBackendInfo>
          </ProductBrick>
          <ProductBackendInfo name="Skye.NumberOfColumns">
            <UUID>771a7a6c-5f15-4331-99e7-d6769327491f</UUID>
            <Info>2</Info>
          </ProductBackendInfo>
          <ProductBackendInfo name="Skye.DisplayControlWithEmptyContent">
            <UUID>349175c1-e594-43f0-b5ec-97282a780307</UUID>
            <Info>True</Info>
          </ProductBackendInfo>
          <ProductBackendInfo name="Skye.StyleClass">
            <UUID>00d9c5f6-6a64-4ecc-ae24-40a7f577d36c</UUID>
            <Info />
          </ProductBackendInfo>
          <ProductBackendInfo name="Skye.MultibrickType">
            <UUID>61d34901-9ecd-47d8-8d77-609f2227d7ab</UUID>
            <Info />
          </ProductBackendInfo>
        </ProductBrick>
        <ProductBackendInfo name="Skye.ProcessStepUIType">
          <UUID>7ca30515-f3e4-4cdc-b1b2-b6314d26cc40</UUID>
          <Info>PanelGroup</Info>
        </ProductBackendInfo>
        <ProductBackendInfo name="Skye.StyleClass">
          <UUID>ee62b009-cd6a-4e4c-a3aa-34fa263abcbe</UUID>
          <Info />
        </ProductBackendInfo>
        <ProductBackendInfo name="Skye.MultibrickType">
          <UUID>6dbdf45d-3ad3-4ae6-b0d8-a34c2b4a7c48</UUID>
          <Info />
        </ProductBackendInfo>
      </ProductBrick>
      <ProductBackendInfo name="Skye.NumberOfColumns">
        <UUID>3ba2a553-935a-4db4-b409-bc22d4eb0c7c</UUID>
        <Info>2</Info>
      </ProductBackendInfo>
      <ProductBackendInfo name="Skye.DisplayControlWithEmptyContent">
        <UUID>c0b5587d-ff93-494d-b865-8a26909e11e6</UUID>
        <Info>False</Info>
      </ProductBackendInfo>
      <ProductBackendInfo name="Skye.StyleClass">
        <UUID>5616b86e-ad77-4fe0-b92b-1cb3f27375a5</UUID>
        <Info />
      </ProductBackendInfo>
      <ProductBackendInfo name="Skye.MultibrickType">
        <UUID>87440438-03e8-4f58-960e-80929cf35862</UUID>
        <Info />
      </ProductBackendInfo>
    </ProductBrick>
    <ProductBrick name="CustomerInformation" visibilityLevel="3" brickClass="" isAbstract="false" typeId="0">
      <UUID>62b4c326-c937-4c96-b490-17a052c9c1e1</UUID>
      <SortOrder>10</SortOrder>
      <MinimumUsage>1</MinimumUsage>
      <MaximumUsage>1</MaximumUsage>
      <InitialUsage>1</InitialUsage>
      <ProductTextRelation>
        <UUID>50743ccd-bd1d-4254-bd83-ea29664ee5b1</UUID>
        <ProductTextUUID>15ea05a5-5010-400b-b409-05acc0bddbab</ProductTextUUID>
      </ProductTextRelation>
      <ProductBrick name="CustomerInformationPanelGroup" visibilityLevel="3" brickClass="" isAbstract="false" typeId="0">
        <UUID>c17c6df7-d36f-4095-b9d0-d610d3411757</UUID>
        <SortOrder>10</SortOrder>
        <MinimumUsage>1</MinimumUsage>
        <MaximumUsage>1</MaximumUsage>
        <InitialUsage>1</InitialUsage>
        <ProductTextRelation>
          <UUID>4fe2476d-a135-4f1b-a4ef-d381a9a6b18e</UUID>
          <ProductTextUUID>f4e7dd42-fbc1-4ef5-9442-88302f90268a</ProductTextUUID>
        </ProductTextRelation>
        <ProductBrick name="CustomerDetails" visibilityLevel="3" brickClass="" isAbstract="false" typeId="0">
          <UUID>9b1b69c3-4d4f-4021-aedb-6d74894906e9</UUID>
          <SortOrder>10</SortOrder>
          <MinimumUsage>1</MinimumUsage>
          <MaximumUsage>1</MaximumUsage>
          <InitialUsage>1</InitialUsage>
          <ProductTextRelation>
            <UUID>50a9d6c9-9ab3-483e-8d1f-b2689473fa14</UUID>
            <ProductTextUUID>1ade8b62-cfce-4db8-a07e-7e917dc37e41</ProductTextUUID>
          </ProductTextRelation>
          <ProductBackendInfo name="Skye.NumberOfColumns">
            <UUID>70213ba3-eb5b-4797-b6de-20e13db03a49</UUID>
            <Info>2</Info>
          </ProductBackendInfo>
          <ProductBackendInfo name="Skye.DisplayControlWithEmptyContent">
            <UUID>b171e2dd-7fc9-4135-a77e-19d21d485b1d</UUID>
            <Info>True</Info>
          </ProductBackendInfo>
          <ProductBackendInfo name="Skye.StyleClass">
            <UUID>66a00ded-2d13-4f2e-9a3b-a8d01ee4412d</UUID>
            <Info />
          </ProductBackendInfo>
          <ProductBackendInfo name="Skye.MultibrickType">
            <UUID>7085fbd6-43f1-4b6b-b878-1f635e0575ce</UUID>
            <Info />
          </ProductBackendInfo>
        </ProductBrick>
        <ProductBrick name="CustomerAddressDetails" visibilityLevel="3" brickClass="" isAbstract="false" typeId="0">
          <UUID>0ef18790-8bbe-4724-913f-e4183ca608d2</UUID>
          <SortOrder>20</SortOrder>
          <MinimumUsage>1</MinimumUsage>
          <MaximumUsage>1</MaximumUsage>
          <InitialUsage>1</InitialUsage>
          <ProductTextRelation>
            <UUID>1bbf5269-dbb1-4ce4-b2e1-e546a5e433c6</UUID>
            <ProductTextUUID>5caad7fa-2717-4f01-ac10-0b2f4d3e09ae</ProductTextUUID>
          </ProductTextRelation>
          <ProductBackendInfo name="Skye.NumberOfColumns">
            <UUID>c8481e0f-4e98-4c5f-97ab-96d102f00eed</UUID>
            <Info>2</Info>
          </ProductBackendInfo>
          <ProductBackendInfo name="Skye.DisplayControlWithEmptyContent">
            <UUID>36c3aefa-4555-4b51-b45a-66f8358be889</UUID>
            <Info>True</Info>
          </ProductBackendInfo>
          <ProductBackendInfo name="Skye.StyleClass">
            <UUID>5340a241-e578-4a0e-af86-87f80383ff5c</UUID>
            <Info />
          </ProductBackendInfo>
          <ProductBackendInfo name="Skye.MultibrickType">
            <UUID>e1096bc4-c234-49bf-a034-96811bf14b94</UUID>
            <Info />
          </ProductBackendInfo>
        </ProductBrick>
        <ProductBackendInfo name="Skye.ProcessStepUIType">
          <UUID>504e9428-73f0-4590-877b-d61a65ae5202</UUID>
          <Info>PanelGroup</Info>
        </ProductBackendInfo>
        <ProductBackendInfo name="Skye.StyleClass">
          <UUID>bfcd63fa-7c9e-4bd0-8b7c-28b1c0aababb</UUID>
          <Info />
        </ProductBackendInfo>
        <ProductBackendInfo name="Skye.MultibrickType">
          <UUID>c5d94a70-4b26-48dc-b615-130665e54ff6</UUID>
          <Info />
        </ProductBackendInfo>
      </ProductBrick>
      <ProductBackendInfo name="Skye.NumberOfColumns">
        <UUID>ee56f8b5-6c12-4d3c-80ca-498ae4642838</UUID>
        <Info>2</Info>
      </ProductBackendInfo>
      <ProductBackendInfo name="Skye.DisplayControlWithEmptyContent">
        <UUID>6269c826-64ee-460a-adc4-a54a661ee583</UUID>
        <Info>False</Info>
      </ProductBackendInfo>
      <ProductBackendInfo name="Skye.StyleClass">
        <UUID>b3324600-5504-47d7-b8de-d2e1f9b09eff</UUID>
        <Info />
      </ProductBackendInfo>
      <ProductBackendInfo name="Skye.MultibrickType">
        <UUID>4b0a241a-5a25-436d-8615-bdec2e5ac9d9</UUID>
        <Info />
      </ProductBackendInfo>
    </ProductBrick>
    <ProductBrick name="PolicyDetails" visibilityLevel="3" brickClass="" isAbstract="false" typeId="0">
      <UUID>c232fae5-5b95-40e7-b852-7eb3256aae92</UUID>
      <SortOrder>30</SortOrder>
      <MinimumUsage>1</MinimumUsage>
      <MaximumUsage>1</MaximumUsage>
      <InitialUsage>1</InitialUsage>
      <ProductTextRelation>
        <UUID>97953fd7-3234-48a1-8c23-0b3dd79c9d66</UUID>
        <ProductTextUUID>19c6ef63-afe6-4fcf-9003-0ac40db1f463</ProductTextUUID>
      </ProductTextRelation>
      <ProductBackendInfo name="Skye.NumberOfColumns">
        <UUID>758e8896-812d-4810-b536-3d3a215be509</UUID>
        <Info>2</Info>
      </ProductBackendInfo>
      <ProductBackendInfo name="Skye.DisplayControlWithEmptyContent">
        <UUID>8588d834-f391-4dc3-b232-7389d432c394</UUID>
        <Info>False</Info>
      </ProductBackendInfo>
      <ProductBackendInfo name="Skye.StyleClass">
        <UUID>abab49f5-4b87-463d-9646-f8cf57c49f2d</UUID>
        <Info />
      </ProductBackendInfo>
      <ProductBackendInfo name="Skye.MultibrickType">
        <UUID>40bbea61-daf5-45b0-a18d-6fd8be46bd67</UUID>
        <Info />
      </ProductBackendInfo>
    </ProductBrick>
    <ProductBackendInfo name="Skye.ProcessStepUIType">
      <UUID>4c79da72-f3f4-4290-987b-84837589480e</UUID>
      <Info>TabGroup</Info>
    </ProductBackendInfo>
    <ProductBackendInfo name="Skye.StyleClass">
      <UUID>7d6c4f9e-706f-4e17-9277-5ede22700810</UUID>
      <Info />
    </ProductBackendInfo>
    <ProductBackendInfo name="Skye.MultibrickType">
      <UUID>b1917e90-5c6f-4597-a063-338f727cd329</UUID>
      <Info />
    </ProductBackendInfo>
  </ProductBrick>
  <DefinitionDependentLists>
    <DefinitionDependencyDefaultValueList />
    <DefinitionDependencyValueRangeList />
    <DefinitionDependencyVisibilityList />
    <DefinitionDependencyMandatoryList />
    <DefinitionDependencyToDependencyList />
    <DefinitionDependencyValueRangeFilterValuesList />
    <DefinitionDependencyDataSourceAttributeList />
  </DefinitionDependentLists>
</Product>