﻿<?xml version="1.0" encoding="utf-8"?>
<ProductSettings xmlns:xsd="http://www.w3.org/2001/XMLSchema" xmlns:xsi="http://www.w3.org/2001/XMLSchema-instance">
  <Languages>
    <string>en-US</string>
  </Languages>
  <Contexts>
    <Channels>
      <Channel Name="callcenter">
        <Roles>
          <Role Name="callcenter">
            <Pages>
              <Page Name="MotorCreatePolicy:CarInformation" />
              <Page Name="MotorCreatePolicy:InsuredsInformation" />
              <Page Name="MotorCreatePolicy:Summary" />
              <Page Name="MotorPolicyDoc" />
              <Page Name="MotorEmail" />
            </Pages>
          </Role>
        </Roles>
      </Channel>
    </Channels>
  </Contexts>
</ProductSettings>