﻿<?xml version="1.0" encoding="utf-8"?>
<Product xmlns:xsd="http://www.w3.org/2001/XMLSchema" xmlns:xsi="http://www.w3.org/2001/XMLSchema-instance" name="DefaultAuthorizationModel" lastChanged="2019-05-08T07:33:02.583Z" implementationClass=" " versionUuid=" " modelType="authorization" subModelType="" skyeEditorVersion="7.26.1.50">
  <UUID>f8bcea19-a75f-470b-a282-f0affac62bef</UUID>
  <SortOrder>0</SortOrder>
  <BusinessUnit> </BusinessUnit>
  <Section> </Section>
  <ProductTextList />
  <ProductValueRangeList />
  <DefinitionBusinessObjectContextList />
  <DefinitionResourceList />
  <AbstractProductBrickList />
  <ProductValueList>
    <ProductValue name="broker" type="value">
      <UUID>22ff3038-5379-4088-9fd9-dcc36b6f04aa</UUID>
      <SortOrder>0</SortOrder>
      <Value>broker</Value>
    </ProductValue>
    <ProductValue name=" " type="value">
      <UUID>2983c6a1-93ab-446a-aab6-76422a05a0fc</UUID>
      <SortOrder>0</SortOrder>
      <Value />
    </ProductValue>
    <ProductValue name="%{UserContext['visibleOrganizations']}" type="value">
      <UUID>3d258d87-8c86-4b98-900d-0fcf014e6a98</UUID>
      <SortOrder>0</SortOrder>
      <Value>%{UserContext['visibleOrganizations']}</Value>
    </ProductValue>
    <ProductValue name="true" type="value">
      <UUID>44afda29-1a2d-4b83-9c16-0fe5784f8d84</UUID>
      <SortOrder>0</SortOrder>
      <Value>true</Value>
    </ProductValue>
    <ProductValue name="%{UserContext['skyeRole']}" type="value">
      <UUID>745c2ce5-2858-4cb0-8450-922bc05968a1</UUID>
      <SortOrder>0</SortOrder>
      <Value>%{UserContext['skyeRole']}</Value>
    </ProductValue>
    <ProductValue name="broker" type="value">
      <UUID>a5113093-fbd0-42f8-9276-80d6d67d2cde</UUID>
      <SortOrder>0</SortOrder>
      <Value>broker</Value>
    </ProductValue>
    <ProductValue name=" " type="value">
      <UUID>af3bd23c-2fbf-4bf0-a552-ec8ca87887f0</UUID>
      <SortOrder>0</SortOrder>
      <Value />
    </ProductValue>
    <ProductValue name="%ifEqual(DefaultAuthorizationModel.@filterByCreatedBy-&gt;shortOrFormattedValue, 'true', UserContext['userId'])%ifNotEqual(DefaultAuthorizationModel.@filterByCreatedBy-&gt;shortOrFormattedValue, 'true', 'FullAuth')" type="value">
      <UUID>b2b86a62-90fd-4848-981c-0a67efd6b13c</UUID>
      <SortOrder>0</SortOrder>
      <Value>%ifEqual(DefaultAuthorizationModel.@filterByCreatedBy-&gt;shortOrFormattedValue, 'true', UserContext['userId'])%ifNotEqual(DefaultAuthorizationModel.@filterByCreatedBy-&gt;shortOrFormattedValue, 'true', 'FullAuth')</Value>
    </ProductValue>
    <ProductValue name="true" type="value">
      <UUID>be87fb6e-2d46-470f-9121-1544c431b48c</UUID>
      <SortOrder>0</SortOrder>
      <Value>true</Value>
    </ProductValue>
    <ProductValue name=" " type="value">
      <UUID>c0ca8b3f-2622-4023-a982-ea547f0cfce3</UUID>
      <SortOrder>0</SortOrder>
      <Value />
    </ProductValue>
    <ProductValue name="%ifEqual(DefaultAuthorizationModel.@filterByVisibleOraganizations-&gt;shortOrFormattedValue, 'true', UserContext['visibleOrganizations'])%ifNotEqual(DefaultAuthorizationModel.@filterByVisibleOraganizations-&gt;shortOrFormattedValue, 'true', 'FullAuth')" type="value">
      <UUID>c704c99c-48b9-4589-80e3-9dbc837ef898</UUID>
      <SortOrder>0</SortOrder>
      <Value>%ifEqual(DefaultAuthorizationModel.@filterByVisibleOraganizations-&gt;shortOrFormattedValue, 'true', UserContext['visibleOrganizations'])%ifNotEqual(DefaultAuthorizationModel.@filterByVisibleOraganizations-&gt;shortOrFormattedValue, 'true', 'FullAuth')</Value>
    </ProductValue>
    <ProductValue name=" " type="value">
      <UUID>ee786fdf-b04b-44fa-88be-84fc7adaf8ea</UUID>
      <SortOrder>0</SortOrder>
      <Value />
    </ProductValue>
    <ProductValue name=" " type="value">
      <UUID>f3a13ec6-7cb3-4f13-91bc-cbfbceece68a</UUID>
      <SortOrder>0</SortOrder>
      <Value />
    </ProductValue>
  </ProductValueList>
  <ProductPolicyAttribute name="organizationId" visibilityLevel="0" mandatory="false" unit=" " format=" " numberOfDecimals="0" attributeClass=" " type="Standard">
    <UUID>161aabc5-a195-4e6b-8680-0e247fab882d</UUID>
    <SortOrder>99</SortOrder>
    <InputType>Textbox</InputType>
    <DataType>String</DataType>
    <MaxLength>4000</MaxLength>
    <MinLength>0</MinLength>
    <ProductBackendInfo name="Skye.Core.DataSecurity">
      <UUID>601b7fae-467d-4781-ab08-b4c6e9e7e202</UUID>
      <Info>Standard</Info>
    </ProductBackendInfo>
    <ProductBackendInfo name="Skye.AllowValueSetViaUnencryptedURL">
      <UUID>7a9534c4-19c0-4dc3-ac14-b4e091ba98c6</UUID>
      <Info>False</Info>
    </ProductBackendInfo>
    <ProductBackendInfo name="Skye.AttributeAlias">
      <UUID>e94efccb-1961-437d-9f14-6782d67ade1d</UUID>
      <Info />
    </ProductBackendInfo>
    <DefinitionValueRelation>
      <UUID>11ea9365-1704-ecee-8a40-a95c9c2090ce</UUID>
      <DefinitionValueUUID>c704c99c-48b9-4589-80e3-9dbc837ef898</DefinitionValueUUID>
    </DefinitionValueRelation>
  </ProductPolicyAttribute>
  <ProductPolicyAttribute name="@IsDefault" visibilityLevel="0" mandatory="false" unit="" format="" numberOfDecimals="0" attributeClass=" " type="Standard">
    <UUID>1cb9ffb0-163d-4891-bc7a-6752f21f5679</UUID>
    <SortOrder>99</SortOrder>
    <InputType>Textbox</InputType>
    <DataType>String</DataType>
    <MaxLength>4000</MaxLength>
    <MinLength>0</MinLength>
    <ProductBackendInfo name="Skye.AllowValueSetViaUnencryptedURL">
      <UUID>108d479a-48d9-43b7-a7bb-71bce8728c78</UUID>
      <Info>False</Info>
    </ProductBackendInfo>
    <ProductBackendInfo name="Skye.Core.DataSecurity">
      <UUID>9c1c3a8b-3530-46f5-9416-417ed47d8368</UUID>
      <Info>Standard</Info>
    </ProductBackendInfo>
    <ProductBackendInfo name="Skye.AttributeAlias">
      <UUID>f10efd6e-d50f-42f1-b2b2-8d58eae952a1</UUID>
      <Info />
    </ProductBackendInfo>
    <DefinitionValueRelation>
      <UUID>11ea9365-1705-1403-8a40-a95c9c2090ce</UUID>
      <DefinitionValueUUID>f3a13ec6-7cb3-4f13-91bc-cbfbceece68a</DefinitionValueUUID>
    </DefinitionValueRelation>
  </ProductPolicyAttribute>
  <ProductPolicyAttribute name="@filterByCreatedBy" visibilityLevel="0" mandatory="false" unit=" " format=" " numberOfDecimals="0" attributeClass=" " type="Standard">
    <UUID>7e011aa8-aec8-4b6d-b52b-cc36941f5bb3</UUID>
    <SortOrder>99</SortOrder>
    <InputType>Textbox</InputType>
    <DataType>String</DataType>
    <MaxLength>4000</MaxLength>
    <MinLength>0</MinLength>
    <ProductBackendInfo name="Skye.Core.DataSecurity">
      <UUID>54b76bfa-892d-4991-9a88-6972f6cfb14f</UUID>
      <Info>Standard</Info>
    </ProductBackendInfo>
    <ProductBackendInfo name="Skye.AllowValueSetViaUnencryptedURL">
      <UUID>694e1b85-37be-40b8-97a8-c2c6eaddbe23</UUID>
      <Info>False</Info>
    </ProductBackendInfo>
    <ProductBackendInfo name="Skye.AttributeAlias">
      <UUID>ea73fcd5-d8fa-4b00-ac9a-adf630fb8659</UUID>
      <Info />
    </ProductBackendInfo>
    <DefinitionValueRelation>
      <UUID>11ea9365-1705-13ff-8a40-a95c9c2090ce</UUID>
      <DefinitionValueUUID>2983c6a1-93ab-446a-aab6-76422a05a0fc</DefinitionValueUUID>
    </DefinitionValueRelation>
  </ProductPolicyAttribute>
  <ProductPolicyAttribute name="@userRole" visibilityLevel="0" mandatory="false" unit=" " format=" " numberOfDecimals="0" attributeClass=" " type="Standard">
    <UUID>820a8c77-2fbf-4659-9eb0-950ddb174b8f</UUID>
    <SortOrder>99</SortOrder>
    <InputType>Textbox</InputType>
    <DataType>String</DataType>
    <MaxLength>4000</MaxLength>
    <MinLength>0</MinLength>
    <ProductBackendInfo name="Skye.Core.DataSecurity">
      <UUID>4c90e7ee-0585-4b66-a903-17e74c338d69</UUID>
      <Info>Standard</Info>
    </ProductBackendInfo>
    <ProductBackendInfo name="Skye.AllowValueSetViaUnencryptedURL">
      <UUID>9af392a9-deab-48c2-899b-c55bea490d77</UUID>
      <Info>False</Info>
    </ProductBackendInfo>
    <ProductBackendInfo name="Skye.AttributeAlias">
      <UUID>d8dff40d-00c0-4a2a-8704-934aa327d287</UUID>
      <Info />
    </ProductBackendInfo>
    <DefinitionValueRelation>
      <UUID>11ea9365-1705-1400-8a40-a95c9c2090ce</UUID>
      <DefinitionValueUUID>745c2ce5-2858-4cb0-8450-922bc05968a1</DefinitionValueUUID>
    </DefinitionValueRelation>
  </ProductPolicyAttribute>
  <ProductPolicyAttribute name="createdBy" visibilityLevel="0" mandatory="false" unit=" " format=" " numberOfDecimals="0" attributeClass=" " type="Standard">
    <UUID>9dd648cf-8a35-4b30-9af2-4018c77fa83d</UUID>
    <SortOrder>99</SortOrder>
    <InputType>Textbox</InputType>
    <DataType>String</DataType>
    <MaxLength>4000</MaxLength>
    <MinLength>0</MinLength>
    <ProductBackendInfo name="Skye.Core.DataSecurity">
      <UUID>750caa66-3fe5-4621-984b-43b8134ceb0c</UUID>
      <Info>Standard</Info>
    </ProductBackendInfo>
    <ProductBackendInfo name="Skye.AllowValueSetViaUnencryptedURL">
      <UUID>92e43096-5802-4438-abb3-a87695b5c259</UUID>
      <Info>False</Info>
    </ProductBackendInfo>
    <ProductBackendInfo name="Skye.AttributeAlias">
      <UUID>e18d8765-0eef-45c8-badf-e1cb2dd54b4f</UUID>
      <Info />
    </ProductBackendInfo>
    <DefinitionValueRelation>
      <UUID>11ea9365-1705-1404-8a40-a95c9c2090ce</UUID>
      <DefinitionValueUUID>b2b86a62-90fd-4848-981c-0a67efd6b13c</DefinitionValueUUID>
    </DefinitionValueRelation>
  </ProductPolicyAttribute>
  <ProductPolicyAttribute name="@filterByVisibleOraganizations" visibilityLevel="0" mandatory="false" unit=" " format=" " numberOfDecimals="0" attributeClass=" " type="Standard">
    <UUID>a1fadcce-38d5-457c-8122-0748748b421d</UUID>
    <SortOrder>99</SortOrder>
    <InputType>Textbox</InputType>
    <DataType>String</DataType>
    <MaxLength>4000</MaxLength>
    <MinLength>0</MinLength>
    <ProductBackendInfo name="Skye.Core.DataSecurity">
      <UUID>a3ed4831-9b02-4e52-b4b5-47a379c010e0</UUID>
      <Info>Standard</Info>
    </ProductBackendInfo>
    <ProductBackendInfo name="Skye.AllowValueSetViaUnencryptedURL">
      <UUID>c3ef6e22-e25b-4c2d-becb-21f4e68f9a71</UUID>
      <Info>False</Info>
    </ProductBackendInfo>
    <ProductBackendInfo name="Skye.AttributeAlias">
      <UUID>c60bc976-1e89-4898-b6ca-84208475a873</UUID>
      <Info />
    </ProductBackendInfo>
    <DefinitionValueRelation>
      <UUID>11ea9365-1705-1401-8a40-a95c9c2090ce</UUID>
      <DefinitionValueUUID>af3bd23c-2fbf-4bf0-a552-ec8ca87887f0</DefinitionValueUUID>
    </DefinitionValueRelation>
  </ProductPolicyAttribute>
  <ProductPolicyAttribute name="@organizationalVisibility" visibilityLevel="0" mandatory="false" unit=" " format=" " numberOfDecimals="0" attributeClass=" " type="Standard">
    <UUID>abf2e5ae-d105-471f-8fd7-430f9fff1f89</UUID>
    <SortOrder>99</SortOrder>
    <InputType>Textbox</InputType>
    <DataType>String</DataType>
    <MaxLength>4000</MaxLength>
    <MinLength>0</MinLength>
    <ProductBackendInfo name="Skye.AttributeAlias">
      <UUID>7a6fa995-183f-4040-9968-48fa2a506656</UUID>
      <Info />
    </ProductBackendInfo>
    <ProductBackendInfo name="Skye.AllowValueSetViaUnencryptedURL">
      <UUID>837568fe-f930-49ec-8fa6-6ead576cfcdc</UUID>
      <Info>False</Info>
    </ProductBackendInfo>
    <ProductBackendInfo name="Skye.Core.DataSecurity">
      <UUID>bd01b914-9523-4c74-8b50-75e5fbc6b995</UUID>
      <Info>Standard</Info>
    </ProductBackendInfo>
    <DefinitionValueRelation>
      <UUID>11ea9365-1705-1402-8a40-a95c9c2090ce</UUID>
      <DefinitionValueUUID>3d258d87-8c86-4b98-900d-0fcf014e6a98</DefinitionValueUUID>
    </DefinitionValueRelation>
  </ProductPolicyAttribute>
  <DefinitionDependentLists>
    <DefinitionDependencyDefaultValueList>
      <DefinitionDependencyDefaultValue name="filterByOrganizationIdRule#0">
        <UUID>03ef6197-6412-4485-bcba-c3cac95261f7</UUID>
        <ClientUUID>a1fadcce-38d5-457c-8122-0748748b421d</ClientUUID>
        <Operator>EQUALS</Operator>
        <SupplierValueUUID>22ff3038-5379-4088-9fd9-dcc36b6f04aa</SupplierValueUUID>
        <RefreshOnChange>true</RefreshOnChange>
        <DependencyChangeRefreshPolicy>2</DependencyChangeRefreshPolicy>
        <SupplierReference>DefaultAuthorizationModel.@userRole</SupplierReference>
        <ClientValueUUID>44afda29-1a2d-4b83-9c16-0fe5784f8d84</ClientValueUUID>
      </DefinitionDependencyDefaultValue>
      <DefinitionDependencyDefaultValue name="createdByUseerFilterRule#0">
        <UUID>d1db82b5-2205-4eb8-a819-ac4da9d3c04d</UUID>
        <ClientUUID>7e011aa8-aec8-4b6d-b52b-cc36941f5bb3</ClientUUID>
        <Operator>EQUALS</Operator>
        <SupplierValueUUID>a5113093-fbd0-42f8-9276-80d6d67d2cde</SupplierValueUUID>
        <RefreshOnChange>true</RefreshOnChange>
        <DependencyChangeRefreshPolicy>2</DependencyChangeRefreshPolicy>
        <SupplierReference>DefaultAuthorizationModel.@userRole</SupplierReference>
        <ClientValueUUID>be87fb6e-2d46-470f-9121-1544c431b48c</ClientValueUUID>
      </DefinitionDependencyDefaultValue>
    </DefinitionDependencyDefaultValueList>
    <DefinitionDependencyValueRangeList />
    <DefinitionDependencyVisibilityList />
    <DefinitionDependencyMandatoryList />
    <DefinitionDependencyToDependencyList>
      <DefinitionDependencyToDependency name="filterByOrganizationIdRule#1">
        <UUID>269d46f3-4556-41f4-bfb0-c6de994b8c27</UUID>
        <ClientUUID>03ef6197-6412-4485-bcba-c3cac95261f7</ClientUUID>
        <Operator>NOT_EQUALS</Operator>
        <SupplierValueUUID>c0ca8b3f-2622-4023-a982-ea547f0cfce3</SupplierValueUUID>
        <RefreshOnChange>true</RefreshOnChange>
        <DependencyChangeRefreshPolicy>2</DependencyChangeRefreshPolicy>
        <SupplierReference>DefaultAuthorizationModel.@organizationalVisibility</SupplierReference>
      </DefinitionDependencyToDependency>
      <DefinitionDependencyToDependency name="createdByUseerFilterRule#1">
        <UUID>6a6d6334-fd0b-46d0-8e68-66b25dcb02c1</UUID>
        <ClientUUID>d1db82b5-2205-4eb8-a819-ac4da9d3c04d</ClientUUID>
        <Operator>EQUALS</Operator>
        <SupplierValueUUID>ee786fdf-b04b-44fa-88be-84fc7adaf8ea</SupplierValueUUID>
        <RefreshOnChange>true</RefreshOnChange>
        <DependencyChangeRefreshPolicy>2</DependencyChangeRefreshPolicy>
        <SupplierReference>DefaultAuthorizationModel.@organizationalVisibility</SupplierReference>
      </DefinitionDependencyToDependency>
    </DefinitionDependencyToDependencyList>
    <DefinitionDependencyValueRangeFilterValuesList />
    <DefinitionDependencyDataSourceAttributeList />
  </DefinitionDependentLists>
</Product>