﻿<?xml version="1.0" encoding="utf-8"?>
<Product xmlns:xsd="http://www.w3.org/2001/XMLSchema" xmlns:xsi="http://www.w3.org/2001/XMLSchema-instance" name="CallcenterAutomaticSearch" lastChanged="2019-10-15T14:44:28.8339990Z" implementationClass="" modelType="search" subModelType="automatic" skyeEditorVersion="7.15.0.16">
  <UUID>e04f1469-0a4d-41ba-82f3-4bff53f52bdb</UUID>
  <BusinessUnit> </BusinessUnit>
  <Section> </Section>
  <ProductTextList>
    <ProductText name="defaultSortingFieldLabel" language="en" country="US">
      <UUID>40d2c359-2577-4044-ad79-975d2fbbff0c</UUID>
      <Text />
    </ProductText>
    <ProductText name="short" language="en" country="US">
      <UUID>e80fe29b-7558-4d50-a102-ba8afe546dce</UUID>
      <Text />
    </ProductText>
    <ProductText name="header" language="en" country="US">
      <UUID>2d29ac9c-5e92-481f-a5ae-ec83c4cbd1f6</UUID>
      <Text>All</Text>
    </ProductText>
    <ProductText name="header" language="en" country="US">
      <UUID>43799d9d-8fb3-42cb-b7b8-347c326a48ce</UUID>
      <Text />
    </ProductText>
    <ProductText name="searchInfo" language="en" country="US">
      <UUID>95a59f0c-8c0b-489e-856e-c54cc0535840</UUID>
      <Text />
    </ProductText>
    <ProductText name="searchNoRecords" language="en" country="US">
      <UUID>25210d27-d96f-4349-b3a2-3677a588b0fc</UUID>
      <Text />
    </ProductText>
    <ProductText name="defaultSortingFieldLabel" language="en" country="US">
      <UUID>0aba2dbf-2190-45fd-9b33-a171787efb53</UUID>
      <Text />
    </ProductText>
    <ProductText name="short" language="en" country="US">
      <UUID>1de7b5e0-8a8c-4d46-b4db-757a3519eef7</UUID>
      <Text />
    </ProductText>
    <ProductText name="header" language="en" country="US">
      <UUID>78a60491-ef4b-4233-bff8-f064be55063b</UUID>
      <Text>Quotes</Text>
    </ProductText>
    <ProductText name="defaultSortingFieldLabel" language="en" country="US">
      <UUID>72373af6-4d55-4f9f-b3f4-06085af11ed0</UUID>
      <Text />
    </ProductText>
    <ProductText name="short" language="en" country="US">
      <UUID>f6bf1422-6786-4e7a-85b7-788676bcc577</UUID>
      <Text />
    </ProductText>
    <ProductText name="header" language="en" country="US">
      <UUID>1c4cc20d-5288-47cc-a98b-0b145b5bf7d1</UUID>
      <Text>Mine</Text>
    </ProductText>
  </ProductTextList>
  <ProductValueRangeList>
    <ProductValueRange name="Reference.referencedModelsVR" type="fix">
      <UUID>6f9e8241-deb8-4115-b1a6-b500536e2cf4</UUID>
    </ProductValueRange>
  </ProductValueRangeList>
  <DefinitionBusinessObjectContextList />
  <DefinitionResourceList />
  <ProductValueList>
    <ProductValue name="QUERY:(*)" type="value">
      <UUID>97a65144-e34f-43bb-b67f-25190830dff4</UUID>
      <SortOrder>0</SortOrder>
      <Value>QUERY:(*)</Value>
    </ProductValue>
    <ProductValue name="" type="value">
      <UUID>25d847c2-e976-4eb5-bf8e-b000ca66cea0</UUID>
      <SortOrder>0</SortOrder>
      <Value />
    </ProductValue>
    <ProductValue name="Home" type="value">
      <UUID>93f09adf-02fa-4ce3-ae47-fbed49f8cefb</UUID>
      <SortOrder>0</SortOrder>
      <Value>Home</Value>
    </ProductValue>
    <ProductValue name="5" type="value">
      <UUID>0db59783-c30f-4cf8-a266-e7e35d4bf571</UUID>
      <SortOrder>0</SortOrder>
      <Value>5</Value>
    </ProductValue>
    <ProductValue name="homeAutomaticSearchResult" type="value">
      <UUID>67310773-6b2e-43aa-94e6-8e2dc4091d83</UUID>
      <SortOrder>0</SortOrder>
      <Value>homeAutomaticSearchResult</Value>
    </ProductValue>
    <ProductValue name="LastModified" type="value">
      <UUID>f08c43dc-9e54-424a-b102-f8542efe7734</UUID>
      <SortOrder>0</SortOrder>
      <Value>LastModified</Value>
    </ProductValue>
    <ProductValue name="" type="value">
      <UUID>a975951c-351d-4fd7-a62d-ac6640d8e393</UUID>
      <SortOrder>0</SortOrder>
      <Value />
    </ProductValue>
    <ProductValue name="QUERY:(*)" type="value">
      <UUID>07c52d20-db74-4150-95a8-9be97d7db053</UUID>
      <SortOrder>0</SortOrder>
      <Value>QUERY:(*)</Value>
    </ProductValue>
    <ProductValue name="" type="value">
      <UUID>d817e8bc-1079-47d1-8518-6ee0ccb089c4</UUID>
      <SortOrder>0</SortOrder>
      <Value />
    </ProductValue>
    <ProductValue name="Home" type="value">
      <UUID>35ec7b6b-2e6d-47bd-bbb3-74da8ba2bb65</UUID>
      <SortOrder>0</SortOrder>
      <Value>Home</Value>
    </ProductValue>
    <ProductValue name="5" type="value">
      <UUID>60079174-c294-45b4-b0fe-05a3893ad286</UUID>
      <SortOrder>0</SortOrder>
      <Value>5</Value>
    </ProductValue>
    <ProductValue name="homeAutomaticSearchResult" type="value">
      <UUID>acde66ed-7639-416d-bbdb-4f32dc991ca5</UUID>
      <SortOrder>0</SortOrder>
      <Value>homeAutomaticSearchResult</Value>
    </ProductValue>
    <ProductValue name="LastModified" type="value">
      <UUID>cabd1867-497b-4a24-a5bc-76736486fd1d</UUID>
      <SortOrder>0</SortOrder>
      <Value>LastModified</Value>
    </ProductValue>
    <ProductValue name="QUERY:(*)" type="value">
      <UUID>2efc164c-a7b7-4237-8633-a4523753b450</UUID>
      <SortOrder>0</SortOrder>
      <Value>QUERY:(*)</Value>
    </ProductValue>
    <ProductValue name="" type="value">
      <UUID>14c43a71-76a5-4b07-b0ef-057c8611c2de</UUID>
      <SortOrder>0</SortOrder>
      <Value />
    </ProductValue>
    <ProductValue name="Home" type="value">
      <UUID>d17931df-9e1f-4506-9029-c7bd14a9c5ba</UUID>
      <SortOrder>0</SortOrder>
      <Value>Home</Value>
    </ProductValue>
    <ProductValue name="5" type="value">
      <UUID>3f6f3f2e-1083-44f5-a33f-4741a86bf045</UUID>
      <SortOrder>0</SortOrder>
      <Value>5</Value>
    </ProductValue>
    <ProductValue name="homeAutomaticSearchResult" type="value">
      <UUID>5645c697-e54e-434f-b47e-9ea0e4457a8c</UUID>
      <SortOrder>0</SortOrder>
      <Value>homeAutomaticSearchResult</Value>
    </ProductValue>
    <ProductValue name="LastModified" type="value">
      <UUID>ac40b2c7-9200-4442-add0-5ac5652c7059</UUID>
      <SortOrder>0</SortOrder>
      <Value>LastModified</Value>
    </ProductValue>
  </ProductValueList>
  <ProductPolicyAttribute name="@ComponentOwner" visibilityLevel="0" mandatory="false" unit="" format="" numberOfDecimals="0" attributeClass="" type="Reference">
    <UUID>14c28269-3753-401d-affe-dd408147b507</UUID>
    <SortOrder>99</SortOrder>
    <InputType>Textbox</InputType>
    <DataType>product</DataType>
    <MaxLength>4000</MaxLength>
    <MinLength>0</MinLength>
    <ProductValueRangeRelation>
      <UUID>0b37b996-c7eb-4ab4-8a80-17c8ffa21d1b</UUID>
      <SortOrder>99</SortOrder>
      <ProductValueRangeUUID>6f9e8241-deb8-4115-b1a6-b500536e2cf4</ProductValueRangeUUID>
    </ProductValueRangeRelation>
    <ProductBackendInfo name="Skye.AttributeAlias">
      <UUID>2fbacda2-c941-40b4-9147-7bdff51d93cd</UUID>
      <Info />
    </ProductBackendInfo>
    <ProductBackendInfo name="Skye.Core.DataSecurity">
      <UUID>1009ea1a-bc59-4a6d-9edc-5ac22feaaef8</UUID>
      <Info>Standard</Info>
    </ProductBackendInfo>
    <ProductBackendInfo name="Skye.AllowValueSetViaUnencryptedURL">
      <UUID>a7a8f1bd-4b7e-433c-982a-b77c90b9ab56</UUID>
      <Info>False</Info>
    </ProductBackendInfo>
    <DefinitionValueRelation>
      <DefinitionValueUUID>a975951c-351d-4fd7-a62d-ac6640d8e393</DefinitionValueUUID>
    </DefinitionValueRelation>
  </ProductPolicyAttribute>
  <ProductTextRelation>
    <UUID>25739f9a-5b94-4c27-b069-58ad3f8e7538</UUID>
    <ProductTextUUID>43799d9d-8fb3-42cb-b7b8-347c326a48ce</ProductTextUUID>
  </ProductTextRelation>
  <ProductTextRelation>
    <UUID>7be67135-93ca-43df-90d4-cac14cadd53a</UUID>
    <ProductTextUUID>95a59f0c-8c0b-489e-856e-c54cc0535840</ProductTextUUID>
  </ProductTextRelation>
  <ProductTextRelation>
    <UUID>9e9572ed-19d6-4640-be47-09a3a6f95ee8</UUID>
    <ProductTextUUID>25210d27-d96f-4349-b3a2-3677a588b0fc</ProductTextUUID>
  </ProductTextRelation>
  <ProductBrick name="All" visibilityLevel="3" brickClass="" isAbstract="false" typeId="0">
    <UUID>67a2b2d3-6f3e-4060-a991-6fb9a4de8b63</UUID>
    <SortOrder>1</SortOrder>
    <MinimumUsage>1</MinimumUsage>
    <MaximumUsage>1</MaximumUsage>
    <InitialUsage>1</InitialUsage>
    <ProductTextRelation>
      <UUID>0430c51c-b814-490a-a66d-158e16409cd6</UUID>
      <ProductTextUUID>2d29ac9c-5e92-481f-a5ae-ec83c4cbd1f6</ProductTextUUID>
    </ProductTextRelation>
    <ProductPolicyAttribute name="@SearchQuery" visibilityLevel="1" mandatory="false" unit="" format="" numberOfDecimals="0" attributeClass="" type="Standard">
      <UUID>23b6ae29-c858-48ec-9c33-5ed97bd74ff7</UUID>
      <SortOrder>99</SortOrder>
      <InputType>Textbox</InputType>
      <DataType>String</DataType>
      <MaxLength>4000</MaxLength>
      <MinLength>0</MinLength>
      <ProductBackendInfo name="Skye.AttributeAlias">
        <UUID>3c6c3128-2c1b-4813-b531-d5093a276295</UUID>
        <Info />
      </ProductBackendInfo>
      <ProductBackendInfo name="Skye.Core.DataSecurity">
        <UUID>7f0e7f0c-d473-4d2f-a13c-b429f473bfda</UUID>
        <Info>Standard</Info>
      </ProductBackendInfo>
      <ProductBackendInfo name="Skye.AllowValueSetViaUnencryptedURL">
        <UUID>1eb44bec-8ac4-48dd-b70c-f2f60c68adcd</UUID>
        <Info>False</Info>
      </ProductBackendInfo>
      <DefinitionValueRelation>
        <DefinitionValueUUID>97a65144-e34f-43bb-b67f-25190830dff4</DefinitionValueUUID>
      </DefinitionValueRelation>
    </ProductPolicyAttribute>
    <ProductPolicyAttribute name="@SearchForModelTypes" visibilityLevel="1" mandatory="false" unit="" format="" numberOfDecimals="0" attributeClass="" type="Standard">
      <UUID>008e867e-e18d-484f-ae6a-5313abbf0d35</UUID>
      <SortOrder>99</SortOrder>
      <InputType>Textbox</InputType>
      <DataType>String</DataType>
      <MaxLength>4000</MaxLength>
      <MinLength>0</MinLength>
      <ProductBackendInfo name="Skye.AttributeAlias">
        <UUID>34b195da-bb9e-4440-ba64-9b3a8a4e6453</UUID>
        <Info />
      </ProductBackendInfo>
      <ProductBackendInfo name="Skye.Core.DataSecurity">
        <UUID>d6b634c5-d736-488d-a5e7-5429f4db38cb</UUID>
        <Info>Standard</Info>
      </ProductBackendInfo>
      <ProductBackendInfo name="Skye.AllowValueSetViaUnencryptedURL">
        <UUID>d95127a2-1e52-4a97-88e5-85bdc9fc55d6</UUID>
        <Info>False</Info>
      </ProductBackendInfo>
      <DefinitionValueRelation>
        <DefinitionValueUUID>25d847c2-e976-4eb5-bf8e-b000ca66cea0</DefinitionValueUUID>
      </DefinitionValueRelation>
    </ProductPolicyAttribute>
    <ProductPolicyAttribute name="@SearchForModelTextIds" visibilityLevel="1" mandatory="false" unit="" format="" numberOfDecimals="0" attributeClass="" type="Standard">
      <UUID>3648d39b-f80d-4545-a6d8-7db9c28067ce</UUID>
      <SortOrder>99</SortOrder>
      <InputType>Textbox</InputType>
      <DataType>String</DataType>
      <MaxLength>4000</MaxLength>
      <MinLength>0</MinLength>
      <ProductBackendInfo name="Skye.AttributeAlias">
        <UUID>50deb45f-4e30-48e6-b2cc-38202c3267e2</UUID>
        <Info />
      </ProductBackendInfo>
      <ProductBackendInfo name="Skye.Core.DataSecurity">
        <UUID>9e9a3555-0876-4273-8c49-e624462cd294</UUID>
        <Info>Standard</Info>
      </ProductBackendInfo>
      <ProductBackendInfo name="Skye.AllowValueSetViaUnencryptedURL">
        <UUID>e1aaf6d6-1591-4f52-bba1-29f83b697224</UUID>
        <Info>False</Info>
      </ProductBackendInfo>
      <DefinitionValueRelation>
        <DefinitionValueUUID>93f09adf-02fa-4ce3-ae47-fbed49f8cefb</DefinitionValueUUID>
      </DefinitionValueRelation>
    </ProductPolicyAttribute>
    <ProductPolicyAttribute name="@NumberOfSearchResultsPerPage" visibilityLevel="1" mandatory="false" unit="" format="" numberOfDecimals="0" attributeClass="" type="Standard">
      <UUID>2a7f8301-3d1d-4cb0-9951-aa3219e0796c</UUID>
      <SortOrder>99</SortOrder>
      <InputType>Textbox</InputType>
      <DataType>String</DataType>
      <MaxLength>4000</MaxLength>
      <MinLength>0</MinLength>
      <ProductBackendInfo name="Skye.AttributeAlias">
        <UUID>4e1f6d83-590f-4984-856e-9b821fd2360c</UUID>
        <Info />
      </ProductBackendInfo>
      <ProductBackendInfo name="Skye.Core.DataSecurity">
        <UUID>304a934f-edd0-40d1-a24a-6b6774b47ec6</UUID>
        <Info>Standard</Info>
      </ProductBackendInfo>
      <ProductBackendInfo name="Skye.AllowValueSetViaUnencryptedURL">
        <UUID>57b09f92-cf6b-4aca-9a8d-40f791affb8c</UUID>
        <Info>False</Info>
      </ProductBackendInfo>
      <DefinitionValueRelation>
        <DefinitionValueUUID>0db59783-c30f-4cf8-a266-e7e35d4bf571</DefinitionValueUUID>
      </DefinitionValueRelation>
    </ProductPolicyAttribute>
    <ProductPolicyAttribute name="@SearchTextType" visibilityLevel="1" mandatory="false" unit="" format="" numberOfDecimals="0" attributeClass="" type="Standard">
      <UUID>fd0d18d5-7618-4b31-babd-3d91c64f541d</UUID>
      <SortOrder>99</SortOrder>
      <InputType>Textbox</InputType>
      <DataType>String</DataType>
      <MaxLength>4000</MaxLength>
      <MinLength>0</MinLength>
      <ProductBackendInfo name="Skye.AttributeAlias">
        <UUID>83e5dd42-4bfd-4c10-86dc-9bf1e72c0712</UUID>
        <Info />
      </ProductBackendInfo>
      <ProductBackendInfo name="Skye.Core.DataSecurity">
        <UUID>db1ede0f-fe4f-40c3-b8b6-f1fd5efc605d</UUID>
        <Info>Standard</Info>
      </ProductBackendInfo>
      <ProductBackendInfo name="Skye.AllowValueSetViaUnencryptedURL">
        <UUID>12953b7f-0e90-41b4-b9bc-14b1c098bc81</UUID>
        <Info>False</Info>
      </ProductBackendInfo>
      <DefinitionValueRelation>
        <DefinitionValueUUID>67310773-6b2e-43aa-94e6-8e2dc4091d83</DefinitionValueUUID>
      </DefinitionValueRelation>
    </ProductPolicyAttribute>
    <ProductPolicyAttribute name="@SearchSorting" visibilityLevel="0" mandatory="false" unit="" format="" numberOfDecimals="0" attributeClass="" type="Standard">
      <UUID>80baa1eb-223a-43d4-b06d-6348d675475e</UUID>
      <SortOrder>99</SortOrder>
      <InputType>Textbox</InputType>
      <DataType>String</DataType>
      <MaxLength>4000</MaxLength>
      <MinLength>0</MinLength>
      <ProductTextRelation>
        <UUID>73c49e5b-5f9b-48e7-834b-ef83c1255181</UUID>
        <ProductTextUUID>40d2c359-2577-4044-ad79-975d2fbbff0c</ProductTextUUID>
      </ProductTextRelation>
      <ProductTextRelation>
        <UUID>4e750dc4-f845-4b6c-8e18-a9587276ec36</UUID>
        <ProductTextUUID>e80fe29b-7558-4d50-a102-ba8afe546dce</ProductTextUUID>
      </ProductTextRelation>
      <ProductBackendInfo name="Skye.AttributeAlias">
        <UUID>cf77b332-538b-4472-a8a0-20faa286ac6b</UUID>
        <Info />
      </ProductBackendInfo>
      <ProductBackendInfo name="Skye.Core.DataSecurity">
        <UUID>d275ddc8-b598-4f8b-a9b8-8fcacf482d1f</UUID>
        <Info>Standard</Info>
      </ProductBackendInfo>
      <ProductBackendInfo name="Skye.AllowValueSetViaUnencryptedURL">
        <UUID>7d164e61-dd22-4448-a29f-720da14d326a</UUID>
        <Info>False</Info>
      </ProductBackendInfo>
      <ProductBackendInfo name="Skye.search.sortingOrder">
        <UUID>f0a71eb5-6918-41a7-b2a5-b19d1f9bceae</UUID>
        <Info>Descending</Info>
      </ProductBackendInfo>
      <DefinitionValueRelation>
        <DefinitionValueUUID>f08c43dc-9e54-424a-b102-f8542efe7734</DefinitionValueUUID>
      </DefinitionValueRelation>
    </ProductPolicyAttribute>
    <ProductBackendInfo name="Skye.MultibrickType">
      <UUID>137ec009-1c7a-4130-8a29-86f7db10c1d6</UUID>
      <Info />
    </ProductBackendInfo>
  </ProductBrick>
  <ProductBrick name="Quotes" visibilityLevel="3" brickClass="" isAbstract="false" typeId="0">
    <UUID>1bd164cb-64c7-423f-b1df-94c3131ea258</UUID>
    <SortOrder>2</SortOrder>
    <MinimumUsage>1</MinimumUsage>
    <MaximumUsage>1</MaximumUsage>
    <InitialUsage>1</InitialUsage>
    <ProductTextRelation>
      <UUID>1416ea0c-71bb-4e0c-9a0f-6305ac412037</UUID>
      <ProductTextUUID>78a60491-ef4b-4233-bff8-f064be55063b</ProductTextUUID>
    </ProductTextRelation>
    <ProductPolicyAttribute name="@SearchQuery" visibilityLevel="1" mandatory="false" unit="" format="" numberOfDecimals="0" attributeClass="" type="Standard">
      <UUID>137b4d93-a9bf-4975-89a6-1e2c46c5f8d4</UUID>
      <SortOrder>99</SortOrder>
      <InputType>Textbox</InputType>
      <DataType>String</DataType>
      <MaxLength>4000</MaxLength>
      <MinLength>0</MinLength>
      <ProductBackendInfo name="Skye.AttributeAlias">
        <UUID>551787f8-d54c-4d61-8194-ac25c5ccd380</UUID>
        <Info />
      </ProductBackendInfo>
      <ProductBackendInfo name="Skye.Core.DataSecurity">
        <UUID>ea8e72cc-a46e-41fa-babc-892dbc0dd44f</UUID>
        <Info>Standard</Info>
      </ProductBackendInfo>
      <ProductBackendInfo name="Skye.AllowValueSetViaUnencryptedURL">
        <UUID>a55176ba-228d-4d70-9774-4714a53b26fb</UUID>
        <Info>False</Info>
      </ProductBackendInfo>
      <DefinitionValueRelation>
        <DefinitionValueUUID>07c52d20-db74-4150-95a8-9be97d7db053</DefinitionValueUUID>
      </DefinitionValueRelation>
    </ProductPolicyAttribute>
    <ProductPolicyAttribute name="@SearchForModelTypes" visibilityLevel="1" mandatory="false" unit="" format="" numberOfDecimals="0" attributeClass="" type="Standard">
      <UUID>4f884903-caea-46e0-a5f8-56b2ae7505e7</UUID>
      <SortOrder>99</SortOrder>
      <InputType>Textbox</InputType>
      <DataType>String</DataType>
      <MaxLength>4000</MaxLength>
      <MinLength>0</MinLength>
      <ProductBackendInfo name="Skye.AttributeAlias">
        <UUID>3c28ab32-303e-487e-b6eb-cfe2f634caee</UUID>
        <Info />
      </ProductBackendInfo>
      <ProductBackendInfo name="Skye.Core.DataSecurity">
        <UUID>3e950609-c99c-479c-b16e-4a3350055309</UUID>
        <Info>Standard</Info>
      </ProductBackendInfo>
      <ProductBackendInfo name="Skye.AllowValueSetViaUnencryptedURL">
        <UUID>70cddddb-2528-4dba-a3db-69523e739ece</UUID>
        <Info>False</Info>
      </ProductBackendInfo>
      <DefinitionValueRelation>
        <DefinitionValueUUID>d817e8bc-1079-47d1-8518-6ee0ccb089c4</DefinitionValueUUID>
      </DefinitionValueRelation>
    </ProductPolicyAttribute>
    <ProductPolicyAttribute name="@SearchForModelTextIds" visibilityLevel="1" mandatory="false" unit="" format="" numberOfDecimals="0" attributeClass="" type="Standard">
      <UUID>e3d43208-af29-45c5-a467-f78755dacffc</UUID>
      <SortOrder>99</SortOrder>
      <InputType>Textbox</InputType>
      <DataType>String</DataType>
      <MaxLength>4000</MaxLength>
      <MinLength>0</MinLength>
      <ProductBackendInfo name="Skye.AttributeAlias">
        <UUID>a143f093-9364-492d-8562-8a456886ff26</UUID>
        <Info />
      </ProductBackendInfo>
      <ProductBackendInfo name="Skye.Core.DataSecurity">
        <UUID>77a92694-8507-486f-bac2-fa1385a560a5</UUID>
        <Info>Standard</Info>
      </ProductBackendInfo>
      <ProductBackendInfo name="Skye.AllowValueSetViaUnencryptedURL">
        <UUID>9c1e9b4e-137f-4e75-95bd-d6c5ba1e3346</UUID>
        <Info>False</Info>
      </ProductBackendInfo>
      <DefinitionValueRelation>
        <DefinitionValueUUID>35ec7b6b-2e6d-47bd-bbb3-74da8ba2bb65</DefinitionValueUUID>
      </DefinitionValueRelation>
    </ProductPolicyAttribute>
    <ProductPolicyAttribute name="@NumberOfSearchResultsPerPage" visibilityLevel="1" mandatory="false" unit="" format="" numberOfDecimals="0" attributeClass="" type="Standard">
      <UUID>1c7b4674-6d37-42ac-b6c2-56d62b10783a</UUID>
      <SortOrder>99</SortOrder>
      <InputType>Textbox</InputType>
      <DataType>String</DataType>
      <MaxLength>4000</MaxLength>
      <MinLength>0</MinLength>
      <ProductBackendInfo name="Skye.AttributeAlias">
        <UUID>88e88648-77d2-45a5-8923-e2ee8e345e7d</UUID>
        <Info />
      </ProductBackendInfo>
      <ProductBackendInfo name="Skye.Core.DataSecurity">
        <UUID>6d5a13ee-1658-4311-b283-48ebf6ab2401</UUID>
        <Info>Standard</Info>
      </ProductBackendInfo>
      <ProductBackendInfo name="Skye.AllowValueSetViaUnencryptedURL">
        <UUID>ec24a70f-6a22-4bb5-b9fd-27f2e4d257d9</UUID>
        <Info>False</Info>
      </ProductBackendInfo>
      <DefinitionValueRelation>
        <DefinitionValueUUID>60079174-c294-45b4-b0fe-05a3893ad286</DefinitionValueUUID>
      </DefinitionValueRelation>
    </ProductPolicyAttribute>
    <ProductPolicyAttribute name="@SearchTextType" visibilityLevel="1" mandatory="false" unit="" format="" numberOfDecimals="0" attributeClass="" type="Standard">
      <UUID>3100cba5-9e9f-4815-8cc8-abf548335e73</UUID>
      <SortOrder>99</SortOrder>
      <InputType>Textbox</InputType>
      <DataType>String</DataType>
      <MaxLength>4000</MaxLength>
      <MinLength>0</MinLength>
      <ProductBackendInfo name="Skye.AttributeAlias">
        <UUID>faab72ad-ba23-4795-8405-e7f8d07f7e94</UUID>
        <Info />
      </ProductBackendInfo>
      <ProductBackendInfo name="Skye.Core.DataSecurity">
        <UUID>f32dd24b-9aa3-47b0-8771-0f2ded36f0f6</UUID>
        <Info>Standard</Info>
      </ProductBackendInfo>
      <ProductBackendInfo name="Skye.AllowValueSetViaUnencryptedURL">
        <UUID>64af61c2-c581-4772-99b8-2336b5911199</UUID>
        <Info>False</Info>
      </ProductBackendInfo>
      <DefinitionValueRelation>
        <DefinitionValueUUID>acde66ed-7639-416d-bbdb-4f32dc991ca5</DefinitionValueUUID>
      </DefinitionValueRelation>
    </ProductPolicyAttribute>
    <ProductPolicyAttribute name="@SearchSorting" visibilityLevel="0" mandatory="false" unit="" format="" numberOfDecimals="0" attributeClass="" type="Standard">
      <UUID>23b2adb8-9632-467b-8f12-529a30b3bf5e</UUID>
      <SortOrder>99</SortOrder>
      <InputType>Textbox</InputType>
      <DataType>String</DataType>
      <MaxLength>4000</MaxLength>
      <MinLength>0</MinLength>
      <ProductTextRelation>
        <UUID>4c17cb10-ee68-4e3b-843b-e38e8e034414</UUID>
        <ProductTextUUID>0aba2dbf-2190-45fd-9b33-a171787efb53</ProductTextUUID>
      </ProductTextRelation>
      <ProductTextRelation>
        <UUID>16f3e138-da2c-4c69-9a75-683d961a3103</UUID>
        <ProductTextUUID>1de7b5e0-8a8c-4d46-b4db-757a3519eef7</ProductTextUUID>
      </ProductTextRelation>
      <ProductBackendInfo name="Skye.AttributeAlias">
        <UUID>d91be893-7363-41fa-9712-d5cdd0103834</UUID>
        <Info />
      </ProductBackendInfo>
      <ProductBackendInfo name="Skye.Core.DataSecurity">
        <UUID>f3e7528f-94eb-4e6d-baba-bec3c0a7763b</UUID>
        <Info>Standard</Info>
      </ProductBackendInfo>
      <ProductBackendInfo name="Skye.AllowValueSetViaUnencryptedURL">
        <UUID>1562f690-1777-47d3-b85b-5e076c850f2f</UUID>
        <Info>False</Info>
      </ProductBackendInfo>
      <ProductBackendInfo name="Skye.search.sortingOrder">
        <UUID>1ce225fb-a949-48bb-8c6a-4e2c343dfc50</UUID>
        <Info>Descending</Info>
      </ProductBackendInfo>
      <DefinitionValueRelation>
        <DefinitionValueUUID>cabd1867-497b-4a24-a5bc-76736486fd1d</DefinitionValueUUID>
      </DefinitionValueRelation>
    </ProductPolicyAttribute>
    <ProductBackendInfo name="Skye.MultibrickType">
      <UUID>9408f049-3cc0-402a-aa8f-4234cd73e46f</UUID>
      <Info />
    </ProductBackendInfo>
  </ProductBrick>
  <ProductBrick name="Mine" visibilityLevel="3" brickClass="" isAbstract="false" typeId="0">
    <UUID>7284997c-f121-4b16-b814-e6eeab4abcf9</UUID>
    <SortOrder>3</SortOrder>
    <MinimumUsage>1</MinimumUsage>
    <MaximumUsage>1</MaximumUsage>
    <InitialUsage>1</InitialUsage>
    <ProductTextRelation>
      <UUID>68b1b719-a0a7-43fb-b4ba-7efa2de30309</UUID>
      <ProductTextUUID>1c4cc20d-5288-47cc-a98b-0b145b5bf7d1</ProductTextUUID>
    </ProductTextRelation>
    <ProductPolicyAttribute name="@SearchQuery" visibilityLevel="1" mandatory="false" unit="" format="" numberOfDecimals="0" attributeClass="" type="Standard">
      <UUID>78d70ef6-124a-491a-899f-6dff21bbfc87</UUID>
      <SortOrder>99</SortOrder>
      <InputType>Textbox</InputType>
      <DataType>String</DataType>
      <MaxLength>4000</MaxLength>
      <MinLength>0</MinLength>
      <ProductBackendInfo name="Skye.AttributeAlias">
        <UUID>bb3e14f7-68a8-4993-96b7-045e418541b3</UUID>
        <Info />
      </ProductBackendInfo>
      <ProductBackendInfo name="Skye.Core.DataSecurity">
        <UUID>53ca0ca0-57b4-4094-9f3e-b92dd5d65b96</UUID>
        <Info>Standard</Info>
      </ProductBackendInfo>
      <ProductBackendInfo name="Skye.AllowValueSetViaUnencryptedURL">
        <UUID>1db4bcc4-50d7-4946-b451-3412a649ef78</UUID>
        <Info>False</Info>
      </ProductBackendInfo>
      <DefinitionValueRelation>
        <DefinitionValueUUID>2efc164c-a7b7-4237-8633-a4523753b450</DefinitionValueUUID>
      </DefinitionValueRelation>
    </ProductPolicyAttribute>
    <ProductPolicyAttribute name="@SearchForModelTypes" visibilityLevel="1" mandatory="false" unit="" format="" numberOfDecimals="0" attributeClass="" type="Standard">
      <UUID>cc217b25-5a64-48cc-b2de-f2c08290b5ee</UUID>
      <SortOrder>99</SortOrder>
      <InputType>Textbox</InputType>
      <DataType>String</DataType>
      <MaxLength>4000</MaxLength>
      <MinLength>0</MinLength>
      <ProductBackendInfo name="Skye.AttributeAlias">
        <UUID>6d51d315-e2a7-463c-a602-6ab79b181c07</UUID>
        <Info />
      </ProductBackendInfo>
      <ProductBackendInfo name="Skye.Core.DataSecurity">
        <UUID>2ee39388-20fc-47a0-9bf8-369d6e3bc92d</UUID>
        <Info>Standard</Info>
      </ProductBackendInfo>
      <ProductBackendInfo name="Skye.AllowValueSetViaUnencryptedURL">
        <UUID>2b2aa831-ddd6-4196-bc98-56fc9776aa75</UUID>
        <Info>False</Info>
      </ProductBackendInfo>
      <DefinitionValueRelation>
        <DefinitionValueUUID>14c43a71-76a5-4b07-b0ef-057c8611c2de</DefinitionValueUUID>
      </DefinitionValueRelation>
    </ProductPolicyAttribute>
    <ProductPolicyAttribute name="@SearchForModelTextIds" visibilityLevel="1" mandatory="false" unit="" format="" numberOfDecimals="0" attributeClass="" type="Standard">
      <UUID>81ab853c-f22b-4094-bee3-a689d1b80839</UUID>
      <SortOrder>99</SortOrder>
      <InputType>Textbox</InputType>
      <DataType>String</DataType>
      <MaxLength>4000</MaxLength>
      <MinLength>0</MinLength>
      <ProductBackendInfo name="Skye.AttributeAlias">
        <UUID>56407d68-c931-4c91-b790-58e0e9d5da53</UUID>
        <Info />
      </ProductBackendInfo>
      <ProductBackendInfo name="Skye.Core.DataSecurity">
        <UUID>a48c3b99-3fbc-42a7-b14a-4e7c480073f8</UUID>
        <Info>Standard</Info>
      </ProductBackendInfo>
      <ProductBackendInfo name="Skye.AllowValueSetViaUnencryptedURL">
        <UUID>a6784aa8-da1b-481f-9bce-15b429127277</UUID>
        <Info>False</Info>
      </ProductBackendInfo>
      <DefinitionValueRelation>
        <DefinitionValueUUID>d17931df-9e1f-4506-9029-c7bd14a9c5ba</DefinitionValueUUID>
      </DefinitionValueRelation>
    </ProductPolicyAttribute>
    <ProductPolicyAttribute name="@NumberOfSearchResultsPerPage" visibilityLevel="1" mandatory="false" unit="" format="" numberOfDecimals="0" attributeClass="" type="Standard">
      <UUID>2f95a175-d325-408a-9fbe-31972f339e3d</UUID>
      <SortOrder>99</SortOrder>
      <InputType>Textbox</InputType>
      <DataType>String</DataType>
      <MaxLength>4000</MaxLength>
      <MinLength>0</MinLength>
      <ProductBackendInfo name="Skye.AttributeAlias">
        <UUID>b88c6f7a-7620-4597-99c8-a36e722dd444</UUID>
        <Info />
      </ProductBackendInfo>
      <ProductBackendInfo name="Skye.Core.DataSecurity">
        <UUID>afa5526f-23e2-4027-bcf0-94ef233033ed</UUID>
        <Info>Standard</Info>
      </ProductBackendInfo>
      <ProductBackendInfo name="Skye.AllowValueSetViaUnencryptedURL">
        <UUID>24a73a8a-7fc6-42a1-862a-8931ac75ea73</UUID>
        <Info>False</Info>
      </ProductBackendInfo>
      <DefinitionValueRelation>
        <DefinitionValueUUID>3f6f3f2e-1083-44f5-a33f-4741a86bf045</DefinitionValueUUID>
      </DefinitionValueRelation>
    </ProductPolicyAttribute>
    <ProductPolicyAttribute name="@SearchTextType" visibilityLevel="1" mandatory="false" unit="" format="" numberOfDecimals="0" attributeClass="" type="Standard">
      <UUID>cc93942d-c3ae-4389-89cd-3ae74e78dc29</UUID>
      <SortOrder>99</SortOrder>
      <InputType>Textbox</InputType>
      <DataType>String</DataType>
      <MaxLength>4000</MaxLength>
      <MinLength>0</MinLength>
      <ProductBackendInfo name="Skye.AttributeAlias">
        <UUID>9420cfe2-1643-4fe0-8747-5266364d3402</UUID>
        <Info />
      </ProductBackendInfo>
      <ProductBackendInfo name="Skye.Core.DataSecurity">
        <UUID>2431267b-ae70-49e8-93bd-603143832f03</UUID>
        <Info>Standard</Info>
      </ProductBackendInfo>
      <ProductBackendInfo name="Skye.AllowValueSetViaUnencryptedURL">
        <UUID>0a52b359-e5e1-4060-a4dd-cb5c5d114d15</UUID>
        <Info>False</Info>
      </ProductBackendInfo>
      <DefinitionValueRelation>
        <DefinitionValueUUID>5645c697-e54e-434f-b47e-9ea0e4457a8c</DefinitionValueUUID>
      </DefinitionValueRelation>
    </ProductPolicyAttribute>
    <ProductPolicyAttribute name="@SearchSorting" visibilityLevel="0" mandatory="false" unit="" format="" numberOfDecimals="0" attributeClass="" type="Standard">
      <UUID>202472e3-4c9c-4e53-91ca-857b009f675e</UUID>
      <SortOrder>99</SortOrder>
      <InputType>Textbox</InputType>
      <DataType>String</DataType>
      <MaxLength>4000</MaxLength>
      <MinLength>0</MinLength>
      <ProductTextRelation>
        <UUID>1f12a3bd-5b87-4f3c-8b9a-783348a6fed0</UUID>
        <ProductTextUUID>72373af6-4d55-4f9f-b3f4-06085af11ed0</ProductTextUUID>
      </ProductTextRelation>
      <ProductTextRelation>
        <UUID>92c39a4a-af27-4537-ad58-efc9ea0267e5</UUID>
        <ProductTextUUID>f6bf1422-6786-4e7a-85b7-788676bcc577</ProductTextUUID>
      </ProductTextRelation>
      <ProductBackendInfo name="Skye.AttributeAlias">
        <UUID>fff7490b-a636-4870-9e13-e7975d9cb6a6</UUID>
        <Info />
      </ProductBackendInfo>
      <ProductBackendInfo name="Skye.Core.DataSecurity">
        <UUID>000afe77-b20c-4a5a-bb26-b77e478afd90</UUID>
        <Info>Standard</Info>
      </ProductBackendInfo>
      <ProductBackendInfo name="Skye.AllowValueSetViaUnencryptedURL">
        <UUID>c5022830-90f1-4268-823c-ce11a18e4c18</UUID>
        <Info>False</Info>
      </ProductBackendInfo>
      <ProductBackendInfo name="Skye.search.sortingOrder">
        <UUID>f24f24f2-3b55-469e-bfae-c34d2a3ccf80</UUID>
        <Info>Descending</Info>
      </ProductBackendInfo>
      <DefinitionValueRelation>
        <DefinitionValueUUID>ac40b2c7-9200-4442-add0-5ac5652c7059</DefinitionValueUUID>
      </DefinitionValueRelation>
    </ProductPolicyAttribute>
    <ProductBackendInfo name="Skye.MultibrickType">
      <UUID>8a510a1e-b4e1-435f-ae9f-8b02cc6a9bb5</UUID>
      <Info />
    </ProductBackendInfo>
  </ProductBrick>
  <DefinitionDependentLists>
    <DefinitionDependencyDefaultValueList />
    <DefinitionDependencyValueRangeList />
    <DefinitionDependencyVisibilityList />
    <DefinitionDependencyMandatoryList />
    <DefinitionDependencyToDependencyList />
    <DefinitionDependencyValueRangeFilterValuesList />
    <DefinitionDependencyDataSourceAttributeList />
  </DefinitionDependentLists>
</Product>