﻿<?xml version="1.0" encoding="utf-8"?>
<Product xmlns:xsd="http://www.w3.org/2001/XMLSchema" xmlns:xsi="http://www.w3.org/2001/XMLSchema-instance" name="MyProductSelectorProductComponent" lastChanged="2019-05-08T07:33:02Z" implementationClass=" " versionUuid=" " modelType="modelselectorcomponent" subModelType="" skyeEditorVersion="7.15.0.16">
  <UUID>02fbba45-cbf0-4b8a-b5de-66b380982803</UUID>
  <SortOrder>0</SortOrder>
  <BusinessUnit> </BusinessUnit>
  <Section> </Section>
  <ProductTextList>
    <ProductText name="header" language="en" country="US">
      <UUID>c30c4000-9624-445b-b73b-f5da38f7a898</UUID>
      <Text />
    </ProductText>
  </ProductTextList>
  <ProductValueRangeList>
    <ProductValueRange name="Reference.referencedModelsVR" type="fix">
      <UUID>ab719bd1-437a-461c-9c21-33bb5f3c224f</UUID>
    </ProductValueRange>
  </ProductValueRangeList>
  <DefinitionBusinessObjectContextList />
  <DefinitionResourceList />
  <AbstractProductBrickList />
  <ProductValueList>
    <ProductValue name=" " type="value">
      <UUID>00e56b90-87c3-477d-9bfc-20e63b6b0396</UUID>
      <SortOrder>0</SortOrder>
      <Value />
    </ProductValue>
    <ProductValue name="horizontal" type="value">
      <UUID>41c6267f-adff-4cc3-b178-b59fe440a8fe</UUID>
      <SortOrder>0</SortOrder>
      <Value>horizontal</Value>
    </ProductValue>
    <ProductValue name="True" type="value">
      <UUID>ca31340b-434e-42d1-b669-eeef4530c9b3</UUID>
      <SortOrder>0</SortOrder>
      <Value>True</Value>
    </ProductValue>
  </ProductValueList>
  <ProductPolicyAttribute name="@Orientation" visibilityLevel="0" mandatory="false" unit="" format="" numberOfDecimals="0" attributeClass=" " type="Standard">
    <UUID>094100a5-75b0-49b1-a3c1-514f7783936b</UUID>
    <SortOrder>99</SortOrder>
    <InputType>Textbox</InputType>
    <DataType>String</DataType>
    <MaxLength>4000</MaxLength>
    <MinLength>0</MinLength>
    <ProductBackendInfo name="Skye.Core.DataSecurity">
      <UUID>16c60c55-9717-4220-a232-82f6c0348097</UUID>
      <Info>Standard</Info>
    </ProductBackendInfo>
    <ProductBackendInfo name="Skye.AllowValueSetViaUnencryptedURL">
      <UUID>ccd43f08-efa1-412d-b94e-c584b9364b95</UUID>
      <Info>False</Info>
    </ProductBackendInfo>
    <ProductBackendInfo name="Skye.AttributeAlias">
      <UUID>f0b35eee-bc07-475f-89a2-93f3192f1a9d</UUID>
      <Info />
    </ProductBackendInfo>
    <DefinitionValueRelation>
      <UUID>11e9ee75-3c9e-6b2a-ace9-5ff23aa7cc38</UUID>
      <DefinitionValueUUID>41c6267f-adff-4cc3-b178-b59fe440a8fe</DefinitionValueUUID>
    </DefinitionValueRelation>
  </ProductPolicyAttribute>
  <ProductPolicyAttribute name="@Scrollable" visibilityLevel="0" mandatory="false" unit="" format="" numberOfDecimals="0" attributeClass=" " type="Standard">
    <UUID>b56d5bfc-8555-4965-a6e3-5560d93aa481</UUID>
    <SortOrder>99</SortOrder>
    <InputType>Textbox</InputType>
    <DataType>String</DataType>
    <MaxLength>4000</MaxLength>
    <MinLength>0</MinLength>
    <ProductBackendInfo name="Skye.AttributeAlias">
      <UUID>3a96c83e-a886-436d-95ef-c5b720af413b</UUID>
      <Info />
    </ProductBackendInfo>
    <ProductBackendInfo name="Skye.Scrollable.NumberOfVisibleModels">
      <UUID>4cce8583-3ee8-47d2-96e2-6246a24bd028</UUID>
      <Info>3</Info>
    </ProductBackendInfo>
    <ProductBackendInfo name="Skye.Core.DataSecurity">
      <UUID>a350c8e6-2fe0-4fe6-9537-ab3bd0837a53</UUID>
      <Info>Standard</Info>
    </ProductBackendInfo>
    <ProductBackendInfo name="Skye.AllowValueSetViaUnencryptedURL">
      <UUID>f24805df-9dda-46ad-aa04-c0035413a4e5</UUID>
      <Info>False</Info>
    </ProductBackendInfo>
    <DefinitionValueRelation>
      <UUID>11e9ee75-3c9e-6b2b-ace9-5ff23aa7cc38</UUID>
      <DefinitionValueUUID>ca31340b-434e-42d1-b669-eeef4530c9b3</DefinitionValueUUID>
    </DefinitionValueRelation>
  </ProductPolicyAttribute>
  <ProductPolicyAttribute name="@ComponentOwner" visibilityLevel="0" mandatory="false" unit="" format="" numberOfDecimals="0" attributeClass=" " type="Reference">
    <UUID>b8b03274-291e-4ea0-959c-dbee5bfc1f44</UUID>
    <SortOrder>99</SortOrder>
    <InputType>Textbox</InputType>
    <DataType>product</DataType>
    <MaxLength>4000</MaxLength>
    <MinLength>0</MinLength>
    <ProductValueRangeRelation>
      <UUID>cb4bd645-d60e-4af8-9486-9244c4076707</UUID>
      <SortOrder>99</SortOrder>
      <ProductValueRangeUUID>ab719bd1-437a-461c-9c21-33bb5f3c224f</ProductValueRangeUUID>
    </ProductValueRangeRelation>
    <ProductBackendInfo name="Skye.Core.DataSecurity">
      <UUID>a1c762dd-6170-49f1-99f0-4da40d9e1810</UUID>
      <Info>Standard</Info>
    </ProductBackendInfo>
    <ProductBackendInfo name="Skye.AllowValueSetViaUnencryptedURL">
      <UUID>dabbb240-cf21-4c41-9c4b-736e11303c16</UUID>
      <Info>False</Info>
    </ProductBackendInfo>
    <ProductBackendInfo name="Skye.AttributeAlias">
      <UUID>febcbc42-05f5-40cf-b5cc-2e52ec30aa9f</UUID>
      <Info />
    </ProductBackendInfo>
    <DefinitionValueRelation>
      <UUID>11e9ee75-3c9e-6b2c-ace9-5ff23aa7cc38</UUID>
      <DefinitionValueUUID>00e56b90-87c3-477d-9bfc-20e63b6b0396</DefinitionValueUUID>
    </DefinitionValueRelation>
  </ProductPolicyAttribute>
  <ProductTextRelation>
    <ProductTextUUID>c30c4000-9624-445b-b73b-f5da38f7a898</ProductTextUUID>
  </ProductTextRelation>
  <DefinitionDependentLists>
    <DefinitionDependencyDefaultValueList />
    <DefinitionDependencyValueRangeList />
    <DefinitionDependencyVisibilityList />
    <DefinitionDependencyMandatoryList />
    <DefinitionDependencyToDependencyList />
    <DefinitionDependencyValueRangeFilterValuesList />
    <DefinitionDependencyDataSourceAttributeList />
  </DefinitionDependentLists>
</Product>