﻿<?xml version="1.0" encoding="utf-8"?>
<Product xmlns:xsd="http://www.w3.org/2001/XMLSchema" xmlns:xsi="http://www.w3.org/2001/XMLSchema-instance" name="DashboardCarousel" lastChanged="2020-05-19T06:57:03.9365196Z" implementationClass="" modelType="carousel" subModelType="" skyeEditorVersion="7.26.1.50">
  <UUID>f84ef4c2-c81c-4150-9298-df08bc62cb2c</UUID>
  <BusinessUnit> </BusinessUnit>
  <Section> </Section>
  <ProductTextList>
    <ProductText name="defaultCarouselPicture" language="en" country="US">
      <UUID>02319b21-9d52-4c62-ba65-e9820656af38</UUID>
      <Text />
    </ProductText>
    <ProductText name="defaultCarouselLink" language="en" country="US">
      <UUID>ad4ba5b1-be2a-43cc-a9e6-80b5658ca118</UUID>
      <Text />
    </ProductText>
    <ProductText name="defaultCarouselText" language="en" country="US">
      <UUID>41e3829c-422c-41b5-9037-a99182f966f1</UUID>
      <Text />
    </ProductText>
    <ProductText name="header" language="en" country="US">
      <UUID>2d9e1189-ec20-4e65-a825-1d008c2730b9</UUID>
      <Text />
    </ProductText>
    <ProductText name="label" language="en" country="US">
      <UUID>a010799e-fe8f-45c7-b6dd-4117cdfa9948</UUID>
      <Text />
    </ProductText>
    <ProductText name="carouselText" language="en" country="US">
      <UUID>3ce5d925-9041-417a-b384-b2289f9cbb01</UUID>
      <Text>&lt;div class="sk-carousel-text  sk-right  sk-top sk-bottom  sk-reverse"&gt;
&lt;h2&gt;At your service&lt;/h2&gt;
&lt;p&gt;Get 24/7 support from our team.&lt;/p&gt;
&lt;/div&gt;</Text>
    </ProductText>
    <ProductText name="carouselPicture" language="en" country="US">
      <UUID>eeda41c3-9a3d-4a58-8750-94d9142bf608</UUID>
      <Text>%definitionResource(def[DashboardCarousel], 'en', 'us', 'first.png')</Text>
    </ProductText>
    <ProductText name="label" language="en" country="US">
      <UUID>b9ccc70a-f33d-4d71-a8ba-647ddb595aa5</UUID>
      <Text />
    </ProductText>
    <ProductText name="carouselText" language="en" country="US">
      <UUID>5a517b32-55d6-427f-8800-ca1e6e1b0332</UUID>
      <Text />
    </ProductText>
    <ProductText name="carouselPicture" language="en" country="US">
      <UUID>9a3a304a-ada2-4f28-acd5-37ad6651f83a</UUID>
      <Text>%definitionResource(def[DashboardCarousel], 'en', 'us', 'second.png')</Text>
    </ProductText>
    <ProductText name="carouselLink" language="en" country="US">
      <UUID>e6b97af4-2c52-42c5-aebe-86a840d006e2</UUID>
      <Text> https://www.innoveo.com/</Text>
    </ProductText>
    <ProductText name="label" language="en" country="US">
      <UUID>a036d8bd-531e-4330-b542-cf739bdbe864</UUID>
      <Text />
    </ProductText>
    <ProductText name="carouselText" language="en" country="US">
      <UUID>61d6cc84-fda9-47d7-9038-307d547da00b</UUID>
      <Text />
    </ProductText>
    <ProductText name="carouselPicture" language="en" country="US">
      <UUID>ab0ad7b8-d9b4-4428-be3e-57879ddfc673</UUID>
      <Text>%definitionResource(def[DashboardCarousel], 'en', 'us', 'third.png')</Text>
    </ProductText>
  </ProductTextList>
  <ProductValueRangeList>
    <ProductValueRange name="Reference.referencedModelsVR" type="fix">
      <UUID>78dc2d9d-9602-4a2e-a7dc-6bc9c5400efe</UUID>
    </ProductValueRange>
  </ProductValueRangeList>
  <DefinitionBusinessObjectContextList />
  <DefinitionResourceList>
    <DefinitionResource name="first_png" language="en" country="US">
      <UUID>ce00a5c4-dceb-406f-84fe-7a556501221a</UUID>
      <resourceName>first.png</resourceName>
      <resourceType>resource</resourceType>
    </DefinitionResource>
    <DefinitionResource name="second_png" language="en" country="US">
      <UUID>e8f49057-cb31-470e-adbf-46414cbe5b1e</UUID>
      <resourceName>second.png</resourceName>
      <resourceType>resource</resourceType>
    </DefinitionResource>
    <DefinitionResource name="third_png" language="en" country="US">
      <UUID>33fce9ac-d516-4b2e-8842-efdb5ed9554e</UUID>
      <resourceName>third.png</resourceName>
      <resourceType>resource</resourceType>
    </DefinitionResource>
  </DefinitionResourceList>
  <ProductValueList>
    <ProductValue name="3000" type="value">
      <UUID>b15e0d94-d8c2-4d55-8a5a-fd2671a4b233</UUID>
      <SortOrder>0</SortOrder>
      <Value>3000</Value>
    </ProductValue>
    <ProductValue name="" type="value">
      <UUID>5e5e9a29-98d0-4aed-8e00-b33eabbcbecc</UUID>
      <SortOrder>0</SortOrder>
      <Value />
    </ProductValue>
    <ProductValue name="" type="value">
      <UUID>7a5cc7c1-b591-4c7a-987e-18bd8975298a</UUID>
      <SortOrder>0</SortOrder>
      <Value />
    </ProductValue>
    <ProductValue name="" type="value">
      <UUID>60b601c5-4d65-4dc5-8485-58a867447923</UUID>
      <SortOrder>0</SortOrder>
      <Value />
    </ProductValue>
    <ProductValue name="" type="value">
      <UUID>e96e286a-f521-4721-8e37-f0650bfee802</UUID>
      <SortOrder>0</SortOrder>
      <Value />
    </ProductValue>
  </ProductValueList>
  <ProductPolicyAttribute name="@DisplayTime" visibilityLevel="0" mandatory="false" unit="" format="" numberOfDecimals="0" attributeClass="" type="Standard">
    <UUID>ad567193-a4ae-4206-b827-cd18ba272b36</UUID>
    <SortOrder>99</SortOrder>
    <InputType>Textbox</InputType>
    <DataType>String</DataType>
    <MaxLength>4000</MaxLength>
    <MinLength>0</MinLength>
    <ProductBackendInfo name="Skye.AttributeAlias">
      <UUID>fcb57181-2013-4406-a85b-b5e319c0d7a5</UUID>
      <Info />
    </ProductBackendInfo>
    <ProductBackendInfo name="Skye.Core.DataSecurity">
      <UUID>67e63ca1-056c-411e-8716-5347a2a4a2cc</UUID>
      <Info>Standard</Info>
    </ProductBackendInfo>
    <ProductBackendInfo name="Skye.AllowValueSetViaUnencryptedURL">
      <UUID>4aa3b9ec-8bdf-4c81-9989-2c868eebc42c</UUID>
      <Info>False</Info>
    </ProductBackendInfo>
    <DefinitionValueRelation>
      <DefinitionValueUUID>b15e0d94-d8c2-4d55-8a5a-fd2671a4b233</DefinitionValueUUID>
    </DefinitionValueRelation>
  </ProductPolicyAttribute>
  <ProductPolicyAttribute name="@ComponentOwner" visibilityLevel="0" mandatory="false" unit="" format="" numberOfDecimals="0" attributeClass="" type="Reference">
    <UUID>00f9ae0d-3988-495d-a722-cc93f70418a8</UUID>
    <SortOrder>99</SortOrder>
    <InputType>Textbox</InputType>
    <DataType>String</DataType>
    <MaxLength>4000</MaxLength>
    <MinLength>0</MinLength>
    <ProductValueRangeRelation>
      <UUID>95b8434e-ac80-465b-9303-054caf598f9f</UUID>
      <SortOrder>99</SortOrder>
      <ProductValueRangeUUID>78dc2d9d-9602-4a2e-a7dc-6bc9c5400efe</ProductValueRangeUUID>
    </ProductValueRangeRelation>
    <ProductBackendInfo name="Skye.AttributeAlias">
      <UUID>fdb03bc9-690d-400d-9ae2-04bf7e03aa1d</UUID>
      <Info />
    </ProductBackendInfo>
    <ProductBackendInfo name="Skye.Core.DataSecurity">
      <UUID>9957d3dd-623a-4797-8618-f712c7975900</UUID>
      <Info>Standard</Info>
    </ProductBackendInfo>
    <ProductBackendInfo name="Skye.AllowValueSetViaUnencryptedURL">
      <UUID>78d3977d-c769-40d3-b4c9-450a5e5fb3cd</UUID>
      <Info>False</Info>
    </ProductBackendInfo>
    <ProductBackendInfo name="Skye.Reference.ModelType">
      <UUID>f6c717fd-9216-433f-8a5d-d7b273cda37a</UUID>
      <Info>product</Info>
    </ProductBackendInfo>
    <DefinitionValueRelation>
      <DefinitionValueUUID>5e5e9a29-98d0-4aed-8e00-b33eabbcbecc</DefinitionValueUUID>
    </DefinitionValueRelation>
  </ProductPolicyAttribute>
  <ProductPolicyAttribute name="Slide1" visibilityLevel="4" mandatory="false" unit="" format="" numberOfDecimals="0" attributeClass="" type="Standard">
    <UUID>b3b93248-42df-4f48-8356-3de5d1668b75</UUID>
    <SortOrder>1</SortOrder>
    <InputType>Textbox</InputType>
    <DataType>String</DataType>
    <MaxLength>4000</MaxLength>
    <MinLength>0</MinLength>
    <ProductTextRelation>
      <UUID>33eba46a-071e-4165-b861-5c74ea518a07</UUID>
      <ProductTextUUID>a010799e-fe8f-45c7-b6dd-4117cdfa9948</ProductTextUUID>
    </ProductTextRelation>
    <ProductTextRelation>
      <UUID>3c6907e7-1aa4-4358-b363-818dac52bf48</UUID>
      <ProductTextUUID>3ce5d925-9041-417a-b384-b2289f9cbb01</ProductTextUUID>
    </ProductTextRelation>
    <ProductTextRelation>
      <UUID>1e6b1ab1-21f5-4be0-9ac0-0752d895a8f1</UUID>
      <ProductTextUUID>eeda41c3-9a3d-4a58-8750-94d9142bf608</ProductTextUUID>
    </ProductTextRelation>
    <ProductBackendInfo name="Skye.AttributeAlias">
      <UUID>a7408f79-11cd-4489-8538-33db8f75423e</UUID>
      <Info />
    </ProductBackendInfo>
    <ProductBackendInfo name="Skye.Core.DataSecurity">
      <UUID>0a09cab3-0a35-4d51-8db9-19c7833a0fe2</UUID>
      <Info>Standard</Info>
    </ProductBackendInfo>
    <ProductBackendInfo name="Skye.AllowValueSetViaUnencryptedURL">
      <UUID>eedfa2ac-beac-4646-b079-6e6994028789</UUID>
      <Info>False</Info>
    </ProductBackendInfo>
    <DefinitionValueRelation>
      <DefinitionValueUUID>7a5cc7c1-b591-4c7a-987e-18bd8975298a</DefinitionValueUUID>
    </DefinitionValueRelation>
  </ProductPolicyAttribute>
  <ProductPolicyAttribute name="Slide2" visibilityLevel="4" mandatory="false" unit="" format="" numberOfDecimals="0" attributeClass="" type="Standard">
    <UUID>f3aa56b4-b646-4d41-a5bf-4e76c017ac84</UUID>
    <SortOrder>2</SortOrder>
    <InputType>Textbox</InputType>
    <DataType>String</DataType>
    <MaxLength>4000</MaxLength>
    <MinLength>0</MinLength>
    <ProductTextRelation>
      <UUID>bdfebe4f-6a08-431f-8158-8b298ccd0522</UUID>
      <ProductTextUUID>b9ccc70a-f33d-4d71-a8ba-647ddb595aa5</ProductTextUUID>
    </ProductTextRelation>
    <ProductTextRelation>
      <UUID>ee314b8d-caf8-49ac-8266-e74d2655101a</UUID>
      <ProductTextUUID>5a517b32-55d6-427f-8800-ca1e6e1b0332</ProductTextUUID>
    </ProductTextRelation>
    <ProductTextRelation>
      <UUID>dd0c9506-6ec3-4ef7-ad73-1062af76e1b8</UUID>
      <ProductTextUUID>9a3a304a-ada2-4f28-acd5-37ad6651f83a</ProductTextUUID>
    </ProductTextRelation>
    <ProductTextRelation>
      <UUID>103626d9-a84f-4577-ab46-1093df8af991</UUID>
      <ProductTextUUID>e6b97af4-2c52-42c5-aebe-86a840d006e2</ProductTextUUID>
    </ProductTextRelation>
    <ProductBackendInfo name="Skye.AttributeAlias">
      <UUID>70b11837-6956-4baa-bd16-e39a51eaf612</UUID>
      <Info />
    </ProductBackendInfo>
    <ProductBackendInfo name="Skye.Core.DataSecurity">
      <UUID>af1b0e39-cbf2-46d7-8f39-cdbfcb377630</UUID>
      <Info>Standard</Info>
    </ProductBackendInfo>
    <ProductBackendInfo name="Skye.AllowValueSetViaUnencryptedURL">
      <UUID>5189fba9-f23e-4f16-be69-1f9d9c35fcf0</UUID>
      <Info>False</Info>
    </ProductBackendInfo>
    <DefinitionValueRelation>
      <DefinitionValueUUID>60b601c5-4d65-4dc5-8485-58a867447923</DefinitionValueUUID>
    </DefinitionValueRelation>
  </ProductPolicyAttribute>
  <ProductPolicyAttribute name="Slide3" visibilityLevel="4" mandatory="false" unit="" format="" numberOfDecimals="0" attributeClass="" type="Standard">
    <UUID>92563b7c-4cc7-4bac-9212-0c96f541c0e8</UUID>
    <SortOrder>3</SortOrder>
    <InputType>Textbox</InputType>
    <DataType>String</DataType>
    <MaxLength>4000</MaxLength>
    <MinLength>0</MinLength>
    <ProductTextRelation>
      <UUID>e045785e-f746-45d6-acfd-9b55bea55a97</UUID>
      <ProductTextUUID>a036d8bd-531e-4330-b542-cf739bdbe864</ProductTextUUID>
    </ProductTextRelation>
    <ProductTextRelation>
      <UUID>33025aa2-9f4a-40ba-a10d-070f185c89df</UUID>
      <ProductTextUUID>61d6cc84-fda9-47d7-9038-307d547da00b</ProductTextUUID>
    </ProductTextRelation>
    <ProductTextRelation>
      <UUID>11d79be4-9ede-4fea-b9f8-909433897ced</UUID>
      <ProductTextUUID>ab0ad7b8-d9b4-4428-be3e-57879ddfc673</ProductTextUUID>
    </ProductTextRelation>
    <ProductBackendInfo name="Skye.AttributeAlias">
      <UUID>ab610682-c08a-4f31-8381-b324b66a00b0</UUID>
      <Info />
    </ProductBackendInfo>
    <ProductBackendInfo name="Skye.Core.DataSecurity">
      <UUID>22087552-944d-4656-acb4-944b78b50518</UUID>
      <Info>Standard</Info>
    </ProductBackendInfo>
    <ProductBackendInfo name="Skye.AllowValueSetViaUnencryptedURL">
      <UUID>903c58cd-9269-4f4a-b523-c01cf01157b0</UUID>
      <Info>False</Info>
    </ProductBackendInfo>
    <DefinitionValueRelation>
      <DefinitionValueUUID>e96e286a-f521-4721-8e37-f0650bfee802</DefinitionValueUUID>
    </DefinitionValueRelation>
  </ProductPolicyAttribute>
  <ProductTextRelation>
    <UUID>f7952ae3-a052-45ee-b939-fe894075af38</UUID>
    <ProductTextUUID>02319b21-9d52-4c62-ba65-e9820656af38</ProductTextUUID>
  </ProductTextRelation>
  <ProductTextRelation>
    <UUID>74a4d372-129d-4669-bba9-8286942c1fea</UUID>
    <ProductTextUUID>ad4ba5b1-be2a-43cc-a9e6-80b5658ca118</ProductTextUUID>
  </ProductTextRelation>
  <ProductTextRelation>
    <UUID>a67b2439-9a03-482f-b143-e518a3c0ed01</UUID>
    <ProductTextUUID>41e3829c-422c-41b5-9037-a99182f966f1</ProductTextUUID>
  </ProductTextRelation>
  <ProductTextRelation>
    <UUID>843ecf53-6a16-4cf6-9a72-a89d9631abc3</UUID>
    <ProductTextUUID>2d9e1189-ec20-4e65-a825-1d008c2730b9</ProductTextUUID>
  </ProductTextRelation>
  <DefinitionDependentLists>
    <DefinitionDependencyDefaultValueList />
    <DefinitionDependencyValueRangeList />
    <DefinitionDependencyVisibilityList />
    <DefinitionDependencyMandatoryList />
    <DefinitionDependencyToDependencyList />
    <DefinitionDependencyValueRangeFilterValuesList />
    <DefinitionDependencyDataSourceAttributeList />
  </DefinitionDependentLists>
  <DefinitionResourceRelation>
    <UUID>e5ac6570-4d33-4cbc-a1b2-6721b7800aba</UUID>
    <DefinitionResourceUUID>ce00a5c4-dceb-406f-84fe-7a556501221a</DefinitionResourceUUID>
    <DefinitionObjectUUID>f84ef4c2-c81c-4150-9298-df08bc62cb2c</DefinitionObjectUUID>
  </DefinitionResourceRelation>
  <DefinitionResourceRelation>
    <UUID>0768e86f-6b15-4979-918e-0a9d4e41441d</UUID>
    <DefinitionResourceUUID>e8f49057-cb31-470e-adbf-46414cbe5b1e</DefinitionResourceUUID>
    <DefinitionObjectUUID>f84ef4c2-c81c-4150-9298-df08bc62cb2c</DefinitionObjectUUID>
  </DefinitionResourceRelation>
  <DefinitionResourceRelation>
    <UUID>ffeb2906-edad-4cef-80d2-b6172ddc5863</UUID>
    <DefinitionResourceUUID>33fce9ac-d516-4b2e-8842-efdb5ed9554e</DefinitionResourceUUID>
    <DefinitionObjectUUID>f84ef4c2-c81c-4150-9298-df08bc62cb2c</DefinitionObjectUUID>
  </DefinitionResourceRelation>
</Product>