﻿<?xml version="1.0" encoding="utf-8"?>
<Product xmlns:xsd="http://www.w3.org/2001/XMLSchema" xmlns:xsi="http://www.w3.org/2001/XMLSchema-instance" name="MotorCreatePolicy" lastChanged="2019-10-17T08:45:20.2729767Z" implementationClass=" " modelType="process" skyeEditorVersion="7.15.0.16">
  <UUID>eda63b89-0d20-4220-beeb-1a1a746a1262</UUID>
  <BusinessUnit> </BusinessUnit>
  <Section> </Section>
  <ProductTextList>
    <ProductText name="header" language="en" country="US">
      <UUID>09ab3e7b-a28f-4f38-a807-0146f555d394</UUID>
      <Text>Car information</Text>
    </ProductText>
    <ProductText name="header" language="en" country="US">
      <UUID>d66939f6-135f-4bbb-a56d-4a2e9afb860b</UUID>
      <Text>Insured's information</Text>
    </ProductText>
    <ProductText name="header" language="en" country="US">
      <UUID>be41c9d8-c6d3-4813-ad4e-ec5d1b64b731</UUID>
      <Text>Summary</Text>
    </ProductText>
    <ProductText name="short" language="en" country="US">
      <UUID>80d94afd-bfae-47db-b270-deb609fae577</UUID>
      <Text>Next</Text>
    </ProductText>
    <ProductText name="short" language="en" country="US">
      <UUID>55266285-c1f5-42e3-83ca-0b1a7cdc53fb</UUID>
      <Text>Home</Text>
    </ProductText>
    <ProductText name="short" language="en" country="US">
      <UUID>1157e137-6371-4e1c-aa0b-759a56210625</UUID>
      <Text>Back</Text>
    </ProductText>
    <ProductText name="short" language="en" country="US">
      <UUID>20ab11f7-60a3-45e9-8994-f8b08a5b93c5</UUID>
      <Text>Next</Text>
    </ProductText>
    <ProductText name="short" language="en" country="US">
      <UUID>c6d1294d-bddd-4149-b59c-8f363ed8b89c</UUID>
      <Text>Home</Text>
    </ProductText>
  </ProductTextList>
  <ProductValueRangeList>
    <ProductValueRange name="Reference.referencedModelsVR" type="fix">
      <UUID>a5963f39-dfe3-4891-b5f4-8dbff405edc8</UUID>
      <DefinitionValueRelation>
        <UUID>e80739d3-842f-4082-9069-14e24472190a</UUID>
        <DefinitionValueUUID>543d6c28-5a67-4758-96f1-8017ffd3272f</DefinitionValueUUID>
      </DefinitionValueRelation>
    </ProductValueRange>
    <ProductValueRange name="Action.targetUpdateMapVR" type="fix">
      <UUID>d9a9799d-d217-47b0-bff3-de69860bd4ea</UUID>
    </ProductValueRange>
    <ProductValueRange name="Action.targetUpdateMapVR" type="fix">
      <UUID>b4e9a790-ec88-4e8c-a654-842e7fe5a6bd</UUID>
    </ProductValueRange>
    <ProductValueRange name="Action.targetUpdateMapVR" type="fix">
      <UUID>3f6a4478-c9f8-47c9-ad81-7a34a1f3224e</UUID>
    </ProductValueRange>
    <ProductValueRange name="Action.targetUpdateMapVR" type="fix">
      <UUID>c05935dd-485d-4c41-b951-3434b6b8075a</UUID>
    </ProductValueRange>
    <ProductValueRange name="Action.targetUpdateMapVR" type="fix">
      <UUID>27a6d2ea-7543-4960-827c-6fa3dc9e11bc</UUID>
    </ProductValueRange>
  </ProductValueRangeList>
  <DefinitionBusinessObjectContextList>
    <DefinitionBusinessObjectContext name="MotorCreatePolicy:CarInformation-callcenter-callcenter">
      <UUID>0684c52d-caa5-409f-8830-eb57640c2c54</UUID>
      <SubclassId>visibilityLevelContext</SubclassId>
      <ValueField>4</ValueField>
    </DefinitionBusinessObjectContext>
    <DefinitionBusinessObjectContext name="MotorCreatePolicy:InsuredsInformation-callcenter-callcenter">
      <UUID>c09a04e8-0b5d-42ec-bfc5-806381dcdc8d</UUID>
      <SubclassId>visibilityLevelContext</SubclassId>
      <ValueField>4</ValueField>
    </DefinitionBusinessObjectContext>
    <DefinitionBusinessObjectContext name="MotorCreatePolicy:InsuredsInformation-callcenter-callcenter">
      <UUID>148978ad-cd04-43d1-805c-5114b9512acb</UUID>
      <SubclassId>sortOrderContext</SubclassId>
      <ValueField>10</ValueField>
    </DefinitionBusinessObjectContext>
    <DefinitionBusinessObjectContext name="MotorCreatePolicy:InsuredsInformation-callcenter-callcenter">
      <UUID>7d4b7695-6d66-40cc-b07f-a8aa0e16b35d</UUID>
      <SubclassId>sortOrderContext</SubclassId>
      <ValueField>20</ValueField>
    </DefinitionBusinessObjectContext>
    <DefinitionBusinessObjectContext name="MotorCreatePolicy:InsuredsInformation-callcenter-callcenter">
      <UUID>f27f955e-9c84-4fd2-8cd6-7b509f9692fb</UUID>
      <SubclassId>sortOrderContext</SubclassId>
      <ValueField>30</ValueField>
    </DefinitionBusinessObjectContext>
  </DefinitionBusinessObjectContextList>
  <DefinitionResourceList />
  <AbstractProductBrickList />
  <ProductValueList>
    <ProductValue name="" type="value">
      <UUID>870a9e5b-203d-45b2-9163-803061208fab</UUID>
      <SortOrder>0</SortOrder>
      <Value />
    </ProductValue>
    <ProductValue name="delete=ignore,copy=setnull" type="value">
      <UUID>a7191e32-a42b-425a-9660-eb558cad9d4c</UUID>
      <SortOrder>0</SortOrder>
      <Value />
    </ProductValue>
    <ProductValue name="Motor" type="value">
      <UUID>543d6c28-5a67-4758-96f1-8017ffd3272f</UUID>
      <SortOrder>0</SortOrder>
      <Value />
    </ProductValue>
    <ProductValue name="" type="value">
      <UUID>38c248ed-db12-4b2f-b780-2d0a51462512</UUID>
      <SortOrder>0</SortOrder>
      <Value />
    </ProductValue>
    <ProductValue name="" type="value">
      <UUID>e9390847-44e5-4eac-b9ab-f16f6123dc27</UUID>
      <SortOrder>0</SortOrder>
      <Value />
    </ProductValue>
    <ProductValue name="" type="value">
      <UUID>f05ccfb7-abe6-4c6d-a46d-fde23a95e771</UUID>
      <SortOrder>0</SortOrder>
      <Value />
    </ProductValue>
    <ProductValue name="" type="value">
      <UUID>035b350d-b679-4cbb-af55-c4a5a2a3eff0</UUID>
      <SortOrder>0</SortOrder>
      <Value />
    </ProductValue>
    <ProductValue name="" type="value">
      <UUID>a188e08f-f077-4a89-80e9-8b8eee3e80a4</UUID>
      <SortOrder>0</SortOrder>
      <Value />
    </ProductValue>
  </ProductValueList>
  <ProductPolicyAttribute name="@CurrentProcessStep" visibilityLevel="2" mandatory="false" unit=" " format="" numberOfDecimals="0" attributeClass="" type="Standard">
    <UUID>704ab422-d66a-41c8-81e4-39842159f5c1</UUID>
    <SortOrder>99</SortOrder>
    <InputType>Textbox</InputType>
    <DataType>String</DataType>
    <MaxLength>4000</MaxLength>
    <MinLength>0</MinLength>
    <ProductBackendInfo name="Skye.AttributeAlias">
      <UUID>3092a876-d142-48aa-9c25-2a7156294edb</UUID>
      <Info />
    </ProductBackendInfo>
    <ProductBackendInfo name="Skye.AllowValueSetViaUnencryptedURL">
      <UUID>e9024bf3-ddc1-42f2-9907-8925d5224998</UUID>
      <Info>false</Info>
    </ProductBackendInfo>
    <ProductBackendInfo name="Skye.Core.DataSecurity">
      <UUID>1fc4447b-e994-45f8-be1a-20bbd7449da3</UUID>
      <Info>Standard</Info>
    </ProductBackendInfo>
    <DefinitionValueRelation>
      <UUID>7a6d957e-ec3b-4aae-868c-8a765779e4f8</UUID>
      <DefinitionValueUUID>870a9e5b-203d-45b2-9163-803061208fab</DefinitionValueUUID>
    </DefinitionValueRelation>
  </ProductPolicyAttribute>
  <ProductPolicyAttribute name="@CurrentProcessObject" visibilityLevel="2" mandatory="false" unit=" " format="" numberOfDecimals="0" attributeClass="" type="Reference">
    <UUID>ef93a01f-d6a1-434f-a1dd-6854ac84b28f</UUID>
    <SortOrder>99</SortOrder>
    <InputType>Textbox</InputType>
    <DataType>product</DataType>
    <MaxLength>4000</MaxLength>
    <MinLength>0</MinLength>
    <ProductValueRangeRelation>
      <UUID>01d03c1e-fb52-45cb-a36b-c877b24f9699</UUID>
      <SortOrder>99</SortOrder>
      <ProductValueRangeUUID>a5963f39-dfe3-4891-b5f4-8dbff405edc8</ProductValueRangeUUID>
      <ValueRangeName>@CurrentProcessObject</ValueRangeName>
    </ProductValueRangeRelation>
    <ProductBackendInfo name="Skye.AttributeAlias">
      <UUID>6dfe5e86-17fd-4c31-8a36-24b9cc62cf4e</UUID>
      <Info />
    </ProductBackendInfo>
    <ProductBackendInfo name="Skye.AllowValueSetViaUnencryptedURL">
      <UUID>19a472bd-a6c4-42b0-ae31-d8707a5938d1</UUID>
      <Info>false</Info>
    </ProductBackendInfo>
    <ProductBackendInfo name="Skye.Core.DataSecurity">
      <UUID>fdbb810b-c9dd-4f78-b6ed-9dc2b854f1d6</UUID>
      <Info>Standard</Info>
    </ProductBackendInfo>
    <DefinitionValueRelation>
      <UUID>21533575-aa86-42df-8126-b4a11a5f80f6</UUID>
      <DefinitionValueUUID>a7191e32-a42b-425a-9660-eb558cad9d4c</DefinitionValueUUID>
    </DefinitionValueRelation>
  </ProductPolicyAttribute>
  <ProductBrick name="MotorCreatePolicy:CarInformation" visibilityLevel="2" brickClass=" " isAbstract="false" typeId="13">
    <UUID>23210972-d33d-4010-9d03-77e80d552621</UUID>
    <SortOrder>1</SortOrder>
    <MinimumUsage>1</MinimumUsage>
    <MaximumUsage>1</MaximumUsage>
    <InitialUsage>1</InitialUsage>
    <ProductTextRelation>
      <UUID>0fc1378e-a661-4b09-9f05-51ecf7875c68</UUID>
      <ProductTextUUID>09ab3e7b-a28f-4f38-a807-0146f555d394</ProductTextUUID>
    </ProductTextRelation>
    <ProductPolicyAttribute name="NextToInsuredsInformation" visibilityLevel="4" mandatory="false" unit="" format="" numberOfDecimals="0" attributeClass="" type="Action">
      <UUID>10414b9b-cdee-4ee9-a87c-057a7a2a99b8</UUID>
      <SortOrder>99</SortOrder>
      <InputType>Textbox</InputType>
      <DataType>String</DataType>
      <MaxLength>4000</MaxLength>
      <MinLength>0</MinLength>
      <ProductTextRelation>
        <UUID>4db685c9-b177-43b2-97bd-7dddeaadae55</UUID>
        <ProductTextUUID>80d94afd-bfae-47db-b270-deb609fae577</ProductTextUUID>
      </ProductTextRelation>
      <ProductValueRangeRelation>
        <UUID>3f8c06b4-c2d1-4426-a190-e6fce452f5b0</UUID>
        <SortOrder>99</SortOrder>
        <ProductValueRangeUUID>d9a9799d-d217-47b0-bff3-de69860bd4ea</ProductValueRangeUUID>
      </ProductValueRangeRelation>
      <ProductBackendInfo name="Skye.AttributeAlias">
        <UUID>921174be-7835-4744-921c-532ab88559b2</UUID>
        <Info />
      </ProductBackendInfo>
      <ProductBackendInfo name="Skye.Core.DataSecurity">
        <UUID>4bbb254d-cdaa-41f3-b30f-3e281fb15897</UUID>
        <Info>Standard</Info>
      </ProductBackendInfo>
      <ProductBackendInfo name="Skye.AllowValueSetViaUnencryptedURL">
        <UUID>836d6238-5c96-477a-914c-c8d714f83e0d</UUID>
        <Info>False</Info>
      </ProductBackendInfo>
      <ProductBackendInfo name="Skye.ControllerActionName">
        <UUID>cfa1db6b-5a17-4a7a-bad7-63674671e2c8</UUID>
        <Info>NextToInsuredsInformation</Info>
      </ProductBackendInfo>
      <ProductBackendInfo name="Skye.StyleClass">
        <UUID>730fbb50-7f8d-4a95-95d0-51d1c5dc975c</UUID>
        <Info>skyeAccordionNext</Info>
      </ProductBackendInfo>
      <ProductBackendInfo name="Skye.TransitionProcessStep">
        <UUID>cbe4f9cf-12da-43bb-8acb-975387bce8ef</UUID>
        <Info>MotorCreatePolicy:InsuredsInformation</Info>
      </ProductBackendInfo>
      <ProductBackendInfo name="Skye.sendEventWithValidationErrorsAnalytics">
        <UUID>85237eaa-74cf-4228-8085-266e9ec73c46</UUID>
        <Info>False</Info>
      </ProductBackendInfo>
      <ProductBackendInfo name="Skye.ValidateOnAction">
        <UUID>f61fd0ee-dcaf-46c2-909b-f91892718f2e</UUID>
        <Info>False</Info>
      </ProductBackendInfo>
      <ProductBackendInfo name="Skye.UpdateProcessOnAction">
        <UUID>dcb557b2-646c-4d49-906c-feb909ddf945</UUID>
        <Info>True</Info>
      </ProductBackendInfo>
      <ProductBackendInfo name="Skye.ProcessExitPoint">
        <UUID>9b06c608-25fc-432e-90a3-ad5afe657f7b</UUID>
        <Info>False</Info>
      </ProductBackendInfo>
      <ProductBackendInfo name="Skye.PersistOnAction">
        <UUID>91ebb2e0-d158-4221-a5f4-447f1acf9ae1</UUID>
        <Info>True</Info>
      </ProductBackendInfo>
      <ProductBackendInfo name="Skye.ActionAttribute.BindInvisibleCaptchaChallenge">
        <UUID>5de1c86b-9a80-4e8a-8adf-925725be4d04</UUID>
        <Info>False</Info>
      </ProductBackendInfo>
      <DefinitionValueRelation>
        <DefinitionValueUUID>38c248ed-db12-4b2f-b780-2d0a51462512</DefinitionValueUUID>
      </DefinitionValueRelation>
      <DefinitionBusinessObjectContextRelation>
        <ContextUUID>0684c52d-caa5-409f-8830-eb57640c2c54</ContextUUID>
        <DefinitionObjectUUID>10414b9b-cdee-4ee9-a87c-057a7a2a99b8</DefinitionObjectUUID>
      </DefinitionBusinessObjectContextRelation>
    </ProductPolicyAttribute>
    <ProductPolicyAttribute name="BackToHome" visibilityLevel="4" mandatory="false" unit="" format="" numberOfDecimals="0" attributeClass="" type="Action">
      <UUID>2115a435-87a7-444a-9c52-45afbdee38c2</UUID>
      <SortOrder>1</SortOrder>
      <InputType>Textbox</InputType>
      <DataType>String</DataType>
      <MaxLength>4000</MaxLength>
      <MinLength>0</MinLength>
      <ProductTextRelation>
        <UUID>286d9bab-c61d-4274-8378-33f1b1b8e622</UUID>
        <ProductTextUUID>55266285-c1f5-42e3-83ca-0b1a7cdc53fb</ProductTextUUID>
      </ProductTextRelation>
      <ProductValueRangeRelation>
        <UUID>1fc59004-0b62-4a2e-9b72-45529ba5e41a</UUID>
        <SortOrder>99</SortOrder>
        <ProductValueRangeUUID>b4e9a790-ec88-4e8c-a654-842e7fe5a6bd</ProductValueRangeUUID>
      </ProductValueRangeRelation>
      <ProductBackendInfo name="Skye.AttributeAlias">
        <UUID>2cd45d92-ab75-4b1d-b88f-22ad58d70e1c</UUID>
        <Info />
      </ProductBackendInfo>
      <ProductBackendInfo name="Skye.Core.DataSecurity">
        <UUID>75cd6b49-602f-4428-8fcc-1bfac99c7656</UUID>
        <Info>Standard</Info>
      </ProductBackendInfo>
      <ProductBackendInfo name="Skye.AllowValueSetViaUnencryptedURL">
        <UUID>54e7ffaa-93bf-4f8c-b479-3cb1b03cfcc3</UUID>
        <Info>False</Info>
      </ProductBackendInfo>
      <ProductBackendInfo name="Skye.ControllerActionName">
        <UUID>2b4ff03a-2e1b-4258-88c7-ff17c3a929d8</UUID>
        <Info>BackToHome</Info>
      </ProductBackendInfo>
      <ProductBackendInfo name="Skye.StyleClass">
        <UUID>cd2cc43c-5a8b-4bfa-a70b-5dbf7c7db611</UUID>
        <Info>skyeAccordionBack</Info>
      </ProductBackendInfo>
      <ProductBackendInfo name="Skye.TransitionProcessStep">
        <UUID>2888f73f-3f8a-44c1-b60e-e42921910c92</UUID>
        <Info />
      </ProductBackendInfo>
      <ProductBackendInfo name="Skye.sendEventWithValidationErrorsAnalytics">
        <UUID>b13c5f1d-b3f1-4b98-b067-13daa644dc8d</UUID>
        <Info>False</Info>
      </ProductBackendInfo>
      <ProductBackendInfo name="Skye.ValidateOnAction">
        <UUID>3e74159b-9efb-494a-97f5-ba4112cbaeb6</UUID>
        <Info>False</Info>
      </ProductBackendInfo>
      <ProductBackendInfo name="Skye.UpdateProcessOnAction">
        <UUID>6b44c94f-4a2d-4ee8-bf91-c7c8611f2a08</UUID>
        <Info>False</Info>
      </ProductBackendInfo>
      <ProductBackendInfo name="Skye.ProcessExitPoint">
        <UUID>0c17c0e1-f4b8-4798-9fcc-481985276104</UUID>
        <Info>False</Info>
      </ProductBackendInfo>
      <ProductBackendInfo name="Skye.PersistOnAction">
        <UUID>58242eef-9055-470d-942b-e4f3bdf10a04</UUID>
        <Info>False</Info>
      </ProductBackendInfo>
      <ProductBackendInfo name="Skye.ActionAttribute.BindInvisibleCaptchaChallenge">
        <UUID>273cb00f-33ef-4310-8f52-bcbf9da858d6</UUID>
        <Info>False</Info>
      </ProductBackendInfo>
      <DefinitionValueRelation>
        <DefinitionValueUUID>e9390847-44e5-4eac-b9ab-f16f6123dc27</DefinitionValueUUID>
      </DefinitionValueRelation>
    </ProductPolicyAttribute>
    <ProductBackendInfo name="Skye.MultibrickType">
      <UUID>096e79b1-60b3-4504-9ad4-4c2bba2e705d</UUID>
      <Info />
    </ProductBackendInfo>
  </ProductBrick>
  <ProductBrick name="MotorCreatePolicy:InsuredsInformation" visibilityLevel="2" brickClass="" isAbstract="false" typeId="0">
    <UUID>368fc6a9-e356-4f7b-b327-ebd7173aa75b</UUID>
    <SortOrder>20</SortOrder>
    <MinimumUsage>1</MinimumUsage>
    <MaximumUsage>1</MaximumUsage>
    <InitialUsage>1</InitialUsage>
    <ProductTextRelation>
      <UUID>78cbdba6-9e9b-4e02-85b1-07803d2d768e</UUID>
      <ProductTextUUID>d66939f6-135f-4bbb-a56d-4a2e9afb860b</ProductTextUUID>
    </ProductTextRelation>
    <ProductPolicyAttribute name="BackToCarInformation" visibilityLevel="4" mandatory="false" unit="" format="" numberOfDecimals="0" attributeClass="" type="Action">
      <UUID>2040c83c-fd76-40f4-b094-7a0ed0dfc8f0</UUID>
      <SortOrder>20</SortOrder>
      <InputType>Textbox</InputType>
      <DataType>String</DataType>
      <MaxLength>4000</MaxLength>
      <MinLength>0</MinLength>
      <ProductTextRelation>
        <UUID>8caffa1b-d049-48c7-b9f7-349fe8617b74</UUID>
        <ProductTextUUID>1157e137-6371-4e1c-aa0b-759a56210625</ProductTextUUID>
      </ProductTextRelation>
      <ProductValueRangeRelation>
        <UUID>2b407d52-e711-495b-8cef-df902d2a7460</UUID>
        <SortOrder>99</SortOrder>
        <ProductValueRangeUUID>3f6a4478-c9f8-47c9-ad81-7a34a1f3224e</ProductValueRangeUUID>
      </ProductValueRangeRelation>
      <ProductBackendInfo name="Skye.AttributeAlias">
        <UUID>8333c9b6-5160-46eb-b5f8-9676b7290b6f</UUID>
        <Info />
      </ProductBackendInfo>
      <ProductBackendInfo name="Skye.Core.DataSecurity">
        <UUID>856cea61-4ac6-44ec-8eb4-de2ae8b64c72</UUID>
        <Info>Standard</Info>
      </ProductBackendInfo>
      <ProductBackendInfo name="Skye.AllowValueSetViaUnencryptedURL">
        <UUID>fdcc9a8c-4f07-4ec1-900f-be34b5cbac4c</UUID>
        <Info>False</Info>
      </ProductBackendInfo>
      <ProductBackendInfo name="Skye.ControllerActionName">
        <UUID>04c0b9ab-1776-489e-aa53-464196228e49</UUID>
        <Info>BackToCarInformation</Info>
      </ProductBackendInfo>
      <ProductBackendInfo name="Skye.StyleClass">
        <UUID>e9531b72-0127-4d59-b23d-20e5df541741</UUID>
        <Info>skyeAccordionBack</Info>
      </ProductBackendInfo>
      <ProductBackendInfo name="Skye.TransitionProcessStep">
        <UUID>66a7f41d-041c-40f3-886c-a29e3aa5779f</UUID>
        <Info>MotorCreatePolicy:CarInformation</Info>
      </ProductBackendInfo>
      <ProductBackendInfo name="Skye.sendEventWithValidationErrorsAnalytics">
        <UUID>3eec0aa2-0343-49b3-805f-2ed544fd8d4c</UUID>
        <Info>False</Info>
      </ProductBackendInfo>
      <ProductBackendInfo name="Skye.ValidateOnAction">
        <UUID>473ff271-326d-492e-b972-a486bfc0d418</UUID>
        <Info>False</Info>
      </ProductBackendInfo>
      <ProductBackendInfo name="Skye.UpdateProcessOnAction">
        <UUID>0acbe4f9-9092-4495-917c-115435a45acf</UUID>
        <Info>True</Info>
      </ProductBackendInfo>
      <ProductBackendInfo name="Skye.ProcessExitPoint">
        <UUID>cf53e560-8c4d-4eb9-bc0f-bb9a6f2643ec</UUID>
        <Info>False</Info>
      </ProductBackendInfo>
      <ProductBackendInfo name="Skye.PersistOnAction">
        <UUID>cac0611c-6913-4d53-ada6-fb4caca3e962</UUID>
        <Info>False</Info>
      </ProductBackendInfo>
      <ProductBackendInfo name="Skye.ActionAttribute.BindInvisibleCaptchaChallenge">
        <UUID>d0d04033-c20d-4c79-acfb-d28675254736</UUID>
        <Info>False</Info>
      </ProductBackendInfo>
      <DefinitionValueRelation>
        <DefinitionValueUUID>f05ccfb7-abe6-4c6d-a46d-fde23a95e771</DefinitionValueUUID>
      </DefinitionValueRelation>
      <DefinitionBusinessObjectContextRelation>
        <ContextUUID>c09a04e8-0b5d-42ec-bfc5-806381dcdc8d</ContextUUID>
        <DefinitionObjectUUID>2040c83c-fd76-40f4-b094-7a0ed0dfc8f0</DefinitionObjectUUID>
      </DefinitionBusinessObjectContextRelation>
      <DefinitionBusinessObjectContextRelation>
        <ContextUUID>7d4b7695-6d66-40cc-b07f-a8aa0e16b35d</ContextUUID>
        <DefinitionObjectUUID>2040c83c-fd76-40f4-b094-7a0ed0dfc8f0</DefinitionObjectUUID>
      </DefinitionBusinessObjectContextRelation>
    </ProductPolicyAttribute>
    <ProductPolicyAttribute name="NextToSummary" visibilityLevel="4" mandatory="false" unit="" format="" numberOfDecimals="0" attributeClass="" type="Action">
      <UUID>93a9bb3e-a2cf-48e8-a2ff-d166b0446bda</UUID>
      <SortOrder>30</SortOrder>
      <InputType>Textbox</InputType>
      <DataType>String</DataType>
      <MaxLength>4000</MaxLength>
      <MinLength>0</MinLength>
      <ProductTextRelation>
        <UUID>857ee091-e49b-45c5-a5d4-8da9c9d8e59d</UUID>
        <ProductTextUUID>20ab11f7-60a3-45e9-8994-f8b08a5b93c5</ProductTextUUID>
      </ProductTextRelation>
      <ProductValueRangeRelation>
        <UUID>e8bf5efd-f0d1-4cfe-91a1-38ce7ed6f2ab</UUID>
        <SortOrder>99</SortOrder>
        <ProductValueRangeUUID>c05935dd-485d-4c41-b951-3434b6b8075a</ProductValueRangeUUID>
      </ProductValueRangeRelation>
      <ProductBackendInfo name="Skye.AttributeAlias">
        <UUID>8efdba5a-e6b0-4f3b-acf3-35c105218047</UUID>
        <Info />
      </ProductBackendInfo>
      <ProductBackendInfo name="Skye.Core.DataSecurity">
        <UUID>8167e8a3-8188-4e2a-b190-a7bb9c8deb03</UUID>
        <Info>Standard</Info>
      </ProductBackendInfo>
      <ProductBackendInfo name="Skye.AllowValueSetViaUnencryptedURL">
        <UUID>0085aaea-2e69-4914-8121-d4bd9783fae0</UUID>
        <Info>False</Info>
      </ProductBackendInfo>
      <ProductBackendInfo name="Skye.ControllerActionName">
        <UUID>21adef33-b9a7-4dae-95dc-7099b940fe69</UUID>
        <Info>NextToSummary</Info>
      </ProductBackendInfo>
      <ProductBackendInfo name="Skye.StyleClass">
        <UUID>f6d57adf-b6b3-4cf0-8101-9691fbc2fd2b</UUID>
        <Info>skyeAccordionNext</Info>
      </ProductBackendInfo>
      <ProductBackendInfo name="Skye.TransitionProcessStep">
        <UUID>e826a84a-3bf6-48c6-8dbb-ab7cfdd375b2</UUID>
        <Info>MotorCreatePolicy:Summary</Info>
      </ProductBackendInfo>
      <ProductBackendInfo name="Skye.sendEventWithValidationErrorsAnalytics">
        <UUID>106f3c31-e373-4366-9232-a7c147791579</UUID>
        <Info>False</Info>
      </ProductBackendInfo>
      <ProductBackendInfo name="Skye.ValidateOnAction">
        <UUID>2c69230a-30eb-436f-8b9d-d58eeb897ce2</UUID>
        <Info>False</Info>
      </ProductBackendInfo>
      <ProductBackendInfo name="Skye.UpdateProcessOnAction">
        <UUID>45bc34a5-4bfc-4cef-b3cd-40268492ce4a</UUID>
        <Info>True</Info>
      </ProductBackendInfo>
      <ProductBackendInfo name="Skye.ProcessExitPoint">
        <UUID>a20ca42e-9e97-4f1a-b9ce-03518ab16d06</UUID>
        <Info>False</Info>
      </ProductBackendInfo>
      <ProductBackendInfo name="Skye.PersistOnAction">
        <UUID>de3d96f3-0d6a-4d41-a85d-98fab1c2fed9</UUID>
        <Info>False</Info>
      </ProductBackendInfo>
      <ProductBackendInfo name="Skye.ActionAttribute.BindInvisibleCaptchaChallenge">
        <UUID>646bc5f0-25e7-4ff9-81a6-0f0b94241fb0</UUID>
        <Info>False</Info>
      </ProductBackendInfo>
      <DefinitionValueRelation>
        <DefinitionValueUUID>035b350d-b679-4cbb-af55-c4a5a2a3eff0</DefinitionValueUUID>
      </DefinitionValueRelation>
      <DefinitionBusinessObjectContextRelation>
        <ContextUUID>c09a04e8-0b5d-42ec-bfc5-806381dcdc8d</ContextUUID>
        <DefinitionObjectUUID>93a9bb3e-a2cf-48e8-a2ff-d166b0446bda</DefinitionObjectUUID>
      </DefinitionBusinessObjectContextRelation>
      <DefinitionBusinessObjectContextRelation>
        <ContextUUID>f27f955e-9c84-4fd2-8cd6-7b509f9692fb</ContextUUID>
        <DefinitionObjectUUID>93a9bb3e-a2cf-48e8-a2ff-d166b0446bda</DefinitionObjectUUID>
      </DefinitionBusinessObjectContextRelation>
    </ProductPolicyAttribute>
    <ProductPolicyAttribute name="Home" visibilityLevel="4" mandatory="false" unit="" format="" numberOfDecimals="0" attributeClass="" type="Action">
      <UUID>415b7c08-5423-4297-ac05-7b0e341531c4</UUID>
      <SortOrder>10</SortOrder>
      <InputType>Textbox</InputType>
      <DataType>String</DataType>
      <MaxLength>4000</MaxLength>
      <MinLength>0</MinLength>
      <ProductTextRelation>
        <UUID>10f619c7-f188-4367-ad11-187917b30bec</UUID>
        <ProductTextUUID>c6d1294d-bddd-4149-b59c-8f363ed8b89c</ProductTextUUID>
      </ProductTextRelation>
      <ProductValueRangeRelation>
        <UUID>f9814824-d4c1-469e-a3c3-a022d1cac6db</UUID>
        <SortOrder>99</SortOrder>
        <ProductValueRangeUUID>27a6d2ea-7543-4960-827c-6fa3dc9e11bc</ProductValueRangeUUID>
      </ProductValueRangeRelation>
      <ProductBackendInfo name="Skye.AttributeAlias">
        <UUID>2c5c2170-0931-46fd-88d5-084938fd916d</UUID>
        <Info />
      </ProductBackendInfo>
      <ProductBackendInfo name="Skye.Core.DataSecurity">
        <UUID>dcf7439c-e6d5-4633-9046-c5b2e5c0ccab</UUID>
        <Info>Standard</Info>
      </ProductBackendInfo>
      <ProductBackendInfo name="Skye.AllowValueSetViaUnencryptedURL">
        <UUID>f5cef82d-d7b4-4f0a-a4f9-d84ef7314111</UUID>
        <Info>False</Info>
      </ProductBackendInfo>
      <ProductBackendInfo name="Skye.ControllerActionName">
        <UUID>ce2d9cbf-0eaf-4521-9507-4fc2bf5dac98</UUID>
        <Info>BackToHome</Info>
      </ProductBackendInfo>
      <ProductBackendInfo name="Skye.StyleClass">
        <UUID>de0710bc-e01d-491e-a764-241e316bd4ee</UUID>
        <Info>skyeAccordionAction</Info>
      </ProductBackendInfo>
      <ProductBackendInfo name="Skye.TransitionProcessStep">
        <UUID>74cf3ac2-bda6-4cb0-ae7d-fda4a5ea3008</UUID>
        <Info />
      </ProductBackendInfo>
      <ProductBackendInfo name="Skye.sendEventWithValidationErrorsAnalytics">
        <UUID>da4e01d7-5a55-41e8-8db3-2adc71b58a1d</UUID>
        <Info>False</Info>
      </ProductBackendInfo>
      <ProductBackendInfo name="Skye.ValidateOnAction">
        <UUID>6e69566e-95f6-47ba-a7ff-01e8c3908a40</UUID>
        <Info>False</Info>
      </ProductBackendInfo>
      <ProductBackendInfo name="Skye.UpdateProcessOnAction">
        <UUID>d4d22093-4394-4f89-ace7-c90120f29152</UUID>
        <Info>False</Info>
      </ProductBackendInfo>
      <ProductBackendInfo name="Skye.ProcessExitPoint">
        <UUID>221a9694-1d69-4520-ae06-3e7340cc44e7</UUID>
        <Info>False</Info>
      </ProductBackendInfo>
      <ProductBackendInfo name="Skye.PersistOnAction">
        <UUID>aaf5069d-2226-49ec-ad05-ec65368bcdb4</UUID>
        <Info>False</Info>
      </ProductBackendInfo>
      <ProductBackendInfo name="Skye.ActionAttribute.BindInvisibleCaptchaChallenge">
        <UUID>61caffa0-8dd1-40ec-8a61-5a756a0aaf46</UUID>
        <Info>False</Info>
      </ProductBackendInfo>
      <DefinitionValueRelation>
        <DefinitionValueUUID>a188e08f-f077-4a89-80e9-8b8eee3e80a4</DefinitionValueUUID>
      </DefinitionValueRelation>
      <DefinitionBusinessObjectContextRelation>
        <ContextUUID>c09a04e8-0b5d-42ec-bfc5-806381dcdc8d</ContextUUID>
        <DefinitionObjectUUID>415b7c08-5423-4297-ac05-7b0e341531c4</DefinitionObjectUUID>
      </DefinitionBusinessObjectContextRelation>
      <DefinitionBusinessObjectContextRelation>
        <ContextUUID>148978ad-cd04-43d1-805c-5114b9512acb</ContextUUID>
        <DefinitionObjectUUID>415b7c08-5423-4297-ac05-7b0e341531c4</DefinitionObjectUUID>
      </DefinitionBusinessObjectContextRelation>
    </ProductPolicyAttribute>
    <ProductBackendInfo name="Skye.MultibrickType">
      <UUID>113f9fd1-b240-42dd-b379-e27cdc2f2e44</UUID>
      <Info />
    </ProductBackendInfo>
  </ProductBrick>
  <ProductBrick name="MotorCreatePolicy:Summary" visibilityLevel="2" brickClass="" isAbstract="false" typeId="0">
    <UUID>3670f171-f128-4afc-b3b6-559eff70dad2</UUID>
    <SortOrder>30</SortOrder>
    <MinimumUsage>1</MinimumUsage>
    <MaximumUsage>1</MaximumUsage>
    <InitialUsage>1</InitialUsage>
    <ProductTextRelation>
      <UUID>ed059c27-4d0f-44ef-9f9e-bfafc0886122</UUID>
      <ProductTextUUID>be41c9d8-c6d3-4813-ad4e-ec5d1b64b731</ProductTextUUID>
    </ProductTextRelation>
    <ProductBackendInfo name="Skye.MultibrickType">
      <UUID>71a86b72-701a-418d-962f-44c16a05a8a6</UUID>
      <Info />
    </ProductBackendInfo>
  </ProductBrick>
  <DefinitionDependentLists>
    <DefinitionDependencyDefaultValueList />
    <DefinitionDependencyValueRangeList />
    <DefinitionDependencyVisibilityList />
    <DefinitionDependencyMandatoryList />
    <DefinitionDependencyToDependencyList />
    <DefinitionDependencyValueRangeFilterValuesList />
    <DefinitionDependencyDataSourceAttributeList />
  </DefinitionDependentLists>
</Product>