﻿<?xml version="1.0" encoding="utf-8"?>
<Product xmlns:xsd="http://www.w3.org/2001/XMLSchema" xmlns:xsi="http://www.w3.org/2001/XMLSchema-instance" name="FamilyInsuranceCreatePolicy" lastChanged="2019-05-08T07:33:05Z" implementationClass=" " versionUuid=" " modelType="process" subModelType="" skyeEditorVersion="7.15.0.16">
  <UUID>45fd2bfd-a6e0-4a08-8f4f-e80b0c67e3fb</UUID>
  <SortOrder>0</SortOrder>
  <BusinessUnit> </BusinessUnit>
  <Section> </Section>
  <ProductTextList>
    <ProductText name="short" language="en" country="US">
      <UUID>2155799d-9299-44c1-833b-b9d8945c4fb1</UUID>
      <Text>Next</Text>
    </ProductText>
    <ProductText name="short" language="en" country="US">
      <UUID>39d1ab5c-21d2-4c7a-a116-dc9805fe33a2</UUID>
      <Text>Back</Text>
    </ProductText>
    <ProductText name="short" language="en" country="US">
      <UUID>45396720-a4fd-4408-9c82-85f7ec23039d</UUID>
      <Text>Save</Text>
    </ProductText>
    <ProductText name="header" language="en" country="US">
      <UUID>59c2e617-006b-47a0-8a3d-9b163fa4eb99</UUID>
      <Text>Confirmation</Text>
    </ProductText>
    <ProductText name="short" language="en" country="US">
      <UUID>7324d7d2-6241-4c78-96ee-25357c2df6cc</UUID>
      <Text>Next</Text>
    </ProductText>
    <ProductText name="short" language="en" country="US">
      <UUID>77c08f2b-30c0-4b8a-bcef-a52f9ebdca54</UUID>
      <Text>Back</Text>
    </ProductText>
    <ProductText name="header" language="en" country="US">
      <UUID>815cb487-9883-4654-a02d-faa85d3764cd</UUID>
      <Text>Product Information</Text>
    </ProductText>
    <ProductText name="header" language="en" country="US">
      <UUID>86b9ab42-cae9-4695-9644-b55694967fbf</UUID>
      <Text>Payment</Text>
    </ProductText>
    <ProductText name="productHeader" language="en" country="US">
      <UUID>9c43ec5a-9627-4734-a169-e13650e077d9</UUID>
      <Text>Create Quote</Text>
    </ProductText>
    <ProductText name="header" language="en" country="US">
      <UUID>c30bbd7f-ef63-4f2d-b3af-fc8550f58e0e</UUID>
      <Text>Customer Details</Text>
    </ProductText>
    <ProductText name="short" language="en" country="US">
      <UUID>e95ccaae-4a14-4465-81e3-a4c3ca8e97b7</UUID>
      <Text>Next</Text>
    </ProductText>
  </ProductTextList>
  <ProductValueRangeList>
    <ProductValueRange name="Action.targetUpdateMapVR" type="fix">
      <UUID>00efbfc0-ca73-4706-a926-36b25a8f7007</UUID>
    </ProductValueRange>
    <ProductValueRange name="Action.targetUpdateMapVR" type="fix">
      <UUID>03f533ec-c2f8-4615-98bf-9aec233cc113</UUID>
    </ProductValueRange>
    <ProductValueRange name="Action.targetUpdateMapVR" type="fix">
      <UUID>5e6b316a-94fc-4c62-b75b-b07664e0b2d4</UUID>
    </ProductValueRange>
    <ProductValueRange name="Action.targetUpdateMapVR" type="fix">
      <UUID>6c1ee563-5e36-4186-a545-7c668126bb3f</UUID>
    </ProductValueRange>
    <ProductValueRange name="Action.targetUpdateMapVR" type="fix">
      <UUID>7f1122a7-5635-4fb8-930e-2225a928f3c0</UUID>
    </ProductValueRange>
    <ProductValueRange name="Reference.referencedModelsVR" type="fix">
      <UUID>8dd7c4c5-b207-49eb-8beb-1b63630eecda</UUID>
      <DefinitionValueRelation>
        <UUID>11ea11e6-740f-6f04-9bb3-63709490e9be</UUID>
        <DefinitionValueUUID>cbded65b-3af2-4796-ab61-0bbd8f24d7c2</DefinitionValueUUID>
      </DefinitionValueRelation>
    </ProductValueRange>
    <ProductValueRange name="Action.targetUpdateMapVR" type="fix">
      <UUID>a3f92c3b-eb2b-4e46-9115-d09de99726d7</UUID>
    </ProductValueRange>
  </ProductValueRangeList>
  <DefinitionBusinessObjectContextList>
    <DefinitionBusinessObjectContext name="AH_CreatePolicy:ProductInformation-callcenter-callcenter">
      <UUID>747cb58b-cc22-4d61-888f-1e2b69c565ab</UUID>
      <SubclassId>sortOrderContext</SubclassId>
      <ValueField>2</ValueField>
    </DefinitionBusinessObjectContext>
    <DefinitionBusinessObjectContext name="AH_CreateQuote:QuickQuote-callcenter-callcenter">
      <UUID>b3c1e16e-36c8-44fc-b277-75a2a6f6be16</UUID>
      <SubclassId>visibilityLevelContext</SubclassId>
      <ValueField>4</ValueField>
    </DefinitionBusinessObjectContext>
    <DefinitionBusinessObjectContext name="AH_CreatePolicy:Payment-callcenter-callcenter">
      <UUID>e381d542-6e7a-4085-84c7-80e5cfbf2154</UUID>
      <SubclassId>visibilityLevelContext</SubclassId>
      <ValueField>4</ValueField>
    </DefinitionBusinessObjectContext>
    <DefinitionBusinessObjectContext name="AH_CreateQuote:CaptureData-callcenter-callcenter">
      <UUID>f6f7cb8d-20c7-40c5-a056-d1e1ca19e1ca</UUID>
      <SubclassId>visibilityLevelContext</SubclassId>
      <ValueField>4</ValueField>
    </DefinitionBusinessObjectContext>
  </DefinitionBusinessObjectContextList>
  <DefinitionResourceList />
  <AbstractProductBrickList />
  <ProductValueList>
    <ProductValue name=" " type="value">
      <UUID>29e1ab7c-578b-46d9-af44-a4e6b41594cf</UUID>
      <SortOrder>0</SortOrder>
      <Value />
    </ProductValue>
    <ProductValue name=" " type="value">
      <UUID>4d820fd0-7688-42bc-bbd3-105589960e72</UUID>
      <SortOrder>0</SortOrder>
      <Value />
    </ProductValue>
    <ProductValue name=" " type="value">
      <UUID>7a00a410-a623-4c58-9f73-d955d117f6b9</UUID>
      <SortOrder>0</SortOrder>
      <Value />
    </ProductValue>
    <ProductValue name=" " type="value">
      <UUID>98da74ea-ccc3-445e-ab12-ea90d5811be6</UUID>
      <SortOrder>0</SortOrder>
      <Value />
    </ProductValue>
    <ProductValue name=" " type="value">
      <UUID>a175c609-13fb-4bf5-8155-7c43378b6f7d</UUID>
      <SortOrder>0</SortOrder>
      <Value />
    </ProductValue>
    <ProductValue name=" " type="value">
      <UUID>b2405e73-cbbd-441f-aab0-78791ff8b9a3</UUID>
      <SortOrder>0</SortOrder>
      <Value />
    </ProductValue>
    <ProductValue name=" " type="value">
      <UUID>c7790a3b-0435-4ce0-a547-54a1f105df25</UUID>
      <SortOrder>0</SortOrder>
      <Value />
    </ProductValue>
    <ProductValue name="FamilyInsurance" type="value">
      <UUID>cbded65b-3af2-4796-ab61-0bbd8f24d7c2</UUID>
      <SortOrder>0</SortOrder>
      <Value />
    </ProductValue>
    <ProductValue name=" " type="value">
      <UUID>e95fc383-9a40-4c63-8940-3a7175c0a88a</UUID>
      <SortOrder>0</SortOrder>
      <Value />
    </ProductValue>
  </ProductValueList>
  <ProductPolicyAttribute name="@CurrentProcessStep" visibilityLevel="2" mandatory="false" unit=" " format="" numberOfDecimals="0" attributeClass=" " type="Standard">
    <UUID>0f34d3dd-1c5c-485f-82f4-37373b6af341</UUID>
    <SortOrder>99</SortOrder>
    <InputType>Textbox</InputType>
    <DataType>String</DataType>
    <MaxLength>4000</MaxLength>
    <MinLength>0</MinLength>
    <ProductBackendInfo name="Skye.AllowValueSetViaUnencryptedURL">
      <UUID>2035f3f1-bb9f-41fb-a30b-1b481c905b52</UUID>
      <Info>false</Info>
    </ProductBackendInfo>
    <ProductBackendInfo name="Skye.AttributeAlias">
      <UUID>c63ee8f8-886e-4071-840d-269a4962839e</UUID>
      <Info />
    </ProductBackendInfo>
    <ProductBackendInfo name="Skye.Core.DataSecurity">
      <UUID>ec3b6de5-89e8-42eb-8b73-39c5f0b2c957</UUID>
      <Info>Standard</Info>
    </ProductBackendInfo>
    <DefinitionValueRelation>
      <UUID>11ea11e6-740f-6f05-9bb3-63709490e9be</UUID>
      <DefinitionValueUUID>29e1ab7c-578b-46d9-af44-a4e6b41594cf</DefinitionValueUUID>
    </DefinitionValueRelation>
  </ProductPolicyAttribute>
  <ProductPolicyAttribute name="@CurrentProcessObject" visibilityLevel="2" mandatory="false" unit=" " format="" numberOfDecimals="0" attributeClass=" " type="Reference">
    <UUID>209117fe-f01a-4e09-8bad-e0d0fa6eb7cb</UUID>
    <SortOrder>99</SortOrder>
    <InputType>Textbox</InputType>
    <DataType>product</DataType>
    <MaxLength>4000</MaxLength>
    <MinLength>0</MinLength>
    <ProductValueRangeRelation>
      <UUID>a2b45654-4b28-4dc9-a156-14ce90ba508f</UUID>
      <SortOrder>0</SortOrder>
      <ProductValueRangeUUID>8dd7c4c5-b207-49eb-8beb-1b63630eecda</ProductValueRangeUUID>
    </ProductValueRangeRelation>
    <ProductBackendInfo name="Skye.AllowValueSetViaUnencryptedURL">
      <UUID>06d28659-0fb6-4b3b-8ebc-56b96b4d6a09</UUID>
      <Info>false</Info>
    </ProductBackendInfo>
    <ProductBackendInfo name="Skye.AttributeAlias">
      <UUID>6ef4a0ec-7a85-43b7-b8ef-dee4fab3d725</UUID>
      <Info />
    </ProductBackendInfo>
    <ProductBackendInfo name="Skye.Core.DataSecurity">
      <UUID>936989c1-5e87-4814-bc46-b00a2369fc6c</UUID>
      <Info>Standard</Info>
    </ProductBackendInfo>
    <DefinitionValueRelation>
      <UUID>11ea11e6-740f-6f06-9bb3-63709490e9be</UUID>
      <DefinitionValueUUID>b2405e73-cbbd-441f-aab0-78791ff8b9a3</DefinitionValueUUID>
    </DefinitionValueRelation>
  </ProductPolicyAttribute>
  <ProductTextRelation>
    <ProductTextUUID>9c43ec5a-9627-4734-a169-e13650e077d9</ProductTextUUID>
  </ProductTextRelation>
  <ProductBrick name="FamilyInsuranceCreatePolicy:ProductInformation" visibilityLevel="2" brickClass=" " isAbstract="false" typeId="13">
    <UUID>265e304f-f9fb-4255-975a-26c9f4ada102</UUID>
    <SortOrder>0</SortOrder>
    <MinimumUsage>1</MinimumUsage>
    <MaximumUsage>1</MaximumUsage>
    <InitialUsage>1</InitialUsage>
    <PredecessorBrickUUID />
    <PredecessorBrickName />
    <ProductTextRelation>
      <ProductTextUUID>815cb487-9883-4654-a02d-faa85d3764cd</ProductTextUUID>
    </ProductTextRelation>
    <ProductPolicyAttribute name="CaptureQuoteData" visibilityLevel="4" mandatory="false" unit=" " format=" " numberOfDecimals="0" attributeClass=" " type="Action">
      <UUID>d2c5b3fd-ad08-4fab-b566-e94b63de52a2</UUID>
      <SortOrder>1</SortOrder>
      <InputType>Textbox</InputType>
      <DataType>String</DataType>
      <MaxLength>4000</MaxLength>
      <MinLength>0</MinLength>
      <ProductTextRelation>
        <ProductTextUUID>2155799d-9299-44c1-833b-b9d8945c4fb1</ProductTextUUID>
      </ProductTextRelation>
      <ProductValueRangeRelation>
        <UUID>817eb365-5b4c-4be6-97b5-9133a7637714</UUID>
        <SortOrder>0</SortOrder>
        <ProductValueRangeUUID>5e6b316a-94fc-4c62-b75b-b07664e0b2d4</ProductValueRangeUUID>
      </ProductValueRangeRelation>
      <ProductBackendInfo name="Skye.AttributeAlias">
        <UUID>05907ff2-6847-4214-8d68-ed90f291bca1</UUID>
        <Info />
      </ProductBackendInfo>
      <ProductBackendInfo name="Skye.AllowValueSetViaUnencryptedURL">
        <UUID>06038c7c-3cbc-460f-a5ad-1637f449f7f0</UUID>
        <Info>False</Info>
      </ProductBackendInfo>
      <ProductBackendInfo name="Skye.TransitionProcessStep">
        <UUID>13526263-9146-4df3-8936-22e1e009e307</UUID>
        <Info>FamilyInsuranceCreatePolicy:CustomerDetails</Info>
      </ProductBackendInfo>
      <ProductBackendInfo name="Skye.ActionAttribute.BindInvisibleCaptchaChallenge">
        <UUID>1b012edf-988e-47a4-9e3d-8fa7c7da1b16</UUID>
        <Info>False</Info>
      </ProductBackendInfo>
      <ProductBackendInfo name="Skye.StyleClass">
        <UUID>2c8dbbf8-c216-41ed-a40e-7957e58b1799</UUID>
        <Info>skyeAccordionNext</Info>
      </ProductBackendInfo>
      <ProductBackendInfo name="Skye.ControllerActionName">
        <UUID>37396a62-4790-46fc-b6b2-6058d8bca253</UUID>
        <Info>CaptureQuoteData</Info>
      </ProductBackendInfo>
      <ProductBackendInfo name="Skye.ProcessExitPoint">
        <UUID>42b0a83a-9ace-4de9-b97e-eb619bde78d0</UUID>
        <Info>False</Info>
      </ProductBackendInfo>
      <ProductBackendInfo name="Skye.ValidateOnAction">
        <UUID>597c2be4-f27d-400b-b705-ac98a89ac00e</UUID>
        <Info>True</Info>
      </ProductBackendInfo>
      <ProductBackendInfo name="Skye.sendEventWithValidationErrorsAnalytics">
        <UUID>81c1d23a-6a84-4f22-a0ad-1ab9e87e26d4</UUID>
        <Info>False</Info>
      </ProductBackendInfo>
      <ProductBackendInfo name="Skye.UpdateProcessOnAction">
        <UUID>99de7eb0-6d7c-4f7b-9440-bcd81cd17e9b</UUID>
        <Info>True</Info>
      </ProductBackendInfo>
      <ProductBackendInfo name="Skye.Core.DataSecurity">
        <UUID>c1c4dd31-37c5-410e-a01b-5f458d5a24a7</UUID>
        <Info>Standard</Info>
      </ProductBackendInfo>
      <ProductBackendInfo name="Skye.PersistOnAction">
        <UUID>cbbfe35b-8664-4c05-95d7-b4a00ee12cb9</UUID>
        <Info>False</Info>
      </ProductBackendInfo>
      <DefinitionValueRelation>
        <UUID>11ea11e6-740f-6f09-9bb3-63709490e9be</UUID>
        <DefinitionValueUUID>7a00a410-a623-4c58-9f73-d955d117f6b9</DefinitionValueUUID>
      </DefinitionValueRelation>
      <DefinitionBusinessObjectContextRelation>
        <ContextUUID>b3c1e16e-36c8-44fc-b277-75a2a6f6be16</ContextUUID>
        <DefinitionObjectUUID>d2c5b3fd-ad08-4fab-b566-e94b63de52a2</DefinitionObjectUUID>
        <ValueField>4</ValueField>
      </DefinitionBusinessObjectContextRelation>
      <DefinitionBusinessObjectContextRelation>
        <ContextUUID>747cb58b-cc22-4d61-888f-1e2b69c565ab</ContextUUID>
        <DefinitionObjectUUID>d2c5b3fd-ad08-4fab-b566-e94b63de52a2</DefinitionObjectUUID>
        <ValueField>2</ValueField>
      </DefinitionBusinessObjectContextRelation>
    </ProductPolicyAttribute>
    <ProductBackendInfo name="Skye.MultibrickType">
      <UUID>9a3c9321-d4b2-4a9d-8ed6-00fe239c77bb</UUID>
      <Info />
    </ProductBackendInfo>
  </ProductBrick>
  <ProductBrick name="FamilyInsuranceCreatePolicy:CustomerDetails" visibilityLevel="2" brickClass=" " isAbstract="false" typeId="13">
    <UUID>215ba604-e4bd-4f80-a135-798d76632c27</UUID>
    <SortOrder>1</SortOrder>
    <MinimumUsage>1</MinimumUsage>
    <MaximumUsage>1</MaximumUsage>
    <InitialUsage>1</InitialUsage>
    <PredecessorBrickUUID />
    <PredecessorBrickName />
    <ProductTextRelation>
      <ProductTextUUID>c30bbd7f-ef63-4f2d-b3af-fc8550f58e0e</ProductTextUUID>
    </ProductTextRelation>
    <ProductPolicyAttribute name="makePayment" visibilityLevel="4" mandatory="false" unit=" " format=" " numberOfDecimals="0" attributeClass=" " type="Action">
      <UUID>16235eb7-faea-4a8f-85ba-7430518617da</UUID>
      <SortOrder>1</SortOrder>
      <InputType>Textbox</InputType>
      <DataType>String</DataType>
      <MaxLength>4000</MaxLength>
      <MinLength>0</MinLength>
      <ProductTextRelation>
        <ProductTextUUID>7324d7d2-6241-4c78-96ee-25357c2df6cc</ProductTextUUID>
      </ProductTextRelation>
      <ProductValueRangeRelation>
        <UUID>9513f6af-e1d4-4eb3-8df2-8698a6c4a5af</UUID>
        <SortOrder>0</SortOrder>
        <ProductValueRangeUUID>a3f92c3b-eb2b-4e46-9115-d09de99726d7</ProductValueRangeUUID>
      </ProductValueRangeRelation>
      <ProductBackendInfo name="Skye.Core.DataSecurity">
        <UUID>208e7c99-84cb-4a76-813a-aba6b6298aef</UUID>
        <Info>Standard</Info>
      </ProductBackendInfo>
      <ProductBackendInfo name="Skye.ProcessExitPoint">
        <UUID>2e4089f0-83d7-407b-9b91-4894961465d0</UUID>
        <Info>False</Info>
      </ProductBackendInfo>
      <ProductBackendInfo name="Skye.AttributeAlias">
        <UUID>2f466786-b081-422d-a54e-5d05db5d144f</UUID>
        <Info />
      </ProductBackendInfo>
      <ProductBackendInfo name="Skye.TransitionProcessStep">
        <UUID>34f9686b-3ccc-494d-b76a-46ddf6d83ddc</UUID>
        <Info>FamilyInsuranceCreatePolicy:Payment</Info>
      </ProductBackendInfo>
      <ProductBackendInfo name="Skye.PersistOnAction">
        <UUID>44abb85e-0917-4c56-ab86-0e1670e2a32c</UUID>
        <Info>True</Info>
      </ProductBackendInfo>
      <ProductBackendInfo name="Skye.UpdateProcessOnAction">
        <UUID>5612eca6-0eb9-4dd7-ad61-777e9fc2c740</UUID>
        <Info>True</Info>
      </ProductBackendInfo>
      <ProductBackendInfo name="Skye.ActionAttribute.BindInvisibleCaptchaChallenge">
        <UUID>6bc88e16-9403-412a-84c7-5f0761c6bef3</UUID>
        <Info>False</Info>
      </ProductBackendInfo>
      <ProductBackendInfo name="Skye.ControllerActionName">
        <UUID>7057e97f-aeac-4737-9c35-e8b398518bda</UUID>
        <Info>makePayment</Info>
      </ProductBackendInfo>
      <ProductBackendInfo name="Skye.StyleClass">
        <UUID>91aeb43d-9f92-45ac-b6ae-7414f3df26f8</UUID>
        <Info>skyeAccordionNext</Info>
      </ProductBackendInfo>
      <ProductBackendInfo name="Skye.ValidateOnAction">
        <UUID>b6a89e47-d2fa-4041-baf1-6c9541d06738</UUID>
        <Info>True</Info>
      </ProductBackendInfo>
      <ProductBackendInfo name="Skye.AllowValueSetViaUnencryptedURL">
        <UUID>db0177c4-de88-4b7b-97ae-c1987a7a6764</UUID>
        <Info>False</Info>
      </ProductBackendInfo>
      <ProductBackendInfo name="Skye.sendEventWithValidationErrorsAnalytics">
        <UUID>f0111b04-bdf8-43bf-b635-487ab8443aae</UUID>
        <Info>False</Info>
      </ProductBackendInfo>
      <DefinitionValueRelation>
        <UUID>11ea11e6-740f-6f02-9bb3-63709490e9be</UUID>
        <DefinitionValueUUID>98da74ea-ccc3-445e-ab12-ea90d5811be6</DefinitionValueUUID>
      </DefinitionValueRelation>
      <DefinitionBusinessObjectContextRelation>
        <ContextUUID>f6f7cb8d-20c7-40c5-a056-d1e1ca19e1ca</ContextUUID>
        <DefinitionObjectUUID>16235eb7-faea-4a8f-85ba-7430518617da</DefinitionObjectUUID>
        <ValueField>4</ValueField>
      </DefinitionBusinessObjectContextRelation>
    </ProductPolicyAttribute>
    <ProductPolicyAttribute name="backToProductInformation" visibilityLevel="4" mandatory="false" unit=" " format=" " numberOfDecimals="0" attributeClass=" " type="Action">
      <UUID>8659bd2b-31f1-4e2d-ac25-0c046f50e197</UUID>
      <SortOrder>2</SortOrder>
      <InputType>Textbox</InputType>
      <DataType>String</DataType>
      <MaxLength>4000</MaxLength>
      <MinLength>0</MinLength>
      <ProductTextRelation>
        <ProductTextUUID>39d1ab5c-21d2-4c7a-a116-dc9805fe33a2</ProductTextUUID>
      </ProductTextRelation>
      <ProductValueRangeRelation>
        <UUID>59759309-0cee-4b75-847a-972074bd97d8</UUID>
        <SortOrder>0</SortOrder>
        <ProductValueRangeUUID>6c1ee563-5e36-4186-a545-7c668126bb3f</ProductValueRangeUUID>
      </ProductValueRangeRelation>
      <ProductBackendInfo name="Skye.AttributeAlias">
        <UUID>034bdb1e-e02f-4204-8df1-e4a7bb013d2d</UUID>
        <Info />
      </ProductBackendInfo>
      <ProductBackendInfo name="Skye.ActionAttribute.BindInvisibleCaptchaChallenge">
        <UUID>2e8819a1-f295-4518-90e9-073d90ac5125</UUID>
        <Info>False</Info>
      </ProductBackendInfo>
      <ProductBackendInfo name="Skye.ValidateOnAction">
        <UUID>32092034-cb33-480b-a146-3eafea683198</UUID>
        <Info>False</Info>
      </ProductBackendInfo>
      <ProductBackendInfo name="Skye.AllowValueSetViaUnencryptedURL">
        <UUID>48aa9a19-bc09-4a6f-b685-0e6d861d0c9e</UUID>
        <Info>False</Info>
      </ProductBackendInfo>
      <ProductBackendInfo name="Skye.Core.DataSecurity">
        <UUID>56cfa1a1-e7a2-4a64-8d97-4f9c7cb606a5</UUID>
        <Info>Standard</Info>
      </ProductBackendInfo>
      <ProductBackendInfo name="Skye.TransitionProcessStep">
        <UUID>9af5d774-88c9-4d77-872e-c6c5e91daa1b</UUID>
        <Info>FamilyInsuranceCreatePolicy:ProductInformation</Info>
      </ProductBackendInfo>
      <ProductBackendInfo name="Skye.PersistOnAction">
        <UUID>9e74b072-e034-4121-9e50-5d173747d3d1</UUID>
        <Info>False</Info>
      </ProductBackendInfo>
      <ProductBackendInfo name="Skye.UpdateProcessOnAction">
        <UUID>bbbede76-dccf-4954-933c-1c5899198004</UUID>
        <Info>True</Info>
      </ProductBackendInfo>
      <ProductBackendInfo name="Skye.ProcessExitPoint">
        <UUID>dd7880a1-e5f5-49c2-9333-02b686349ff4</UUID>
        <Info>False</Info>
      </ProductBackendInfo>
      <ProductBackendInfo name="Skye.ControllerActionName">
        <UUID>e37e8372-fd32-4624-a4cc-680fec024fe9</UUID>
        <Info>backToProductInformation</Info>
      </ProductBackendInfo>
      <ProductBackendInfo name="Skye.sendEventWithValidationErrorsAnalytics">
        <UUID>e4221670-b3e6-4981-a0cb-a1d9bfb2e02c</UUID>
        <Info>False</Info>
      </ProductBackendInfo>
      <ProductBackendInfo name="Skye.StyleClass">
        <UUID>f4c048ac-bbeb-41bd-90a8-347834dd080a</UUID>
        <Info>skyeAccordionBack</Info>
      </ProductBackendInfo>
      <DefinitionValueRelation>
        <UUID>11ea11e6-740f-6f03-9bb3-63709490e9be</UUID>
        <DefinitionValueUUID>a175c609-13fb-4bf5-8155-7c43378b6f7d</DefinitionValueUUID>
      </DefinitionValueRelation>
      <DefinitionBusinessObjectContextRelation>
        <ContextUUID>f6f7cb8d-20c7-40c5-a056-d1e1ca19e1ca</ContextUUID>
        <DefinitionObjectUUID>8659bd2b-31f1-4e2d-ac25-0c046f50e197</DefinitionObjectUUID>
        <ValueField>4</ValueField>
      </DefinitionBusinessObjectContextRelation>
    </ProductPolicyAttribute>
    <ProductPolicyAttribute name="save" visibilityLevel="4" mandatory="false" unit=" " format=" " numberOfDecimals="0" attributeClass=" " type="Action">
      <UUID>496d9b63-31f7-4c92-a681-75aca1f4dc0d</UUID>
      <SortOrder>3</SortOrder>
      <InputType>Textbox</InputType>
      <DataType>String</DataType>
      <MaxLength>4000</MaxLength>
      <MinLength>0</MinLength>
      <ProductTextRelation>
        <ProductTextUUID>45396720-a4fd-4408-9c82-85f7ec23039d</ProductTextUUID>
      </ProductTextRelation>
      <ProductValueRangeRelation>
        <UUID>ef87012e-3603-43f1-b8e3-15c29ce5742e</UUID>
        <SortOrder>0</SortOrder>
        <ProductValueRangeUUID>00efbfc0-ca73-4706-a926-36b25a8f7007</ProductValueRangeUUID>
      </ProductValueRangeRelation>
      <ProductBackendInfo name="Skye.Core.DataSecurity">
        <UUID>0598f82f-3372-4d5c-b1d0-2f28d8a58af9</UUID>
        <Info>Standard</Info>
      </ProductBackendInfo>
      <ProductBackendInfo name="Skye.UpdateProcessOnAction">
        <UUID>398488a3-7526-4727-8448-d4fd8e9d3c78</UUID>
        <Info>False</Info>
      </ProductBackendInfo>
      <ProductBackendInfo name="Skye.ActionAttribute.BindInvisibleCaptchaChallenge">
        <UUID>547580b0-8b4f-41d8-936f-e15b3c4f9de3</UUID>
        <Info>False</Info>
      </ProductBackendInfo>
      <ProductBackendInfo name="Skye.PersistOnAction">
        <UUID>5e302aad-f329-4725-89c6-7bb2da582bb1</UUID>
        <Info>True</Info>
      </ProductBackendInfo>
      <ProductBackendInfo name="Skye.TransitionProcessStep">
        <UUID>99ae884d-e5eb-4395-ab13-61fe71524910</UUID>
        <Info />
      </ProductBackendInfo>
      <ProductBackendInfo name="Skye.ProcessExitPoint">
        <UUID>9a997830-0078-4a90-8594-142c2e645ca7</UUID>
        <Info>False</Info>
      </ProductBackendInfo>
      <ProductBackendInfo name="Skye.ValidateOnAction">
        <UUID>a9261d0d-69db-4ed7-8d49-9cc1c2c356e1</UUID>
        <Info>True</Info>
      </ProductBackendInfo>
      <ProductBackendInfo name="Skye.sendEventWithValidationErrorsAnalytics">
        <UUID>ac9d450c-96b6-496d-a4c1-81bf631fbb25</UUID>
        <Info>False</Info>
      </ProductBackendInfo>
      <ProductBackendInfo name="Skye.AttributeAlias">
        <UUID>c6e6ded7-3307-4f51-af6b-c3987c1b3d57</UUID>
        <Info />
      </ProductBackendInfo>
      <ProductBackendInfo name="Skye.AllowValueSetViaUnencryptedURL">
        <UUID>ca9c0fc8-9593-42b5-8dc8-2df57d910c15</UUID>
        <Info>False</Info>
      </ProductBackendInfo>
      <ProductBackendInfo name="Skye.StyleClass">
        <UUID>d80b1790-971a-46a1-86e5-ea1105a485a0</UUID>
        <Info>skyeAccordionAction</Info>
      </ProductBackendInfo>
      <ProductBackendInfo name="Skye.ControllerActionName">
        <UUID>f7aa57ef-5dfc-4b8f-a755-4c4cc4925423</UUID>
        <Info>save</Info>
      </ProductBackendInfo>
      <DefinitionValueRelation>
        <UUID>11ea11e6-740f-6f0a-9bb3-63709490e9be</UUID>
        <DefinitionValueUUID>c7790a3b-0435-4ce0-a547-54a1f105df25</DefinitionValueUUID>
      </DefinitionValueRelation>
      <DefinitionBusinessObjectContextRelation>
        <ContextUUID>f6f7cb8d-20c7-40c5-a056-d1e1ca19e1ca</ContextUUID>
        <DefinitionObjectUUID>496d9b63-31f7-4c92-a681-75aca1f4dc0d</DefinitionObjectUUID>
        <ValueField>4</ValueField>
      </DefinitionBusinessObjectContextRelation>
    </ProductPolicyAttribute>
    <ProductBackendInfo name="Skye.MultibrickType">
      <UUID>26c5f54e-6ff9-44fa-ae77-9d66618ade71</UUID>
      <Info />
    </ProductBackendInfo>
  </ProductBrick>
  <ProductBrick name="FamilyInsuranceCreatePolicy:Payment" visibilityLevel="2" brickClass=" " isAbstract="false" typeId="13">
    <UUID>9f4614f8-f91e-494f-8b47-21d308abb1a5</UUID>
    <SortOrder>3</SortOrder>
    <MinimumUsage>1</MinimumUsage>
    <MaximumUsage>1</MaximumUsage>
    <InitialUsage>1</InitialUsage>
    <PredecessorBrickUUID />
    <PredecessorBrickName />
    <ProductTextRelation>
      <ProductTextUUID>86b9ab42-cae9-4695-9644-b55694967fbf</ProductTextUUID>
    </ProductTextRelation>
    <ProductPolicyAttribute name="paymentAccepted" visibilityLevel="4" mandatory="false" unit=" " format=" " numberOfDecimals="0" attributeClass=" " type="Action">
      <UUID>a81ec0cc-34f4-48f8-b726-c639af1ef81b</UUID>
      <SortOrder>1</SortOrder>
      <InputType>Textbox</InputType>
      <DataType>String</DataType>
      <MaxLength>4000</MaxLength>
      <MinLength>0</MinLength>
      <ProductTextRelation>
        <ProductTextUUID>e95ccaae-4a14-4465-81e3-a4c3ca8e97b7</ProductTextUUID>
      </ProductTextRelation>
      <ProductValueRangeRelation>
        <UUID>48f59b25-40fb-4ebf-996c-8051df9e169e</UUID>
        <SortOrder>0</SortOrder>
        <ProductValueRangeUUID>03f533ec-c2f8-4615-98bf-9aec233cc113</ProductValueRangeUUID>
      </ProductValueRangeRelation>
      <ProductBackendInfo name="Skye.PersistOnAction">
        <UUID>017aec59-4b91-4f45-826a-af7a537b22b5</UUID>
        <Info>False</Info>
      </ProductBackendInfo>
      <ProductBackendInfo name="Skye.ProcessExitPoint">
        <UUID>035c4482-d071-4450-96c6-0dfc262c2d1f</UUID>
        <Info>False</Info>
      </ProductBackendInfo>
      <ProductBackendInfo name="Skye.UpdateProcessOnAction">
        <UUID>074c22cf-1c6c-461f-ad01-678ec7b61224</UUID>
        <Info>True</Info>
      </ProductBackendInfo>
      <ProductBackendInfo name="Skye.Core.DataSecurity">
        <UUID>14df89ea-0f98-4b39-b8ff-7153a7c9082a</UUID>
        <Info>Standard</Info>
      </ProductBackendInfo>
      <ProductBackendInfo name="Skye.sendEventWithValidationErrorsAnalytics">
        <UUID>6b94cb11-cb63-4e75-bcfa-10820a827d79</UUID>
        <Info>False</Info>
      </ProductBackendInfo>
      <ProductBackendInfo name="Skye.ActionAttribute.BindInvisibleCaptchaChallenge">
        <UUID>6e4e1592-b254-4cc0-b14c-9f646d727e12</UUID>
        <Info>False</Info>
      </ProductBackendInfo>
      <ProductBackendInfo name="Skye.AttributeAlias">
        <UUID>a11756fb-a713-4797-a6cf-d0fda9e405d8</UUID>
        <Info />
      </ProductBackendInfo>
      <ProductBackendInfo name="Skye.ValidateOnAction">
        <UUID>ac3bd944-ec91-4ff9-a78c-eacb99e2486c</UUID>
        <Info>True</Info>
      </ProductBackendInfo>
      <ProductBackendInfo name="Skye.AllowValueSetViaUnencryptedURL">
        <UUID>afdad290-c4b5-46cc-9cd5-ffdd509cd0c7</UUID>
        <Info>False</Info>
      </ProductBackendInfo>
      <ProductBackendInfo name="Skye.StyleClass">
        <UUID>c209b02c-1f92-40a4-86d2-ab154dc4c20b</UUID>
        <Info>skyeAccordionNext</Info>
      </ProductBackendInfo>
      <ProductBackendInfo name="Skye.TransitionProcessStep">
        <UUID>daac6118-9d01-4960-9d30-bfa7a8df6aed</UUID>
        <Info>FamilyInsuranceCreatePolicy:Confirmation</Info>
      </ProductBackendInfo>
      <ProductBackendInfo name="Skye.ControllerActionName">
        <UUID>e4299e02-0f67-4418-8264-5333bbae22a8</UUID>
        <Info>paymentAccepted</Info>
      </ProductBackendInfo>
      <DefinitionValueRelation>
        <UUID>11ea11e6-740f-6f07-9bb3-63709490e9be</UUID>
        <DefinitionValueUUID>e95fc383-9a40-4c63-8940-3a7175c0a88a</DefinitionValueUUID>
      </DefinitionValueRelation>
    </ProductPolicyAttribute>
    <ProductPolicyAttribute name="back" visibilityLevel="4" mandatory="false" unit=" " format=" " numberOfDecimals="0" attributeClass=" " type="Action">
      <UUID>0bad8073-b3d3-4aae-806a-bb4139721e56</UUID>
      <SortOrder>2</SortOrder>
      <InputType>Textbox</InputType>
      <DataType>String</DataType>
      <MaxLength>4000</MaxLength>
      <MinLength>0</MinLength>
      <ProductTextRelation>
        <ProductTextUUID>77c08f2b-30c0-4b8a-bcef-a52f9ebdca54</ProductTextUUID>
      </ProductTextRelation>
      <ProductValueRangeRelation>
        <UUID>3c6bdbda-27ae-474c-91bb-c1ac3d9ae4ff</UUID>
        <SortOrder>0</SortOrder>
        <ProductValueRangeUUID>7f1122a7-5635-4fb8-930e-2225a928f3c0</ProductValueRangeUUID>
      </ProductValueRangeRelation>
      <ProductBackendInfo name="Skye.StyleClass">
        <UUID>1a8b9f25-dd0a-4148-8e18-71586a54d3d8</UUID>
        <Info>skyeAccordionBack</Info>
      </ProductBackendInfo>
      <ProductBackendInfo name="Skye.AttributeAlias">
        <UUID>2d20251e-f251-48ec-87fb-6f564e4f2a0a</UUID>
        <Info />
      </ProductBackendInfo>
      <ProductBackendInfo name="Skye.ProcessExitPoint">
        <UUID>32b7166a-0491-4f7c-a45c-7574b1798b7f</UUID>
        <Info>False</Info>
      </ProductBackendInfo>
      <ProductBackendInfo name="Skye.UpdateProcessOnAction">
        <UUID>42211b85-f340-4d8f-8ce0-f20bff3f292a</UUID>
        <Info>True</Info>
      </ProductBackendInfo>
      <ProductBackendInfo name="Skye.ActionAttribute.BindInvisibleCaptchaChallenge">
        <UUID>4493c667-ae17-4247-888a-2b22057b3c19</UUID>
        <Info>False</Info>
      </ProductBackendInfo>
      <ProductBackendInfo name="Skye.sendEventWithValidationErrorsAnalytics">
        <UUID>6f6dff0c-a811-4d15-9725-b48296e063a6</UUID>
        <Info>False</Info>
      </ProductBackendInfo>
      <ProductBackendInfo name="Skye.ControllerActionName">
        <UUID>8c47143d-b527-489d-8db4-2ee92deb06be</UUID>
        <Info>back</Info>
      </ProductBackendInfo>
      <ProductBackendInfo name="Skye.PersistOnAction">
        <UUID>a15281df-cd07-4276-858c-558495cca2c0</UUID>
        <Info>False</Info>
      </ProductBackendInfo>
      <ProductBackendInfo name="Skye.Core.DataSecurity">
        <UUID>d66caf5f-0e3f-48ac-aa0f-20589275ce6a</UUID>
        <Info>Standard</Info>
      </ProductBackendInfo>
      <ProductBackendInfo name="Skye.AllowValueSetViaUnencryptedURL">
        <UUID>e01eaa46-be75-4795-9ab5-569e6ba7e88a</UUID>
        <Info>False</Info>
      </ProductBackendInfo>
      <ProductBackendInfo name="Skye.TransitionProcessStep">
        <UUID>f27dbe27-2cae-42bc-8edc-8ce177193a56</UUID>
        <Info>FamilyInsuranceCreatePolicy:CustomerDetails</Info>
      </ProductBackendInfo>
      <ProductBackendInfo name="Skye.ValidateOnAction">
        <UUID>fba7c4c2-46dc-4a4a-8638-e8ccb6eea3bf</UUID>
        <Info>False</Info>
      </ProductBackendInfo>
      <DefinitionValueRelation>
        <UUID>11ea11e6-740f-6f08-9bb3-63709490e9be</UUID>
        <DefinitionValueUUID>4d820fd0-7688-42bc-bbd3-105589960e72</DefinitionValueUUID>
      </DefinitionValueRelation>
      <DefinitionBusinessObjectContextRelation>
        <ContextUUID>e381d542-6e7a-4085-84c7-80e5cfbf2154</ContextUUID>
        <DefinitionObjectUUID>0bad8073-b3d3-4aae-806a-bb4139721e56</DefinitionObjectUUID>
        <ValueField>4</ValueField>
      </DefinitionBusinessObjectContextRelation>
    </ProductPolicyAttribute>
    <ProductBackendInfo name="Skye.MultibrickType">
      <UUID>9f322d47-5d12-4a83-b4ab-a348370d0e92</UUID>
      <Info />
    </ProductBackendInfo>
  </ProductBrick>
  <ProductBrick name="FamilyInsuranceCreatePolicy:Confirmation" visibilityLevel="2" brickClass=" " isAbstract="false" typeId="13">
    <UUID>4dec96d4-d817-456d-9d65-7c1fe49dd519</UUID>
    <SortOrder>4</SortOrder>
    <MinimumUsage>1</MinimumUsage>
    <MaximumUsage>1</MaximumUsage>
    <InitialUsage>1</InitialUsage>
    <PredecessorBrickUUID />
    <PredecessorBrickName />
    <ProductTextRelation>
      <ProductTextUUID>59c2e617-006b-47a0-8a3d-9b163fa4eb99</ProductTextUUID>
    </ProductTextRelation>
    <ProductBackendInfo name="Skye.MultibrickType">
      <UUID>375b6b38-752d-4b0d-b2a9-2853cd59a356</UUID>
      <Info />
    </ProductBackendInfo>
  </ProductBrick>
  <DefinitionDependentLists>
    <DefinitionDependencyDefaultValueList />
    <DefinitionDependencyValueRangeList />
    <DefinitionDependencyVisibilityList />
    <DefinitionDependencyMandatoryList />
    <DefinitionDependencyToDependencyList />
    <DefinitionDependencyValueRangeFilterValuesList />
    <DefinitionDependencyDataSourceAttributeList />
  </DefinitionDependentLists>
</Product>