﻿<?xml version="1.0" encoding="utf-8"?>
<Product xmlns:xsd="http://www.w3.org/2001/XMLSchema" xmlns:xsi="http://www.w3.org/2001/XMLSchema-instance" name="Shoppingcart" lastChanged="2019-11-29T09:39:11.4411743Z" implementationClass=" " versionUuid=" " modelType="shoppingcart" subModelType="" skyeEditorVersion="7.15.0.16">
  <UUID>4484a45d-11bc-4ae4-ade8-b24ac6bc60b9</UUID>
  <SortOrder>0</SortOrder>
  <BusinessUnit> </BusinessUnit>
  <Section> </Section>
  <ProductTextList>
    <ProductText name="short" language="en" country="US">
      <UUID>1e6da199-b0fb-47f3-9dce-ab96e1cfd0f7</UUID>
      <Text>Cheque number</Text>
    </ProductText>
    <ProductText name="short" language="en" country="US">
      <UUID>4f67e111-d9f9-4c9e-b7dd-9ffca1fdf06f</UUID>
      <Text>Cheque date</Text>
    </ProductText>
    <ProductText name="short" language="en" country="US">
      <UUID>730cf6c1-a3e7-4aea-9086-690474ec78ec</UUID>
      <Text>Bank</Text>
    </ProductText>
    <ProductText name="searchTooManyRecords" language="en" country="US">
      <UUID>9ff7b0e8-a1b3-40be-90ce-4af0c2cdc7f7</UUID>
      <Text />
    </ProductText>
    <ProductText name="paymentAdditionalInfoHtml" language="en" country="US">
      <UUID>ff42fcfe-2385-4fbc-b4ab-8595f3b23021</UUID>
      <Text>Please proceed with your credit card payment</Text>
    </ProductText>
    <ProductText name="paymentButtonLabel" language="en" country="US">
      <UUID>207d487d-752c-4010-8b1e-7a6ca9dd102e</UUID>
      <Text>Pay</Text>
    </ProductText>
    <ProductText name="paymentCardLabel" language="en" country="US">
      <UUID>674a0f82-fdd9-4578-8a1b-55d07183407f</UUID>
      <Text />
    </ProductText>
    <ProductText name="paymentCardNumberLabel" language="en" country="US">
      <UUID>ae13fe1c-3e5e-426e-80a1-a10f39cae61f</UUID>
      <Text />
    </ProductText>
    <ProductText name="paymentCardExpiryLabel" language="en" country="US">
      <UUID>430ab0ad-e4ff-40f1-85aa-6e7a3380c6b7</UUID>
      <Text />
    </ProductText>
    <ProductText name="paymentCardCVVLabel" language="en" country="US">
      <UUID>3c362811-1917-4065-b5f6-9ccc0853090b</UUID>
      <Text />
    </ProductText>
    <ProductText name="short" language="en" country="US">
      <UUID>607454cb-a42a-4f4f-aa78-38a352ea4346</UUID>
      <Text>Payable amount</Text>
    </ProductText>
    <ProductText name="short" language="en" country="US">
      <UUID>a3449c6e-621e-42be-ba94-95ff8c796786</UUID>
      <Text />
    </ProductText>
    <ProductText name="paymentCardHolderNameLabel" language="en" country="US">
      <UUID>fecbc0cc-2e1e-4c4e-b295-24d8403872ee</UUID>
      <Text>Card holder name</Text>
    </ProductText>
    <ProductText name="paymentCardHolderNameValidationMessage" language="en" country="US">
      <UUID>1b6bb810-9a69-4795-b043-c37d6ff817ba</UUID>
      <Text />
    </ProductText>
    <ProductText name="short" language="en" country="US">
      <UUID>a51f8f1c-6774-49e2-a2cf-1bf0da220d12</UUID>
      <Text />
    </ProductText>
    <ProductText name="short" language="en" country="US">
      <UUID>42bcfb1d-8df1-4813-9f46-bb3f30584ad9</UUID>
      <Text />
    </ProductText>
  </ProductTextList>
  <ProductValueRangeList>
    <ProductValueRange name="Reference.attributeMappingVR" type="fix">
      <UUID>add1549d-aa5f-4f0b-8e03-c26a8cd5478b</UUID>
    </ProductValueRange>
    <ProductValueRange name="Reference.referencedModelsVR" type="fix">
      <UUID>f1432d90-4b22-41ad-b60e-6fac04965662</UUID>
      <DefinitionValueRelation>
        <UUID>11ea11e6-7533-2e0b-9bb3-63709490e9be</UUID>
        <DefinitionValueUUID>13483449-9367-4e3a-9580-5ef6cbb22391</DefinitionValueUUID>
      </DefinitionValueRelation>
      <DefinitionValueRelation>
        <UUID>11ea11e6-7533-2e0d-9bb3-63709490e9be</UUID>
        <DefinitionValueUUID>abee3978-cb97-4a54-b3ee-a803d3d9f052</DefinitionValueUUID>
      </DefinitionValueRelation>
    </ProductValueRange>
    <ProductValueRange name="Skye.payment.responseMappingVR" type="fix">
      <UUID>b7a18d2d-ca54-4c51-b150-0deea1065a92</UUID>
    </ProductValueRange>
    <ProductValueRange name="Skye.payment.errorMappingVR" type="fix">
      <UUID>851c45d7-f072-4f73-9874-ec8608cb0b59</UUID>
    </ProductValueRange>
    <ProductValueRange name="Skye.payment.webhookMappingVR" type="fix">
      <UUID>7d11c839-2637-4b4d-96e8-ae777b2da5e8</UUID>
    </ProductValueRange>
  </ProductValueRangeList>
  <DefinitionBusinessObjectContextList>
    <DefinitionBusinessObjectContext name="HomeCreatePolicy:PaymentDetails-callcenter-callcenter">
      <UUID>270902bc-fb7d-4bcf-bf37-6d766b865198</UUID>
      <SubclassId>visibilityLevelContext</SubclassId>
      <ValueField>4</ValueField>
    </DefinitionBusinessObjectContext>
    <DefinitionBusinessObjectContext name="HomeCreatePolicy:PaymentDetails-callcenter-callcenter">
      <UUID>37b518fc-e98a-4ea0-8c73-0059a4fd8833</UUID>
      <SubclassId>sortOrderContext</SubclassId>
      <ValueField>10</ValueField>
    </DefinitionBusinessObjectContext>
    <DefinitionBusinessObjectContext name="HomeCreatePolicy:PaymentDetails-callcenter-callcenter">
      <UUID>37d86e28-b2b5-4b1d-b44a-138f12572e26</UUID>
      <SubclassId>isMandatoryContext</SubclassId>
      <ValueField>True</ValueField>
    </DefinitionBusinessObjectContext>
    <DefinitionBusinessObjectContext name="HomeCreatePolicy:PaymentDetails-callcenter-callcenter">
      <UUID>81a6451a-354c-46da-a5a0-8a19888451b9</UUID>
      <SubclassId>sortOrderContext</SubclassId>
      <ValueField>50</ValueField>
    </DefinitionBusinessObjectContext>
    <DefinitionBusinessObjectContext name="HomeCreatePolicy:PaymentDetails-callcenter-callcenter">
      <UUID>d8efeae5-e99a-4f35-b412-678aa299fd22</UUID>
      <SubclassId>sortOrderContext</SubclassId>
      <ValueField>30</ValueField>
    </DefinitionBusinessObjectContext>
  </DefinitionBusinessObjectContextList>
  <DefinitionResourceList />
  <AbstractProductBrickList />
  <ProductValueList>
    <ProductValue name="HomeCreatePolicy" type="value">
      <UUID>13483449-9367-4e3a-9580-5ef6cbb22391</UUID>
      <SortOrder>0</SortOrder>
      <Value />
    </ProductValue>
    <ProductValue name=" " type="value">
      <UUID>194cb468-eb79-489c-a688-e027d07f28ca</UUID>
      <SortOrder>0</SortOrder>
      <Value />
    </ProductValue>
    <ProductValue name=" " type="value">
      <UUID>2ed0919e-7f8f-4fe9-af1b-5d848c4659d4</UUID>
      <SortOrder>0</SortOrder>
      <Value />
    </ProductValue>
    <ProductValue name="02" type="value">
      <UUID>5d3b7958-f77e-42fc-a7a9-90248d3b8601</UUID>
      <SortOrder>0</SortOrder>
      <Value>02</Value>
    </ProductValue>
    <ProductValue name="02" type="value">
      <UUID>91fff3dd-fa2e-4abc-b7c0-a40d0defc37f</UUID>
      <SortOrder>0</SortOrder>
      <Value>02</Value>
    </ProductValue>
    <ProductValue name=" " type="value">
      <UUID>922ee8e5-27f9-4018-93c4-12c9c9c80254</UUID>
      <SortOrder>0</SortOrder>
      <Value />
    </ProductValue>
    <ProductValue name="FamilyInsuranceCreatePolicy" type="value">
      <UUID>abee3978-cb97-4a54-b3ee-a803d3d9f052</UUID>
      <SortOrder>0</SortOrder>
      <Value />
    </ProductValue>
    <ProductValue name="02" type="value">
      <UUID>b3d0127b-1e07-4995-af96-6cbf714b83f3</UUID>
      <SortOrder>0</SortOrder>
      <Value>02</Value>
    </ProductValue>
    <ProductValue name=" " type="value">
      <UUID>f2b288d2-f78c-4533-8b16-19d7c3f37ecc</UUID>
      <SortOrder>0</SortOrder>
      <Value />
    </ProductValue>
    <ProductValue name="" type="value">
      <UUID>2f797bab-da3a-4765-bf7e-57bedb8e6785</UUID>
      <SortOrder>0</SortOrder>
      <Value />
    </ProductValue>
    <ProductValue name="" type="value">
      <UUID>72077fa4-e735-4664-8b1a-754b01f19f19</UUID>
      <SortOrder>0</SortOrder>
      <Value />
    </ProductValue>
    <ProductValue name="" type="value">
      <UUID>a820b6d7-a1c6-41c7-9162-44a407a0134d</UUID>
      <SortOrder>0</SortOrder>
      <Value />
    </ProductValue>
    <ProductValue name="03" type="value">
      <UUID>2864c0ec-ab38-46d0-b011-87412ed29d9e</UUID>
      <SortOrder>0</SortOrder>
      <Value>03</Value>
    </ProductValue>
    <ProductValue name="%{ref[Shoppingcart.processModel to HomeCreatePolicy].ref[root.@CurrentProcessObject to Home].Product.PaymentAmount-&gt;rawValue}" type="value">
      <UUID>048d689c-402a-48b5-928d-7f0fcc5a7f71</UUID>
      <SortOrder>0</SortOrder>
      <Value>%{ref[Shoppingcart.processModel to HomeCreatePolicy].ref[root.@CurrentProcessObject to Home].Product.PaymentAmount-&gt;rawValue}</Value>
    </ProductValue>
    <ProductValue name="" type="value">
      <UUID>3b5b7df6-eab7-4eec-a74a-727af470c81c</UUID>
      <SortOrder>0</SortOrder>
      <Value />
    </ProductValue>
    <ProductValue name="" type="value">
      <UUID>e0d84a0c-10a3-4ad6-a70d-e4036a8ecfed</UUID>
      <SortOrder>0</SortOrder>
      <Value />
    </ProductValue>
    <ProductValue name="" type="value">
      <UUID>0cf6adde-9052-4158-96ec-be82f94e8913</UUID>
      <SortOrder>0</SortOrder>
      <Value />
    </ProductValue>
  </ProductValueList>
  <ProductPolicyAttribute name="processModel" visibilityLevel="0" mandatory="false" unit="" format="" numberOfDecimals="0" attributeClass=" " type="Reference">
    <UUID>5baae214-7cc8-4a14-8cb9-ff5a6d435cde</UUID>
    <SortOrder>99</SortOrder>
    <InputType>Textbox</InputType>
    <DataType>process</DataType>
    <MaxLength>4000</MaxLength>
    <MinLength>0</MinLength>
    <ProductTextRelation>
      <ProductTextUUID>9ff7b0e8-a1b3-40be-90ce-4af0c2cdc7f7</ProductTextUUID>
    </ProductTextRelation>
    <ProductValueRangeRelation>
      <UUID>70759546-0016-456b-b122-e90a5e48bb60</UUID>
      <SortOrder>0</SortOrder>
      <ProductValueRangeUUID>f1432d90-4b22-41ad-b60e-6fac04965662</ProductValueRangeUUID>
    </ProductValueRangeRelation>
    <ProductValueRangeRelation>
      <UUID>af3ec62a-a77c-4a38-aa35-643dc7918b7c</UUID>
      <SortOrder>0</SortOrder>
      <ProductValueRangeUUID>add1549d-aa5f-4f0b-8e03-c26a8cd5478b</ProductValueRangeUUID>
    </ProductValueRangeRelation>
    <ProductBackendInfo name="Skye.Reference.DisplayValidationError">
      <UUID>034dae01-4055-44ef-8653-fa3a84f56591</UUID>
      <Info>False</Info>
    </ProductBackendInfo>
    <ProductBackendInfo name="Skye.AttributeAlias">
      <UUID>1b723998-a4d4-43b4-98c0-f1fb515f9599</UUID>
      <Info />
    </ProductBackendInfo>
    <ProductBackendInfo name="Skye.AllowValueSetViaUnencryptedURL">
      <UUID>1e895cdb-7280-4332-b7c6-62b3ef0122f8</UUID>
      <Info>False</Info>
    </ProductBackendInfo>
    <ProductBackendInfo name="Skye.Reference.SetReferenceBehaviour">
      <UUID>33a1dfbc-c812-47d1-ad64-098aa2f7b372</UUID>
      <Info>ByUuid</Info>
    </ProductBackendInfo>
    <ProductBackendInfo name="Skye.MaximumNumberOfSearchResults">
      <UUID>3d65c302-6dde-4b7f-9df0-ab4154962202</UUID>
      <Info>20</Info>
    </ProductBackendInfo>
    <ProductBackendInfo name="Skye.Reference.ShouldCopyValues">
      <UUID>951bf7ba-99fa-4a1c-8e14-0d1052b7f03d</UUID>
      <Info>false</Info>
    </ProductBackendInfo>
    <ProductBackendInfo name="Skye.Core.DataSecurity">
      <UUID>9a4e2e2a-ae64-4c08-b470-80bcaeac4049</UUID>
      <Info>Standard</Info>
    </ProductBackendInfo>
    <ProductBackendInfo name="Skye.Reference.DeleteBehavior">
      <UUID>a49a4072-8132-42c8-8a26-981b19a418d6</UUID>
      <Info>ignore</Info>
    </ProductBackendInfo>
    <ProductBackendInfo name="Skye.Reference.CopyBehavior">
      <UUID>b3ccf4a7-0576-4c22-8c99-08b84b62558d</UUID>
      <Info>setnull</Info>
    </ProductBackendInfo>
    <ProductBackendInfo name="Skye.Reference.CheckValidity">
      <UUID>d2c37737-9982-4ab3-bd34-10ed5b929f94</UUID>
      <Info>false</Info>
    </ProductBackendInfo>
    <ProductBackendInfo name="Skye.CharsToTriggerSearch">
      <UUID>d4509945-a337-40b3-83f3-d3d0caedc5fe</UUID>
      <Info>3</Info>
    </ProductBackendInfo>
    <ProductBackendInfo name="Skye.Reference.SearchTextType">
      <UUID>ff08e836-d9ab-43a9-b9b7-577b788f5ed8</UUID>
      <Info />
    </ProductBackendInfo>
    <DefinitionValueRelation>
      <UUID>11ea11e6-7533-2e0a-9bb3-63709490e9be</UUID>
      <DefinitionValueUUID>f2b288d2-f78c-4533-8b16-19d7c3f37ecc</DefinitionValueUUID>
    </DefinitionValueRelation>
  </ProductPolicyAttribute>
  <ProductPolicyAttribute name="StripePayment" visibilityLevel="0" mandatory="false" unit="" format="" numberOfDecimals="0" attributeClass="" type="PaymentForm">
    <UUID>50381aff-01fd-45b6-a648-3919acb4b912</UUID>
    <SortOrder>99</SortOrder>
    <InputType>PaymentRedirect</InputType>
    <DataType>String</DataType>
    <MaxLength>4000</MaxLength>
    <MinLength>0</MinLength>
    <ProductTextRelation>
      <UUID>756df12e-6a15-4503-8c07-64c236d9b30e</UUID>
      <ProductTextUUID>ff42fcfe-2385-4fbc-b4ab-8595f3b23021</ProductTextUUID>
    </ProductTextRelation>
    <ProductTextRelation>
      <UUID>577cd0a0-74b2-4a5e-a715-7bfbf7406d90</UUID>
      <ProductTextUUID>207d487d-752c-4010-8b1e-7a6ca9dd102e</ProductTextUUID>
    </ProductTextRelation>
    <ProductTextRelation>
      <UUID>fddf3b82-c77c-4d31-967c-54e49a7f623e</UUID>
      <ProductTextUUID>674a0f82-fdd9-4578-8a1b-55d07183407f</ProductTextUUID>
    </ProductTextRelation>
    <ProductTextRelation>
      <UUID>fd171cae-0422-4c2d-b530-61b42cc8b9eb</UUID>
      <ProductTextUUID>ae13fe1c-3e5e-426e-80a1-a10f39cae61f</ProductTextUUID>
    </ProductTextRelation>
    <ProductTextRelation>
      <UUID>10408a9c-9fa6-4e0b-9dc3-33604f5a358b</UUID>
      <ProductTextUUID>430ab0ad-e4ff-40f1-85aa-6e7a3380c6b7</ProductTextUUID>
    </ProductTextRelation>
    <ProductTextRelation>
      <UUID>5949bd59-0405-429c-8c0b-b9c7c5323dd7</UUID>
      <ProductTextUUID>3c362811-1917-4065-b5f6-9ccc0853090b</ProductTextUUID>
    </ProductTextRelation>
    <ProductTextRelation>
      <UUID>6939a104-32b0-4195-a4e9-216540365aaa</UUID>
      <ProductTextUUID>fecbc0cc-2e1e-4c4e-b295-24d8403872ee</ProductTextUUID>
    </ProductTextRelation>
    <ProductTextRelation>
      <UUID>c93cafd2-5625-4c69-b3ec-63c61c9beee4</UUID>
      <ProductTextUUID>1b6bb810-9a69-4795-b043-c37d6ff817ba</ProductTextUUID>
    </ProductTextRelation>
    <ProductValueRangeRelation>
      <UUID>ef11fd12-2e30-4269-a1b1-96a6c8be9558</UUID>
      <SortOrder>99</SortOrder>
      <ProductValueRangeUUID>b7a18d2d-ca54-4c51-b150-0deea1065a92</ProductValueRangeUUID>
    </ProductValueRangeRelation>
    <ProductValueRangeRelation>
      <UUID>44432d4a-8e6b-4292-b6d2-e0c993a79216</UUID>
      <SortOrder>99</SortOrder>
      <ProductValueRangeUUID>851c45d7-f072-4f73-9874-ec8608cb0b59</ProductValueRangeUUID>
    </ProductValueRangeRelation>
    <ProductValueRangeRelation>
      <UUID>1d064d64-0d17-4f20-a623-2dcdddbc762a</UUID>
      <SortOrder>99</SortOrder>
      <ProductValueRangeUUID>7d11c839-2637-4b4d-96e8-ae777b2da5e8</ProductValueRangeUUID>
    </ProductValueRangeRelation>
    <ProductBackendInfo name="Skye.payment.paymentGatewayProvider">
      <UUID>59732bd6-f1ce-4636-9d8e-998aa8a94ea7</UUID>
      <Info>Stripe</Info>
    </ProductBackendInfo>
    <ProductBackendInfo name="Skye.AttributeAlias">
      <UUID>fccac91e-c140-433c-83e9-727c0b496d98</UUID>
      <Info />
    </ProductBackendInfo>
    <ProductBackendInfo name="Skye.Core.DataSecurity">
      <UUID>8e849fd1-6f3c-47a4-b800-fc41619df61d</UUID>
      <Info>Standard</Info>
    </ProductBackendInfo>
    <ProductBackendInfo name="Skye.AllowValueSetViaUnencryptedURL">
      <UUID>fc48c2a8-a5ed-4f68-881a-95409750bcca</UUID>
      <Info>False</Info>
    </ProductBackendInfo>
    <ProductBackendInfo name="Skye.payment.actionAfterPayment">
      <UUID>006c8be8-505a-40ca-a37c-0ef453166c2a</UUID>
      <Info>CapturePaymentDetails</Info>
    </ProductBackendInfo>
    <ProductBackendInfo name="Skye.payment.activateEvents">
      <UUID>7ac499b9-421b-4f66-9243-3c746c532b29</UUID>
      <Info>False</Info>
    </ProductBackendInfo>
    <ProductBackendInfo name="Skye.payment.publicAPIKeyProperty">
      <UUID>52ea5755-5d5c-4fb5-8297-01acfa4e5321</UUID>
      <Info>payment.stripe.publicKey</Info>
    </ProductBackendInfo>
    <ProductBackendInfo name="Skye.payment.privateAPIKeyProperty">
      <UUID>1d57b4ba-0b76-4f8b-805a-79d70c8cb2f8</UUID>
      <Info>payment.stripe.privateKey</Info>
    </ProductBackendInfo>
    <ProductBackendInfo name="Skye.payment.fieldMode">
      <UUID>fcca3565-9ba2-4394-aa56-2e2e01ad49c8</UUID>
      <Info>OneLineInput</Info>
    </ProductBackendInfo>
    <ProductBackendInfo name="Skye.payment.amount">
      <UUID>5b931d19-7614-4645-8bbd-50fd5fd7ab88</UUID>
      <Info>%{PaymentInfo.Amount-&gt;rawValue}</Info>
    </ProductBackendInfo>
    <ProductBackendInfo name="Skye.payment.currency">
      <UUID>fd6af3e0-301d-4e86-befb-6c38aeb44076</UUID>
      <Info>EUR</Info>
    </ProductBackendInfo>
    <ProductBackendInfo name="Skye.payment.description">
      <UUID>b7a57d37-b7fc-4916-a03e-faecbf79ce80</UUID>
      <Info>Payment Home insurance quote</Info>
    </ProductBackendInfo>
    <ProductBackendInfo name="Skye.payment.typeOfPayment">
      <UUID>03d904d1-ebaf-49ae-8503-cb3f561539cf</UUID>
      <Info>SinglePayment</Info>
    </ProductBackendInfo>
    <ProductBackendInfo name="Skye.payment.planId">
      <UUID>124f2439-7a20-456f-a3ed-14ca721b607b</UUID>
      <Info />
    </ProductBackendInfo>
    <ProductBackendInfo name="Skye.payment.planName">
      <UUID>44411a41-33d5-45ac-a32b-5de6afb0705c</UUID>
      <Info />
    </ProductBackendInfo>
    <ProductBackendInfo name="Skye.payment.interval">
      <UUID>f6656635-856d-4135-875c-f1a83ddb2b7a</UUID>
      <Info />
    </ProductBackendInfo>
    <ProductBackendInfo name="Skye.payment.intervalCount">
      <UUID>a5006a1f-649f-4821-9b2e-caf1812e7126</UUID>
      <Info />
    </ProductBackendInfo>
    <ProductBackendInfo name="Skye.payment.eventsVerifyingKey">
      <UUID>3e827678-9bd5-4f48-a48b-7c4784328bd7</UUID>
      <Info />
    </ProductBackendInfo>
    <ProductBackendInfo name="Skye.payment.idAttribute">
      <UUID>9bf16922-34d0-43ca-8e84-bcd1c2ef54d1</UUID>
      <Info>PaymentInfo.PaymentID</Info>
    </ProductBackendInfo>
    <ProductBackendInfo name="Skye.payment.additionalField.fieldName.1">
      <UUID>c18b71c2-b633-415a-8c9b-5aa8e4dd8cdc</UUID>
      <Info>CardHolderName</Info>
    </ProductBackendInfo>
    <ProductBackendInfo name="Skye.payment.additionalField.defaultValue.1">
      <UUID>c2d2ab46-ed59-4e30-a578-a3fe9edde8aa</UUID>
      <Info />
    </ProductBackendInfo>
    <ProductBackendInfo name="Skye.payment.additionalField.editable.1">
      <UUID>8745fda4-52a7-4893-abaa-a185ad7e1713</UUID>
      <Info>True</Info>
    </ProductBackendInfo>
    <ProductBackendInfo name="Skye.payment.additionalField.mandatory.1">
      <UUID>7b4bf6d7-24d4-402e-9927-a29f5375309f</UUID>
      <Info>True</Info>
    </ProductBackendInfo>
    <DefinitionValueRelation>
      <DefinitionValueUUID>2f797bab-da3a-4765-bf7e-57bedb8e6785</DefinitionValueUUID>
    </DefinitionValueRelation>
  </ProductPolicyAttribute>
  <ProductBrick name="PaymentInfo" visibilityLevel="3" brickClass=" " isAbstract="false" typeId="15">
    <UUID>71706579-2922-42fb-bd7b-81605f48d1d7</UUID>
    <SortOrder>99</SortOrder>
    <MinimumUsage>1</MinimumUsage>
    <MaximumUsage>1</MaximumUsage>
    <InitialUsage>1</InitialUsage>
    <PredecessorBrickUUID />
    <PredecessorBrickName />
    <ProductPolicyAttribute name="ChequeNumber" visibilityLevel="0" mandatory="false" unit="" format="" numberOfDecimals="0" attributeClass=" " type="Standard">
      <UUID>9936398e-9172-478d-9d2b-01f748e5e137</UUID>
      <SortOrder>99</SortOrder>
      <InputType>Textbox</InputType>
      <DataType>String</DataType>
      <MaxLength>4000</MaxLength>
      <MinLength>0</MinLength>
      <ProductTextRelation>
        <ProductTextUUID>1e6da199-b0fb-47f3-9dce-ab96e1cfd0f7</ProductTextUUID>
      </ProductTextRelation>
      <ProductBackendInfo name="Skye.Core.DataSecurity">
        <UUID>08e1e3e9-28e3-4ef2-ae45-8a39b2b762a3</UUID>
        <Info>Standard</Info>
      </ProductBackendInfo>
      <ProductBackendInfo name="Skye.AttributeAlias">
        <UUID>c93c1412-9e70-4827-a28c-23196efd8f15</UUID>
        <Info />
      </ProductBackendInfo>
      <ProductBackendInfo name="Skye.AllowValueSetViaUnencryptedURL">
        <UUID>ebd0a4d9-80e9-4a93-b181-cca4e9439e6b</UUID>
        <Info>False</Info>
      </ProductBackendInfo>
      <DefinitionValueRelation>
        <UUID>11ea11e6-7533-2e08-9bb3-63709490e9be</UUID>
        <DefinitionValueUUID>2ed0919e-7f8f-4fe9-af1b-5d848c4659d4</DefinitionValueUUID>
      </DefinitionValueRelation>
      <DefinitionBusinessObjectContextRelation>
        <ContextUUID>d8efeae5-e99a-4f35-b412-678aa299fd22</ContextUUID>
        <DefinitionObjectUUID>9936398e-9172-478d-9d2b-01f748e5e137</DefinitionObjectUUID>
        <ValueField>30</ValueField>
      </DefinitionBusinessObjectContextRelation>
      <DefinitionBusinessObjectContextRelation>
        <ContextUUID>37d86e28-b2b5-4b1d-b44a-138f12572e26</ContextUUID>
        <DefinitionObjectUUID>9936398e-9172-478d-9d2b-01f748e5e137</DefinitionObjectUUID>
        <ValueField>True</ValueField>
      </DefinitionBusinessObjectContextRelation>
    </ProductPolicyAttribute>
    <ProductPolicyAttribute name="Bank" visibilityLevel="0" mandatory="false" unit="" format="" numberOfDecimals="0" attributeClass=" " type="Standard">
      <UUID>a72bcdaf-2c7a-4bf5-bccd-3b9de918debe</UUID>
      <SortOrder>99</SortOrder>
      <InputType>Textbox</InputType>
      <DataType>String</DataType>
      <MaxLength>4000</MaxLength>
      <MinLength>0</MinLength>
      <ProductTextRelation>
        <ProductTextUUID>730cf6c1-a3e7-4aea-9086-690474ec78ec</ProductTextUUID>
      </ProductTextRelation>
      <ProductBackendInfo name="Skye.AllowValueSetViaUnencryptedURL">
        <UUID>0bf3d6d6-8859-487c-bba8-22f0a0ca1b00</UUID>
        <Info>False</Info>
      </ProductBackendInfo>
      <ProductBackendInfo name="Skye.AttributeAlias">
        <UUID>d9f4a6a6-5984-45e1-8a12-bd333b544202</UUID>
        <Info />
      </ProductBackendInfo>
      <ProductBackendInfo name="Skye.Core.DataSecurity">
        <UUID>fe5c209e-2387-4c99-ad95-462a38871c43</UUID>
        <Info>Standard</Info>
      </ProductBackendInfo>
      <DefinitionValueRelation>
        <UUID>11ea11e6-7533-2e09-9bb3-63709490e9be</UUID>
        <DefinitionValueUUID>194cb468-eb79-489c-a688-e027d07f28ca</DefinitionValueUUID>
      </DefinitionValueRelation>
      <DefinitionBusinessObjectContextRelation>
        <ContextUUID>37b518fc-e98a-4ea0-8c73-0059a4fd8833</ContextUUID>
        <DefinitionObjectUUID>a72bcdaf-2c7a-4bf5-bccd-3b9de918debe</DefinitionObjectUUID>
        <ValueField>10</ValueField>
      </DefinitionBusinessObjectContextRelation>
      <DefinitionBusinessObjectContextRelation>
        <ContextUUID>37d86e28-b2b5-4b1d-b44a-138f12572e26</ContextUUID>
        <DefinitionObjectUUID>a72bcdaf-2c7a-4bf5-bccd-3b9de918debe</DefinitionObjectUUID>
        <ValueField>True</ValueField>
      </DefinitionBusinessObjectContextRelation>
    </ProductPolicyAttribute>
    <ProductPolicyAttribute name="ChequeDate" visibilityLevel="0" mandatory="false" unit="" format="" numberOfDecimals="0" attributeClass=" " type="Standard">
      <UUID>ea2b5a2e-912e-4b45-9362-03550d1d67a4</UUID>
      <SortOrder>99</SortOrder>
      <InputType>Datepicker</InputType>
      <DataType>Date</DataType>
      <MaxLength>4000</MaxLength>
      <MinLength>0</MinLength>
      <ProductTextRelation>
        <ProductTextUUID>4f67e111-d9f9-4c9e-b7dd-9ffca1fdf06f</ProductTextUUID>
      </ProductTextRelation>
      <ProductBackendInfo name="Skye.AttributeAlias">
        <UUID>59e7b936-8361-4479-b3d9-95cba731e34b</UUID>
        <Info />
      </ProductBackendInfo>
      <ProductBackendInfo name="Skye.AllowValueSetViaUnencryptedURL">
        <UUID>75ae8689-0ced-46df-bea7-97ce6336ab81</UUID>
        <Info>False</Info>
      </ProductBackendInfo>
      <ProductBackendInfo name="Skye.Core.DataSecurity">
        <UUID>a4aaa799-ee4f-4fc4-9213-6651910c72f6</UUID>
        <Info>Standard</Info>
      </ProductBackendInfo>
      <DefinitionValueRelation>
        <UUID>11ea11e6-7533-2e0c-9bb3-63709490e9be</UUID>
        <DefinitionValueUUID>922ee8e5-27f9-4018-93c4-12c9c9c80254</DefinitionValueUUID>
      </DefinitionValueRelation>
      <DefinitionBusinessObjectContextRelation>
        <ContextUUID>81a6451a-354c-46da-a5a0-8a19888451b9</ContextUUID>
        <DefinitionObjectUUID>ea2b5a2e-912e-4b45-9362-03550d1d67a4</DefinitionObjectUUID>
        <ValueField>50</ValueField>
      </DefinitionBusinessObjectContextRelation>
      <DefinitionBusinessObjectContextRelation>
        <ContextUUID>37d86e28-b2b5-4b1d-b44a-138f12572e26</ContextUUID>
        <DefinitionObjectUUID>ea2b5a2e-912e-4b45-9362-03550d1d67a4</DefinitionObjectUUID>
        <ValueField>True</ValueField>
      </DefinitionBusinessObjectContextRelation>
    </ProductPolicyAttribute>
    <ProductPolicyAttribute name="Amount" visibilityLevel="0" mandatory="false" unit="" format="" numberOfDecimals="0" attributeClass="" type="Standard">
      <UUID>6b7f6b3b-6335-46a6-acf4-3ef0fdba2d48</UUID>
      <SortOrder>99</SortOrder>
      <InputType>Textbox</InputType>
      <DataType>Integer</DataType>
      <MaxLength>4000</MaxLength>
      <MinLength>0</MinLength>
      <ProductTextRelation>
        <UUID>c893d8fe-a628-40a2-93ec-d1ee3abbeb47</UUID>
        <ProductTextUUID>607454cb-a42a-4f4f-aa78-38a352ea4346</ProductTextUUID>
      </ProductTextRelation>
      <ProductBackendInfo name="Skye.AttributeAlias">
        <UUID>5bca1fd5-f9ec-4ec7-ba57-611e63333b9d</UUID>
        <Info />
      </ProductBackendInfo>
      <ProductBackendInfo name="Skye.Core.DataSecurity">
        <UUID>489c42eb-e37a-4db6-849d-78deff0266d1</UUID>
        <Info>Standard</Info>
      </ProductBackendInfo>
      <ProductBackendInfo name="Skye.AllowValueSetViaUnencryptedURL">
        <UUID>f70443a2-11e7-43ee-aedc-1ac08c6b8501</UUID>
        <Info>False</Info>
      </ProductBackendInfo>
      <DefinitionValueRelation>
        <DefinitionValueUUID>72077fa4-e735-4664-8b1a-754b01f19f19</DefinitionValueUUID>
      </DefinitionValueRelation>
    </ProductPolicyAttribute>
    <ProductPolicyAttribute name="PaymentID" visibilityLevel="0" mandatory="false" unit="" format="" numberOfDecimals="0" attributeClass="" type="Standard">
      <UUID>a78593f6-d5e9-4d0f-98b0-ed95836d0a15</UUID>
      <SortOrder>99</SortOrder>
      <InputType>Textbox</InputType>
      <DataType>String</DataType>
      <MaxLength>4000</MaxLength>
      <MinLength>0</MinLength>
      <ProductTextRelation>
        <UUID>d2f3a8b6-60b5-4ec0-bd2b-f00ac01a6d09</UUID>
        <ProductTextUUID>a3449c6e-621e-42be-ba94-95ff8c796786</ProductTextUUID>
      </ProductTextRelation>
      <ProductBackendInfo name="Skye.AttributeAlias">
        <UUID>728c6e0f-403b-484e-bc3d-1101eba8e4dd</UUID>
        <Info />
      </ProductBackendInfo>
      <ProductBackendInfo name="Skye.Core.DataSecurity">
        <UUID>47920d24-3c33-4c0d-a2d2-58b6c7f56240</UUID>
        <Info>Standard</Info>
      </ProductBackendInfo>
      <ProductBackendInfo name="Skye.AllowValueSetViaUnencryptedURL">
        <UUID>087d1a76-8ae8-49ad-8311-4e64ffad2099</UUID>
        <Info>False</Info>
      </ProductBackendInfo>
      <DefinitionValueRelation>
        <DefinitionValueUUID>a820b6d7-a1c6-41c7-9162-44a407a0134d</DefinitionValueUUID>
      </DefinitionValueRelation>
    </ProductPolicyAttribute>
    <ProductPolicyAttribute name="PaymentGatewayErrorCode" visibilityLevel="0" mandatory="false" unit="" format="" numberOfDecimals="0" attributeClass="" type="Standard">
      <UUID>01a6886b-ccd0-4e1b-a343-88d959d3c674</UUID>
      <SortOrder>99</SortOrder>
      <InputType>Textbox</InputType>
      <DataType>String</DataType>
      <MaxLength>4000</MaxLength>
      <MinLength>0</MinLength>
      <ProductTextRelation>
        <UUID>7aa5b4e9-2a28-40a0-b6d3-1f4deb4b817e</UUID>
        <ProductTextUUID>a51f8f1c-6774-49e2-a2cf-1bf0da220d12</ProductTextUUID>
      </ProductTextRelation>
      <ProductBackendInfo name="Skye.AttributeAlias">
        <UUID>da149d8d-063f-49a5-a059-33e5065e392c</UUID>
        <Info />
      </ProductBackendInfo>
      <ProductBackendInfo name="Skye.Core.DataSecurity">
        <UUID>45e10170-3e1a-4a08-876a-54a94883bd71</UUID>
        <Info>Standard</Info>
      </ProductBackendInfo>
      <ProductBackendInfo name="Skye.AllowValueSetViaUnencryptedURL">
        <UUID>ae589eeb-5800-46be-85e9-f7831d89c35a</UUID>
        <Info>False</Info>
      </ProductBackendInfo>
      <DefinitionValueRelation>
        <DefinitionValueUUID>e0d84a0c-10a3-4ad6-a70d-e4036a8ecfed</DefinitionValueUUID>
      </DefinitionValueRelation>
    </ProductPolicyAttribute>
    <ProductPolicyAttribute name="PaymentGatewayErrorMessage" visibilityLevel="0" mandatory="false" unit="" format="" numberOfDecimals="0" attributeClass="" type="Standard">
      <UUID>5d3e4441-252d-45f6-a583-b2ebfb06788c</UUID>
      <SortOrder>99</SortOrder>
      <InputType>Textbox</InputType>
      <DataType>String</DataType>
      <MaxLength>4000</MaxLength>
      <MinLength>0</MinLength>
      <ProductTextRelation>
        <UUID>c7bd07a5-f141-4701-a080-d927b6b8d652</UUID>
        <ProductTextUUID>42bcfb1d-8df1-4813-9f46-bb3f30584ad9</ProductTextUUID>
      </ProductTextRelation>
      <ProductBackendInfo name="Skye.AttributeAlias">
        <UUID>8318b6ed-6040-4156-9fed-e583dd8f84f2</UUID>
        <Info />
      </ProductBackendInfo>
      <ProductBackendInfo name="Skye.Core.DataSecurity">
        <UUID>b65078a5-4505-490e-a4b8-92014f0758a7</UUID>
        <Info>Standard</Info>
      </ProductBackendInfo>
      <ProductBackendInfo name="Skye.AllowValueSetViaUnencryptedURL">
        <UUID>5ce16581-0c98-436c-a033-f948dd7fc762</UUID>
        <Info>False</Info>
      </ProductBackendInfo>
      <DefinitionValueRelation>
        <DefinitionValueUUID>0cf6adde-9052-4158-96ec-be82f94e8913</DefinitionValueUUID>
      </DefinitionValueRelation>
    </ProductPolicyAttribute>
    <ProductBackendInfo name="Skye.MultibrickType">
      <UUID>647824c3-1cc0-4e62-b9f3-38031503ae92</UUID>
      <Info />
    </ProductBackendInfo>
  </ProductBrick>
  <ProductBrick name="GeneralInsuredObject" visibilityLevel="3" brickClass=" " isAbstract="false" typeId="19">
    <UUID>ad1f020c-59b2-455f-9d75-eb8544ca7e28</UUID>
    <SortOrder>99</SortOrder>
    <MinimumUsage>1</MinimumUsage>
    <MaximumUsage>1</MaximumUsage>
    <InitialUsage>1</InitialUsage>
    <PredecessorBrickUUID />
    <PredecessorBrickName />
    <ProductBackendInfo name="Skye.MultibrickType">
      <UUID>ec308136-edb5-4f33-895b-14e8a97b9dcf</UUID>
      <Info />
    </ProductBackendInfo>
  </ProductBrick>
  <DefinitionDependentLists>
    <DefinitionDependencyDefaultValueList>
      <DefinitionDependencyDefaultValue name="Amount#0">
        <UUID>fde24333-a7a2-4bc7-9299-1752a415f05b</UUID>
        <ClientUUID>6b7f6b3b-6335-46a6-acf4-3ef0fdba2d48</ClientUUID>
        <Operator>NOT_EQUALS</Operator>
        <SupplierValueUUID>3b5b7df6-eab7-4eec-a74a-727af470c81c</SupplierValueUUID>
        <RefreshOnChange>true</RefreshOnChange>
        <SupplierReference>ref[Shoppingcart.processModel to HomeCreatePolicy].ref[root.@CurrentProcessObject to Home].Product.PaymentAmount</SupplierReference>
        <ClientValueUUID>048d689c-402a-48b5-928d-7f0fcc5a7f71</ClientValueUUID>
      </DefinitionDependencyDefaultValue>
    </DefinitionDependencyDefaultValueList>
    <DefinitionDependencyValueRangeList />
    <DefinitionDependencyVisibilityList>
      <DefinitionDependencyVisibility name="Set visible#0">
        <UUID>471b729f-ce08-4929-ab39-02e87a2b55c0</UUID>
        <ClientUUID>a72bcdaf-2c7a-4bf5-bccd-3b9de918debe</ClientUUID>
        <Operator>EQUALS</Operator>
        <SupplierValueUUID>5d3b7958-f77e-42fc-a7a9-90248d3b8601</SupplierValueUUID>
        <RefreshOnChange>false</RefreshOnChange>
        <DependencyChangeRefreshPolicy>0</DependencyChangeRefreshPolicy>
        <DefinitionBusinessObjectContextRelation>
          <ContextUUID>270902bc-fb7d-4bcf-bf37-6d766b865198</ContextUUID>
          <DefinitionObjectUUID>471b729f-ce08-4929-ab39-02e87a2b55c0</DefinitionObjectUUID>
          <ValueField>4</ValueField>
        </DefinitionBusinessObjectContextRelation>
        <SupplierReference>ref[Shoppingcart.processModel to HomeCreatePolicy].ref[root.@CurrentProcessObject to Home].Product.PaymentMethod</SupplierReference>
        <ClientVisibilityLevel>4</ClientVisibilityLevel>
      </DefinitionDependencyVisibility>
      <DefinitionDependencyVisibility name="Set visible#0">
        <UUID>c2884648-f7e1-4e78-8660-da8c423aa09a</UUID>
        <ClientUUID>9936398e-9172-478d-9d2b-01f748e5e137</ClientUUID>
        <Operator>EQUALS</Operator>
        <SupplierValueUUID>b3d0127b-1e07-4995-af96-6cbf714b83f3</SupplierValueUUID>
        <RefreshOnChange>false</RefreshOnChange>
        <DependencyChangeRefreshPolicy>0</DependencyChangeRefreshPolicy>
        <DefinitionBusinessObjectContextRelation>
          <ContextUUID>270902bc-fb7d-4bcf-bf37-6d766b865198</ContextUUID>
          <DefinitionObjectUUID>c2884648-f7e1-4e78-8660-da8c423aa09a</DefinitionObjectUUID>
          <ValueField>4</ValueField>
        </DefinitionBusinessObjectContextRelation>
        <SupplierReference>ref[Shoppingcart.processModel to HomeCreatePolicy].ref[root.@CurrentProcessObject to Home].Product.PaymentMethod</SupplierReference>
        <ClientVisibilityLevel>4</ClientVisibilityLevel>
      </DefinitionDependencyVisibility>
      <DefinitionDependencyVisibility name="Set visible#0">
        <UUID>f2e48792-d34d-4172-a66c-8be1c5ec82ba</UUID>
        <ClientUUID>ea2b5a2e-912e-4b45-9362-03550d1d67a4</ClientUUID>
        <Operator>EQUALS</Operator>
        <SupplierValueUUID>91fff3dd-fa2e-4abc-b7c0-a40d0defc37f</SupplierValueUUID>
        <RefreshOnChange>false</RefreshOnChange>
        <DependencyChangeRefreshPolicy>0</DependencyChangeRefreshPolicy>
        <DefinitionBusinessObjectContextRelation>
          <ContextUUID>270902bc-fb7d-4bcf-bf37-6d766b865198</ContextUUID>
          <DefinitionObjectUUID>f2e48792-d34d-4172-a66c-8be1c5ec82ba</DefinitionObjectUUID>
          <ValueField>4</ValueField>
        </DefinitionBusinessObjectContextRelation>
        <SupplierReference>ref[Shoppingcart.processModel to HomeCreatePolicy].ref[root.@CurrentProcessObject to Home].Product.PaymentMethod</SupplierReference>
        <ClientVisibilityLevel>4</ClientVisibilityLevel>
      </DefinitionDependencyVisibility>
      <DefinitionDependencyVisibility name="setVisible#0">
        <UUID>57b8d819-15b9-48ad-bdb7-6545ebe3565c</UUID>
        <ClientUUID>50381aff-01fd-45b6-a648-3919acb4b912</ClientUUID>
        <Operator>EQUALS</Operator>
        <SupplierValueUUID>2864c0ec-ab38-46d0-b011-87412ed29d9e</SupplierValueUUID>
        <RefreshOnChange>false</RefreshOnChange>
        <DefinitionBusinessObjectContextRelation>
          <ContextUUID>270902bc-fb7d-4bcf-bf37-6d766b865198</ContextUUID>
          <DefinitionObjectUUID>57b8d819-15b9-48ad-bdb7-6545ebe3565c</DefinitionObjectUUID>
        </DefinitionBusinessObjectContextRelation>
        <SupplierReference>ref[Shoppingcart.processModel to HomeCreatePolicy].ref[root.@CurrentProcessObject to Home].Product.PaymentMethod</SupplierReference>
        <ClientVisibilityLevel>4</ClientVisibilityLevel>
      </DefinitionDependencyVisibility>
    </DefinitionDependencyVisibilityList>
    <DefinitionDependencyMandatoryList />
    <DefinitionDependencyToDependencyList />
    <DefinitionDependencyValueRangeFilterValuesList />
    <DefinitionDependencyDataSourceAttributeList />
  </DefinitionDependentLists>
</Product>