﻿<?xml version="1.0" encoding="utf-8"?>
<Product xmlns:xsd="http://www.w3.org/2001/XMLSchema" xmlns:xsi="http://www.w3.org/2001/XMLSchema-instance" name="Shoppingcart" lastChanged="2019-11-12T15:23:29Z" implementationClass=" " versionUuid=" " modelType="shoppingcart" subModelType="" skyeEditorVersion="7.15.0.16">
  <UUID>4484a45d-11bc-4ae4-ade8-b24ac6bc60b9</UUID>
  <SortOrder>0</SortOrder>
  <BusinessUnit> </BusinessUnit>
  <Section> </Section>
  <ProductTextList>
    <ProductText name="short" language="en" country="US">
      <UUID>1e6da199-b0fb-47f3-9dce-ab96e1cfd0f7</UUID>
      <Text>Cheque number</Text>
    </ProductText>
    <ProductText name="short" language="en" country="US">
      <UUID>4f67e111-d9f9-4c9e-b7dd-9ffca1fdf06f</UUID>
      <Text>Cheque date</Text>
    </ProductText>
    <ProductText name="short" language="en" country="US">
      <UUID>730cf6c1-a3e7-4aea-9086-690474ec78ec</UUID>
      <Text>Bank</Text>
    </ProductText>
    <ProductText name="searchTooManyRecords" language="en" country="US">
      <UUID>9ff7b0e8-a1b3-40be-90ce-4af0c2cdc7f7</UUID>
      <Text />
    </ProductText>
  </ProductTextList>
  <ProductValueRangeList>
    <ProductValueRange name="Reference.attributeMappingVR" type="fix">
      <UUID>add1549d-aa5f-4f0b-8e03-c26a8cd5478b</UUID>
    </ProductValueRange>
    <ProductValueRange name="Reference.referencedModelsVR" type="fix">
      <UUID>f1432d90-4b22-41ad-b60e-6fac04965662</UUID>
      <DefinitionValueRelation>
        <UUID>11ea11e6-7533-2e0b-9bb3-63709490e9be</UUID>
        <DefinitionValueUUID>13483449-9367-4e3a-9580-5ef6cbb22391</DefinitionValueUUID>
      </DefinitionValueRelation>
      <DefinitionValueRelation>
        <UUID>11ea11e6-7533-2e0d-9bb3-63709490e9be</UUID>
        <DefinitionValueUUID>abee3978-cb97-4a54-b3ee-a803d3d9f052</DefinitionValueUUID>
      </DefinitionValueRelation>
    </ProductValueRange>
  </ProductValueRangeList>
  <DefinitionBusinessObjectContextList>
    <DefinitionBusinessObjectContext name="HomeCreatePolicy:PaymentDetails-callcenter-callcenter">
      <UUID>270902bc-fb7d-4bcf-bf37-6d766b865198</UUID>
      <SubclassId>visibilityLevelContext</SubclassId>
      <ValueField>4</ValueField>
    </DefinitionBusinessObjectContext>
    <DefinitionBusinessObjectContext name="HomeCreatePolicy:PaymentDetails-callcenter-callcenter">
      <UUID>37b518fc-e98a-4ea0-8c73-0059a4fd8833</UUID>
      <SubclassId>sortOrderContext</SubclassId>
      <ValueField>10</ValueField>
    </DefinitionBusinessObjectContext>
    <DefinitionBusinessObjectContext name="HomeCreatePolicy:PaymentDetails-callcenter-callcenter">
      <UUID>37d86e28-b2b5-4b1d-b44a-138f12572e26</UUID>
      <SubclassId>isMandatoryContext</SubclassId>
      <ValueField>True</ValueField>
    </DefinitionBusinessObjectContext>
    <DefinitionBusinessObjectContext name="HomeCreatePolicy:PaymentDetails-callcenter-callcenter">
      <UUID>81a6451a-354c-46da-a5a0-8a19888451b9</UUID>
      <SubclassId>sortOrderContext</SubclassId>
      <ValueField>50</ValueField>
    </DefinitionBusinessObjectContext>
    <DefinitionBusinessObjectContext name="HomeCreatePolicy:PaymentDetails-callcenter-callcenter">
      <UUID>d8efeae5-e99a-4f35-b412-678aa299fd22</UUID>
      <SubclassId>sortOrderContext</SubclassId>
      <ValueField>30</ValueField>
    </DefinitionBusinessObjectContext>
  </DefinitionBusinessObjectContextList>
  <DefinitionResourceList />
  <AbstractProductBrickList />
  <ProductValueList>
    <ProductValue name="HomeCreatePolicy" type="value">
      <UUID>13483449-9367-4e3a-9580-5ef6cbb22391</UUID>
      <SortOrder>0</SortOrder>
      <Value />
    </ProductValue>
    <ProductValue name=" " type="value">
      <UUID>194cb468-eb79-489c-a688-e027d07f28ca</UUID>
      <SortOrder>0</SortOrder>
      <Value />
    </ProductValue>
    <ProductValue name=" " type="value">
      <UUID>2ed0919e-7f8f-4fe9-af1b-5d848c4659d4</UUID>
      <SortOrder>0</SortOrder>
      <Value />
    </ProductValue>
    <ProductValue name="02" type="value">
      <UUID>5d3b7958-f77e-42fc-a7a9-90248d3b8601</UUID>
      <SortOrder>0</SortOrder>
      <Value>02</Value>
    </ProductValue>
    <ProductValue name="02" type="value">
      <UUID>91fff3dd-fa2e-4abc-b7c0-a40d0defc37f</UUID>
      <SortOrder>0</SortOrder>
      <Value>02</Value>
    </ProductValue>
    <ProductValue name=" " type="value">
      <UUID>922ee8e5-27f9-4018-93c4-12c9c9c80254</UUID>
      <SortOrder>0</SortOrder>
      <Value />
    </ProductValue>
    <ProductValue name="FamilyInsuranceCreatePolicy" type="value">
      <UUID>abee3978-cb97-4a54-b3ee-a803d3d9f052</UUID>
      <SortOrder>0</SortOrder>
      <Value />
    </ProductValue>
    <ProductValue name="02" type="value">
      <UUID>b3d0127b-1e07-4995-af96-6cbf714b83f3</UUID>
      <SortOrder>0</SortOrder>
      <Value>02</Value>
    </ProductValue>
    <ProductValue name=" " type="value">
      <UUID>f2b288d2-f78c-4533-8b16-19d7c3f37ecc</UUID>
      <SortOrder>0</SortOrder>
      <Value />
    </ProductValue>
  </ProductValueList>
  <ProductPolicyAttribute name="processModel" visibilityLevel="0" mandatory="false" unit="" format="" numberOfDecimals="0" attributeClass=" " type="Reference">
    <UUID>5baae214-7cc8-4a14-8cb9-ff5a6d435cde</UUID>
    <SortOrder>99</SortOrder>
    <InputType>Textbox</InputType>
    <DataType>process</DataType>
    <MaxLength>4000</MaxLength>
    <MinLength>0</MinLength>
    <ProductTextRelation>
      <ProductTextUUID>9ff7b0e8-a1b3-40be-90ce-4af0c2cdc7f7</ProductTextUUID>
    </ProductTextRelation>
    <ProductValueRangeRelation>
      <UUID>70759546-0016-456b-b122-e90a5e48bb60</UUID>
      <SortOrder>0</SortOrder>
      <ProductValueRangeUUID>f1432d90-4b22-41ad-b60e-6fac04965662</ProductValueRangeUUID>
    </ProductValueRangeRelation>
    <ProductValueRangeRelation>
      <UUID>af3ec62a-a77c-4a38-aa35-643dc7918b7c</UUID>
      <SortOrder>0</SortOrder>
      <ProductValueRangeUUID>add1549d-aa5f-4f0b-8e03-c26a8cd5478b</ProductValueRangeUUID>
    </ProductValueRangeRelation>
    <ProductBackendInfo name="Skye.Reference.DisplayValidationError">
      <UUID>034dae01-4055-44ef-8653-fa3a84f56591</UUID>
      <Info>False</Info>
    </ProductBackendInfo>
    <ProductBackendInfo name="Skye.AttributeAlias">
      <UUID>1b723998-a4d4-43b4-98c0-f1fb515f9599</UUID>
      <Info />
    </ProductBackendInfo>
    <ProductBackendInfo name="Skye.AllowValueSetViaUnencryptedURL">
      <UUID>1e895cdb-7280-4332-b7c6-62b3ef0122f8</UUID>
      <Info>False</Info>
    </ProductBackendInfo>
    <ProductBackendInfo name="Skye.Reference.SetReferenceBehaviour">
      <UUID>33a1dfbc-c812-47d1-ad64-098aa2f7b372</UUID>
      <Info>ByUuid</Info>
    </ProductBackendInfo>
    <ProductBackendInfo name="Skye.MaximumNumberOfSearchResults">
      <UUID>3d65c302-6dde-4b7f-9df0-ab4154962202</UUID>
      <Info>20</Info>
    </ProductBackendInfo>
    <ProductBackendInfo name="Skye.Reference.ShouldCopyValues">
      <UUID>951bf7ba-99fa-4a1c-8e14-0d1052b7f03d</UUID>
      <Info>false</Info>
    </ProductBackendInfo>
    <ProductBackendInfo name="Skye.Core.DataSecurity">
      <UUID>9a4e2e2a-ae64-4c08-b470-80bcaeac4049</UUID>
      <Info>Standard</Info>
    </ProductBackendInfo>
    <ProductBackendInfo name="Skye.Reference.DeleteBehavior">
      <UUID>a49a4072-8132-42c8-8a26-981b19a418d6</UUID>
      <Info>ignore</Info>
    </ProductBackendInfo>
    <ProductBackendInfo name="Skye.Reference.CopyBehavior">
      <UUID>b3ccf4a7-0576-4c22-8c99-08b84b62558d</UUID>
      <Info>setnull</Info>
    </ProductBackendInfo>
    <ProductBackendInfo name="Skye.Reference.CheckValidity">
      <UUID>d2c37737-9982-4ab3-bd34-10ed5b929f94</UUID>
      <Info>false</Info>
    </ProductBackendInfo>
    <ProductBackendInfo name="Skye.CharsToTriggerSearch">
      <UUID>d4509945-a337-40b3-83f3-d3d0caedc5fe</UUID>
      <Info>3</Info>
    </ProductBackendInfo>
    <ProductBackendInfo name="Skye.Reference.SearchTextType">
      <UUID>ff08e836-d9ab-43a9-b9b7-577b788f5ed8</UUID>
      <Info />
    </ProductBackendInfo>
    <DefinitionValueRelation>
      <UUID>11ea11e6-7533-2e0a-9bb3-63709490e9be</UUID>
      <DefinitionValueUUID>f2b288d2-f78c-4533-8b16-19d7c3f37ecc</DefinitionValueUUID>
    </DefinitionValueRelation>
  </ProductPolicyAttribute>
  <ProductBrick name="PaymentInfo" visibilityLevel="3" brickClass=" " isAbstract="false" typeId="15">
    <UUID>71706579-2922-42fb-bd7b-81605f48d1d7</UUID>
    <SortOrder>99</SortOrder>
    <MinimumUsage>1</MinimumUsage>
    <MaximumUsage>1</MaximumUsage>
    <InitialUsage>1</InitialUsage>
    <PredecessorBrickUUID />
    <PredecessorBrickName />
    <ProductPolicyAttribute name="ChequeNumber" visibilityLevel="0" mandatory="false" unit="" format="" numberOfDecimals="0" attributeClass=" " type="Standard">
      <UUID>9936398e-9172-478d-9d2b-01f748e5e137</UUID>
      <SortOrder>99</SortOrder>
      <InputType>Textbox</InputType>
      <DataType>String</DataType>
      <MaxLength>4000</MaxLength>
      <MinLength>0</MinLength>
      <ProductTextRelation>
        <ProductTextUUID>1e6da199-b0fb-47f3-9dce-ab96e1cfd0f7</ProductTextUUID>
      </ProductTextRelation>
      <ProductBackendInfo name="Skye.Core.DataSecurity">
        <UUID>08e1e3e9-28e3-4ef2-ae45-8a39b2b762a3</UUID>
        <Info>Standard</Info>
      </ProductBackendInfo>
      <ProductBackendInfo name="Skye.AttributeAlias">
        <UUID>c93c1412-9e70-4827-a28c-23196efd8f15</UUID>
        <Info />
      </ProductBackendInfo>
      <ProductBackendInfo name="Skye.AllowValueSetViaUnencryptedURL">
        <UUID>ebd0a4d9-80e9-4a93-b181-cca4e9439e6b</UUID>
        <Info>False</Info>
      </ProductBackendInfo>
      <DefinitionValueRelation>
        <UUID>11ea11e6-7533-2e08-9bb3-63709490e9be</UUID>
        <DefinitionValueUUID>2ed0919e-7f8f-4fe9-af1b-5d848c4659d4</DefinitionValueUUID>
      </DefinitionValueRelation>
      <DefinitionBusinessObjectContextRelation>
        <ContextUUID>d8efeae5-e99a-4f35-b412-678aa299fd22</ContextUUID>
        <DefinitionObjectUUID>9936398e-9172-478d-9d2b-01f748e5e137</DefinitionObjectUUID>
        <ValueField>30</ValueField>
      </DefinitionBusinessObjectContextRelation>
      <DefinitionBusinessObjectContextRelation>
        <ContextUUID>37d86e28-b2b5-4b1d-b44a-138f12572e26</ContextUUID>
        <DefinitionObjectUUID>9936398e-9172-478d-9d2b-01f748e5e137</DefinitionObjectUUID>
        <ValueField>True</ValueField>
      </DefinitionBusinessObjectContextRelation>
    </ProductPolicyAttribute>
    <ProductPolicyAttribute name="Bank" visibilityLevel="0" mandatory="false" unit="" format="" numberOfDecimals="0" attributeClass=" " type="Standard">
      <UUID>a72bcdaf-2c7a-4bf5-bccd-3b9de918debe</UUID>
      <SortOrder>99</SortOrder>
      <InputType>Textbox</InputType>
      <DataType>String</DataType>
      <MaxLength>4000</MaxLength>
      <MinLength>0</MinLength>
      <ProductTextRelation>
        <ProductTextUUID>730cf6c1-a3e7-4aea-9086-690474ec78ec</ProductTextUUID>
      </ProductTextRelation>
      <ProductBackendInfo name="Skye.AllowValueSetViaUnencryptedURL">
        <UUID>0bf3d6d6-8859-487c-bba8-22f0a0ca1b00</UUID>
        <Info>False</Info>
      </ProductBackendInfo>
      <ProductBackendInfo name="Skye.AttributeAlias">
        <UUID>d9f4a6a6-5984-45e1-8a12-bd333b544202</UUID>
        <Info />
      </ProductBackendInfo>
      <ProductBackendInfo name="Skye.Core.DataSecurity">
        <UUID>fe5c209e-2387-4c99-ad95-462a38871c43</UUID>
        <Info>Standard</Info>
      </ProductBackendInfo>
      <DefinitionValueRelation>
        <UUID>11ea11e6-7533-2e09-9bb3-63709490e9be</UUID>
        <DefinitionValueUUID>194cb468-eb79-489c-a688-e027d07f28ca</DefinitionValueUUID>
      </DefinitionValueRelation>
      <DefinitionBusinessObjectContextRelation>
        <ContextUUID>37b518fc-e98a-4ea0-8c73-0059a4fd8833</ContextUUID>
        <DefinitionObjectUUID>a72bcdaf-2c7a-4bf5-bccd-3b9de918debe</DefinitionObjectUUID>
        <ValueField>10</ValueField>
      </DefinitionBusinessObjectContextRelation>
      <DefinitionBusinessObjectContextRelation>
        <ContextUUID>37d86e28-b2b5-4b1d-b44a-138f12572e26</ContextUUID>
        <DefinitionObjectUUID>a72bcdaf-2c7a-4bf5-bccd-3b9de918debe</DefinitionObjectUUID>
        <ValueField>True</ValueField>
      </DefinitionBusinessObjectContextRelation>
    </ProductPolicyAttribute>
    <ProductPolicyAttribute name="ChequeDate" visibilityLevel="0" mandatory="false" unit="" format="" numberOfDecimals="0" attributeClass=" " type="Standard">
      <UUID>ea2b5a2e-912e-4b45-9362-03550d1d67a4</UUID>
      <SortOrder>99</SortOrder>
      <InputType>Datepicker</InputType>
      <DataType>Date</DataType>
      <MaxLength>4000</MaxLength>
      <MinLength>0</MinLength>
      <ProductTextRelation>
        <ProductTextUUID>4f67e111-d9f9-4c9e-b7dd-9ffca1fdf06f</ProductTextUUID>
      </ProductTextRelation>
      <ProductBackendInfo name="Skye.AttributeAlias">
        <UUID>59e7b936-8361-4479-b3d9-95cba731e34b</UUID>
        <Info />
      </ProductBackendInfo>
      <ProductBackendInfo name="Skye.AllowValueSetViaUnencryptedURL">
        <UUID>75ae8689-0ced-46df-bea7-97ce6336ab81</UUID>
        <Info>False</Info>
      </ProductBackendInfo>
      <ProductBackendInfo name="Skye.Core.DataSecurity">
        <UUID>a4aaa799-ee4f-4fc4-9213-6651910c72f6</UUID>
        <Info>Standard</Info>
      </ProductBackendInfo>
      <DefinitionValueRelation>
        <UUID>11ea11e6-7533-2e0c-9bb3-63709490e9be</UUID>
        <DefinitionValueUUID>922ee8e5-27f9-4018-93c4-12c9c9c80254</DefinitionValueUUID>
      </DefinitionValueRelation>
      <DefinitionBusinessObjectContextRelation>
        <ContextUUID>81a6451a-354c-46da-a5a0-8a19888451b9</ContextUUID>
        <DefinitionObjectUUID>ea2b5a2e-912e-4b45-9362-03550d1d67a4</DefinitionObjectUUID>
        <ValueField>50</ValueField>
      </DefinitionBusinessObjectContextRelation>
      <DefinitionBusinessObjectContextRelation>
        <ContextUUID>37d86e28-b2b5-4b1d-b44a-138f12572e26</ContextUUID>
        <DefinitionObjectUUID>ea2b5a2e-912e-4b45-9362-03550d1d67a4</DefinitionObjectUUID>
        <ValueField>True</ValueField>
      </DefinitionBusinessObjectContextRelation>
    </ProductPolicyAttribute>
    <ProductBackendInfo name="Skye.MultibrickType">
      <UUID>647824c3-1cc0-4e62-b9f3-38031503ae92</UUID>
      <Info />
    </ProductBackendInfo>
  </ProductBrick>
  <ProductBrick name="GeneralInsuredObject" visibilityLevel="3" brickClass=" " isAbstract="false" typeId="19">
    <UUID>ad1f020c-59b2-455f-9d75-eb8544ca7e28</UUID>
    <SortOrder>99</SortOrder>
    <MinimumUsage>1</MinimumUsage>
    <MaximumUsage>1</MaximumUsage>
    <InitialUsage>1</InitialUsage>
    <PredecessorBrickUUID />
    <PredecessorBrickName />
    <ProductBackendInfo name="Skye.MultibrickType">
      <UUID>ec308136-edb5-4f33-895b-14e8a97b9dcf</UUID>
      <Info />
    </ProductBackendInfo>
  </ProductBrick>
  <DefinitionDependentLists>
    <DefinitionDependencyDefaultValueList />
    <DefinitionDependencyValueRangeList />
    <DefinitionDependencyVisibilityList>
      <DefinitionDependencyVisibility name="Set visible#0">
        <UUID>471b729f-ce08-4929-ab39-02e87a2b55c0</UUID>
        <ClientUUID>a72bcdaf-2c7a-4bf5-bccd-3b9de918debe</ClientUUID>
        <Operator>EQUALS</Operator>
        <SupplierValueUUID>5d3b7958-f77e-42fc-a7a9-90248d3b8601</SupplierValueUUID>
        <RefreshOnChange>false</RefreshOnChange>
        <DependencyChangeRefreshPolicy>0</DependencyChangeRefreshPolicy>
        <DefinitionBusinessObjectContextRelation>
          <ContextUUID>270902bc-fb7d-4bcf-bf37-6d766b865198</ContextUUID>
          <DefinitionObjectUUID>471b729f-ce08-4929-ab39-02e87a2b55c0</DefinitionObjectUUID>
          <ValueField>4</ValueField>
        </DefinitionBusinessObjectContextRelation>
        <SupplierReference>ref[Shoppingcart.processModel to HomeCreatePolicy].ref[root.@CurrentProcessObject to Home].Product.PaymentMethod</SupplierReference>
        <ClientVisibilityLevel>4</ClientVisibilityLevel>
      </DefinitionDependencyVisibility>
      <DefinitionDependencyVisibility name="Set visible#0">
        <UUID>c2884648-f7e1-4e78-8660-da8c423aa09a</UUID>
        <ClientUUID>9936398e-9172-478d-9d2b-01f748e5e137</ClientUUID>
        <Operator>EQUALS</Operator>
        <SupplierValueUUID>b3d0127b-1e07-4995-af96-6cbf714b83f3</SupplierValueUUID>
        <RefreshOnChange>false</RefreshOnChange>
        <DependencyChangeRefreshPolicy>0</DependencyChangeRefreshPolicy>
        <DefinitionBusinessObjectContextRelation>
          <ContextUUID>270902bc-fb7d-4bcf-bf37-6d766b865198</ContextUUID>
          <DefinitionObjectUUID>c2884648-f7e1-4e78-8660-da8c423aa09a</DefinitionObjectUUID>
          <ValueField>4</ValueField>
        </DefinitionBusinessObjectContextRelation>
        <SupplierReference>ref[Shoppingcart.processModel to HomeCreatePolicy].ref[root.@CurrentProcessObject to Home].Product.PaymentMethod</SupplierReference>
        <ClientVisibilityLevel>4</ClientVisibilityLevel>
      </DefinitionDependencyVisibility>
      <DefinitionDependencyVisibility name="Set visible#0">
        <UUID>f2e48792-d34d-4172-a66c-8be1c5ec82ba</UUID>
        <ClientUUID>ea2b5a2e-912e-4b45-9362-03550d1d67a4</ClientUUID>
        <Operator>EQUALS</Operator>
        <SupplierValueUUID>91fff3dd-fa2e-4abc-b7c0-a40d0defc37f</SupplierValueUUID>
        <RefreshOnChange>false</RefreshOnChange>
        <DependencyChangeRefreshPolicy>0</DependencyChangeRefreshPolicy>
        <DefinitionBusinessObjectContextRelation>
          <ContextUUID>270902bc-fb7d-4bcf-bf37-6d766b865198</ContextUUID>
          <DefinitionObjectUUID>f2e48792-d34d-4172-a66c-8be1c5ec82ba</DefinitionObjectUUID>
          <ValueField>4</ValueField>
        </DefinitionBusinessObjectContextRelation>
        <SupplierReference>ref[Shoppingcart.processModel to HomeCreatePolicy].ref[root.@CurrentProcessObject to Home].Product.PaymentMethod</SupplierReference>
        <ClientVisibilityLevel>4</ClientVisibilityLevel>
      </DefinitionDependencyVisibility>
    </DefinitionDependencyVisibilityList>
    <DefinitionDependencyMandatoryList />
    <DefinitionDependencyToDependencyList />
    <DefinitionDependencyValueRangeFilterValuesList />
    <DefinitionDependencyDataSourceAttributeList />
  </DefinitionDependentLists>
</Product>