﻿<?xml version="1.0" encoding="utf-8"?>
<Product xmlns:xsd="http://www.w3.org/2001/XMLSchema" xmlns:xsi="http://www.w3.org/2001/XMLSchema-instance" name="HomeCreatePolicyQuickQuoteUIDef" lastChanged="2020-05-19T11:48:29.6672193Z" implementationClass="" modelType="uidefinition" subModelType="ProcessLayout" skyeEditorVersion="7.26.1.50">
  <UUID>0eb5cb13-d650-4bcf-a857-eccd8a297887</UUID>
  <BusinessUnit> </BusinessUnit>
  <Section> </Section>
  <ProductTextList>
    <ProductText name="header" language="en" country="US">
      <UUID>70fefdbd-0f86-4b04-8da7-84ccc79382d8</UUID>
      <Text>Basic information</Text>
    </ProductText>
  </ProductTextList>
  <ProductValueRangeList />
  <DefinitionBusinessObjectContextList />
  <DefinitionResourceList />
  <AbstractProductBrickList />
  <ProductValueList>
    <ProductValue name="" type="value">
      <UUID>ef8116c6-d426-49bd-9101-5d098b5fdd7d</UUID>
      <SortOrder>0</SortOrder>
      <Value />
    </ProductValue>
    <ProductValue name="" type="value">
      <UUID>f5a7df3c-78bb-4bb3-8423-e40a79d937b3</UUID>
      <SortOrder>0</SortOrder>
      <Value />
    </ProductValue>
    <ProductValue name="" type="value">
      <UUID>5e71ca05-2897-4490-bd2d-028b2712d28f</UUID>
      <SortOrder>0</SortOrder>
      <Value />
    </ProductValue>
    <ProductValue name="" type="value">
      <UUID>d6303227-c40b-42d9-8ab6-591c6c7d7ab6</UUID>
      <SortOrder>0</SortOrder>
      <Value />
    </ProductValue>
    <ProductValue name="" type="value">
      <UUID>41d026bb-7b07-439e-81c4-267a74f042c9</UUID>
      <SortOrder>0</SortOrder>
      <Value />
    </ProductValue>
    <ProductValue name="" type="value">
      <UUID>5ae65be2-aaaa-4aac-b8ed-b80f531c6cc2</UUID>
      <SortOrder>0</SortOrder>
      <Value />
    </ProductValue>
    <ProductValue name="" type="value">
      <UUID>a5c8cf91-be6a-4d26-956a-da3f2b0682e2</UUID>
      <SortOrder>0</SortOrder>
      <Value />
    </ProductValue>
    <ProductValue name="" type="value">
      <UUID>926c66fb-ee81-413e-94ba-11bb3de50a01</UUID>
      <SortOrder>0</SortOrder>
      <Value />
    </ProductValue>
    <ProductValue name="" type="value">
      <UUID>10516211-cc21-4672-b578-07f7587df6d6</UUID>
      <SortOrder>0</SortOrder>
      <Value />
    </ProductValue>
    <ProductValue name="" type="value">
      <UUID>117e9922-586c-4bc5-8a04-b5738cb8203e</UUID>
      <SortOrder>0</SortOrder>
      <Value />
    </ProductValue>
    <ProductValue name="" type="value">
      <UUID>12c206d2-9463-45c1-aecd-cdb4d3d109bb</UUID>
      <SortOrder>0</SortOrder>
      <Value />
    </ProductValue>
    <ProductValue name="" type="value">
      <UUID>0b81229b-4e9e-45fe-a396-b22a8a20aeca</UUID>
      <SortOrder>0</SortOrder>
      <Value />
    </ProductValue>
    <ProductValue name="" type="value">
      <UUID>f1949fa8-bdd2-49c5-8870-652c163c7838</UUID>
      <SortOrder>0</SortOrder>
      <Value />
    </ProductValue>
    <ProductValue name="" type="value">
      <UUID>8b93839b-6031-4b1c-b4fd-be1ed209fa14</UUID>
      <SortOrder>0</SortOrder>
      <Value />
    </ProductValue>
  </ProductValueList>
  <ProductBrick name="PanelGroup" visibilityLevel="3" brickClass="" isAbstract="false" typeId="0">
    <UUID>fbf930ca-d458-479c-8b74-8c4067142a9d</UUID>
    <SortOrder>10</SortOrder>
    <MinimumUsage>1</MinimumUsage>
    <MaximumUsage>1</MaximumUsage>
    <InitialUsage>1</InitialUsage>
    <ProductBrick name="BasicInformation" visibilityLevel="3" brickClass="" isAbstract="false" typeId="0">
      <UUID>15609e2d-8d45-4b56-a80c-5721632bf3a4</UUID>
      <SortOrder>10</SortOrder>
      <MinimumUsage>1</MinimumUsage>
      <MaximumUsage>1</MaximumUsage>
      <InitialUsage>1</InitialUsage>
      <ProductTextRelation>
        <UUID>f95c0626-76fd-4321-8ae7-7d6a461c99e6</UUID>
        <ProductTextUUID>70fefdbd-0f86-4b04-8da7-84ccc79382d8</ProductTextUUID>
      </ProductTextRelation>
      <ProductPolicyAttribute name="typeOfOwnership" visibilityLevel="0" mandatory="false" unit="" format="" numberOfDecimals="0" attributeClass="" type="UI">
        <UUID>d01c1577-98ad-4c06-a083-c6897504a489</UUID>
        <SortOrder>99</SortOrder>
        <InputType>Textbox</InputType>
        <DataType>String</DataType>
        <MaxLength>4000</MaxLength>
        <MinLength>0</MinLength>
        <ProductBackendInfo name="Skye.AttributeAlias">
          <UUID>5ca898cb-0467-49c7-9f33-2654903c1e7f</UUID>
          <Info />
        </ProductBackendInfo>
        <ProductBackendInfo name="Skye.Core.DataSecurity">
          <UUID>1554add5-e9ee-4ddf-877f-5360736c4fe0</UUID>
          <Info>Standard</Info>
        </ProductBackendInfo>
        <ProductBackendInfo name="Skye.AllowValueSetViaUnencryptedURL">
          <UUID>5ea05bfe-00d1-43f5-87a4-efa8d5fb218b</UUID>
          <Info>False</Info>
        </ProductBackendInfo>
        <ProductBackendInfo name="Skye.UIAttribute.ReferencedModel">
          <UUID>e775d775-9733-4ee4-8c2f-6d37c1db4ee9</UUID>
          <Info>Home</Info>
        </ProductBackendInfo>
        <ProductBackendInfo name="Skye.UIAttribute.ReferencedAttribute">
          <UUID>4058801a-fcdd-4266-b60b-164141ef6325</UUID>
          <Info>Customer.typeOfOwnership</Info>
        </ProductBackendInfo>
        <DefinitionValueRelation>
          <DefinitionValueUUID>ef8116c6-d426-49bd-9101-5d098b5fdd7d</DefinitionValueUUID>
        </DefinitionValueRelation>
      </ProductPolicyAttribute>
      <ProductPolicyAttribute name="propertyType" visibilityLevel="0" mandatory="false" unit="" format="" numberOfDecimals="0" attributeClass="" type="UI">
        <UUID>7ed691b3-941f-46cf-9684-0de0b101d498</UUID>
        <SortOrder>99</SortOrder>
        <InputType>Textbox</InputType>
        <DataType>String</DataType>
        <MaxLength>4000</MaxLength>
        <MinLength>0</MinLength>
        <ProductBackendInfo name="Skye.AttributeAlias">
          <UUID>c71a1b2c-c53b-455a-9c83-0db43f85ad1d</UUID>
          <Info />
        </ProductBackendInfo>
        <ProductBackendInfo name="Skye.Core.DataSecurity">
          <UUID>38ca6dae-47b3-4178-8b07-f52de922c74d</UUID>
          <Info>Standard</Info>
        </ProductBackendInfo>
        <ProductBackendInfo name="Skye.AllowValueSetViaUnencryptedURL">
          <UUID>1a39551b-2149-4517-a135-13901386e737</UUID>
          <Info>False</Info>
        </ProductBackendInfo>
        <ProductBackendInfo name="Skye.UIAttribute.ReferencedModel">
          <UUID>e3c00bdc-617e-4e55-b169-32f396f6c102</UUID>
          <Info>Home</Info>
        </ProductBackendInfo>
        <ProductBackendInfo name="Skye.UIAttribute.ReferencedAttribute">
          <UUID>0940b6e2-8f13-4d13-94c3-dff404f99cd1</UUID>
          <Info>Customer.propertyType</Info>
        </ProductBackendInfo>
        <DefinitionValueRelation>
          <DefinitionValueUUID>f5a7df3c-78bb-4bb3-8423-e40a79d937b3</DefinitionValueUUID>
        </DefinitionValueRelation>
      </ProductPolicyAttribute>
      <ProductPolicyAttribute name="numberOfRooms" visibilityLevel="0" mandatory="false" unit="" format="" numberOfDecimals="0" attributeClass="" type="UI">
        <UUID>b0a7d9cf-d2dc-476a-9ad4-24a3e0cc0856</UUID>
        <SortOrder>99</SortOrder>
        <InputType>Textbox</InputType>
        <DataType>String</DataType>
        <MaxLength>4000</MaxLength>
        <MinLength>0</MinLength>
        <ProductBackendInfo name="Skye.AttributeAlias">
          <UUID>b6811895-4533-4556-a576-754db2870006</UUID>
          <Info />
        </ProductBackendInfo>
        <ProductBackendInfo name="Skye.Core.DataSecurity">
          <UUID>3922bc71-94a5-45eb-aa1b-1c1290971e27</UUID>
          <Info>Standard</Info>
        </ProductBackendInfo>
        <ProductBackendInfo name="Skye.AllowValueSetViaUnencryptedURL">
          <UUID>6ce6b6ab-c0a0-4e6a-97e4-207283902aa3</UUID>
          <Info>False</Info>
        </ProductBackendInfo>
        <ProductBackendInfo name="Skye.UIAttribute.ReferencedModel">
          <UUID>cc5fc08c-1797-4e22-b02d-3672b6a1aa79</UUID>
          <Info>Home</Info>
        </ProductBackendInfo>
        <ProductBackendInfo name="Skye.UIAttribute.ReferencedAttribute">
          <UUID>9323a3b0-0ba1-4a57-8f4e-df73e6941360</UUID>
          <Info>Customer.numberOfRooms</Info>
        </ProductBackendInfo>
        <DefinitionValueRelation>
          <DefinitionValueUUID>5e71ca05-2897-4490-bd2d-028b2712d28f</DefinitionValueUUID>
        </DefinitionValueRelation>
      </ProductPolicyAttribute>
      <ProductPolicyAttribute name="furnishing" visibilityLevel="0" mandatory="false" unit="" format="" numberOfDecimals="0" attributeClass="" type="UI">
        <UUID>32130d26-462d-49de-aeed-c224cc5a26c8</UUID>
        <SortOrder>99</SortOrder>
        <InputType>Textbox</InputType>
        <DataType>String</DataType>
        <MaxLength>4000</MaxLength>
        <MinLength>0</MinLength>
        <ProductBackendInfo name="Skye.AttributeAlias">
          <UUID>e381de7c-c84e-4d0b-913b-247cd5c03012</UUID>
          <Info />
        </ProductBackendInfo>
        <ProductBackendInfo name="Skye.Core.DataSecurity">
          <UUID>5a048bae-d289-4bea-ac4e-d10260857326</UUID>
          <Info>Standard</Info>
        </ProductBackendInfo>
        <ProductBackendInfo name="Skye.AllowValueSetViaUnencryptedURL">
          <UUID>8ca7cbad-705b-49ec-9fac-be5282a4e202</UUID>
          <Info>False</Info>
        </ProductBackendInfo>
        <ProductBackendInfo name="Skye.UIAttribute.ReferencedModel">
          <UUID>b4ccff02-4b8a-4fcb-9b1e-f54b0a6577be</UUID>
          <Info>Home</Info>
        </ProductBackendInfo>
        <ProductBackendInfo name="Skye.UIAttribute.ReferencedAttribute">
          <UUID>c386fba8-1f8d-4e70-8f68-cb68f4347900</UUID>
          <Info>Customer.furnishing</Info>
        </ProductBackendInfo>
        <DefinitionValueRelation>
          <DefinitionValueUUID>d6303227-c40b-42d9-8ab6-591c6c7d7ab6</DefinitionValueUUID>
        </DefinitionValueRelation>
      </ProductPolicyAttribute>
      <ProductPolicyAttribute name="numberOfAduldts" visibilityLevel="0" mandatory="false" unit="" format="" numberOfDecimals="0" attributeClass="" type="UI">
        <UUID>ab93ce69-703d-44bb-b76a-1a97bca25603</UUID>
        <SortOrder>99</SortOrder>
        <InputType>Textbox</InputType>
        <DataType>String</DataType>
        <MaxLength>4000</MaxLength>
        <MinLength>0</MinLength>
        <ProductBackendInfo name="Skye.AttributeAlias">
          <UUID>8809d48f-7a67-4937-9a9c-6de12ffab5b9</UUID>
          <Info />
        </ProductBackendInfo>
        <ProductBackendInfo name="Skye.Core.DataSecurity">
          <UUID>05911f1a-c99c-4e4d-a505-67d087e482c5</UUID>
          <Info>Standard</Info>
        </ProductBackendInfo>
        <ProductBackendInfo name="Skye.AllowValueSetViaUnencryptedURL">
          <UUID>b9bdd294-af63-401e-9ecb-0aa14003ef6c</UUID>
          <Info>False</Info>
        </ProductBackendInfo>
        <ProductBackendInfo name="Skye.UIAttribute.ReferencedModel">
          <UUID>45c8d5c9-047f-4907-83b4-c903aad65439</UUID>
          <Info>Home</Info>
        </ProductBackendInfo>
        <ProductBackendInfo name="Skye.UIAttribute.ReferencedAttribute">
          <UUID>e0659f61-a163-41c5-93ee-1a133a3bae78</UUID>
          <Info>Customer.numberOfAduldts</Info>
        </ProductBackendInfo>
        <DefinitionValueRelation>
          <DefinitionValueUUID>41d026bb-7b07-439e-81c4-267a74f042c9</DefinitionValueUUID>
        </DefinitionValueRelation>
      </ProductPolicyAttribute>
      <ProductPolicyAttribute name="numberOfChildren" visibilityLevel="0" mandatory="false" unit="" format="" numberOfDecimals="0" attributeClass="" type="UI">
        <UUID>d93ec5b3-7f7b-44cc-80bd-c8266539e2ee</UUID>
        <SortOrder>99</SortOrder>
        <InputType>Textbox</InputType>
        <DataType>String</DataType>
        <MaxLength>4000</MaxLength>
        <MinLength>0</MinLength>
        <ProductBackendInfo name="Skye.AttributeAlias">
          <UUID>7edd569c-b5f5-4a28-824e-4c16d1f52478</UUID>
          <Info />
        </ProductBackendInfo>
        <ProductBackendInfo name="Skye.Core.DataSecurity">
          <UUID>672e9ec6-148a-4a1d-a57a-513858d45f14</UUID>
          <Info>Standard</Info>
        </ProductBackendInfo>
        <ProductBackendInfo name="Skye.AllowValueSetViaUnencryptedURL">
          <UUID>c06808ad-4c6b-4cb7-8f0d-e55ceaac5af1</UUID>
          <Info>False</Info>
        </ProductBackendInfo>
        <ProductBackendInfo name="Skye.UIAttribute.ReferencedModel">
          <UUID>8788e795-05e3-406b-9a95-7932327d2eb8</UUID>
          <Info>Home</Info>
        </ProductBackendInfo>
        <ProductBackendInfo name="Skye.UIAttribute.ReferencedAttribute">
          <UUID>5df96944-7f6a-4c93-a54c-348fc8c8ade9</UUID>
          <Info>Customer.numberOfChildren</Info>
        </ProductBackendInfo>
        <DefinitionValueRelation>
          <DefinitionValueUUID>5ae65be2-aaaa-4aac-b8ed-b80f531c6cc2</DefinitionValueUUID>
        </DefinitionValueRelation>
      </ProductPolicyAttribute>
      <ProductPolicyAttribute name="dateOfBirth" visibilityLevel="0" mandatory="false" unit="" format="" numberOfDecimals="0" attributeClass="" type="UI">
        <UUID>2fa6ddca-625d-4c39-8e27-6a2578884fb7</UUID>
        <SortOrder>99</SortOrder>
        <InputType>Textbox</InputType>
        <DataType>String</DataType>
        <MaxLength>4000</MaxLength>
        <MinLength>0</MinLength>
        <ProductBackendInfo name="Skye.AttributeAlias">
          <UUID>0d5f1b79-1b87-4dac-90d1-ac844244c106</UUID>
          <Info />
        </ProductBackendInfo>
        <ProductBackendInfo name="Skye.Core.DataSecurity">
          <UUID>4d94b36c-ed22-4684-881b-8abceeb20e51</UUID>
          <Info>Standard</Info>
        </ProductBackendInfo>
        <ProductBackendInfo name="Skye.AllowValueSetViaUnencryptedURL">
          <UUID>fa60e70b-1576-4903-8081-4ba02f78415e</UUID>
          <Info>False</Info>
        </ProductBackendInfo>
        <ProductBackendInfo name="Skye.UIAttribute.ReferencedModel">
          <UUID>708f44dc-54bf-4b3e-abd7-34aba83e2cdd</UUID>
          <Info>Home</Info>
        </ProductBackendInfo>
        <ProductBackendInfo name="Skye.UIAttribute.ReferencedAttribute">
          <UUID>f9fe9d16-c90a-4513-ae55-557e4d1c6e79</UUID>
          <Info>Customer.dateOfBirth</Info>
        </ProductBackendInfo>
        <DefinitionValueRelation>
          <DefinitionValueUUID>a5c8cf91-be6a-4d26-956a-da3f2b0682e2</DefinitionValueUUID>
        </DefinitionValueRelation>
      </ProductPolicyAttribute>
      <ProductPolicyAttribute name="ColorsFlexdata" visibilityLevel="0" mandatory="false" unit="" format="" numberOfDecimals="0" attributeClass="" type="UI">
        <UUID>ddf6ffd4-755b-4b83-9c44-01e116b48333</UUID>
        <SortOrder>99</SortOrder>
        <InputType>Textbox</InputType>
        <DataType>String</DataType>
        <MaxLength>4000</MaxLength>
        <MinLength>0</MinLength>
        <ProductBackendInfo name="Skye.AttributeAlias">
          <UUID>1930eb5a-2364-4825-92d2-9b6c12fa5a01</UUID>
          <Info />
        </ProductBackendInfo>
        <ProductBackendInfo name="Skye.Core.DataSecurity">
          <UUID>c170bd97-eefc-4cff-9fcc-7d3edc18b742</UUID>
          <Info>Standard</Info>
        </ProductBackendInfo>
        <ProductBackendInfo name="Skye.AllowValueSetViaUnencryptedURL">
          <UUID>36b3932a-b931-4a86-9456-6dffe9439d10</UUID>
          <Info>False</Info>
        </ProductBackendInfo>
        <ProductBackendInfo name="Skye.UIAttribute.ReferencedModel">
          <UUID>3bfe32a4-6343-40fe-b66e-25386b09e4e3</UUID>
          <Info>Home</Info>
        </ProductBackendInfo>
        <ProductBackendInfo name="Skye.UIAttribute.ReferencedAttribute">
          <UUID>d233e2f0-440f-41c0-aa2b-c69618f05dcd</UUID>
          <Info>Product.ColorsFlexdata</Info>
        </ProductBackendInfo>
        <DefinitionValueRelation>
          <DefinitionValueUUID>926c66fb-ee81-413e-94ba-11bb3de50a01</DefinitionValueUUID>
        </DefinitionValueRelation>
      </ProductPolicyAttribute>
      <ProductPolicyAttribute name="solarPanels" visibilityLevel="0" mandatory="false" unit="" format="" numberOfDecimals="0" attributeClass="" type="UI">
        <UUID>28a07052-214c-4611-b28f-69f1657ea16a</UUID>
        <SortOrder>99</SortOrder>
        <InputType>Textbox</InputType>
        <DataType>String</DataType>
        <MaxLength>4000</MaxLength>
        <MinLength>0</MinLength>
        <ProductBackendInfo name="Skye.AttributeAlias">
          <UUID>aecfb332-5f42-47e2-8d40-5b3f1d4b89b3</UUID>
          <Info />
        </ProductBackendInfo>
        <ProductBackendInfo name="Skye.Core.DataSecurity">
          <UUID>d3467927-f49a-427b-9712-ce92a10e067a</UUID>
          <Info>Standard</Info>
        </ProductBackendInfo>
        <ProductBackendInfo name="Skye.AllowValueSetViaUnencryptedURL">
          <UUID>f7387665-8992-4074-a93d-f23956126059</UUID>
          <Info>False</Info>
        </ProductBackendInfo>
        <ProductBackendInfo name="Skye.UIAttribute.ReferencedModel">
          <UUID>5ee6f8a5-0ac1-423d-8ce5-b37e8e7dcd7b</UUID>
          <Info>Home</Info>
        </ProductBackendInfo>
        <ProductBackendInfo name="Skye.UIAttribute.ReferencedAttribute">
          <UUID>d21bf9ec-7fec-45b9-9d3e-767ebc2b0124</UUID>
          <Info>Product.solarPanels</Info>
        </ProductBackendInfo>
        <DefinitionValueRelation>
          <DefinitionValueUUID>10516211-cc21-4672-b578-07f7587df6d6</DefinitionValueUUID>
        </DefinitionValueRelation>
      </ProductPolicyAttribute>
      <ProductPolicyAttribute name="ColorAbbreviation" visibilityLevel="0" mandatory="false" unit="" format="" numberOfDecimals="0" attributeClass="" type="UI">
        <UUID>d10c3b2e-cc5a-4584-afe2-6cfff0d5afea</UUID>
        <SortOrder>99</SortOrder>
        <InputType>Textbox</InputType>
        <DataType>String</DataType>
        <MaxLength>4000</MaxLength>
        <MinLength>0</MinLength>
        <ProductBackendInfo name="Skye.AttributeAlias">
          <UUID>85f04df7-8aab-408d-bb50-f19d474a5121</UUID>
          <Info />
        </ProductBackendInfo>
        <ProductBackendInfo name="Skye.Core.DataSecurity">
          <UUID>1564c54a-acd7-436b-b73c-096b74d7b1ad</UUID>
          <Info>Standard</Info>
        </ProductBackendInfo>
        <ProductBackendInfo name="Skye.AllowValueSetViaUnencryptedURL">
          <UUID>a7ce0ed8-026b-4cbb-b262-002bd4931e16</UUID>
          <Info>False</Info>
        </ProductBackendInfo>
        <ProductBackendInfo name="Skye.UIAttribute.ReferencedModel">
          <UUID>8ddee207-9e68-48c3-8092-78e909cf25d8</UUID>
          <Info>Home</Info>
        </ProductBackendInfo>
        <ProductBackendInfo name="Skye.UIAttribute.ReferencedAttribute">
          <UUID>0e2429fe-19ec-4d23-bb84-fdb27f560940</UUID>
          <Info>Product.ColorAbbreviation</Info>
        </ProductBackendInfo>
        <DefinitionValueRelation>
          <DefinitionValueUUID>12c206d2-9463-45c1-aecd-cdb4d3d109bb</DefinitionValueUUID>
        </DefinitionValueRelation>
      </ProductPolicyAttribute>
      <ProductPolicyAttribute name="contentSumInsuredGrid" visibilityLevel="0" mandatory="false" unit="" format="" numberOfDecimals="0" attributeClass="" type="UI">
        <UUID>c6475b72-5570-44d1-8520-1d63c77b5805</UUID>
        <SortOrder>99</SortOrder>
        <InputType>Textbox</InputType>
        <DataType>String</DataType>
        <MaxLength>4000</MaxLength>
        <MinLength>0</MinLength>
        <ProductBackendInfo name="Skye.AttributeAlias">
          <UUID>2731a4cf-417f-4c8c-89d0-50fe09107d1e</UUID>
          <Info />
        </ProductBackendInfo>
        <ProductBackendInfo name="Skye.Core.DataSecurity">
          <UUID>ee0fa15e-4ac4-4b84-9c63-af78e244fe66</UUID>
          <Info>Standard</Info>
        </ProductBackendInfo>
        <ProductBackendInfo name="Skye.AllowValueSetViaUnencryptedURL">
          <UUID>70c8fd7b-62aa-4edc-b91b-2908e9802546</UUID>
          <Info>False</Info>
        </ProductBackendInfo>
        <ProductBackendInfo name="Skye.UIAttribute.ReferencedModel">
          <UUID>7515d6be-c04a-44c6-bc92-a999cec40072</UUID>
          <Info>Home</Info>
        </ProductBackendInfo>
        <ProductBackendInfo name="Skye.UIAttribute.ReferencedAttribute">
          <UUID>426eb545-2011-473b-a9fd-14a6c110cc9f</UUID>
          <Info>Product.contentSumInsuredGrid</Info>
        </ProductBackendInfo>
        <DefinitionValueRelation>
          <DefinitionValueUUID>0b81229b-4e9e-45fe-a396-b22a8a20aeca</DefinitionValueUUID>
        </DefinitionValueRelation>
      </ProductPolicyAttribute>
      <ProductPolicyAttribute name="cleanUpStandard" visibilityLevel="0" mandatory="false" unit="" format="" numberOfDecimals="0" attributeClass="" type="UI">
        <UUID>90cabb21-90f9-40f8-8ec9-f9fc69d783b1</UUID>
        <SortOrder>99</SortOrder>
        <InputType>Textbox</InputType>
        <DataType>String</DataType>
        <MaxLength>4000</MaxLength>
        <MinLength>0</MinLength>
        <ProductBackendInfo name="Skye.AttributeAlias">
          <UUID>3716686a-1e13-4b43-bd1c-bd62da35122d</UUID>
          <Info />
        </ProductBackendInfo>
        <ProductBackendInfo name="Skye.Core.DataSecurity">
          <UUID>55da23fd-98e6-439b-a140-6e532ea42176</UUID>
          <Info>Standard</Info>
        </ProductBackendInfo>
        <ProductBackendInfo name="Skye.AllowValueSetViaUnencryptedURL">
          <UUID>a141c7e0-e135-4f43-b740-3cb1a461de76</UUID>
          <Info>False</Info>
        </ProductBackendInfo>
        <ProductBackendInfo name="Skye.UIAttribute.ReferencedModel">
          <UUID>fa712f62-05de-4d07-a2a5-68693bc9c771</UUID>
          <Info>Home</Info>
        </ProductBackendInfo>
        <ProductBackendInfo name="Skye.UIAttribute.ReferencedAttribute">
          <UUID>728f885f-3a89-4089-809c-ed11e87e74e1</UUID>
          <Info>Product.cleanUpStandard</Info>
        </ProductBackendInfo>
        <DefinitionValueRelation>
          <DefinitionValueUUID>f1949fa8-bdd2-49c5-8870-652c163c7838</DefinitionValueUUID>
        </DefinitionValueRelation>
      </ProductPolicyAttribute>
      <ProductPolicyAttribute name="cleanUpExtra" visibilityLevel="0" mandatory="false" unit="" format="" numberOfDecimals="0" attributeClass="" type="UI">
        <UUID>5feb5fce-800e-4e90-be1b-8e6442aa884a</UUID>
        <SortOrder>99</SortOrder>
        <InputType>Textbox</InputType>
        <DataType>String</DataType>
        <MaxLength>4000</MaxLength>
        <MinLength>0</MinLength>
        <ProductBackendInfo name="Skye.AttributeAlias">
          <UUID>f1ce83ec-8e52-454f-becf-6c13757d280a</UUID>
          <Info />
        </ProductBackendInfo>
        <ProductBackendInfo name="Skye.Core.DataSecurity">
          <UUID>8301257e-4823-499f-923d-d7e7d12cfff3</UUID>
          <Info>Standard</Info>
        </ProductBackendInfo>
        <ProductBackendInfo name="Skye.AllowValueSetViaUnencryptedURL">
          <UUID>c3ef25db-d080-426f-98f6-32dda3b16c58</UUID>
          <Info>False</Info>
        </ProductBackendInfo>
        <ProductBackendInfo name="Skye.UIAttribute.ReferencedModel">
          <UUID>72750ad2-5cae-4acd-9cf0-a0f9f1d38181</UUID>
          <Info>Home</Info>
        </ProductBackendInfo>
        <ProductBackendInfo name="Skye.UIAttribute.ReferencedAttribute">
          <UUID>89d76195-0191-48ec-9ecc-a0ca24b9b3ab</UUID>
          <Info>Product.cleanUpExtra</Info>
        </ProductBackendInfo>
        <DefinitionValueRelation>
          <DefinitionValueUUID>8b93839b-6031-4b1c-b4fd-be1ed209fa14</DefinitionValueUUID>
        </DefinitionValueRelation>
      </ProductPolicyAttribute>
      <ProductBackendInfo name="Skye.NumberOfColumns">
        <UUID>441b8b89-0e18-4ed0-9a80-6d9426213e35</UUID>
        <Info>2</Info>
      </ProductBackendInfo>
      <ProductBackendInfo name="Skye.DisplayControlWithEmptyContent">
        <UUID>041e2d94-831f-47fa-9213-2423201f645b</UUID>
        <Info>False</Info>
      </ProductBackendInfo>
      <ProductBackendInfo name="Skye.StyleClass">
        <UUID>4633f7aa-4ec9-42c2-b3f4-62174b930ae7</UUID>
        <Info />
      </ProductBackendInfo>
      <ProductBackendInfo name="Skye.WidthPercentage">
        <UUID>03730a0f-493d-469f-81e1-71f43fd1bc7e</UUID>
        <Info />
      </ProductBackendInfo>
      <ProductBackendInfo name="Skye.MaxWidthInPixels">
        <UUID>c9d972e6-93d9-44ed-beb2-0c37f5072826</UUID>
        <Info />
      </ProductBackendInfo>
      <ProductBackendInfo name="Skye.MinWidthInPixels">
        <UUID>e6139f14-f1bf-4930-a5b6-288c82eda963</UUID>
        <Info />
      </ProductBackendInfo>
      <ProductBackendInfo name="Skye.MultibrickType">
        <UUID>1eb7ab44-0ca1-4b91-bb56-f2f298241b69</UUID>
        <Info />
      </ProductBackendInfo>
    </ProductBrick>
    <ProductBackendInfo name="Skye.ProcessStepUIType">
      <UUID>bdba9025-63e1-40f5-a8da-22c2f855233b</UUID>
      <Info>PanelGroup</Info>
    </ProductBackendInfo>
    <ProductBackendInfo name="Skye.StyleClass">
      <UUID>627ba23c-d968-4550-be4a-1aede9df1026</UUID>
      <Info />
    </ProductBackendInfo>
    <ProductBackendInfo name="Skye.OrientationUIType">
      <UUID>599faef4-3977-4a2d-be78-667e802a825a</UUID>
      <Info>vertical</Info>
    </ProductBackendInfo>
    <ProductBackendInfo name="Skye.VerticalAlignmentUIType">
      <UUID>875cfe20-508e-4f32-ac9b-9740828ed714</UUID>
      <Info>top</Info>
    </ProductBackendInfo>
    <ProductBackendInfo name="Skye.PreCalculatedWidths">
      <UUID>32e716f0-7ba0-4807-bfc4-554a90840fd7</UUID>
      <Info>False</Info>
    </ProductBackendInfo>
    <ProductBackendInfo name="Skye.MultibrickType">
      <UUID>7be1d208-ac28-4056-b627-1799a1b52f03</UUID>
      <Info />
    </ProductBackendInfo>
  </ProductBrick>
  <ProductBrick name="HomeCreatePolicyQuickQuoteUIDefStickyBar1" visibilityLevel="3" brickClass="" isAbstract="false" typeId="0">
    <UUID>c1b7230b-b5da-4cde-ab1f-69bdf81fe5bf</UUID>
    <SortOrder>20</SortOrder>
    <MinimumUsage>1</MinimumUsage>
    <MaximumUsage>1</MaximumUsage>
    <InitialUsage>1</InitialUsage>
    <ProductPolicyAttribute name="StickyMessage" visibilityLevel="0" mandatory="false" unit="" format="" numberOfDecimals="0" attributeClass="" type="UI">
      <UUID>7fe86255-3f88-4efc-a0b5-c37e2d427a1e</UUID>
      <SortOrder>99</SortOrder>
      <InputType>Textbox</InputType>
      <DataType>String</DataType>
      <MaxLength>4000</MaxLength>
      <MinLength>0</MinLength>
      <ProductBackendInfo name="Skye.AttributeAlias">
        <UUID>8c235f54-7514-4d7f-a067-296ad66ef606</UUID>
        <Info />
      </ProductBackendInfo>
      <ProductBackendInfo name="Skye.Core.DataSecurity">
        <UUID>629cdf5c-de03-4aee-aa99-02644432a53a</UUID>
        <Info>Standard</Info>
      </ProductBackendInfo>
      <ProductBackendInfo name="Skye.AllowValueSetViaUnencryptedURL">
        <UUID>a2948a31-0169-464e-a925-637e710c74f0</UUID>
        <Info>False</Info>
      </ProductBackendInfo>
      <ProductBackendInfo name="Skye.UIAttribute.ReferencedModel">
        <UUID>d0ac55e5-4777-44fe-a586-488d7b9d367f</UUID>
        <Info>Home</Info>
      </ProductBackendInfo>
      <ProductBackendInfo name="Skye.UIAttribute.ReferencedAttribute">
        <UUID>e75f1076-3b74-424b-8b0e-3e5f7819b3eb</UUID>
        <Info>Home.StickyMessage</Info>
      </ProductBackendInfo>
      <DefinitionValueRelation>
        <DefinitionValueUUID>117e9922-586c-4bc5-8a04-b5738cb8203e</DefinitionValueUUID>
      </DefinitionValueRelation>
    </ProductPolicyAttribute>
    <ProductBackendInfo name="Skye.StickyBarPositionUIType">
      <UUID>7ba29e34-18e1-4017-8e4a-b59754438186</UUID>
      <Info>top</Info>
    </ProductBackendInfo>
    <ProductBackendInfo name="Skye.ProcessStepUIType">
      <UUID>fb7f23e7-9ff8-4a96-ae91-5484e3a0f0c1</UUID>
      <Info>StickyBar</Info>
    </ProductBackendInfo>
    <ProductBackendInfo name="Skye.StyleClass">
      <UUID>9e59d44a-c353-43db-b80a-c22d8ddc84fe</UUID>
      <Info />
    </ProductBackendInfo>
    <ProductBackendInfo name="Skye.MultibrickType">
      <UUID>39073274-8a05-4280-92ea-7badf52e4359</UUID>
      <Info />
    </ProductBackendInfo>
  </ProductBrick>
  <DefinitionDependentLists>
    <DefinitionDependencyDefaultValueList />
    <DefinitionDependencyValueRangeList />
    <DefinitionDependencyVisibilityList />
    <DefinitionDependencyMandatoryList />
    <DefinitionDependencyToDependencyList />
    <DefinitionDependencyValueRangeFilterValuesList />
    <DefinitionDependencyDataSourceAttributeList />
  </DefinitionDependentLists>
</Product>