﻿<?xml version="1.0" encoding="utf-8"?>
<Product xmlns:xsd="http://www.w3.org/2001/XMLSchema" xmlns:xsi="http://www.w3.org/2001/XMLSchema-instance" name="DashboardSection1HTMLComponent" lastChanged="2019-05-08T07:33:02Z" implementationClass=" " versionUuid=" " modelType="htmlcomponent" subModelType="" skyeEditorVersion="7.15.0.16">
  <UUID>5490f917-962a-4251-9089-b6e220d3895c</UUID>
  <SortOrder>0</SortOrder>
  <BusinessUnit> </BusinessUnit>
  <Section> </Section>
  <ProductTextList>
    <ProductText name="short" language="en" country="US">
      <UUID>ae473d02-0063-4fee-a143-7882c13c0a48</UUID>
      <Text>&lt;div class="skyeSubTitle"&gt;
   News for your agents. &lt;b&gt;Faster, Smarter, Better!&lt;/b&gt;
&lt;/div&gt;
 &lt;div class="skyeText"&gt;
   Here you can write some text that will be displayed to the users of your online application. This text can be different depeding on the distribution channel and the role of the logged in user. This section is prepared to display a text of about 370 characters inlcuding spaces. If you need more space, the custom css has to be adapted.
&lt;/div&gt;</Text>
    </ProductText>
    <ProductText name="header" language="en" country="US">
      <UUID>cf03d033-790f-48ae-aeea-51061e65f934</UUID>
      <Text>News</Text>
    </ProductText>
  </ProductTextList>
  <ProductValueRangeList>
    <ProductValueRange name="Reference.referencedModelsVR" type="fix">
      <UUID>efb0e40f-b816-4ec0-b20f-18979a30b4c7</UUID>
    </ProductValueRange>
  </ProductValueRangeList>
  <DefinitionBusinessObjectContextList />
  <DefinitionResourceList />
  <AbstractProductBrickList />
  <ProductValueList>
    <ProductValue name=" " type="value">
      <UUID>fc69750f-840d-42f8-9c3e-d1745d3ed8f3</UUID>
      <SortOrder>0</SortOrder>
      <Value />
    </ProductValue>
  </ProductValueList>
  <ProductPolicyAttribute name="@ComponentOwner" visibilityLevel="0" mandatory="false" unit="" format="" numberOfDecimals="0" attributeClass=" " type="Reference">
    <UUID>63a246ca-9688-429f-84e5-ab9b9f5e8ecb</UUID>
    <SortOrder>99</SortOrder>
    <InputType>Textbox</InputType>
    <DataType>product</DataType>
    <MaxLength>4000</MaxLength>
    <MinLength>0</MinLength>
    <ProductValueRangeRelation>
      <UUID>01bd988e-5d17-432f-9f52-4c812b479e6d</UUID>
      <SortOrder>99</SortOrder>
      <ProductValueRangeUUID>efb0e40f-b816-4ec0-b20f-18979a30b4c7</ProductValueRangeUUID>
    </ProductValueRangeRelation>
    <ProductBackendInfo name="Skye.Core.DataSecurity">
      <UUID>82f399c1-f084-4aaf-b740-24edf93ec61d</UUID>
      <Info>Standard</Info>
    </ProductBackendInfo>
    <ProductBackendInfo name="Skye.AllowValueSetViaUnencryptedURL">
      <UUID>f0a8fc65-1876-4386-a3fc-47ae0409749b</UUID>
      <Info>False</Info>
    </ProductBackendInfo>
    <ProductBackendInfo name="Skye.AttributeAlias">
      <UUID>fbe3a5e4-aa67-4a14-937d-736f56c0d1a9</UUID>
      <Info />
    </ProductBackendInfo>
    <DefinitionValueRelation>
      <UUID>11ea11e6-7444-13ae-9bb3-63709490e9be</UUID>
      <DefinitionValueUUID>fc69750f-840d-42f8-9c3e-d1745d3ed8f3</DefinitionValueUUID>
    </DefinitionValueRelation>
  </ProductPolicyAttribute>
  <ProductTextRelation>
    <ProductTextUUID>cf03d033-790f-48ae-aeea-51061e65f934</ProductTextUUID>
  </ProductTextRelation>
  <ProductTextRelation>
    <ProductTextUUID>ae473d02-0063-4fee-a143-7882c13c0a48</ProductTextUUID>
  </ProductTextRelation>
  <DefinitionDependentLists>
    <DefinitionDependencyDefaultValueList />
    <DefinitionDependencyValueRangeList />
    <DefinitionDependencyVisibilityList />
    <DefinitionDependencyMandatoryList />
    <DefinitionDependencyToDependencyList />
    <DefinitionDependencyValueRangeFilterValuesList />
    <DefinitionDependencyDataSourceAttributeList />
  </DefinitionDependentLists>
</Product>