﻿<?xml version="1.0" encoding="utf-8"?>
<Product xmlns:xsd="http://www.w3.org/2001/XMLSchema" xmlns:xsi="http://www.w3.org/2001/XMLSchema-instance" name="Application" lastChanged="2019-10-15T13:15:25Z" implementationClass=" " versionUuid=" " modelType="application" subModelType="" skyeEditorVersion="7.15.0.16">
  <UUID>2b5c3aaf-ed7b-47e8-9474-a7dbfcff701a</UUID>
  <SortOrder>0</SortOrder>
  <BusinessUnit> </BusinessUnit>
  <Section> </Section>
  <ProductTextList>
    <ProductText name="short" language="en" country="US">
      <UUID>0134669c-20ef-47ed-92a8-4aed623c18e6</UUID>
      <Text>Innoveo website</Text>
    </ProductText>
    <ProductText name="errorNotAvailableTitle" language="en" country="US">
      <UUID>08156567-25ed-46c1-be1b-4890a56d8a4f</UUID>
      <Text>Resource not available</Text>
    </ProductText>
    <ProductText name="errorConcurrentUpdatedImplementationMessage" language="en" country="US">
      <UUID>0d57e79f-8366-43e0-abf5-8b5c853df638</UUID>
      <Text>Could not update this implementation due to update done by another user.</Text>
    </ProductText>
    <ProductText name="short" language="en" country="US">
      <UUID>142d178b-50b0-4f40-9a35-9d5131b42cc3</UUID>
      <Text />
    </ProductText>
    <ProductText name="errorTimeOutMessage" language="en" country="US">
      <UUID>19b1e94d-4075-4ffe-a7c6-c05428162e08</UUID>
      <Text>Your session is lost. Please start again. </Text>
    </ProductText>
    <ProductText name="errorNotAvailableMessage" language="en" country="US">
      <UUID>1a1780e8-41a3-4f1d-807c-b1f426bb6ec3</UUID>
      <Text>An error has occured. Please contact your system administrator. </Text>
    </ProductText>
    <ProductText name="errorTimeOutTitle" language="en" country="US">
      <UUID>23813abe-f4fc-4ed1-98fc-bdc11b142ee3</UUID>
      <Text>Session time out</Text>
    </ProductText>
    <ProductText name="errorServerNotRespondingTitle" language="en" country="US">
      <UUID>24ada65a-3569-4bf2-b559-57c9bd85a332</UUID>
      <Text>Server not responding</Text>
    </ProductText>
    <ProductText name="errorTimeOutButton" language="en" country="US">
      <UUID>2bd57889-0c1e-4b12-8ae4-d36178728937</UUID>
      <Text>Ok</Text>
    </ProductText>
    <ProductText name="errorAccessDeniedMessage" language="en" country="US">
      <UUID>2cff386a-b029-4169-a64c-24a298b2fd8d</UUID>
      <Text>An error has occured. Please contact your system administrator.</Text>
    </ProductText>
    <ProductText name="url" language="en" country="US">
      <UUID>340a0ef5-e185-441f-a14a-45d6a3552a96</UUID>
      <Text>http://www.innoveo.com</Text>
    </ProductText>
    <ProductText name="errorServerExceptionMessage" language="en" country="US">
      <UUID>6492a02d-3a58-4289-94bd-7163648ab9c0</UUID>
      <Text>&lt;article&gt;
   &lt;section&gt;
       &lt;p&gt;An error has occured. Please contact your system administrator.&lt;/p&gt;    
       &lt;a class="skyeModel-link" href="%{SkyeConfigurationProperty['resourceBaseUrl']}/page/%{SkyeContext['channel']}/en/us/index.html"&gt;Click to continue&lt;/a&gt;
   &lt;/section&gt;  
&lt;/article&gt;</Text>
    </ProductText>
    <ProductText name="errorHiddenObjectMessage" language="en" country="US">
      <UUID>6eac73c6-8a8b-4029-8398-35ac0fb021ae</UUID>
      <Text>Server exception</Text>
    </ProductText>
    <ProductText name="errorConcurrentUpdatedImplementationButton" language="en" country="US">
      <UUID>7bb0197a-05a5-4c38-adc8-11f16d189544</UUID>
      <Text>Ok</Text>
    </ProductText>
    <ProductText name="errorAccessDeniedTitle" language="en" country="US">
      <UUID>7da3651b-93f3-4ca7-b053-5fc705dea101</UUID>
      <Text>Access denied</Text>
    </ProductText>
    <ProductText name="metaDataPageKeywords" language="en" country="US">
      <UUID>7e17b106-2453-4ceb-8553-1d59b0ce307d</UUID>
      <Text />
    </ProductText>
    <ProductText name="short" language="en" country="US">
      <UUID>8202b033-df8c-4a98-a2bd-91ec0f2341dc</UUID>
      <Text />
    </ProductText>
    <ProductText name="short" language="en" country="US">
      <UUID>887c50cb-c85a-42a8-ae48-8d2cb71ccb9a</UUID>
      <Text />
    </ProductText>
    <ProductText name="errorBrowserNotSupportedTitle" language="en" country="US">
      <UUID>91bd68d9-24d3-4a6a-b3fc-27022f954f19</UUID>
      <Text>Browser not supported</Text>
    </ProductText>
    <ProductText name="metaDataPageDescription" language="en" country="US">
      <UUID>a3e89e0b-6d0e-429b-a0a6-a37442fe6fa7</UUID>
      <Text />
    </ProductText>
    <ProductText name="errorConcurrentUpdatedImplementationTitle" language="en" country="US">
      <UUID>a5bab615-7225-43ac-8364-f86c9b3aaa6c</UUID>
      <Text>Concurrent update</Text>
    </ProductText>
    <ProductText name="short" language="en" country="US">
      <UUID>b5c49dbb-4580-4a40-a859-6e067239ba28</UUID>
      <Text>English</Text>
    </ProductText>
    <ProductText name="url" language="en" country="US">
      <UUID>b7ebd095-5c76-4280-8727-1f961d52b960</UUID>
      <Text>http://www.google.com</Text>
    </ProductText>
    <ProductText name="errorServerNotRespondingButton" language="en" country="US">
      <UUID>c8cb1229-aed7-455e-b8c5-661030518b81</UUID>
      <Text>Ok</Text>
    </ProductText>
    <ProductText name="errorFirewallMessage" language="en" country="US">
      <UUID>d1caf5dc-b95c-4694-a109-f4b4c2adf511</UUID>
      <Text>Access was denied for the entered input</Text>
    </ProductText>
    <ProductText name="errorBrowserNotSupportedMessage" language="en" country="US">
      <UUID>ddb32cd7-047b-494d-bf63-1b3aafc401e1</UUID>
      <Text>This browser is not supported.</Text>
    </ProductText>
    <ProductText name="short" language="en" country="US">
      <UUID>e2a562bd-702f-4366-a18c-4846e0314c78</UUID>
      <Text>callcenter</Text>
    </ProductText>
    <ProductText name="errorFirewallButton" language="en" country="US">
      <UUID>e2a86c90-d77e-4fe0-b0fd-30e341e24813</UUID>
      <Text>Ok</Text>
    </ProductText>
    <ProductText name="errorServerExceptionButton" language="en" country="US">
      <UUID>e57c392b-d267-460f-9778-e02ee0124727</UUID>
      <Text>Ok</Text>
    </ProductText>
    <ProductText name="errorHiddenObjectTitle" language="en" country="US">
      <UUID>e9e2a1aa-d352-40ac-9e88-eb71650acec4</UUID>
      <Text>Hidden object</Text>
    </ProductText>
    <ProductText name="errorFirewallTitle" language="en" country="US">
      <UUID>ec78e14c-5d94-440c-befd-9feaba518d62</UUID>
      <Text>Forbidden access</Text>
    </ProductText>
    <ProductText name="errorServerNotRespondingMessage" language="en" country="US">
      <UUID>ef678472-7c99-4a42-ba51-1677ada95340</UUID>
      <Text>A network connection problem occured. </Text>
    </ProductText>
    <ProductText name="short" language="en" country="US">
      <UUID>f9824b2e-18d8-4dbe-8373-b21153ba0e13</UUID>
      <Text>Google</Text>
    </ProductText>
    <ProductText name="errorServerExceptionTitle" language="en" country="US">
      <UUID>fdee8786-784d-443e-aa58-bf2148feca69</UUID>
      <Text>Server exception</Text>
    </ProductText>
  </ProductTextList>
  <ProductValueRangeList>
    <ProductValueRange name="admin" type="fix">
      <UUID>5dab887b-c863-4b21-99bf-c317a3ca2ec8</UUID>
      <DefinitionValueRelation>
        <UUID>11e9f0dd-8334-b95c-8a2d-1f914ab48f5c</UUID>
        <DefinitionValueUUID>cbc9796e-80e7-4d71-bd07-4dd99c470c79</DefinitionValueUUID>
      </DefinitionValueRelation>
    </ProductValueRange>
    <ProductValueRange name="LanguagesValueRange" type="fix">
      <UUID>6d3565b1-6566-4812-9812-4271d193022c</UUID>
      <DefinitionValueRelation>
        <UUID>11e9f0dd-8334-b95a-8a2d-1f914ab48f5c</UUID>
        <DefinitionValueUUID>03f3d831-8404-40e1-9341-e60842e831fc</DefinitionValueUUID>
      </DefinitionValueRelation>
    </ProductValueRange>
    <ProductValueRange name="channels" type="fix">
      <UUID>8e866eb5-097a-49bc-8799-89de24ccce09</UUID>
      <DefinitionValueRelation>
        <UUID>11e9f0dd-8334-b948-8a2d-1f914ab48f5c</UUID>
        <DefinitionValueUUID>ce1be49c-0abf-4eec-928e-60c82988926a</DefinitionValueUUID>
      </DefinitionValueRelation>
      <DefinitionValueRelation>
        <UUID>11e9f0dd-8334-b94d-8a2d-1f914ab48f5c</UUID>
        <DefinitionValueUUID>9bcb79d9-fa05-4a1a-a5f0-7634c3d820e5</DefinitionValueUUID>
      </DefinitionValueRelation>
      <DefinitionValueRelation>
        <UUID>11e9f0dd-8334-b952-8a2d-1f914ab48f5c</UUID>
        <DefinitionValueUUID>ffec7c20-c7fd-4ec9-8063-f6f623c620fa</DefinitionValueUUID>
      </DefinitionValueRelation>
    </ProductValueRange>
    <ProductValueRange name="InvalidValueRange" type="fix">
      <UUID>974d905d-2268-4639-be44-e90ceec49d92</UUID>
      <DefinitionValueRelation>
        <UUID>11e9f0dd-8334-b951-8a2d-1f914ab48f5c</UUID>
        <DefinitionValueUUID>12df1d38-f3fe-470d-b646-54d8a13e5505</DefinitionValueUUID>
      </DefinitionValueRelation>
    </ProductValueRange>
    <ProductValueRange name="public" type="fix">
      <UUID>bf16d86b-4dd5-4ae4-9ef9-8b4ddbc8628f</UUID>
      <DefinitionValueRelation>
        <UUID>11e9f0dd-8334-b95b-8a2d-1f914ab48f5c</UUID>
        <DefinitionValueUUID>e35def50-29a2-483b-82ba-093a3b65699a</DefinitionValueUUID>
      </DefinitionValueRelation>
    </ProductValueRange>
    <ProductValueRange name="callcenter" type="fix">
      <UUID>fcf533dd-d518-4a81-b7c9-1f12a0451148</UUID>
      <DefinitionValueRelation>
        <UUID>11e9f0dd-8334-b946-8a2d-1f914ab48f5c</UUID>
        <DefinitionValueUUID>7bae061c-bc4b-4322-b400-529132248917</DefinitionValueUUID>
      </DefinitionValueRelation>
    </ProductValueRange>
  </ProductValueRangeList>
  <DefinitionBusinessObjectContextList />
  <DefinitionResourceList>
    <DefinitionResource name="InnoveoSkye_png" language="en" country="US">
      <UUID>41a5f8b1-9625-4386-90ec-11514e2561a3</UUID>
      <resourceName>InnoveoSkye.png</resourceName>
      <resourceType>resource</resourceType>
    </DefinitionResource>
    <DefinitionResource name="custom_js" language="en" country="US">
      <UUID>46916c10-4935-4f40-b5c4-33c1cfd35e40</UUID>
      <resourceName>custom.js</resourceName>
      <resourceType>resource</resourceType>
    </DefinitionResource>
    <DefinitionResource name="custom-private_css" language="en" country="US">
      <UUID>483c9f87-5528-4d96-b943-e011b30aa59f</UUID>
      <resourceName>custom-private.css</resourceName>
      <resourceType>resource</resourceType>
    </DefinitionResource>
    <DefinitionResource name="messageBundle_en_properties" language="en" country="US">
      <UUID>875b6a29-99cf-4c74-9802-a402c8d6b9ea</UUID>
      <resourceName>messageBundle_en.properties</resourceName>
      <resourceType>resource</resourceType>
    </DefinitionResource>
    <DefinitionResource name="custom-public_css" language="en" country="US">
      <UUID>d4e19a35-d379-431a-a730-846ddecce16a</UUID>
      <resourceName>custom-public.css</resourceName>
      <resourceType>resource</resourceType>
    </DefinitionResource>
    <DefinitionResource name="bg-default_jpg" language="en" country="US">
      <UUID>ee3fd911-f708-43fb-866a-212c5d15cc32</UUID>
      <resourceName>bg-default.jpg</resourceName>
      <resourceType>resource</resourceType>
    </DefinitionResource>
  </DefinitionResourceList>
  <AbstractProductBrickList />
  <ProductValueList>
    <ProductValue name="%definitionResource(def[Application], 'en', 'us', 'custom-private.css')" type="value">
      <UUID>01c180cf-f5a4-45b3-8741-6cf82ec0b1a8</UUID>
      <SortOrder>0</SortOrder>
      <Value>%definitionResource(def[Application], 'en', 'us', 'custom-private.css')</Value>
    </ProductValue>
    <ProductValue name="public" type="value">
      <UUID>0208678a-f96b-4fcf-9400-faec0f3cb19d</UUID>
      <SortOrder>0</SortOrder>
      <Value>public</Value>
    </ProductValue>
    <ProductValue name="en_US" type="value">
      <UUID>03f3d831-8404-40e1-9341-e60842e831fc</UUID>
      <SortOrder>0</SortOrder>
      <Value>en_US</Value>
      <ProductTextRelation>
        <ProductTextUUID>b5c49dbb-4580-4a40-a859-6e067239ba28</ProductTextUUID>
      </ProductTextRelation>
    </ProductValue>
    <ProductValue name="public" type="value">
      <UUID>04be25e2-3ca2-440a-82a3-447e445d197d</UUID>
      <SortOrder>0</SortOrder>
      <Value>public</Value>
    </ProductValue>
    <ProductValue name=" " type="value">
      <UUID>11476065-f315-4067-871b-8fb292f43d7b</UUID>
      <SortOrder>0</SortOrder>
      <Value />
    </ProductValue>
    <ProductValue name="INVALID" type="value">
      <UUID>12df1d38-f3fe-470d-b646-54d8a13e5505</UUID>
      <SortOrder>0</SortOrder>
      <Value>INVALID</Value>
    </ProductValue>
    <ProductValue name=" " type="value">
      <UUID>134b48b9-da6c-475c-9c70-ac524b2f9344</UUID>
      <SortOrder>0</SortOrder>
      <Value />
    </ProductValue>
    <ProductValue name="%{Application.CurrentChannel-&gt;shortOrFormattedValue}" type="value">
      <UUID>2929f789-3182-4a87-8653-043f33271652</UUID>
      <SortOrder>0</SortOrder>
      <Value>%{Application.CurrentChannel-&gt;shortOrFormattedValue}</Value>
    </ProductValue>
    <ProductValue name="public" type="value">
      <UUID>3ab2f32f-a5aa-40ae-82d9-6246b35eeecc</UUID>
      <SortOrder>0</SortOrder>
      <Value>public</Value>
    </ProductValue>
    <ProductValue name="callcenter" type="value">
      <UUID>3b068c7e-de9a-4e07-97cd-7dfb78ad3d97</UUID>
      <SortOrder>0</SortOrder>
      <Value>callcenter</Value>
    </ProductValue>
    <ProductValue name="dd.MM.yyyy" type="value">
      <UUID>3c3ecc51-a20b-4a56-9254-322359157cb4</UUID>
      <SortOrder>0</SortOrder>
      <Value>dd.MM.yyyy</Value>
    </ProductValue>
    <ProductValue name="undefined" type="value">
      <UUID>41a9efa8-c8c0-4f25-a65c-72cf047c32db</UUID>
      <SortOrder>0</SortOrder>
      <Value>undefined</Value>
    </ProductValue>
    <ProductValue name=" " type="value">
      <UUID>4cada65e-ca0e-4f66-adb8-f82bf6bddef3</UUID>
      <SortOrder>0</SortOrder>
      <Value />
    </ProductValue>
    <ProductValue name="%definitionResource(def[Application], 'en', 'us', 'custom.js')" type="value">
      <UUID>571c28c7-423c-43b5-8ca9-d2a62cef6c92</UUID>
      <SortOrder>0</SortOrder>
      <Value>%definitionResource(def[Application], 'en', 'us', 'custom.js')</Value>
    </ProductValue>
    <ProductValue name="callcenter" type="value">
      <UUID>5a18d8da-6104-4c5a-823f-213697f3c789</UUID>
      <SortOrder>0</SortOrder>
      <Value>callcenter</Value>
    </ProductValue>
    <ProductValue name=" " type="value">
      <UUID>60ac6aa1-1f61-4014-8b68-914857cd9ded</UUID>
      <SortOrder>0</SortOrder>
      <Value />
    </ProductValue>
    <ProductValue name="system" type="value">
      <UUID>61437005-a03c-40a8-adf8-78b681d8d00c</UUID>
      <SortOrder>0</SortOrder>
      <Value>system</Value>
    </ProductValue>
    <ProductValue name=" " type="value">
      <UUID>63c06f26-3f15-416f-91dc-761119f5734e</UUID>
      <SortOrder>0</SortOrder>
      <Value />
    </ProductValue>
    <ProductValue name="true" type="value">
      <UUID>7a846c5e-8435-4ad2-85b0-d45aa74fae48</UUID>
      <SortOrder>0</SortOrder>
      <Value>true</Value>
    </ProductValue>
    <ProductValue name="CALLCENTER" type="value">
      <UUID>7bae061c-bc4b-4322-b400-529132248917</UUID>
      <SortOrder>0</SortOrder>
      <Value>CALLCENTER</Value>
    </ProductValue>
    <ProductValue name="%definitionResource(def[Application], 'en', 'us', 'bg-default.jpg')" type="value">
      <UUID>931b5a44-6ce0-4553-a2ba-34a0d9543000</UUID>
      <SortOrder>0</SortOrder>
      <Value>%definitionResource(def[Application], 'en', 'us', 'bg-default.jpg')</Value>
    </ProductValue>
    <ProductValue name="system" type="value">
      <UUID>9bcb79d9-fa05-4a1a-a5f0-7634c3d820e5</UUID>
      <SortOrder>0</SortOrder>
      <Value>system</Value>
    </ProductValue>
    <ProductValue name="%{SkyeContext['skyeRole']}" type="value">
      <UUID>ac69499d-1bae-450d-adb5-0cc44d0e6c4f</UUID>
      <SortOrder>0</SortOrder>
      <Value>%{SkyeContext['skyeRole']}</Value>
    </ProductValue>
    <ProductValue name="%definitionResource(def[Application], 'en', 'us', 'InnoveoSkye.png')" type="value">
      <UUID>b5f53843-f355-432f-9177-b023369b22aa</UUID>
      <SortOrder>0</SortOrder>
      <Value>%definitionResource(def[Application], 'en', 'us', 'InnoveoSkye.png')</Value>
    </ProductValue>
    <ProductValue name="undefined" type="value">
      <UUID>cb2f26b9-3f57-4c23-b669-8f598594eddf</UUID>
      <SortOrder>0</SortOrder>
      <Value>undefined</Value>
    </ProductValue>
    <ProductValue name="ADMIN" type="value">
      <UUID>cbc9796e-80e7-4d71-bd07-4dd99c470c79</UUID>
      <SortOrder>0</SortOrder>
      <Value>ADMIN</Value>
    </ProductValue>
    <ProductValue name="system" type="value">
      <UUID>cc35a2e5-f741-4169-8a42-ab98dd648c9b</UUID>
      <SortOrder>0</SortOrder>
      <Value>system</Value>
    </ProductValue>
    <ProductValue name="system" type="value">
      <UUID>cddda6eb-8ef5-44a7-9c62-16e5b4310092</UUID>
      <SortOrder>0</SortOrder>
      <Value>system</Value>
    </ProductValue>
    <ProductValue name="callcenter" type="value">
      <UUID>ce1be49c-0abf-4eec-928e-60c82988926a</UUID>
      <SortOrder>0</SortOrder>
      <Value>callcenter</Value>
      <ProductTextRelation>
        <ProductTextUUID>e2a562bd-702f-4366-a18c-4846e0314c78</ProductTextUUID>
      </ProductTextRelation>
    </ProductValue>
    <ProductValue name=" " type="value">
      <UUID>d1055d51-fc9b-4c89-8191-18de86500f31</UUID>
      <SortOrder>0</SortOrder>
      <Value />
    </ProductValue>
    <ProductValue name=" " type="value">
      <UUID>d120c6ce-8e79-4919-bfb5-bf8c85f060ca</UUID>
      <SortOrder>0</SortOrder>
      <Value />
    </ProductValue>
    <ProductValue name="en_US" type="value">
      <UUID>d52145c4-5610-4a81-a280-b518837487a3</UUID>
      <SortOrder>0</SortOrder>
      <Value>en_US</Value>
    </ProductValue>
    <ProductValue name="%{SkyeContext['channel']}" type="value">
      <UUID>d839b764-c2a3-4d76-8aa3-9aba9202c015</UUID>
      <SortOrder>0</SortOrder>
      <Value>%{SkyeContext['channel']}</Value>
    </ProductValue>
    <ProductValue name="callcenter" type="value">
      <UUID>df047687-4725-4d37-8504-6f8eec20099e</UUID>
      <SortOrder>0</SortOrder>
      <Value>callcenter</Value>
    </ProductValue>
    <ProductValue name="admin" type="value">
      <UUID>e2515c59-dbc3-4ef5-b9f0-80289cd51637</UUID>
      <SortOrder>0</SortOrder>
      <Value>admin</Value>
    </ProductValue>
    <ProductValue name="ANONYMOUS" type="value">
      <UUID>e35def50-29a2-483b-82ba-093a3b65699a</UUID>
      <SortOrder>0</SortOrder>
      <Value>ANONYMOUS</Value>
    </ProductValue>
    <ProductValue name="%definitionResource(def[Application], 'en', 'us', 'custom-public.css')" type="value">
      <UUID>f05bfe81-c792-47d8-9d7d-5180b6de1d01</UUID>
      <SortOrder>0</SortOrder>
      <Value>%definitionResource(def[Application], 'en', 'us', 'custom-public.css')</Value>
    </ProductValue>
    <ProductValue name="public" type="value">
      <UUID>ffec7c20-c7fd-4ec9-8063-f6f623c620fa</UUID>
      <SortOrder>0</SortOrder>
      <Value>public</Value>
    </ProductValue>
  </ProductValueList>
  <ProductPolicyAttribute name="@Languages" visibilityLevel="2" mandatory="false" unit=" " format=" " numberOfDecimals="0" attributeClass=" " type="Standard">
    <UUID>b0f96439-b57e-41a8-b46a-c09b887a0052</UUID>
    <SortOrder>0</SortOrder>
    <InputType>Textbox</InputType>
    <DataType>String</DataType>
    <MaxLength>4000</MaxLength>
    <MinLength>0</MinLength>
    <ProductValueRangeRelation>
      <UUID>fe3a3860-74d8-4a17-a459-564cd01f3480</UUID>
      <SortOrder>0</SortOrder>
      <ProductValueRangeUUID>6d3565b1-6566-4812-9812-4271d193022c</ProductValueRangeUUID>
    </ProductValueRangeRelation>
    <ProductBackendInfo name="Skye.AllowValueSetViaUnencryptedURL">
      <UUID>3ee6ff1c-65e7-4903-b35b-ab61a2fbad9e</UUID>
      <Info>False</Info>
    </ProductBackendInfo>
    <ProductBackendInfo name="Skye.AttributeAlias">
      <UUID>61abcdbe-1e52-4fa8-81a2-47d43b8f634d</UUID>
      <Info />
    </ProductBackendInfo>
    <ProductBackendInfo name="Skye.LanguageSwitcherStyle">
      <UUID>6482e005-ff1e-4749-81cf-74a20d744857</UUID>
      <Info>Flags</Info>
    </ProductBackendInfo>
    <ProductBackendInfo name="Skye.LanguageSwitcherLabelDelimiter">
      <UUID>9a57f200-e2a6-477e-a78e-b85ef185e405</UUID>
      <Info>|</Info>
    </ProductBackendInfo>
    <ProductBackendInfo name="Skye.Core.DataSecurity">
      <UUID>b00b409d-72eb-4d2c-b90e-c8043173b93a</UUID>
      <Info>Standard</Info>
    </ProductBackendInfo>
    <DefinitionValueRelation>
      <UUID>11e9f0dd-8334-b957-8a2d-1f914ab48f5c</UUID>
      <DefinitionValueUUID>d52145c4-5610-4a81-a280-b518837487a3</DefinitionValueUUID>
    </DefinitionValueRelation>
  </ProductPolicyAttribute>
  <ProductPolicyAttribute name="CurrentChannel" visibilityLevel="0" mandatory="false" unit=" " format=" " numberOfDecimals="0" attributeClass=" " type="Standard">
    <UUID>06591ccf-7585-4db2-bcbc-5b95c2eb7403</UUID>
    <SortOrder>99</SortOrder>
    <InputType>Textbox</InputType>
    <DataType>String</DataType>
    <MaxLength>4000</MaxLength>
    <MinLength>0</MinLength>
    <ProductBackendInfo name="Skye.AllowValueSetViaUnencryptedURL">
      <UUID>00a7c7bd-509f-4846-8c88-d7f80611078a</UUID>
      <Info>False</Info>
    </ProductBackendInfo>
    <ProductBackendInfo name="Skye.AttributeAlias">
      <UUID>c238cc79-07ce-4a02-a013-d306fce7bed7</UUID>
      <Info />
    </ProductBackendInfo>
    <ProductBackendInfo name="Skye.Core.DataSecurity">
      <UUID>da8f89cc-7917-48ed-aede-e4939f9b1690</UUID>
      <Info>Standard</Info>
    </ProductBackendInfo>
    <DefinitionValueRelation>
      <UUID>11e9f0dd-8334-b947-8a2d-1f914ab48f5c</UUID>
      <DefinitionValueUUID>d839b764-c2a3-4d76-8aa3-9aba9202c015</DefinitionValueUUID>
    </DefinitionValueRelation>
  </ProductPolicyAttribute>
  <ProductPolicyAttribute name="@WebRoles" visibilityLevel="2" mandatory="false" unit=" " format=" " numberOfDecimals="0" attributeClass=" " type="Standard">
    <UUID>16fa1400-1d3c-45d7-b28b-f8cdcacd5c5a</UUID>
    <SortOrder>99</SortOrder>
    <InputType>Textbox</InputType>
    <DataType>String</DataType>
    <MaxLength>4000</MaxLength>
    <MinLength>0</MinLength>
    <ProductValueRangeRelation>
      <UUID>5ab7ef6a-9200-45e0-a3b2-6cdbf9cb126e</UUID>
      <SortOrder>0</SortOrder>
      <ProductValueRangeUUID>974d905d-2268-4639-be44-e90ceec49d92</ProductValueRangeUUID>
    </ProductValueRangeRelation>
    <ProductValueRangeRelation>
      <UUID>5db8132f-1bca-4020-969f-97955c53a87a</UUID>
      <SortOrder>0</SortOrder>
      <ProductValueRangeUUID>fcf533dd-d518-4a81-b7c9-1f12a0451148</ProductValueRangeUUID>
    </ProductValueRangeRelation>
    <ProductValueRangeRelation>
      <UUID>b7e6b6fa-e60c-40c4-9be4-382c9ed7d7e4</UUID>
      <SortOrder>0</SortOrder>
      <ProductValueRangeUUID>5dab887b-c863-4b21-99bf-c317a3ca2ec8</ProductValueRangeUUID>
    </ProductValueRangeRelation>
    <ProductValueRangeRelation>
      <UUID>d6f31f12-cd99-4daa-a274-4b2edb407038</UUID>
      <SortOrder>99</SortOrder>
      <ProductValueRangeUUID>bf16d86b-4dd5-4ae4-9ef9-8b4ddbc8628f</ProductValueRangeUUID>
    </ProductValueRangeRelation>
    <ProductBackendInfo name="Skye.AttributeAlias">
      <UUID>0967164e-0b4b-45ca-8a19-4c5c203dadcf</UUID>
      <Info />
    </ProductBackendInfo>
    <ProductBackendInfo name="Skye.Core.DataSecurity">
      <UUID>2e19501c-cc27-436d-b2f3-5b33b83cb032</UUID>
      <Info>Standard</Info>
    </ProductBackendInfo>
    <ProductBackendInfo name="Skye.AllowValueSetViaUnencryptedURL">
      <UUID>f56f3540-c317-456c-ba26-3a183cc9b299</UUID>
      <Info>False</Info>
    </ProductBackendInfo>
    <DefinitionValueRelation>
      <UUID>11e9f0dd-8334-b958-8a2d-1f914ab48f5c</UUID>
      <DefinitionValueUUID>63c06f26-3f15-416f-91dc-761119f5734e</DefinitionValueUUID>
    </DefinitionValueRelation>
  </ProductPolicyAttribute>
  <ProductPolicyAttribute name="@Link1" visibilityLevel="0" mandatory="false" unit="" format="" numberOfDecimals="0" attributeClass=" " type="Standard">
    <UUID>2e1ad1f3-98e3-4d93-9c35-127eb0566dc9</UUID>
    <SortOrder>99</SortOrder>
    <InputType>Textbox</InputType>
    <DataType>String</DataType>
    <MaxLength>4000</MaxLength>
    <MinLength>0</MinLength>
    <ProductTextRelation>
      <ProductTextUUID>b7ebd095-5c76-4280-8727-1f961d52b960</ProductTextUUID>
    </ProductTextRelation>
    <ProductTextRelation>
      <ProductTextUUID>f9824b2e-18d8-4dbe-8373-b21153ba0e13</ProductTextUUID>
    </ProductTextRelation>
    <ProductBackendInfo name="Skye.AllowValueSetViaUnencryptedURL">
      <UUID>3677a457-7d5a-4de3-b339-836bb041b2ee</UUID>
      <Info>False</Info>
    </ProductBackendInfo>
    <ProductBackendInfo name="Skye.Core.DataSecurity">
      <UUID>96b3dbbb-906a-4883-8ff9-0c132368a379</UUID>
      <Info>Standard</Info>
    </ProductBackendInfo>
    <ProductBackendInfo name="Skye.AttributeAlias">
      <UUID>b26480c3-1c1d-43e4-8047-1b0ebdaf2131</UUID>
      <Info />
    </ProductBackendInfo>
    <DefinitionValueRelation>
      <UUID>11e9f0dd-8334-b94e-8a2d-1f914ab48f5c</UUID>
      <DefinitionValueUUID>11476065-f315-4067-871b-8fb292f43d7b</DefinitionValueUUID>
    </DefinitionValueRelation>
  </ProductPolicyAttribute>
  <ProductPolicyAttribute name="@Link2" visibilityLevel="0" mandatory="false" unit="" format="" numberOfDecimals="0" attributeClass=" " type="Standard">
    <UUID>2eb22526-0c67-4631-b427-75d5d63ed75d</UUID>
    <SortOrder>99</SortOrder>
    <InputType>Textbox</InputType>
    <DataType>String</DataType>
    <MaxLength>4000</MaxLength>
    <MinLength>0</MinLength>
    <ProductTextRelation>
      <ProductTextUUID>0134669c-20ef-47ed-92a8-4aed623c18e6</ProductTextUUID>
    </ProductTextRelation>
    <ProductTextRelation>
      <ProductTextUUID>340a0ef5-e185-441f-a14a-45d6a3552a96</ProductTextUUID>
    </ProductTextRelation>
    <ProductBackendInfo name="Skye.AllowValueSetViaUnencryptedURL">
      <UUID>43cdb683-be50-482c-95dd-6aeeed1007aa</UUID>
      <Info>False</Info>
    </ProductBackendInfo>
    <ProductBackendInfo name="Skye.AttributeAlias">
      <UUID>852bc051-80dd-4e07-97c8-bf0d6a97c4ac</UUID>
      <Info />
    </ProductBackendInfo>
    <ProductBackendInfo name="Skye.Core.DataSecurity">
      <UUID>859b3a22-374b-4ecd-8ca9-8dfc05d30bb4</UUID>
      <Info>Standard</Info>
    </ProductBackendInfo>
    <DefinitionValueRelation>
      <UUID>11e9f0dd-8334-b94a-8a2d-1f914ab48f5c</UUID>
      <DefinitionValueUUID>d1055d51-fc9b-4c89-8191-18de86500f31</DefinitionValueUUID>
    </DefinitionValueRelation>
  </ProductPolicyAttribute>
  <ProductPolicyAttribute name="@Image1" visibilityLevel="0" mandatory="false" unit=" " format=" " numberOfDecimals="0" attributeClass=" " type="Standard">
    <UUID>41e08067-4d79-48ee-894a-605c1123b266</UUID>
    <SortOrder>99</SortOrder>
    <InputType>Textbox</InputType>
    <DataType>String</DataType>
    <MaxLength>4000</MaxLength>
    <MinLength>0</MinLength>
    <ProductBackendInfo name="Skye.AttributeAlias">
      <UUID>ab79b232-7768-4666-b471-cf5e6087db56</UUID>
      <Info />
    </ProductBackendInfo>
    <ProductBackendInfo name="Skye.Core.DataSecurity">
      <UUID>b2260f86-2c55-44cb-888e-d339ffb518ea</UUID>
      <Info>Standard</Info>
    </ProductBackendInfo>
    <ProductBackendInfo name="Skye.AllowValueSetViaUnencryptedURL">
      <UUID>be070322-8626-4d09-a15e-598959a1f421</UUID>
      <Info>False</Info>
    </ProductBackendInfo>
    <DefinitionValueRelation>
      <UUID>11e9f0dd-8334-b94b-8a2d-1f914ab48f5c</UUID>
      <DefinitionValueUUID>b5f53843-f355-432f-9177-b023369b22aa</DefinitionValueUUID>
    </DefinitionValueRelation>
  </ProductPolicyAttribute>
  <ProductPolicyAttribute name="@CustomJS" visibilityLevel="0" mandatory="false" unit="" format="" numberOfDecimals="0" attributeClass=" " type="Standard">
    <UUID>4a040a2c-65e7-4d34-98c3-387a4c64cc04</UUID>
    <SortOrder>99</SortOrder>
    <InputType>Textbox</InputType>
    <DataType>String</DataType>
    <MaxLength>4000</MaxLength>
    <MinLength>0</MinLength>
    <ProductBackendInfo name="Skye.AttributeAlias">
      <UUID>150a21b2-4c62-48aa-8f13-43201bd25cd4</UUID>
      <Info />
    </ProductBackendInfo>
    <ProductBackendInfo name="Skye.Core.DataSecurity">
      <UUID>a49ad9ac-d07e-42a6-89ee-1e7c76682e36</UUID>
      <Info>Standard</Info>
    </ProductBackendInfo>
    <ProductBackendInfo name="Skye.AllowValueSetViaUnencryptedURL">
      <UUID>b6ee6d01-8502-44b5-ba7d-3e7384fec23f</UUID>
      <Info>False</Info>
    </ProductBackendInfo>
    <DefinitionValueRelation>
      <UUID>11e9f0dd-8334-b959-8a2d-1f914ab48f5c</UUID>
      <DefinitionValueUUID>571c28c7-423c-43b5-8ca9-d2a62cef6c92</DefinitionValueUUID>
    </DefinitionValueRelation>
  </ProductPolicyAttribute>
  <ProductPolicyAttribute name="@CustomCSS" visibilityLevel="0" mandatory="false" unit=" " format=" " numberOfDecimals="0" attributeClass=" " type="Standard">
    <UUID>5f6d32b7-93cd-449e-b757-b52e4d0db741</UUID>
    <SortOrder>99</SortOrder>
    <InputType>Textbox</InputType>
    <DataType>String</DataType>
    <MaxLength>4000</MaxLength>
    <MinLength>0</MinLength>
    <ProductBackendInfo name="Skye.AttributeAlias">
      <UUID>03915eed-d9f4-4f54-9407-1df7af8e4b07</UUID>
      <Info />
    </ProductBackendInfo>
    <ProductBackendInfo name="Skye.Core.DataSecurity">
      <UUID>066f6e6c-3910-4f1b-a31e-2bd4fe46318c</UUID>
      <Info>Standard</Info>
    </ProductBackendInfo>
    <ProductBackendInfo name="Skye.AllowValueSetViaUnencryptedURL">
      <UUID>3ef78e97-5da9-4bfc-9da4-c83756e175b1</UUID>
      <Info>False</Info>
    </ProductBackendInfo>
    <DefinitionValueRelation>
      <UUID>11e9f0dd-8334-b950-8a2d-1f914ab48f5c</UUID>
      <DefinitionValueUUID>01c180cf-f5a4-45b3-8741-6cf82ec0b1a8</DefinitionValueUUID>
    </DefinitionValueRelation>
  </ProductPolicyAttribute>
  <ProductPolicyAttribute name="@DateOutputFormat" visibilityLevel="0" mandatory="false" unit="" format="" numberOfDecimals="0" attributeClass=" " type="Standard">
    <UUID>9cad5586-6329-4a11-86c5-e94821921e82</UUID>
    <SortOrder>99</SortOrder>
    <InputType>Textbox</InputType>
    <DataType>String</DataType>
    <MaxLength>4000</MaxLength>
    <MinLength>0</MinLength>
    <ProductBackendInfo name="Skye.Core.DataSecurity">
      <UUID>563645fd-8cc7-4891-b27b-68ea7746fbe2</UUID>
      <Info>Standard</Info>
    </ProductBackendInfo>
    <ProductBackendInfo name="Skye.AttributeAlias">
      <UUID>a6a5cd11-f45a-417e-b278-bc31926489af</UUID>
      <Info />
    </ProductBackendInfo>
    <ProductBackendInfo name="Skye.AllowValueSetViaUnencryptedURL">
      <UUID>c74fcb1c-9744-47f8-b21b-77fbb8dbb501</UUID>
      <Info>False</Info>
    </ProductBackendInfo>
    <DefinitionValueRelation>
      <UUID>11e9f0dd-8334-b953-8a2d-1f914ab48f5c</UUID>
      <DefinitionValueUUID>3c3ecc51-a20b-4a56-9254-322359157cb4</DefinitionValueUUID>
    </DefinitionValueRelation>
  </ProductPolicyAttribute>
  <ProductPolicyAttribute name="@DateInputFormats" visibilityLevel="0" mandatory="false" unit="" format="" numberOfDecimals="0" attributeClass=" " type="Standard">
    <UUID>c1d6edb6-9a08-444e-93b7-53d81d629bcb</UUID>
    <SortOrder>99</SortOrder>
    <InputType>Textbox</InputType>
    <DataType>String</DataType>
    <MaxLength>4000</MaxLength>
    <MinLength>0</MinLength>
    <ProductBackendInfo name="Skye.AttributeAlias">
      <UUID>63e48553-f19d-41c6-8348-f8f15a1bdb56</UUID>
      <Info />
    </ProductBackendInfo>
    <ProductBackendInfo name="Skye.Core.DataSecurity">
      <UUID>77447cba-478b-410e-9b4b-b79df84858e3</UUID>
      <Info>Standard</Info>
    </ProductBackendInfo>
    <ProductBackendInfo name="Skye.AllowValueSetViaUnencryptedURL">
      <UUID>af753200-8c1c-4bf5-b094-3938aaa0c991</UUID>
      <Info>False</Info>
    </ProductBackendInfo>
    <DefinitionValueRelation>
      <UUID>11e9f0dd-8334-b956-8a2d-1f914ab48f5c</UUID>
      <DefinitionValueUUID>134b48b9-da6c-475c-9c70-ac524b2f9344</DefinitionValueUUID>
    </DefinitionValueRelation>
  </ProductPolicyAttribute>
  <ProductPolicyAttribute name="@AnalyticsModelTextId" visibilityLevel="0" mandatory="false" unit="" format="" numberOfDecimals="0" attributeClass=" " type="Standard">
    <UUID>c30a284e-e48a-4572-b179-47c4b4e71b09</UUID>
    <SortOrder>99</SortOrder>
    <InputType>Textbox</InputType>
    <DataType>String</DataType>
    <MaxLength>4000</MaxLength>
    <MinLength>0</MinLength>
    <ProductTextRelation>
      <ProductTextUUID>142d178b-50b0-4f40-9a35-9d5131b42cc3</ProductTextUUID>
    </ProductTextRelation>
    <ProductBackendInfo name="Skye.AttributeAlias">
      <UUID>0d67e0c4-eaf4-4986-ad4b-6c465c456767</UUID>
      <Info />
    </ProductBackendInfo>
    <ProductBackendInfo name="Skye.Core.DataSecurity">
      <UUID>2ead7328-50fd-4e20-85f7-76526fac420b</UUID>
      <Info>Standard</Info>
    </ProductBackendInfo>
    <ProductBackendInfo name="Skye.AllowValueSetViaUnencryptedURL">
      <UUID>d51a8a87-be2b-460f-b30d-e1657ceb8007</UUID>
      <Info>False</Info>
    </ProductBackendInfo>
    <DefinitionValueRelation>
      <UUID>11e9f0dd-8334-b94f-8a2d-1f914ab48f5c</UUID>
      <DefinitionValueUUID>d120c6ce-8e79-4919-bfb5-bf8c85f060ca</DefinitionValueUUID>
    </DefinitionValueRelation>
  </ProductPolicyAttribute>
  <ProductPolicyAttribute name="@Channels" visibilityLevel="2" mandatory="false" unit=" " format=" " numberOfDecimals="0" attributeClass=" " type="Standard">
    <UUID>d8d8cc3a-9afd-4e46-8473-e72c54cb3b8b</UUID>
    <SortOrder>99</SortOrder>
    <InputType>Textbox</InputType>
    <DataType>String</DataType>
    <MaxLength>4000</MaxLength>
    <MinLength>0</MinLength>
    <ProductValueRangeRelation>
      <UUID>7e614a12-548a-44d9-85ff-d77d41a27734</UUID>
      <SortOrder>0</SortOrder>
      <ProductValueRangeUUID>8e866eb5-097a-49bc-8799-89de24ccce09</ProductValueRangeUUID>
    </ProductValueRangeRelation>
    <ProductBackendInfo name="Skye.AllowValueSetViaUnencryptedURL">
      <UUID>89df47da-ea20-434b-896c-5983e8ca2deb</UUID>
      <Info>False</Info>
    </ProductBackendInfo>
    <ProductBackendInfo name="Skye.AttributeAlias">
      <UUID>9a79bd4b-675c-448c-a2de-2ac01be49117</UUID>
      <Info />
    </ProductBackendInfo>
    <ProductBackendInfo name="Skye.Core.DataSecurity">
      <UUID>a56c3ae4-8460-4b20-b281-7162799b18de</UUID>
      <Info>Standard</Info>
    </ProductBackendInfo>
    <DefinitionValueRelation>
      <UUID>11e9f0dd-8334-b949-8a2d-1f914ab48f5c</UUID>
      <DefinitionValueUUID>3b068c7e-de9a-4e07-97cd-7dfb78ad3d97</DefinitionValueUUID>
    </DefinitionValueRelation>
  </ProductPolicyAttribute>
  <ProductPolicyAttribute name="CurrentRole" visibilityLevel="0" mandatory="false" unit="" format="" numberOfDecimals="0" attributeClass=" " type="Standard">
    <UUID>da75b9eb-6136-4e11-bf39-e008d1955f85</UUID>
    <SortOrder>99</SortOrder>
    <InputType>Textbox</InputType>
    <DataType>String</DataType>
    <MaxLength>4000</MaxLength>
    <MinLength>0</MinLength>
    <ProductTextRelation>
      <ProductTextUUID>8202b033-df8c-4a98-a2bd-91ec0f2341dc</ProductTextUUID>
    </ProductTextRelation>
    <ProductBackendInfo name="Skye.AttributeAlias">
      <UUID>41b60e1a-424a-4b40-b70e-ba47a4066f30</UUID>
      <Info />
    </ProductBackendInfo>
    <ProductBackendInfo name="Skye.AllowValueSetViaUnencryptedURL">
      <UUID>7261fa08-1c11-4136-8f45-141e7621efbe</UUID>
      <Info>False</Info>
    </ProductBackendInfo>
    <ProductBackendInfo name="Skye.Core.DataSecurity">
      <UUID>9f797e3e-aa78-4aab-bfcb-e3809345e893</UUID>
      <Info>Standard</Info>
    </ProductBackendInfo>
    <DefinitionValueRelation>
      <UUID>11e9f0dd-8334-b95d-8a2d-1f914ab48f5c</UUID>
      <DefinitionValueUUID>ac69499d-1bae-450d-adb5-0cc44d0e6c4f</DefinitionValueUUID>
    </DefinitionValueRelation>
  </ProductPolicyAttribute>
  <ProductPolicyAttribute name="@DefaultBackgroundImage" visibilityLevel="0" mandatory="false" unit=" " format=" " numberOfDecimals="0" attributeClass=" " type="Standard">
    <UUID>eb496c51-5f9e-4ecb-b265-7d4fa2f94296</UUID>
    <SortOrder>99</SortOrder>
    <InputType>Textbox</InputType>
    <DataType>String</DataType>
    <MaxLength>4000</MaxLength>
    <MinLength>0</MinLength>
    <ProductBackendInfo name="Skye.AllowValueSetViaUnencryptedURL">
      <UUID>1ee33307-dac2-4585-bb30-1ac54eb9ce7c</UUID>
      <Info>False</Info>
    </ProductBackendInfo>
    <ProductBackendInfo name="Skye.Core.DataSecurity">
      <UUID>3d9aa731-208e-4092-af97-f059161d39c5</UUID>
      <Info>Standard</Info>
    </ProductBackendInfo>
    <ProductBackendInfo name="Skye.AttributeAlias">
      <UUID>83cc727a-0321-4cde-9092-e2117d53bd7f</UUID>
      <Info />
    </ProductBackendInfo>
    <DefinitionValueRelation>
      <UUID>11e9f0dd-8334-b954-8a2d-1f914ab48f5c</UUID>
      <DefinitionValueUUID>931b5a44-6ce0-4553-a2ba-34a0d9543000</DefinitionValueUUID>
    </DefinitionValueRelation>
  </ProductPolicyAttribute>
  <ProductPolicyAttribute name="@IsResponsive" visibilityLevel="0" mandatory="false" unit="" format="" numberOfDecimals="0" attributeClass=" " type="Standard">
    <UUID>ee48f8d8-f600-4ae9-bd8c-e6a7cd8c68d9</UUID>
    <SortOrder>99</SortOrder>
    <InputType>Textbox</InputType>
    <DataType>String</DataType>
    <MaxLength>4000</MaxLength>
    <MinLength>0</MinLength>
    <ProductBackendInfo name="Skye.AttributeAlias">
      <UUID>0362fd95-8a53-45a1-aec3-9340fc11c6b6</UUID>
      <Info />
    </ProductBackendInfo>
    <ProductBackendInfo name="Skye.AllowValueSetViaUnencryptedURL">
      <UUID>90208982-9fa3-45e4-91ce-68ebab5a95b6</UUID>
      <Info>False</Info>
    </ProductBackendInfo>
    <ProductBackendInfo name="Skye.Core.DataSecurity">
      <UUID>ae32e421-16a3-4ca7-a9ff-ebd798cba06d</UUID>
      <Info>Standard</Info>
    </ProductBackendInfo>
    <DefinitionValueRelation>
      <UUID>11e9f0dd-8334-b94c-8a2d-1f914ab48f5c</UUID>
      <DefinitionValueUUID>7a846c5e-8435-4ad2-85b0-d45aa74fae48</DefinitionValueUUID>
    </DefinitionValueRelation>
  </ProductPolicyAttribute>
  <ProductPolicyAttribute name="@MetaTag" visibilityLevel="0" mandatory="false" unit="" format="" numberOfDecimals="0" attributeClass=" " type="Standard">
    <UUID>ee5410cb-8848-4146-b21f-54a04bd3a46b</UUID>
    <SortOrder>99</SortOrder>
    <InputType>Textbox</InputType>
    <DataType>String</DataType>
    <MaxLength>4000</MaxLength>
    <MinLength>0</MinLength>
    <ProductTextRelation>
      <ProductTextUUID>a3e89e0b-6d0e-429b-a0a6-a37442fe6fa7</ProductTextUUID>
    </ProductTextRelation>
    <ProductTextRelation>
      <ProductTextUUID>7e17b106-2453-4ceb-8553-1d59b0ce307d</ProductTextUUID>
    </ProductTextRelation>
    <ProductBackendInfo name="Skye.AllowValueSetViaUnencryptedURL">
      <UUID>2d179e97-5406-4f9c-b821-9b5949438891</UUID>
      <Info>False</Info>
    </ProductBackendInfo>
    <ProductBackendInfo name="Skye.meta.robots">
      <UUID>43b81665-a422-44c1-86fb-37cba40ae0ea</UUID>
      <Info />
    </ProductBackendInfo>
    <ProductBackendInfo name="Skye.AttributeAlias">
      <UUID>aaa46aaf-6386-4731-bf8a-fd11a2de7308</UUID>
      <Info />
    </ProductBackendInfo>
    <ProductBackendInfo name="Skye.Core.DataSecurity">
      <UUID>d25974f7-9f7f-4f85-9c47-9849832eee48</UUID>
      <Info>Standard</Info>
    </ProductBackendInfo>
    <DefinitionValueRelation>
      <UUID>11e9f0dd-8334-b95e-8a2d-1f914ab48f5c</UUID>
      <DefinitionValueUUID>4cada65e-ca0e-4f66-adb8-f82bf6bddef3</DefinitionValueUUID>
    </DefinitionValueRelation>
  </ProductPolicyAttribute>
  <ProductPolicyAttribute name="@Image2" visibilityLevel="0" mandatory="false" unit="" format="" numberOfDecimals="0" attributeClass=" " type="Standard">
    <UUID>feeeafdf-68c7-45e6-a4b3-1c3f4d635a9d</UUID>
    <SortOrder>99</SortOrder>
    <InputType>Textbox</InputType>
    <DataType>String</DataType>
    <MaxLength>4000</MaxLength>
    <MinLength>0</MinLength>
    <ProductTextRelation>
      <ProductTextUUID>887c50cb-c85a-42a8-ae48-8d2cb71ccb9a</ProductTextUUID>
    </ProductTextRelation>
    <ProductBackendInfo name="Skye.AllowValueSetViaUnencryptedURL">
      <UUID>4cd0e8e1-7d5b-4616-b541-6cf01a190783</UUID>
      <Info>False</Info>
    </ProductBackendInfo>
    <ProductBackendInfo name="Skye.Core.DataSecurity">
      <UUID>5546e650-873a-477d-a9c1-87a6dd40e619</UUID>
      <Info>Standard</Info>
    </ProductBackendInfo>
    <ProductBackendInfo name="Skye.AttributeAlias">
      <UUID>e66eb1ca-ef22-4c26-912d-b0f9d8d4801c</UUID>
      <Info />
    </ProductBackendInfo>
    <DefinitionValueRelation>
      <UUID>11e9f0dd-8334-b955-8a2d-1f914ab48f5c</UUID>
      <DefinitionValueUUID>60ac6aa1-1f61-4014-8b68-914857cd9ded</DefinitionValueUUID>
    </DefinitionValueRelation>
  </ProductPolicyAttribute>
  <ProductTextRelation>
    <ProductTextUUID>08156567-25ed-46c1-be1b-4890a56d8a4f</ProductTextUUID>
  </ProductTextRelation>
  <ProductTextRelation>
    <ProductTextUUID>1a1780e8-41a3-4f1d-807c-b1f426bb6ec3</ProductTextUUID>
  </ProductTextRelation>
  <ProductTextRelation>
    <ProductTextUUID>a5bab615-7225-43ac-8364-f86c9b3aaa6c</ProductTextUUID>
  </ProductTextRelation>
  <ProductTextRelation>
    <ProductTextUUID>0d57e79f-8366-43e0-abf5-8b5c853df638</ProductTextUUID>
  </ProductTextRelation>
  <ProductTextRelation>
    <ProductTextUUID>7bb0197a-05a5-4c38-adc8-11f16d189544</ProductTextUUID>
  </ProductTextRelation>
  <ProductTextRelation>
    <ProductTextUUID>ddb32cd7-047b-494d-bf63-1b3aafc401e1</ProductTextUUID>
  </ProductTextRelation>
  <ProductTextRelation>
    <ProductTextUUID>7da3651b-93f3-4ca7-b053-5fc705dea101</ProductTextUUID>
  </ProductTextRelation>
  <ProductTextRelation>
    <ProductTextUUID>2cff386a-b029-4169-a64c-24a298b2fd8d</ProductTextUUID>
  </ProductTextRelation>
  <ProductTextRelation>
    <ProductTextUUID>e2a86c90-d77e-4fe0-b0fd-30e341e24813</ProductTextUUID>
  </ProductTextRelation>
  <ProductTextRelation>
    <ProductTextUUID>91bd68d9-24d3-4a6a-b3fc-27022f954f19</ProductTextUUID>
  </ProductTextRelation>
  <ProductTextRelation>
    <ProductTextUUID>6492a02d-3a58-4289-94bd-7163648ab9c0</ProductTextUUID>
  </ProductTextRelation>
  <ProductTextRelation>
    <ProductTextUUID>24ada65a-3569-4bf2-b559-57c9bd85a332</ProductTextUUID>
  </ProductTextRelation>
  <ProductTextRelation>
    <ProductTextUUID>ef678472-7c99-4a42-ba51-1677ada95340</ProductTextUUID>
  </ProductTextRelation>
  <ProductTextRelation>
    <ProductTextUUID>23813abe-f4fc-4ed1-98fc-bdc11b142ee3</ProductTextUUID>
  </ProductTextRelation>
  <ProductTextRelation>
    <ProductTextUUID>19b1e94d-4075-4ffe-a7c6-c05428162e08</ProductTextUUID>
  </ProductTextRelation>
  <ProductTextRelation>
    <ProductTextUUID>e57c392b-d267-460f-9778-e02ee0124727</ProductTextUUID>
  </ProductTextRelation>
  <ProductTextRelation>
    <ProductTextUUID>c8cb1229-aed7-455e-b8c5-661030518b81</ProductTextUUID>
  </ProductTextRelation>
  <ProductTextRelation>
    <ProductTextUUID>fdee8786-784d-443e-aa58-bf2148feca69</ProductTextUUID>
  </ProductTextRelation>
  <ProductTextRelation>
    <ProductTextUUID>2bd57889-0c1e-4b12-8ae4-d36178728937</ProductTextUUID>
  </ProductTextRelation>
  <ProductTextRelation>
    <ProductTextUUID>d1caf5dc-b95c-4694-a109-f4b4c2adf511</ProductTextUUID>
  </ProductTextRelation>
  <ProductTextRelation>
    <ProductTextUUID>ec78e14c-5d94-440c-befd-9feaba518d62</ProductTextUUID>
  </ProductTextRelation>
  <ProductTextRelation>
    <ProductTextUUID>e9e2a1aa-d352-40ac-9e88-eb71650acec4</ProductTextUUID>
  </ProductTextRelation>
  <ProductTextRelation>
    <ProductTextUUID>6eac73c6-8a8b-4029-8398-35ac0fb021ae</ProductTextUUID>
  </ProductTextRelation>
  <DefinitionDependentLists>
    <DefinitionDependencyDefaultValueList>
      <DefinitionDependencyDefaultValue name="custom-public#0">
        <UUID>dfbb8bd9-be90-485b-be17-63817d567477</UUID>
        <ClientUUID>5f6d32b7-93cd-449e-b757-b52e4d0db741</ClientUUID>
        <Operator>EQUALS</Operator>
        <SupplierValueUUID>3ab2f32f-a5aa-40ae-82d9-6246b35eeecc</SupplierValueUUID>
        <RefreshOnChange>true</RefreshOnChange>
        <DependencyChangeRefreshPolicy>2</DependencyChangeRefreshPolicy>
        <SupplierReference>Application.@Channels</SupplierReference>
        <ClientValueUUID>f05bfe81-c792-47d8-9d7d-5180b6de1d01</ClientValueUUID>
      </DefinitionDependencyDefaultValue>
      <DefinitionDependencyDefaultValue name="definedChannel#0">
        <UUID>e4d5ba3c-6339-4dbd-b808-df35e648db2e</UUID>
        <ClientUUID>d8d8cc3a-9afd-4e46-8473-e72c54cb3b8b</ClientUUID>
        <Operator>NOT_EQUALS_IGNORE_CASE</Operator>
        <SupplierValueUUID>41a9efa8-c8c0-4f25-a65c-72cf047c32db</SupplierValueUUID>
        <RefreshOnChange>true</RefreshOnChange>
        <DependencyChangeRefreshPolicy>2</DependencyChangeRefreshPolicy>
        <SupplierReference>Application.CurrentChannel</SupplierReference>
        <ClientValueUUID>2929f789-3182-4a87-8653-043f33271652</ClientValueUUID>
      </DefinitionDependencyDefaultValue>
      <DefinitionDependencyDefaultValue name="undefinedChannelBrokerRole#0">
        <UUID>fc3982d2-1c33-4f4f-9081-403f49ed5dac</UUID>
        <ClientUUID>d8d8cc3a-9afd-4e46-8473-e72c54cb3b8b</ClientUUID>
        <Operator>EQUALS_IGNORE_CASE</Operator>
        <SupplierValueUUID>cb2f26b9-3f57-4c23-b669-8f598594eddf</SupplierValueUUID>
        <RefreshOnChange>true</RefreshOnChange>
        <DependencyChangeRefreshPolicy>2</DependencyChangeRefreshPolicy>
        <SupplierReference>Application.CurrentChannel</SupplierReference>
        <ClientValueUUID>61437005-a03c-40a8-adf8-78b681d8d00c</ClientValueUUID>
      </DefinitionDependencyDefaultValue>
    </DefinitionDependencyDefaultValueList>
    <DefinitionDependencyValueRangeList>
      <DefinitionDependencyValueRange name="ChannelRestriction#0">
        <UUID>56f95237-46b6-48b6-8221-3d7c3e53001f</UUID>
        <ClientUUID>16fa1400-1d3c-45d7-b28b-f8cdcacd5c5a</ClientUUID>
        <Operator>NOT_EQUALS_IGNORE_CASE</Operator>
        <SupplierValueUUID>5a18d8da-6104-4c5a-823f-213697f3c789</SupplierValueUUID>
        <RefreshOnChange>false</RefreshOnChange>
        <DependencyChangeRefreshPolicy>0</DependencyChangeRefreshPolicy>
        <SupplierReference>Application.@Channels</SupplierReference>
        <ClientValueRangeUUID>974d905d-2268-4639-be44-e90ceec49d92</ClientValueRangeUUID>
      </DefinitionDependencyValueRange>
      <DefinitionDependencyValueRange name="callcenter#0">
        <UUID>8c0565b9-218f-4181-bf81-f2b7ddf164ff</UUID>
        <ClientUUID>16fa1400-1d3c-45d7-b28b-f8cdcacd5c5a</ClientUUID>
        <Operator>EQUALS_IGNORE_CASE</Operator>
        <SupplierValueUUID>df047687-4725-4d37-8504-6f8eec20099e</SupplierValueUUID>
        <RefreshOnChange>false</RefreshOnChange>
        <DependencyChangeRefreshPolicy>0</DependencyChangeRefreshPolicy>
        <SupplierReference>Application.@Channels</SupplierReference>
        <ClientValueRangeUUID>fcf533dd-d518-4a81-b7c9-1f12a0451148</ClientValueRangeUUID>
      </DefinitionDependencyValueRange>
      <DefinitionDependencyValueRange name="system#0">
        <UUID>8c750476-f111-43ca-aeea-49699014ac7d</UUID>
        <ClientUUID>16fa1400-1d3c-45d7-b28b-f8cdcacd5c5a</ClientUUID>
        <Operator>EQUALS</Operator>
        <SupplierValueUUID>cddda6eb-8ef5-44a7-9c62-16e5b4310092</SupplierValueUUID>
        <RefreshOnChange>false</RefreshOnChange>
        <DependencyChangeRefreshPolicy>0</DependencyChangeRefreshPolicy>
        <SupplierReference>Application.@Channels</SupplierReference>
        <ClientValueRangeUUID>5dab887b-c863-4b21-99bf-c317a3ca2ec8</ClientValueRangeUUID>
      </DefinitionDependencyValueRange>
      <DefinitionDependencyValueRange name="public#0">
        <UUID>f8df6271-be08-4f9d-89e6-13cb5c9d514e</UUID>
        <ClientUUID>16fa1400-1d3c-45d7-b28b-f8cdcacd5c5a</ClientUUID>
        <Operator>EQUALS</Operator>
        <SupplierValueUUID>0208678a-f96b-4fcf-9400-faec0f3cb19d</SupplierValueUUID>
        <RefreshOnChange>false</RefreshOnChange>
        <DependencyChangeRefreshPolicy>0</DependencyChangeRefreshPolicy>
        <SupplierReference>Application.@Channels</SupplierReference>
        <ClientValueRangeUUID>bf16d86b-4dd5-4ae4-9ef9-8b4ddbc8628f</ClientValueRangeUUID>
      </DefinitionDependencyValueRange>
    </DefinitionDependencyValueRangeList>
    <DefinitionDependencyVisibilityList />
    <DefinitionDependencyMandatoryList />
    <DefinitionDependencyToDependencyList>
      <DefinitionDependencyToDependency name="ChannelRestriction#1">
        <UUID>2c1512ec-513d-4c52-900f-fb5386076a04</UUID>
        <ClientUUID>56f95237-46b6-48b6-8221-3d7c3e53001f</ClientUUID>
        <Operator>NOT_EQUALS_IGNORE_CASE</Operator>
        <SupplierValueUUID>cc35a2e5-f741-4169-8a42-ab98dd648c9b</SupplierValueUUID>
        <RefreshOnChange>true</RefreshOnChange>
        <DependencyChangeRefreshPolicy>2</DependencyChangeRefreshPolicy>
        <SupplierReference>Application.@Channels</SupplierReference>
      </DefinitionDependencyToDependency>
      <DefinitionDependencyToDependency name="ChannelRestriction#2">
        <UUID>a7b5aabe-2122-4571-af4f-cf75d969d301</UUID>
        <ClientUUID>2c1512ec-513d-4c52-900f-fb5386076a04</ClientUUID>
        <Operator>NOT_EQUALS_IGNORE_CASE</Operator>
        <SupplierValueUUID>04be25e2-3ca2-440a-82a3-447e445d197d</SupplierValueUUID>
        <RefreshOnChange>true</RefreshOnChange>
        <DependencyChangeRefreshPolicy>2</DependencyChangeRefreshPolicy>
        <SupplierReference>Application.@Channels</SupplierReference>
      </DefinitionDependencyToDependency>
      <DefinitionDependencyToDependency name="undefinedChannelBrokerRole#1">
        <UUID>ce089547-e0bb-4b93-ad0f-968156944032</UUID>
        <ClientUUID>fc3982d2-1c33-4f4f-9081-403f49ed5dac</ClientUUID>
        <Operator>EQUALS_IGNORE_CASE</Operator>
        <SupplierValueUUID>e2515c59-dbc3-4ef5-b9f0-80289cd51637</SupplierValueUUID>
        <RefreshOnChange>true</RefreshOnChange>
        <DependencyChangeRefreshPolicy>2</DependencyChangeRefreshPolicy>
        <SupplierReference>Application.CurrentRole</SupplierReference>
      </DefinitionDependencyToDependency>
    </DefinitionDependencyToDependencyList>
    <DefinitionDependencyValueRangeFilterValuesList />
    <DefinitionDependencyDataSourceAttributeList />
  </DefinitionDependentLists>
  <DefinitionResourceRelation>
    <DefinitionResourceUUID>d4e19a35-d379-431a-a730-846ddecce16a</DefinitionResourceUUID>
  </DefinitionResourceRelation>
  <DefinitionResourceRelation>
    <DefinitionResourceUUID>41a5f8b1-9625-4386-90ec-11514e2561a3</DefinitionResourceUUID>
  </DefinitionResourceRelation>
  <DefinitionResourceRelation>
    <DefinitionResourceUUID>46916c10-4935-4f40-b5c4-33c1cfd35e40</DefinitionResourceUUID>
  </DefinitionResourceRelation>
  <DefinitionResourceRelation>
    <DefinitionResourceUUID>ee3fd911-f708-43fb-866a-212c5d15cc32</DefinitionResourceUUID>
  </DefinitionResourceRelation>
  <DefinitionResourceRelation>
    <DefinitionResourceUUID>875b6a29-99cf-4c74-9802-a402c8d6b9ea</DefinitionResourceUUID>
  </DefinitionResourceRelation>
  <DefinitionResourceRelation>
    <DefinitionResourceUUID>483c9f87-5528-4d96-b943-e011b30aa59f</DefinitionResourceUUID>
  </DefinitionResourceRelation>
</Product>