﻿<?xml version="1.0" encoding="utf-8"?>
<Product xmlns:xsd="http://www.w3.org/2001/XMLSchema" xmlns:xsi="http://www.w3.org/2001/XMLSchema-instance" name="HomeCreatePolicy" lastChanged="2019-10-15T13:06:02.8322484Z" implementationClass=" " modelType="process" skyeEditorVersion="7.15.0.16">
  <UUID>c32c1a42-29db-4e2b-bcaa-d273d50e5157</UUID>
  <BusinessUnit> </BusinessUnit>
  <Section> </Section>
  <ProductTextList>
    <ProductText name="header" language="en" country="US">
      <UUID>de067431-99fb-4c8a-b86a-f4cdf793959d</UUID>
      <Text>Quick Quote</Text>
    </ProductText>
    <ProductText name="header" language="en" country="US">
      <UUID>6a7d3ce1-52eb-426d-969b-f4facce3400c</UUID>
      <Text>Details</Text>
    </ProductText>
    <ProductText name="header" language="en" country="US">
      <UUID>b1da5d14-5d2a-4e9b-a5d3-716037410b7d</UUID>
      <Text>Payment</Text>
    </ProductText>
    <ProductText name="header" language="en" country="US">
      <UUID>6965c81b-3f1c-42cf-8b87-3327052c5e02</UUID>
      <Text>Confirmation</Text>
    </ProductText>
    <ProductText name="short" language="en" country="US">
      <UUID>e94e01fc-ef2e-4d04-8560-662a61a9f7b0</UUID>
      <Text>Create quote</Text>
    </ProductText>
    <ProductText name="short" language="en" country="US">
      <UUID>3baa313b-3fe6-4eb3-bbc4-2011d75d12d3</UUID>
      <Text>Back</Text>
    </ProductText>
    <ProductText name="short" language="en" country="US">
      <UUID>581422fb-67e0-46e1-b696-13ef76a77801</UUID>
      <Text>Next</Text>
    </ProductText>
    <ProductText name="short" language="en" country="US">
      <UUID>9957faed-9fbd-4ade-b9db-a56cae3da821</UUID>
      <Text>Back</Text>
    </ProductText>
    <ProductText name="short" language="en" country="US">
      <UUID>519395c6-ee20-4b30-b228-cace645f560f</UUID>
      <Text>Next</Text>
    </ProductText>
    <ProductText name="short" language="en" country="US">
      <UUID>07557713-5f43-4585-ab21-1f7268d3ee5e</UUID>
      <Text>Pay</Text>
    </ProductText>
  </ProductTextList>
  <ProductValueRangeList>
    <ProductValueRange name="Reference.referencedModelsVR" type="fix">
      <UUID>476cda63-22ae-4472-a05b-595f2086ae03</UUID>
      <DefinitionValueRelation>
        <UUID>54ad398d-d10e-4aa8-a469-c59c75c5b1b6</UUID>
        <DefinitionValueUUID>69c33c61-db2e-4821-ba58-9dbb2b667afa</DefinitionValueUUID>
      </DefinitionValueRelation>
    </ProductValueRange>
    <ProductValueRange name="Action.targetUpdateMapVR" type="fix">
      <UUID>5cd38cfa-00a5-41bc-b16f-4a5cecccf6ad</UUID>
      <DefinitionValueRelation>
        <UUID>f116d4db-84b5-450b-a40f-dda9e841ada9</UUID>
        <DefinitionValueUUID>0c9be7ba-891c-454a-b6fb-5af7ae992e9c</DefinitionValueUUID>
      </DefinitionValueRelation>
    </ProductValueRange>
    <ProductValueRange name="Action.targetUpdateMapVR" type="fix">
      <UUID>5ee8db2f-ec8e-4176-b34e-fb365f97bd93</UUID>
    </ProductValueRange>
    <ProductValueRange name="Action.targetUpdateMapVR" type="fix">
      <UUID>e972eb1e-80fa-4990-a588-0604c0800dc3</UUID>
      <DefinitionValueRelation>
        <UUID>3aa3f6c7-529b-45aa-91f6-f3f736f064c3</UUID>
        <DefinitionValueUUID>6fdc1175-f527-4c50-bbf3-0e8c5c436f81</DefinitionValueUUID>
      </DefinitionValueRelation>
    </ProductValueRange>
    <ProductValueRange name="Action.targetUpdateMapVR" type="fix">
      <UUID>7c12eddc-d404-46df-87de-58b1e19b0394</UUID>
    </ProductValueRange>
    <ProductValueRange name="Action.targetUpdateMapVR" type="fix">
      <UUID>b1c1fe0b-0caf-48f7-81d1-f172c8048151</UUID>
      <DefinitionValueRelation>
        <UUID>67e89c45-72b6-43bf-b2b4-6bee201354b7</UUID>
        <DefinitionValueUUID>b7413358-1422-49dc-a573-9932e00f2dcf</DefinitionValueUUID>
      </DefinitionValueRelation>
    </ProductValueRange>
    <ProductValueRange name="Action.targetUpdateMapVR" type="fix">
      <UUID>343b5d69-7324-455d-b5c4-e873d87fa7a7</UUID>
      <DefinitionValueRelation>
        <UUID>fe768477-55d8-47e8-b680-f2dfeace95fe</UUID>
        <DefinitionValueUUID>0df38b55-63cb-4b0c-a94d-55af063a655d</DefinitionValueUUID>
      </DefinitionValueRelation>
    </ProductValueRange>
  </ProductValueRangeList>
  <DefinitionBusinessObjectContextList>
    <DefinitionBusinessObjectContext name="default-callcenter-callcenter">
      <UUID>ace20f74-5477-41fc-8dd6-fda802792e3a</UUID>
      <SubclassId>visibilityLevelContext</SubclassId>
      <ValueField>4</ValueField>
    </DefinitionBusinessObjectContext>
    <DefinitionBusinessObjectContext name="default-callcenter-callcenter">
      <UUID>a691fa8f-dbca-4a2c-b09f-8b0e66751b66</UUID>
      <SubclassId>visibilityLevelContext</SubclassId>
      <ValueField>0</ValueField>
    </DefinitionBusinessObjectContext>
    <DefinitionBusinessObjectContext name="default-public-anonymous">
      <UUID>bbf22c4d-fdb1-4aa5-bb89-35bfdb9abe1e</UUID>
      <SubclassId>visibilityLevelContext</SubclassId>
      <ValueField>4</ValueField>
    </DefinitionBusinessObjectContext>
    <DefinitionBusinessObjectContext name="default-public-anonymous">
      <UUID>e947b208-3067-45b5-9a4b-2726688c2aa4</UUID>
      <SubclassId>visibilityLevelContext</SubclassId>
      <ValueField>0</ValueField>
    </DefinitionBusinessObjectContext>
  </DefinitionBusinessObjectContextList>
  <DefinitionResourceList />
  <AbstractProductBrickList />
  <ProductValueList>
    <ProductValue name="" type="value">
      <UUID>3f5ac994-eb32-4868-9b49-859cb5238196</UUID>
      <SortOrder>0</SortOrder>
      <Value />
    </ProductValue>
    <ProductValue name="delete=ignore,copy=setnull" type="value">
      <UUID>2566bd86-fe3b-4836-9789-c9e9b446f497</UUID>
      <SortOrder>0</SortOrder>
      <Value />
    </ProductValue>
    <ProductValue name="Home" type="value">
      <UUID>69c33c61-db2e-4821-ba58-9dbb2b667afa</UUID>
      <SortOrder>0</SortOrder>
      <Value />
    </ProductValue>
    <ProductValue name="" type="value">
      <UUID>a44fc002-9e0b-4300-bae0-6692a45e94c0</UUID>
      <SortOrder>0</SortOrder>
      <Value />
    </ProductValue>
    <ProductValue name="" type="value">
      <UUID>9a207b71-e966-437c-b3dd-7641e7212c20</UUID>
      <SortOrder>0</SortOrder>
      <Value />
    </ProductValue>
    <ProductValue name="" type="value">
      <UUID>1680aeb6-e9c7-45fb-ab35-dfd00d045a92</UUID>
      <SortOrder>0</SortOrder>
      <Value />
    </ProductValue>
    <ProductValue name="" type="value">
      <UUID>e3a6dc9e-0678-4bfb-a774-44a6dfc1ccdf</UUID>
      <SortOrder>0</SortOrder>
      <Value />
    </ProductValue>
    <ProductValue name="" type="value">
      <UUID>a1c1c2ba-b2e2-43f5-93b2-98cf0db9d624</UUID>
      <SortOrder>0</SortOrder>
      <Value />
    </ProductValue>
    <ProductValue name="" type="value">
      <UUID>5283bf25-c6f6-44c6-b36b-cce0e5fa2344</UUID>
      <SortOrder>0</SortOrder>
      <Value />
    </ProductValue>
    <ProductValue name="ref[HomeCreatePolicy.@CurrentProcessObject to Home].root.StateTransitionAction" type="value">
      <UUID>0c9be7ba-891c-454a-b6fb-5af7ae992e9c</UUID>
      <SortOrder>1</SortOrder>
      <Value>ToInProgress</Value>
      <ProductBackendInfo name="Skye.SetValuesOnAction.Force">
        <UUID>4b9b159f-79e6-493b-ac39-a9bad566be71</UUID>
        <Info>True</Info>
      </ProductBackendInfo>
    </ProductValue>
    <ProductValue name="ref[HomeCreatePolicy.@CurrentProcessObject to Home].root.StateTransitionAction" type="value">
      <UUID>6fdc1175-f527-4c50-bbf3-0e8c5c436f81</UUID>
      <SortOrder>1</SortOrder>
      <Value>ToQuoteCreated</Value>
      <ProductBackendInfo name="Skye.SetValuesOnAction.Force">
        <UUID>3dfdc2db-2b34-41fd-a6d6-2f370b177bcc</UUID>
        <Info>True</Info>
      </ProductBackendInfo>
    </ProductValue>
    <ProductValue name="ref[HomeCreatePolicy.@CurrentProcessObject to Home].root.StateTransitionAction" type="value">
      <UUID>0df38b55-63cb-4b0c-a94d-55af063a655d</UUID>
      <SortOrder>1</SortOrder>
      <Value>ToPaymentProcessed</Value>
      <ProductBackendInfo name="Skye.SetValuesOnAction.Force">
        <UUID>ef97d833-76d1-4a47-bd6f-d94adc7b58d5</UUID>
        <Info>True</Info>
      </ProductBackendInfo>
    </ProductValue>
    <ProductValue name="ref[HomeCreatePolicy.@CurrentProcessObject to Home].root.StateTransitionAction" type="value">
      <UUID>b7413358-1422-49dc-a573-9932e00f2dcf</UUID>
      <SortOrder>1</SortOrder>
      <Value>ToPolicyCreated</Value>
      <ProductBackendInfo name="Skye.SetValuesOnAction.Force">
        <UUID>36bb74f5-440a-419d-99a7-9568d026eafb</UUID>
        <Info>False</Info>
      </ProductBackendInfo>
    </ProductValue>
    <ProductValue name="Cash" type="value">
      <UUID>455c1c56-1a31-4bf9-b435-e10a3d67be1b</UUID>
      <SortOrder>0</SortOrder>
      <Value>Cash</Value>
    </ProductValue>
    <ProductValue name="PaymentProcessed" type="value">
      <UUID>d66e34dd-ece0-49fb-a8be-89e18dab6bf2</UUID>
      <SortOrder>0</SortOrder>
      <Value>PaymentProcessed</Value>
    </ProductValue>
    <ProductValue name="Cheque" type="value">
      <UUID>a81125fb-6191-4add-ae14-2b839fa2c4f5</UUID>
      <SortOrder>0</SortOrder>
      <Value>Cheque</Value>
    </ProductValue>
    <ProductValue name="PaymentProcessed" type="value">
      <UUID>8ebdf504-d695-45f0-a891-d48eff313cd2</UUID>
      <SortOrder>0</SortOrder>
      <Value>PaymentProcessed</Value>
    </ProductValue>
  </ProductValueList>
  <ProductPolicyAttribute name="@CurrentProcessStep" visibilityLevel="2" mandatory="false" unit=" " format="" numberOfDecimals="0" attributeClass="" type="Standard">
    <UUID>e74a526a-d18c-4f0a-a14f-78cd263f20e9</UUID>
    <SortOrder>99</SortOrder>
    <InputType>Textbox</InputType>
    <DataType>String</DataType>
    <MaxLength>4000</MaxLength>
    <MinLength>0</MinLength>
    <ProductBackendInfo name="Skye.AttributeAlias">
      <UUID>56c85977-cb58-4880-bd32-6c99268fdd7f</UUID>
      <Info />
    </ProductBackendInfo>
    <ProductBackendInfo name="Skye.AllowValueSetViaUnencryptedURL">
      <UUID>e0494856-0b01-420f-8f44-7801053a96ee</UUID>
      <Info>false</Info>
    </ProductBackendInfo>
    <ProductBackendInfo name="Skye.Core.DataSecurity">
      <UUID>a84f35a5-1780-478a-aaef-7fdb6337c58a</UUID>
      <Info>Standard</Info>
    </ProductBackendInfo>
    <DefinitionValueRelation>
      <UUID>18f96b03-4c25-4a84-8edb-3a1128ef3105</UUID>
      <DefinitionValueUUID>3f5ac994-eb32-4868-9b49-859cb5238196</DefinitionValueUUID>
    </DefinitionValueRelation>
  </ProductPolicyAttribute>
  <ProductPolicyAttribute name="@CurrentProcessObject" visibilityLevel="2" mandatory="false" unit=" " format="" numberOfDecimals="0" attributeClass="" type="Reference">
    <UUID>862c1016-df34-48b8-8e40-fd0fabfd2f33</UUID>
    <SortOrder>99</SortOrder>
    <InputType>Textbox</InputType>
    <DataType>product</DataType>
    <MaxLength>4000</MaxLength>
    <MinLength>0</MinLength>
    <ProductValueRangeRelation>
      <UUID>0cb31b15-0869-44bc-92f5-60bca407463e</UUID>
      <SortOrder>99</SortOrder>
      <ProductValueRangeUUID>476cda63-22ae-4472-a05b-595f2086ae03</ProductValueRangeUUID>
      <ValueRangeName>@CurrentProcessObject</ValueRangeName>
    </ProductValueRangeRelation>
    <ProductBackendInfo name="Skye.AttributeAlias">
      <UUID>e23aa5eb-179a-439e-a241-036f102feb34</UUID>
      <Info />
    </ProductBackendInfo>
    <ProductBackendInfo name="Skye.AllowValueSetViaUnencryptedURL">
      <UUID>17746265-68f1-4193-bc59-af0d660ba016</UUID>
      <Info>false</Info>
    </ProductBackendInfo>
    <ProductBackendInfo name="Skye.Core.DataSecurity">
      <UUID>59b6010d-2953-4ba1-bc57-ec0ae2d5baf7</UUID>
      <Info>Standard</Info>
    </ProductBackendInfo>
    <DefinitionValueRelation>
      <UUID>4c0f3399-17b2-4244-bb09-b0e9f165dbe2</UUID>
      <DefinitionValueUUID>2566bd86-fe3b-4836-9789-c9e9b446f497</DefinitionValueUUID>
    </DefinitionValueRelation>
  </ProductPolicyAttribute>
  <ProductBrick name="HomeCreatePolicy:QuickQuote" visibilityLevel="2" brickClass=" " isAbstract="false" typeId="13">
    <UUID>87f925b6-e394-41da-81a6-397957ecef6b</UUID>
    <SortOrder>10</SortOrder>
    <MinimumUsage>1</MinimumUsage>
    <MaximumUsage>1</MaximumUsage>
    <InitialUsage>1</InitialUsage>
    <ProductTextRelation>
      <UUID>4d39b3b2-539f-41fc-86b1-a085b27aa991</UUID>
      <ProductTextUUID>de067431-99fb-4c8a-b86a-f4cdf793959d</ProductTextUUID>
    </ProductTextRelation>
    <ProductPolicyAttribute name="CreateQuote" visibilityLevel="4" mandatory="false" unit="" format="" numberOfDecimals="0" attributeClass="" type="Action">
      <UUID>2e33a5e8-39b6-4d9f-adce-da6c56eb7308</UUID>
      <SortOrder>1</SortOrder>
      <InputType>Textbox</InputType>
      <DataType>String</DataType>
      <MaxLength>4000</MaxLength>
      <MinLength>0</MinLength>
      <ProductTextRelation>
        <UUID>8fa4a4b2-ccb4-417d-a313-7eabafa40f9a</UUID>
        <ProductTextUUID>e94e01fc-ef2e-4d04-8560-662a61a9f7b0</ProductTextUUID>
      </ProductTextRelation>
      <ProductValueRangeRelation>
        <UUID>8bd9e3eb-f0b7-42b9-9e06-10bbe9b658a4</UUID>
        <SortOrder>99</SortOrder>
        <ProductValueRangeUUID>5cd38cfa-00a5-41bc-b16f-4a5cecccf6ad</ProductValueRangeUUID>
      </ProductValueRangeRelation>
      <ProductBackendInfo name="Skye.AttributeAlias">
        <UUID>b25e7106-99df-4077-9f90-3c9b33f84f83</UUID>
        <Info />
      </ProductBackendInfo>
      <ProductBackendInfo name="Skye.Core.DataSecurity">
        <UUID>6eb4f23d-3496-439f-89d5-aced9a48bf8b</UUID>
        <Info>Standard</Info>
      </ProductBackendInfo>
      <ProductBackendInfo name="Skye.AllowValueSetViaUnencryptedURL">
        <UUID>0e4b5435-140c-4aba-a7ef-e4b88c80aa87</UUID>
        <Info>False</Info>
      </ProductBackendInfo>
      <ProductBackendInfo name="Skye.ControllerActionName">
        <UUID>716061ce-663e-4ffa-98f4-907560374f44</UUID>
        <Info>CreateQuote</Info>
      </ProductBackendInfo>
      <ProductBackendInfo name="Skye.StyleClass">
        <UUID>d06cb54e-9337-4b01-8717-9649a8dae47f</UUID>
        <Info>skyeAccordionNext</Info>
      </ProductBackendInfo>
      <ProductBackendInfo name="Skye.TransitionProcessStep">
        <UUID>ba7948ee-0076-4744-bae8-f680fef9d10e</UUID>
        <Info>HomeCreatePolicy:Details</Info>
      </ProductBackendInfo>
      <ProductBackendInfo name="Skye.sendEventWithValidationErrorsAnalytics">
        <UUID>f36adae5-0172-4c53-a61f-7e003628efc7</UUID>
        <Info>False</Info>
      </ProductBackendInfo>
      <ProductBackendInfo name="Skye.ValidateOnAction">
        <UUID>5bf79388-6367-4183-b446-7e8736bc0af7</UUID>
        <Info>False</Info>
      </ProductBackendInfo>
      <ProductBackendInfo name="Skye.UpdateProcessOnAction">
        <UUID>e9381aef-b5d5-4646-899d-1c5d5f4becff</UUID>
        <Info>True</Info>
      </ProductBackendInfo>
      <ProductBackendInfo name="Skye.ProcessExitPoint">
        <UUID>4649965c-8877-44ad-a289-ab114bfc7638</UUID>
        <Info>False</Info>
      </ProductBackendInfo>
      <ProductBackendInfo name="Skye.PersistOnAction">
        <UUID>601207c1-5ff6-4d1e-af94-99ce82a1d639</UUID>
        <Info>True</Info>
      </ProductBackendInfo>
      <ProductBackendInfo name="Skye.ActionAttribute.BindInvisibleCaptchaChallenge">
        <UUID>b09dbb69-5460-4c19-9eee-a8fcc6983b23</UUID>
        <Info>False</Info>
      </ProductBackendInfo>
      <DefinitionValueRelation>
        <DefinitionValueUUID>a44fc002-9e0b-4300-bae0-6692a45e94c0</DefinitionValueUUID>
      </DefinitionValueRelation>
    </ProductPolicyAttribute>
    <ProductBackendInfo name="Skye.MultibrickType">
      <UUID>3635f5dc-9315-47fc-9136-bbb6363db2e3</UUID>
      <Info />
    </ProductBackendInfo>
  </ProductBrick>
  <ProductBrick name="HomeCreatePolicy:Details" visibilityLevel="2" brickClass="" isAbstract="false" typeId="0">
    <UUID>f870a054-1b70-4c7a-987b-b8b574729d5c</UUID>
    <SortOrder>20</SortOrder>
    <MinimumUsage>1</MinimumUsage>
    <MaximumUsage>1</MaximumUsage>
    <InitialUsage>1</InitialUsage>
    <ProductTextRelation>
      <UUID>811b69e2-2484-40d6-9eb9-8de78e410d32</UUID>
      <ProductTextUUID>6a7d3ce1-52eb-426d-969b-f4facce3400c</ProductTextUUID>
    </ProductTextRelation>
    <ProductPolicyAttribute name="BackToQuote" visibilityLevel="4" mandatory="false" unit="" format="" numberOfDecimals="0" attributeClass="" type="Action">
      <UUID>dd0206e2-5eaf-4b7f-b588-6eb97dd8d94b</UUID>
      <SortOrder>10</SortOrder>
      <InputType>Textbox</InputType>
      <DataType>String</DataType>
      <MaxLength>4000</MaxLength>
      <MinLength>0</MinLength>
      <ProductTextRelation>
        <UUID>8bd0cbf7-8f40-4b7c-97ba-dd6c7ac81008</UUID>
        <ProductTextUUID>3baa313b-3fe6-4eb3-bbc4-2011d75d12d3</ProductTextUUID>
      </ProductTextRelation>
      <ProductValueRangeRelation>
        <UUID>7ff31896-7a40-4989-865f-68bcd123c2a5</UUID>
        <SortOrder>99</SortOrder>
        <ProductValueRangeUUID>5ee8db2f-ec8e-4176-b34e-fb365f97bd93</ProductValueRangeUUID>
      </ProductValueRangeRelation>
      <ProductBackendInfo name="Skye.AttributeAlias">
        <UUID>af22838d-fe1e-4982-bc0c-2db9ae44c0a7</UUID>
        <Info />
      </ProductBackendInfo>
      <ProductBackendInfo name="Skye.Core.DataSecurity">
        <UUID>4fec7735-fedc-4c83-8700-def59cbee9dc</UUID>
        <Info>Standard</Info>
      </ProductBackendInfo>
      <ProductBackendInfo name="Skye.AllowValueSetViaUnencryptedURL">
        <UUID>d817d8f9-5931-4eff-8096-337cc5024c80</UUID>
        <Info>False</Info>
      </ProductBackendInfo>
      <ProductBackendInfo name="Skye.ControllerActionName">
        <UUID>5569877e-a0ad-451f-a073-b4d2c94d979c</UUID>
        <Info>BackToQuote</Info>
      </ProductBackendInfo>
      <ProductBackendInfo name="Skye.StyleClass">
        <UUID>e75d87c0-95bd-44fc-b549-346cf727ab4c</UUID>
        <Info>skyeAccordionBack</Info>
      </ProductBackendInfo>
      <ProductBackendInfo name="Skye.TransitionProcessStep">
        <UUID>80540730-9254-497c-9dd5-f0ce2040fd5e</UUID>
        <Info>HomeCreatePolicy:QuickQuote</Info>
      </ProductBackendInfo>
      <ProductBackendInfo name="Skye.sendEventWithValidationErrorsAnalytics">
        <UUID>1987809d-10ae-43bf-8e10-8a85dd8b9ac3</UUID>
        <Info>False</Info>
      </ProductBackendInfo>
      <ProductBackendInfo name="Skye.ValidateOnAction">
        <UUID>1d82fd8a-f078-47e5-8d2e-0b7f01dde221</UUID>
        <Info>False</Info>
      </ProductBackendInfo>
      <ProductBackendInfo name="Skye.UpdateProcessOnAction">
        <UUID>42346b7a-9b8f-41c5-bef6-f4bb2ddec052</UUID>
        <Info>True</Info>
      </ProductBackendInfo>
      <ProductBackendInfo name="Skye.ProcessExitPoint">
        <UUID>12369e93-7a25-424a-a300-a4f9772601e9</UUID>
        <Info>False</Info>
      </ProductBackendInfo>
      <ProductBackendInfo name="Skye.PersistOnAction">
        <UUID>cb0663d5-62a7-4e23-9b34-03fe7b0218e8</UUID>
        <Info>False</Info>
      </ProductBackendInfo>
      <ProductBackendInfo name="Skye.ActionAttribute.BindInvisibleCaptchaChallenge">
        <UUID>6fdcc2bb-762a-44db-913b-eee8f14cdc04</UUID>
        <Info>False</Info>
      </ProductBackendInfo>
      <DefinitionValueRelation>
        <DefinitionValueUUID>9a207b71-e966-437c-b3dd-7641e7212c20</DefinitionValueUUID>
      </DefinitionValueRelation>
    </ProductPolicyAttribute>
    <ProductPolicyAttribute name="NextToPayment" visibilityLevel="4" mandatory="false" unit="" format="" numberOfDecimals="0" attributeClass="" type="Action">
      <UUID>4898dd3e-85d8-4d86-8a47-e6a418b89800</UUID>
      <SortOrder>20</SortOrder>
      <InputType>Textbox</InputType>
      <DataType>String</DataType>
      <MaxLength>4000</MaxLength>
      <MinLength>0</MinLength>
      <ProductTextRelation>
        <UUID>c6796143-01d9-49d6-a687-d1e61f9b446e</UUID>
        <ProductTextUUID>581422fb-67e0-46e1-b696-13ef76a77801</ProductTextUUID>
      </ProductTextRelation>
      <ProductValueRangeRelation>
        <UUID>13b1c9b9-2e15-47ac-82af-7fd670ec92ec</UUID>
        <SortOrder>99</SortOrder>
        <ProductValueRangeUUID>e972eb1e-80fa-4990-a588-0604c0800dc3</ProductValueRangeUUID>
      </ProductValueRangeRelation>
      <ProductBackendInfo name="Skye.AttributeAlias">
        <UUID>34c3210e-f6ec-4597-806e-2a76159022c4</UUID>
        <Info />
      </ProductBackendInfo>
      <ProductBackendInfo name="Skye.Core.DataSecurity">
        <UUID>364b6e1b-fd7d-4527-a034-a43fdf99d768</UUID>
        <Info>Standard</Info>
      </ProductBackendInfo>
      <ProductBackendInfo name="Skye.AllowValueSetViaUnencryptedURL">
        <UUID>adc77422-0bca-4da1-aaac-2b489ce9a10a</UUID>
        <Info>False</Info>
      </ProductBackendInfo>
      <ProductBackendInfo name="Skye.ControllerActionName">
        <UUID>61254b07-7d51-4400-acdd-9fbad0f03177</UUID>
        <Info>NextToPayment</Info>
      </ProductBackendInfo>
      <ProductBackendInfo name="Skye.StyleClass">
        <UUID>b410e176-3235-4b8b-8a4a-6ff2fe0892bc</UUID>
        <Info>skyeAccordionNext</Info>
      </ProductBackendInfo>
      <ProductBackendInfo name="Skye.TransitionProcessStep">
        <UUID>a6fb37c9-1216-44ce-8391-97c1cb8433d7</UUID>
        <Info>HomeCreatePolicy:Payment</Info>
      </ProductBackendInfo>
      <ProductBackendInfo name="Skye.sendEventWithValidationErrorsAnalytics">
        <UUID>9e8de322-e010-4fa3-9b92-7589800562e2</UUID>
        <Info>False</Info>
      </ProductBackendInfo>
      <ProductBackendInfo name="Skye.ValidateOnAction">
        <UUID>6c81c275-3b72-463a-9d01-9bedb9521083</UUID>
        <Info>False</Info>
      </ProductBackendInfo>
      <ProductBackendInfo name="Skye.UpdateProcessOnAction">
        <UUID>f35fb46a-f4f9-4ff3-9087-abb7b50bfd7a</UUID>
        <Info>True</Info>
      </ProductBackendInfo>
      <ProductBackendInfo name="Skye.ProcessExitPoint">
        <UUID>cb176348-0f7b-4ecc-80ee-28750537cf83</UUID>
        <Info>False</Info>
      </ProductBackendInfo>
      <ProductBackendInfo name="Skye.PersistOnAction">
        <UUID>ea759b9a-4789-4c7c-9244-78ed0542b56e</UUID>
        <Info>False</Info>
      </ProductBackendInfo>
      <ProductBackendInfo name="Skye.ActionAttribute.BindInvisibleCaptchaChallenge">
        <UUID>a297e368-7a36-450d-a6c0-88e9a93d2d26</UUID>
        <Info>False</Info>
      </ProductBackendInfo>
      <DefinitionValueRelation>
        <DefinitionValueUUID>1680aeb6-e9c7-45fb-ab35-dfd00d045a92</DefinitionValueUUID>
      </DefinitionValueRelation>
    </ProductPolicyAttribute>
    <ProductBackendInfo name="Skye.MultibrickType">
      <UUID>daa8d598-21e6-496d-8054-50f178f5274b</UUID>
      <Info />
    </ProductBackendInfo>
  </ProductBrick>
  <ProductBrick name="HomeCreatePolicy:Payment" visibilityLevel="2" brickClass="" isAbstract="false" typeId="0">
    <UUID>843d8bf1-8782-41c3-9fdb-2246f7057265</UUID>
    <SortOrder>30</SortOrder>
    <MinimumUsage>1</MinimumUsage>
    <MaximumUsage>1</MaximumUsage>
    <InitialUsage>1</InitialUsage>
    <ProductTextRelation>
      <UUID>fc55bcf9-5d38-44d8-929a-d0830f131145</UUID>
      <ProductTextUUID>b1da5d14-5d2a-4e9b-a5d3-716037410b7d</ProductTextUUID>
    </ProductTextRelation>
    <ProductPolicyAttribute name="BackToDetails" visibilityLevel="4" mandatory="false" unit="" format="" numberOfDecimals="0" attributeClass="" type="Action">
      <UUID>33085590-eed7-47b8-9b6e-692a3ef205cc</UUID>
      <SortOrder>10</SortOrder>
      <InputType>Textbox</InputType>
      <DataType>String</DataType>
      <MaxLength>4000</MaxLength>
      <MinLength>0</MinLength>
      <ProductTextRelation>
        <UUID>575cbee0-ce14-4da5-aa6a-8b55bbf5959c</UUID>
        <ProductTextUUID>9957faed-9fbd-4ade-b9db-a56cae3da821</ProductTextUUID>
      </ProductTextRelation>
      <ProductValueRangeRelation>
        <UUID>e2ebf613-704b-4b2e-98cf-49ace577298d</UUID>
        <SortOrder>99</SortOrder>
        <ProductValueRangeUUID>7c12eddc-d404-46df-87de-58b1e19b0394</ProductValueRangeUUID>
      </ProductValueRangeRelation>
      <ProductBackendInfo name="Skye.AttributeAlias">
        <UUID>0a564c63-3f40-4b73-b501-0c88033da660</UUID>
        <Info />
      </ProductBackendInfo>
      <ProductBackendInfo name="Skye.Core.DataSecurity">
        <UUID>b74b5b22-cd92-4337-9c55-5bc41b4f1b6c</UUID>
        <Info>Standard</Info>
      </ProductBackendInfo>
      <ProductBackendInfo name="Skye.AllowValueSetViaUnencryptedURL">
        <UUID>66856fd4-da28-48a9-8ad8-84a6e24fb213</UUID>
        <Info>False</Info>
      </ProductBackendInfo>
      <ProductBackendInfo name="Skye.ControllerActionName">
        <UUID>b901b251-bdbe-439f-a73f-e323384ae0f9</UUID>
        <Info>BackToDetails</Info>
      </ProductBackendInfo>
      <ProductBackendInfo name="Skye.StyleClass">
        <UUID>d99b0d78-599f-42bc-b151-bd955b982e3e</UUID>
        <Info>skyeAccordionBack</Info>
      </ProductBackendInfo>
      <ProductBackendInfo name="Skye.TransitionProcessStep">
        <UUID>310dfef7-c6f8-4f90-903a-8d2edba4c636</UUID>
        <Info>HomeCreatePolicy:Details</Info>
      </ProductBackendInfo>
      <ProductBackendInfo name="Skye.sendEventWithValidationErrorsAnalytics">
        <UUID>16025f87-597f-4781-a2bb-2be4844fa135</UUID>
        <Info>False</Info>
      </ProductBackendInfo>
      <ProductBackendInfo name="Skye.ValidateOnAction">
        <UUID>74718e6f-3d74-4fe2-bb7e-f68720356a3a</UUID>
        <Info>False</Info>
      </ProductBackendInfo>
      <ProductBackendInfo name="Skye.UpdateProcessOnAction">
        <UUID>00e0fb84-6715-422a-ae5e-bcf7434efb60</UUID>
        <Info>True</Info>
      </ProductBackendInfo>
      <ProductBackendInfo name="Skye.ProcessExitPoint">
        <UUID>2e07d275-81d3-4edb-947b-1278c7bf2c61</UUID>
        <Info>False</Info>
      </ProductBackendInfo>
      <ProductBackendInfo name="Skye.PersistOnAction">
        <UUID>0cd6e5a8-e59e-4d13-8fa4-900cb0c275c4</UUID>
        <Info>False</Info>
      </ProductBackendInfo>
      <ProductBackendInfo name="Skye.ActionAttribute.BindInvisibleCaptchaChallenge">
        <UUID>18e81110-ad27-423d-be22-8395c28e2d94</UUID>
        <Info>False</Info>
      </ProductBackendInfo>
      <DefinitionValueRelation>
        <DefinitionValueUUID>e3a6dc9e-0678-4bfb-a774-44a6dfc1ccdf</DefinitionValueUUID>
      </DefinitionValueRelation>
    </ProductPolicyAttribute>
    <ProductPolicyAttribute name="NextToConfirm" visibilityLevel="0" mandatory="false" unit="" format="" numberOfDecimals="0" attributeClass="" type="Action">
      <UUID>3518e2f4-c528-4fbc-a4d1-099b7a299897</UUID>
      <SortOrder>20</SortOrder>
      <InputType>Textbox</InputType>
      <DataType>String</DataType>
      <MaxLength>4000</MaxLength>
      <MinLength>0</MinLength>
      <ProductTextRelation>
        <UUID>e14db560-388b-402e-9bfb-4cff94c30b95</UUID>
        <ProductTextUUID>519395c6-ee20-4b30-b228-cace645f560f</ProductTextUUID>
      </ProductTextRelation>
      <ProductValueRangeRelation>
        <UUID>b565767b-19f5-4243-a5c3-87362c9c6c06</UUID>
        <SortOrder>99</SortOrder>
        <ProductValueRangeUUID>b1c1fe0b-0caf-48f7-81d1-f172c8048151</ProductValueRangeUUID>
      </ProductValueRangeRelation>
      <ProductBackendInfo name="Skye.AttributeAlias">
        <UUID>61927aba-34df-4224-ac77-8d9ca119b368</UUID>
        <Info />
      </ProductBackendInfo>
      <ProductBackendInfo name="Skye.Core.DataSecurity">
        <UUID>8605ca7f-6791-47db-8735-e4ae02e969ba</UUID>
        <Info>Standard</Info>
      </ProductBackendInfo>
      <ProductBackendInfo name="Skye.AllowValueSetViaUnencryptedURL">
        <UUID>714bdaa9-3a72-4051-96a3-67a7bac9bfd1</UUID>
        <Info>False</Info>
      </ProductBackendInfo>
      <ProductBackendInfo name="Skye.ControllerActionName">
        <UUID>464f4459-1629-4d4f-a004-11b12bafff37</UUID>
        <Info>NextToConfirm</Info>
      </ProductBackendInfo>
      <ProductBackendInfo name="Skye.StyleClass">
        <UUID>1fc67237-929c-4cfc-a2fe-40783d13650d</UUID>
        <Info>skyeAccordionNext</Info>
      </ProductBackendInfo>
      <ProductBackendInfo name="Skye.TransitionProcessStep">
        <UUID>a3410164-a5ef-4cd6-9970-9cf55440311d</UUID>
        <Info>HomeCreatePolicy:Confirmation</Info>
      </ProductBackendInfo>
      <ProductBackendInfo name="Skye.sendEventWithValidationErrorsAnalytics">
        <UUID>a22640c8-dd1a-4376-9fbc-ef35b92c8d52</UUID>
        <Info>False</Info>
      </ProductBackendInfo>
      <ProductBackendInfo name="Skye.ValidateOnAction">
        <UUID>f856bb5f-19c8-4a80-a4b9-43306fde5dd7</UUID>
        <Info>True</Info>
      </ProductBackendInfo>
      <ProductBackendInfo name="Skye.UpdateProcessOnAction">
        <UUID>cb318a69-87b8-43ee-ad55-d1be742de4a7</UUID>
        <Info>True</Info>
      </ProductBackendInfo>
      <ProductBackendInfo name="Skye.ProcessExitPoint">
        <UUID>3a6a1a28-f8af-4671-9573-86260df84ce1</UUID>
        <Info>False</Info>
      </ProductBackendInfo>
      <ProductBackendInfo name="Skye.PersistOnAction">
        <UUID>ffaf2928-77b7-4e80-bf27-673948d188ec</UUID>
        <Info>False</Info>
      </ProductBackendInfo>
      <ProductBackendInfo name="Skye.ActionAttribute.BindInvisibleCaptchaChallenge">
        <UUID>718e03bd-790e-4ac8-9bb3-e8561ce1f4c5</UUID>
        <Info>False</Info>
      </ProductBackendInfo>
      <DefinitionValueRelation>
        <DefinitionValueUUID>a1c1c2ba-b2e2-43f5-93b2-98cf0db9d624</DefinitionValueUUID>
      </DefinitionValueRelation>
    </ProductPolicyAttribute>
    <ProductPolicyAttribute name="Pay" visibilityLevel="4" mandatory="false" unit="" format="" numberOfDecimals="0" attributeClass="" type="Action">
      <UUID>52c6105b-a6d6-40e3-9fda-daa6a75171a8</UUID>
      <SortOrder>99</SortOrder>
      <InputType>Textbox</InputType>
      <DataType>String</DataType>
      <MaxLength>4000</MaxLength>
      <MinLength>0</MinLength>
      <ProductTextRelation>
        <UUID>6ff9c63a-3e1f-488f-bad6-1d7cf91a8dee</UUID>
        <ProductTextUUID>07557713-5f43-4585-ab21-1f7268d3ee5e</ProductTextUUID>
      </ProductTextRelation>
      <ProductValueRangeRelation>
        <UUID>8be309ec-ab1e-439f-9710-cb11f68fbe85</UUID>
        <SortOrder>99</SortOrder>
        <ProductValueRangeUUID>343b5d69-7324-455d-b5c4-e873d87fa7a7</ProductValueRangeUUID>
      </ProductValueRangeRelation>
      <ProductBackendInfo name="Skye.AttributeAlias">
        <UUID>6a902c23-ac98-47ac-a1fa-5c52e2f737c3</UUID>
        <Info />
      </ProductBackendInfo>
      <ProductBackendInfo name="Skye.Core.DataSecurity">
        <UUID>e8b08027-64c4-49f6-804a-242370d8e1a6</UUID>
        <Info>Standard</Info>
      </ProductBackendInfo>
      <ProductBackendInfo name="Skye.AllowValueSetViaUnencryptedURL">
        <UUID>ddd2fee2-fd34-4818-9996-39b73cd3d273</UUID>
        <Info>False</Info>
      </ProductBackendInfo>
      <ProductBackendInfo name="Skye.ControllerActionName">
        <UUID>6542d85b-5270-4229-ad56-0bc6c854bccf</UUID>
        <Info>Pay</Info>
      </ProductBackendInfo>
      <ProductBackendInfo name="Skye.StyleClass">
        <UUID>b822a87f-2587-48f4-8ee3-2913db6492d1</UUID>
        <Info>skyeAccordionAction</Info>
      </ProductBackendInfo>
      <ProductBackendInfo name="Skye.TransitionProcessStep">
        <UUID>99339eef-8c80-47da-a631-2a6eb5a06935</UUID>
        <Info />
      </ProductBackendInfo>
      <ProductBackendInfo name="Skye.sendEventWithValidationErrorsAnalytics">
        <UUID>6e00e2e5-5f32-4f51-b358-6a6475961470</UUID>
        <Info>False</Info>
      </ProductBackendInfo>
      <ProductBackendInfo name="Skye.ValidateOnAction">
        <UUID>e3052f40-1fa9-4c0c-a082-5c416e243f53</UUID>
        <Info>True</Info>
      </ProductBackendInfo>
      <ProductBackendInfo name="Skye.UpdateProcessOnAction">
        <UUID>670db06d-4ade-4b20-99a2-a40531b34cc4</UUID>
        <Info>False</Info>
      </ProductBackendInfo>
      <ProductBackendInfo name="Skye.ProcessExitPoint">
        <UUID>aabf113b-23b1-4961-b9d3-43597aa72498</UUID>
        <Info>False</Info>
      </ProductBackendInfo>
      <ProductBackendInfo name="Skye.PersistOnAction">
        <UUID>c6246737-8512-4ce6-8e86-756cd0071e9f</UUID>
        <Info>False</Info>
      </ProductBackendInfo>
      <ProductBackendInfo name="Skye.ActionAttribute.BindInvisibleCaptchaChallenge">
        <UUID>886ec308-95b7-4f58-8087-5419932fd47c</UUID>
        <Info>False</Info>
      </ProductBackendInfo>
      <DefinitionValueRelation>
        <DefinitionValueUUID>5283bf25-c6f6-44c6-b36b-cce0e5fa2344</DefinitionValueUUID>
      </DefinitionValueRelation>
      <DefinitionBusinessObjectContextRelation>
        <ContextUUID>a691fa8f-dbca-4a2c-b09f-8b0e66751b66</ContextUUID>
        <DefinitionObjectUUID>52c6105b-a6d6-40e3-9fda-daa6a75171a8</DefinitionObjectUUID>
      </DefinitionBusinessObjectContextRelation>
      <DefinitionBusinessObjectContextRelation>
        <ContextUUID>e947b208-3067-45b5-9a4b-2726688c2aa4</ContextUUID>
        <DefinitionObjectUUID>52c6105b-a6d6-40e3-9fda-daa6a75171a8</DefinitionObjectUUID>
      </DefinitionBusinessObjectContextRelation>
    </ProductPolicyAttribute>
    <ProductBackendInfo name="Skye.MultibrickType">
      <UUID>852be13c-c306-487a-977b-657d58d299fa</UUID>
      <Info />
    </ProductBackendInfo>
  </ProductBrick>
  <ProductBrick name="HomeCreatePolicy:Confirmation" visibilityLevel="2" brickClass="" isAbstract="false" typeId="0">
    <UUID>e06825d5-78ae-4a24-bb21-1d9ac8c53067</UUID>
    <SortOrder>40</SortOrder>
    <MinimumUsage>1</MinimumUsage>
    <MaximumUsage>1</MaximumUsage>
    <InitialUsage>1</InitialUsage>
    <ProductTextRelation>
      <UUID>eb4b2016-d45b-4ef9-9855-4c48ebdc4809</UUID>
      <ProductTextUUID>6965c81b-3f1c-42cf-8b87-3327052c5e02</ProductTextUUID>
    </ProductTextRelation>
    <ProductBackendInfo name="Skye.MultibrickType">
      <UUID>7feda26b-1172-461c-ba30-d7dc346bf523</UUID>
      <Info />
    </ProductBackendInfo>
  </ProductBrick>
  <DefinitionDependentLists>
    <DefinitionDependencyDefaultValueList />
    <DefinitionDependencyValueRangeList />
    <DefinitionDependencyVisibilityList>
      <DefinitionDependencyVisibility name="SetNextHidden#0">
        <UUID>e2c141da-8b35-41f0-b9c1-de62905945ff</UUID>
        <ClientUUID>3518e2f4-c528-4fbc-a4d1-099b7a299897</ClientUUID>
        <Operator>EQUALS</Operator>
        <SupplierValueUUID>455c1c56-1a31-4bf9-b435-e10a3d67be1b</SupplierValueUUID>
        <RefreshOnChange>false</RefreshOnChange>
        <DefinitionBusinessObjectContextRelation>
          <ContextUUID>ace20f74-5477-41fc-8dd6-fda802792e3a</ContextUUID>
          <DefinitionObjectUUID>e2c141da-8b35-41f0-b9c1-de62905945ff</DefinitionObjectUUID>
        </DefinitionBusinessObjectContextRelation>
        <DefinitionBusinessObjectContextRelation>
          <ContextUUID>bbf22c4d-fdb1-4aa5-bb89-35bfdb9abe1e</ContextUUID>
          <DefinitionObjectUUID>e2c141da-8b35-41f0-b9c1-de62905945ff</DefinitionObjectUUID>
        </DefinitionBusinessObjectContextRelation>
        <SupplierReference>ref[HomeCreatePolicy.@CurrentProcessObject to Home].Payment.PaymentOptions</SupplierReference>
        <ClientVisibilityLevel>4</ClientVisibilityLevel>
      </DefinitionDependencyVisibility>
      <DefinitionDependencyVisibility name="SetNextVisible#0">
        <UUID>2b0c652b-0108-4352-aca0-35002706f5b6</UUID>
        <ClientUUID>3518e2f4-c528-4fbc-a4d1-099b7a299897</ClientUUID>
        <Operator>EQUALS</Operator>
        <SupplierValueUUID>d66e34dd-ece0-49fb-a8be-89e18dab6bf2</SupplierValueUUID>
        <RefreshOnChange>false</RefreshOnChange>
        <DefinitionBusinessObjectContextRelation>
          <ContextUUID>ace20f74-5477-41fc-8dd6-fda802792e3a</ContextUUID>
          <DefinitionObjectUUID>2b0c652b-0108-4352-aca0-35002706f5b6</DefinitionObjectUUID>
        </DefinitionBusinessObjectContextRelation>
        <DefinitionBusinessObjectContextRelation>
          <ContextUUID>bbf22c4d-fdb1-4aa5-bb89-35bfdb9abe1e</ContextUUID>
          <DefinitionObjectUUID>2b0c652b-0108-4352-aca0-35002706f5b6</DefinitionObjectUUID>
        </DefinitionBusinessObjectContextRelation>
        <SupplierReference>ref[HomeCreatePolicy.@CurrentProcessObject to Home].root.Status</SupplierReference>
        <ClientVisibilityLevel>4</ClientVisibilityLevel>
      </DefinitionDependencyVisibility>
      <DefinitionDependencyVisibility name="SetVisible#0">
        <UUID>b0ffec22-aaa1-4af5-839c-41f1eef40fa7</UUID>
        <ClientUUID>52c6105b-a6d6-40e3-9fda-daa6a75171a8</ClientUUID>
        <Operator>EQUALS</Operator>
        <SupplierValueUUID>a81125fb-6191-4add-ae14-2b839fa2c4f5</SupplierValueUUID>
        <RefreshOnChange>false</RefreshOnChange>
        <DefinitionBusinessObjectContextRelation>
          <ContextUUID>ace20f74-5477-41fc-8dd6-fda802792e3a</ContextUUID>
          <DefinitionObjectUUID>b0ffec22-aaa1-4af5-839c-41f1eef40fa7</DefinitionObjectUUID>
        </DefinitionBusinessObjectContextRelation>
        <DefinitionBusinessObjectContextRelation>
          <ContextUUID>bbf22c4d-fdb1-4aa5-bb89-35bfdb9abe1e</ContextUUID>
          <DefinitionObjectUUID>b0ffec22-aaa1-4af5-839c-41f1eef40fa7</DefinitionObjectUUID>
        </DefinitionBusinessObjectContextRelation>
        <SupplierReference>ref[HomeCreatePolicy.@CurrentProcessObject to Home].Payment.PaymentOptions</SupplierReference>
        <ClientVisibilityLevel>4</ClientVisibilityLevel>
      </DefinitionDependencyVisibility>
    </DefinitionDependencyVisibilityList>
    <DefinitionDependencyMandatoryList />
    <DefinitionDependencyToDependencyList>
      <DefinitionDependencyToDependency name="SetVisible#1">
        <UUID>7d72d938-55d0-4416-b9d2-a9af0c168e99</UUID>
        <ClientUUID>b0ffec22-aaa1-4af5-839c-41f1eef40fa7</ClientUUID>
        <Operator>NOT_EQUALS</Operator>
        <SupplierValueUUID>8ebdf504-d695-45f0-a891-d48eff313cd2</SupplierValueUUID>
        <RefreshOnChange>true</RefreshOnChange>
        <SupplierReference>ref[HomeCreatePolicy.@CurrentProcessObject to Home].root.Status</SupplierReference>
      </DefinitionDependencyToDependency>
    </DefinitionDependencyToDependencyList>
    <DefinitionDependencyValueRangeFilterValuesList />
    <DefinitionDependencyDataSourceAttributeList />
  </DefinitionDependentLists>
</Product>