﻿<?xml version="1.0" encoding="utf-8"?>
<ProductSettings xmlns:xsd="http://www.w3.org/2001/XMLSchema" xmlns:xsi="http://www.w3.org/2001/XMLSchema-instance">
  <Languages>
    <string>en-US</string>
  </Languages>
  <Contexts>
    <Channels>
      <Channel Name="callcenter">
        <Roles>
          <Role Name="callcenter">
            <Pages>
              <Page Name="FamilyInsuranceCreatePolicy:Payment" />
              <Page Name="FamilyInsuranceCreatePolicy:ProductInformation" />
              <Page Name="FamilyInsuranceCreatePolicy:CustomerDetails" />
              <Page Name="FamilyInsuranceCreatePolicy:Confirmation" />
              <Page Name="actionLinks" />
            </Pages>
          </Role>
        </Roles>
      </Channel>
    </Channels>
  </Contexts>
</ProductSettings>