﻿<?xml version="1.0" encoding="utf-8"?>
<Product xmlns:xsd="http://www.w3.org/2001/XMLSchema" xmlns:xsi="http://www.w3.org/2001/XMLSchema-instance" name="HomeCreatePolicy" lastChanged="2019-10-15T13:05:42.4910891Z" implementationClass=" " versionUuid=" " modelType="process" subModelType="" skyeEditorVersion="7.15.0.16">
  <UUID>565926c9-f6ad-4efc-97c5-7a455e68eda8</UUID>
  <SortOrder>0</SortOrder>
  <BusinessUnit> </BusinessUnit>
  <Section> </Section>
  <ProductTextList>
    <ProductText name="short" language="en" country="US">
      <UUID>0bfea0aa-50fc-4b79-9daf-5bbf7ae71bbe</UUID>
      <Text>Back</Text>
    </ProductText>
    <ProductText name="short" language="en" country="US">
      <UUID>1778b3ea-ad7c-4a21-b59b-b5a10c94fb56</UUID>
      <Text>Back</Text>
    </ProductText>
    <ProductText name="header" language="en" country="US">
      <UUID>212d20de-50da-4015-a51e-9239d2dd48ce</UUID>
      <Text>Quick Quote</Text>
    </ProductText>
    <ProductText name="header" language="en" country="US">
      <UUID>3cec340a-e2b2-4f9f-82c4-91545589317c</UUID>
      <Text>Details</Text>
    </ProductText>
    <ProductText name="short" language="en" country="US">
      <UUID>45407fab-c11e-4203-9f12-37f4c5faccf3</UUID>
      <Text>Create quote</Text>
    </ProductText>
    <ProductText name="header" language="en" country="US">
      <UUID>8086c5e5-0064-4d9c-9f02-e530040ee8e7</UUID>
      <Text>Payment</Text>
    </ProductText>
    <ProductText name="header" language="en" country="US">
      <UUID>91398a05-ea55-4e0f-b51d-01f0db742799</UUID>
      <Text>Confirmation</Text>
    </ProductText>
    <ProductText name="short" language="en" country="US">
      <UUID>9f0c3044-4aae-4249-b464-058738a3f521</UUID>
      <Text>Next</Text>
    </ProductText>
    <ProductText name="short" language="en" country="US">
      <UUID>d18d1fb0-6ed5-4afb-b24a-631f489228c5</UUID>
      <Text>Next</Text>
    </ProductText>
    <ProductText name="short" language="en" country="US">
      <UUID>c69efbe7-ab14-4fbf-8704-285a84f7d9ef</UUID>
      <Text>Pay</Text>
    </ProductText>
  </ProductTextList>
  <ProductValueRangeList>
    <ProductValueRange name="Action.targetUpdateMapVR" type="fix">
      <UUID>07210dd4-e639-41a1-9695-37b31efffbc3</UUID>
      <DefinitionValueRelation>
        <UUID>64247191-8d41-40e9-a901-874189afb946</UUID>
        <DefinitionValueUUID>634661dc-1790-459f-a51b-142f342954ac</DefinitionValueUUID>
      </DefinitionValueRelation>
    </ProductValueRange>
    <ProductValueRange name="Action.targetUpdateMapVR" type="fix">
      <UUID>460b37f2-fa8c-4c9e-be73-ee20f67d6d03</UUID>
      <DefinitionValueRelation>
        <UUID>7f4830e2-ca51-4cbd-a69e-68b23775ff32</UUID>
        <DefinitionValueUUID>f6e2e14f-341f-40e1-b5dd-031020f42b0d</DefinitionValueUUID>
      </DefinitionValueRelation>
    </ProductValueRange>
    <ProductValueRange name="Action.targetUpdateMapVR" type="fix">
      <UUID>52cbb673-feed-4882-937d-8f50d812e7c0</UUID>
    </ProductValueRange>
    <ProductValueRange name="Action.targetUpdateMapVR" type="fix">
      <UUID>5ac97fde-0881-41b4-b36b-8559d7616272</UUID>
      <DefinitionValueRelation>
        <UUID>5885971a-d2fa-403c-86fc-454e1fb4859c</UUID>
        <DefinitionValueUUID>de01dd69-9a53-4631-9a26-021618fcf75f</DefinitionValueUUID>
      </DefinitionValueRelation>
    </ProductValueRange>
    <ProductValueRange name="Action.targetUpdateMapVR" type="fix">
      <UUID>6f9d49fe-309b-40e0-b418-77558174ae61</UUID>
    </ProductValueRange>
    <ProductValueRange name="Reference.referencedModelsVR" type="fix">
      <UUID>73087625-a5ea-447a-a99d-f59840effb2b</UUID>
      <DefinitionValueRelation>
        <UUID>11e9ee8d-6ae8-c60d-adac-5bb79093b7ad</UUID>
        <DefinitionValueUUID>a87885ff-d3cd-4bb8-8b63-f40121dad726</DefinitionValueUUID>
      </DefinitionValueRelation>
    </ProductValueRange>
    <ProductValueRange name="Action.targetUpdateMapVR" type="fix">
      <UUID>80af1524-ddf8-4efa-bc84-14df4ec78e69</UUID>
      <DefinitionValueRelation>
        <UUID>5e182f09-cbc2-4588-8245-3ccd54487054</UUID>
        <DefinitionValueUUID>be527d40-7972-46bb-bc61-f483a92fd0d0</DefinitionValueUUID>
      </DefinitionValueRelation>
    </ProductValueRange>
  </ProductValueRangeList>
  <DefinitionBusinessObjectContextList>
    <DefinitionBusinessObjectContext name="default-callcenter-callcenter">
      <UUID>57e35e10-e0bd-4854-ad6f-d5483eb45ff3</UUID>
      <SubclassId>visibilityLevelContext</SubclassId>
      <ValueField>4</ValueField>
    </DefinitionBusinessObjectContext>
    <DefinitionBusinessObjectContext name="default-callcenter-callcenter">
      <UUID>22460f32-e8a8-46c6-9a9e-03edea2b2aab</UUID>
      <SubclassId>visibilityLevelContext</SubclassId>
      <ValueField>0</ValueField>
    </DefinitionBusinessObjectContext>
    <DefinitionBusinessObjectContext name="default-public-anonymous">
      <UUID>7e98acff-ed1c-4337-ba2e-f00c0652c4d8</UUID>
      <SubclassId>visibilityLevelContext</SubclassId>
      <ValueField>4</ValueField>
    </DefinitionBusinessObjectContext>
    <DefinitionBusinessObjectContext name="default-public-anonymous">
      <UUID>90b94b91-a0bd-4346-ab92-f49a17aa0708</UUID>
      <SubclassId>visibilityLevelContext</SubclassId>
      <ValueField>0</ValueField>
    </DefinitionBusinessObjectContext>
  </DefinitionBusinessObjectContextList>
  <DefinitionResourceList />
  <AbstractProductBrickList />
  <ProductValueList>
    <ProductValue name=" " type="value">
      <UUID>3a4c35d5-4165-479a-8f7e-e915546d6ccd</UUID>
      <SortOrder>0</SortOrder>
      <Value />
    </ProductValue>
    <ProductValue name="delete=ignore,copy=setnull" type="value">
      <UUID>52d9ade6-b612-4204-81a0-b989966f1cb8</UUID>
      <SortOrder>0</SortOrder>
      <Value />
    </ProductValue>
    <ProductValue name=" " type="value">
      <UUID>58abdad6-6472-4378-b658-6334ade75eb8</UUID>
      <SortOrder>0</SortOrder>
      <Value />
    </ProductValue>
    <ProductValue name=" " type="value">
      <UUID>7cb9d61c-2719-4f2d-ba2c-cdb095397186</UUID>
      <SortOrder>0</SortOrder>
      <Value />
    </ProductValue>
    <ProductValue name=" " type="value">
      <UUID>84c82021-0a99-412c-9a27-cced7dc7317f</UUID>
      <SortOrder>0</SortOrder>
      <Value />
    </ProductValue>
    <ProductValue name=" " type="value">
      <UUID>8e45579b-92c3-4c1f-a10b-b37c567aee50</UUID>
      <SortOrder>0</SortOrder>
      <Value />
    </ProductValue>
    <ProductValue name="Home" type="value">
      <UUID>a87885ff-d3cd-4bb8-8b63-f40121dad726</UUID>
      <SortOrder>0</SortOrder>
      <Value />
    </ProductValue>
    <ProductValue name=" " type="value">
      <UUID>b88d285a-799e-48aa-bb7a-01bf05fd2d9c</UUID>
      <SortOrder>0</SortOrder>
      <Value />
    </ProductValue>
    <ProductValue name="" type="value">
      <UUID>5c46dd74-ca42-497c-bf3f-dad0dca30795</UUID>
      <SortOrder>0</SortOrder>
      <Value />
    </ProductValue>
    <ProductValue name="ref[HomeCreatePolicy.@CurrentProcessObject to Home].root.StateTranistionAction" type="value">
      <UUID>634661dc-1790-459f-a51b-142f342954ac</UUID>
      <SortOrder>1</SortOrder>
      <Value>ToInProgress</Value>
      <ProductBackendInfo name="Skye.SetValuesOnAction.Force">
        <UUID>4f18fa82-68ee-414f-a2b5-4265219d75c7</UUID>
        <Info>True</Info>
      </ProductBackendInfo>
    </ProductValue>
    <ProductValue name="ref[HomeCreatePolicy.@CurrentProcessObject to Home].root.StateTranistionAction" type="value">
      <UUID>f6e2e14f-341f-40e1-b5dd-031020f42b0d</UUID>
      <SortOrder>1</SortOrder>
      <Value>ToQuoteCreated</Value>
      <ProductBackendInfo name="Skye.SetValuesOnAction.Force">
        <UUID>bdbb8f53-6f8a-4c20-ac08-a27b1a35a571</UUID>
        <Info>True</Info>
      </ProductBackendInfo>
    </ProductValue>
    <ProductValue name="ref[HomeCreatePolicy.@CurrentProcessObject to Home].root.StateTranistionAction" type="value">
      <UUID>be527d40-7972-46bb-bc61-f483a92fd0d0</UUID>
      <SortOrder>1</SortOrder>
      <Value>ToPaymentProcessed</Value>
      <ProductBackendInfo name="Skye.SetValuesOnAction.Force">
        <UUID>77f01973-c2b1-4d9f-8c5d-6158a8f5be19</UUID>
        <Info>False</Info>
      </ProductBackendInfo>
    </ProductValue>
    <ProductValue name="ref[HomeCreatePolicy.@CurrentProcessObject to Home].root.StateTranistionAction" type="value">
      <UUID>de01dd69-9a53-4631-9a26-021618fcf75f</UUID>
      <SortOrder>1</SortOrder>
      <Value>ToPolicyCreated</Value>
      <ProductBackendInfo name="Skye.SetValuesOnAction.Force">
        <UUID>c1c7b0de-4e8d-43cd-843d-48ee154143a7</UUID>
        <Info>False</Info>
      </ProductBackendInfo>
    </ProductValue>
    <ProductValue name="Cheque" type="value">
      <UUID>a98dda3d-3207-40d8-8f96-77ec2f9550c4</UUID>
      <SortOrder>0</SortOrder>
      <Value>Cheque</Value>
    </ProductValue>
    <ProductValue name="Cash" type="value">
      <UUID>faea4e51-5b60-442c-a514-2329bdb3ee47</UUID>
      <SortOrder>0</SortOrder>
      <Value>Cash</Value>
    </ProductValue>
    <ProductValue name="PaymentProcessed" type="value">
      <UUID>542aa239-ad61-431f-bfae-fe6afd1dbd26</UUID>
      <SortOrder>0</SortOrder>
      <Value>PaymentProcessed</Value>
    </ProductValue>
    <ProductValue name="PaymentProcessed" type="value">
      <UUID>821bb7be-8338-4670-9728-bf0d830a1dd9</UUID>
      <SortOrder>0</SortOrder>
      <Value>PaymentProcessed</Value>
    </ProductValue>
  </ProductValueList>
  <ProductPolicyAttribute name="@CurrentProcessObject" visibilityLevel="2" mandatory="false" unit=" " format="" numberOfDecimals="0" attributeClass=" " type="Reference">
    <UUID>214d85d4-7fac-445d-9d69-8a23b9ddb47f</UUID>
    <SortOrder>99</SortOrder>
    <InputType>Textbox</InputType>
    <DataType>product</DataType>
    <MaxLength>4000</MaxLength>
    <MinLength>0</MinLength>
    <ProductValueRangeRelation>
      <UUID>b8984dd5-3a96-417a-8e91-84e44afd785d</UUID>
      <SortOrder>99</SortOrder>
      <ProductValueRangeUUID>73087625-a5ea-447a-a99d-f59840effb2b</ProductValueRangeUUID>
    </ProductValueRangeRelation>
    <ProductBackendInfo name="Skye.AttributeAlias">
      <UUID>3ec13753-3b03-4de0-8b92-c1c5d613ed5b</UUID>
      <Info />
    </ProductBackendInfo>
    <ProductBackendInfo name="Skye.AllowValueSetViaUnencryptedURL">
      <UUID>3fb614c9-5621-48fa-af3b-97cec099f0b6</UUID>
      <Info>false</Info>
    </ProductBackendInfo>
    <ProductBackendInfo name="Skye.Core.DataSecurity">
      <UUID>836da0d0-9054-4851-9e8a-e9544b1c4901</UUID>
      <Info>Standard</Info>
    </ProductBackendInfo>
    <DefinitionValueRelation>
      <UUID>11e9ee8d-6ae8-c60c-adac-5bb79093b7ad</UUID>
      <DefinitionValueUUID>52d9ade6-b612-4204-81a0-b989966f1cb8</DefinitionValueUUID>
    </DefinitionValueRelation>
  </ProductPolicyAttribute>
  <ProductPolicyAttribute name="@CurrentProcessStep" visibilityLevel="2" mandatory="false" unit=" " format="" numberOfDecimals="0" attributeClass=" " type="Standard">
    <UUID>f5ecf08e-6c11-48ab-ae2f-b849aec4e909</UUID>
    <SortOrder>99</SortOrder>
    <InputType>Textbox</InputType>
    <DataType>String</DataType>
    <MaxLength>4000</MaxLength>
    <MinLength>0</MinLength>
    <ProductBackendInfo name="Skye.Core.DataSecurity">
      <UUID>5f52f958-da19-4a9f-9215-4e28f0b03719</UUID>
      <Info>Standard</Info>
    </ProductBackendInfo>
    <ProductBackendInfo name="Skye.AttributeAlias">
      <UUID>784e3040-f68f-4d57-95fb-17f5a02ff435</UUID>
      <Info />
    </ProductBackendInfo>
    <ProductBackendInfo name="Skye.AllowValueSetViaUnencryptedURL">
      <UUID>c5ec5182-a4d7-4548-850e-ea88a40b9856</UUID>
      <Info>false</Info>
    </ProductBackendInfo>
    <DefinitionValueRelation>
      <UUID>11e9ee8d-6ae8-c60b-adac-5bb79093b7ad</UUID>
      <DefinitionValueUUID>b88d285a-799e-48aa-bb7a-01bf05fd2d9c</DefinitionValueUUID>
    </DefinitionValueRelation>
  </ProductPolicyAttribute>
  <ProductBrick name="HomeCreatePolicy:QuickQuote" visibilityLevel="2" brickClass=" " isAbstract="false" typeId="13">
    <UUID>0adf8c0b-f886-442b-9d7e-5fe209882c02</UUID>
    <SortOrder>10</SortOrder>
    <MinimumUsage>1</MinimumUsage>
    <MaximumUsage>1</MaximumUsage>
    <InitialUsage>1</InitialUsage>
    <PredecessorBrickUUID />
    <PredecessorBrickName />
    <ProductTextRelation>
      <ProductTextUUID>212d20de-50da-4015-a51e-9239d2dd48ce</ProductTextUUID>
    </ProductTextRelation>
    <ProductPolicyAttribute name="CreateQuote" visibilityLevel="4" mandatory="false" unit="" format="" numberOfDecimals="0" attributeClass=" " type="Action">
      <UUID>77f2b72e-c061-46c7-ac24-93256b8bf4fb</UUID>
      <SortOrder>99</SortOrder>
      <InputType>Textbox</InputType>
      <DataType>String</DataType>
      <MaxLength>4000</MaxLength>
      <MinLength>0</MinLength>
      <ProductTextRelation>
        <ProductTextUUID>45407fab-c11e-4203-9f12-37f4c5faccf3</ProductTextUUID>
      </ProductTextRelation>
      <ProductValueRangeRelation>
        <UUID>e6b8c49d-9492-4540-a62b-5841b18f441e</UUID>
        <SortOrder>99</SortOrder>
        <ProductValueRangeUUID>07210dd4-e639-41a1-9695-37b31efffbc3</ProductValueRangeUUID>
      </ProductValueRangeRelation>
      <ProductBackendInfo name="Skye.PersistOnAction">
        <UUID>0da13452-248a-4abe-8004-59143097cc8e</UUID>
        <Info>True</Info>
      </ProductBackendInfo>
      <ProductBackendInfo name="Skye.sendEventWithValidationErrorsAnalytics">
        <UUID>26e18900-461a-48e1-83ef-5627731d0b30</UUID>
        <Info>False</Info>
      </ProductBackendInfo>
      <ProductBackendInfo name="Skye.ActionAttribute.BindInvisibleCaptchaChallenge">
        <UUID>2a535795-ed78-44c2-ba5d-46f20e6372b5</UUID>
        <Info>False</Info>
      </ProductBackendInfo>
      <ProductBackendInfo name="Skye.TransitionProcessStep">
        <UUID>3a6d766a-9a87-4e60-ae0f-e61ae2ecd679</UUID>
        <Info>HomeCreatePolicy:Details</Info>
      </ProductBackendInfo>
      <ProductBackendInfo name="Skye.StyleClass">
        <UUID>44352bc2-641c-4a71-a144-f39fe643ef19</UUID>
        <Info>skyeAccordionNext</Info>
      </ProductBackendInfo>
      <ProductBackendInfo name="Skye.UpdateProcessOnAction">
        <UUID>6048905d-32dd-44d3-8d09-e983dbe2c99a</UUID>
        <Info>True</Info>
      </ProductBackendInfo>
      <ProductBackendInfo name="Skye.ProcessExitPoint">
        <UUID>bfd1cb8c-3f6e-45f3-a4c1-98858daba010</UUID>
        <Info>False</Info>
      </ProductBackendInfo>
      <ProductBackendInfo name="Skye.AllowValueSetViaUnencryptedURL">
        <UUID>c12012b3-35c8-4c47-bdb0-dd4291fdddcf</UUID>
        <Info>False</Info>
      </ProductBackendInfo>
      <ProductBackendInfo name="Skye.AttributeAlias">
        <UUID>c8bd7696-d72a-4f64-a96d-59e895ff6d50</UUID>
        <Info />
      </ProductBackendInfo>
      <ProductBackendInfo name="Skye.ValidateOnAction">
        <UUID>cf66ad20-a824-4ffb-be66-ffa1a625ae94</UUID>
        <Info>False</Info>
      </ProductBackendInfo>
      <ProductBackendInfo name="Skye.ControllerActionName">
        <UUID>f524fc91-1010-4fbc-ab38-5327186524f3</UUID>
        <Info>CreateQuote</Info>
      </ProductBackendInfo>
      <ProductBackendInfo name="Skye.Core.DataSecurity">
        <UUID>f5bb4d5a-324b-47ad-ba68-1f52d2fa389c</UUID>
        <Info>Standard</Info>
      </ProductBackendInfo>
      <DefinitionValueRelation>
        <UUID>11e9ee8d-6ae8-c608-adac-5bb79093b7ad</UUID>
        <DefinitionValueUUID>8e45579b-92c3-4c1f-a10b-b37c567aee50</DefinitionValueUUID>
      </DefinitionValueRelation>
    </ProductPolicyAttribute>
    <ProductBackendInfo name="Skye.MultibrickType">
      <UUID>4e95c5ea-2c5d-4775-8102-bcd20fb00935</UUID>
      <Info />
    </ProductBackendInfo>
  </ProductBrick>
  <ProductBrick name="HomeCreatePolicy:Details" visibilityLevel="2" brickClass=" " isAbstract="false" typeId="0">
    <UUID>c29fd899-bf5c-458b-ae99-50f515d5d084</UUID>
    <SortOrder>20</SortOrder>
    <MinimumUsage>1</MinimumUsage>
    <MaximumUsage>1</MaximumUsage>
    <InitialUsage>1</InitialUsage>
    <PredecessorBrickUUID />
    <PredecessorBrickName />
    <ProductTextRelation>
      <ProductTextUUID>3cec340a-e2b2-4f9f-82c4-91545589317c</ProductTextUUID>
    </ProductTextRelation>
    <ProductPolicyAttribute name="Next" visibilityLevel="4" mandatory="false" unit="" format="" numberOfDecimals="0" attributeClass=" " type="Action">
      <UUID>74048c71-1348-40ec-ae23-c6e3eb4b0b41</UUID>
      <SortOrder>99</SortOrder>
      <InputType>Textbox</InputType>
      <DataType>String</DataType>
      <MaxLength>4000</MaxLength>
      <MinLength>0</MinLength>
      <ProductTextRelation>
        <ProductTextUUID>d18d1fb0-6ed5-4afb-b24a-631f489228c5</ProductTextUUID>
      </ProductTextRelation>
      <ProductValueRangeRelation>
        <UUID>051d2d11-2172-4daa-b017-d16f7827f2ee</UUID>
        <SortOrder>99</SortOrder>
        <ProductValueRangeUUID>460b37f2-fa8c-4c9e-be73-ee20f67d6d03</ProductValueRangeUUID>
      </ProductValueRangeRelation>
      <ProductBackendInfo name="Skye.ValidateOnAction">
        <UUID>2a2f7538-f4c6-4398-ba04-45f9887e154b</UUID>
        <Info>False</Info>
      </ProductBackendInfo>
      <ProductBackendInfo name="Skye.Core.DataSecurity">
        <UUID>3185a650-d4ea-401d-87bb-8e824884d1f7</UUID>
        <Info>Standard</Info>
      </ProductBackendInfo>
      <ProductBackendInfo name="Skye.StyleClass">
        <UUID>4324a152-8057-4756-8891-5d4d2c187005</UUID>
        <Info>skyeAccordionNext</Info>
      </ProductBackendInfo>
      <ProductBackendInfo name="Skye.AttributeAlias">
        <UUID>4c617f64-cee5-4fb9-85ef-49a00d48a61b</UUID>
        <Info />
      </ProductBackendInfo>
      <ProductBackendInfo name="Skye.sendEventWithValidationErrorsAnalytics">
        <UUID>5969720a-e15e-4037-814f-109db7d4a26b</UUID>
        <Info>False</Info>
      </ProductBackendInfo>
      <ProductBackendInfo name="Skye.ControllerActionName">
        <UUID>6c3f6de9-720e-4e31-858f-aebbb052da36</UUID>
        <Info>Next</Info>
      </ProductBackendInfo>
      <ProductBackendInfo name="Skye.UpdateProcessOnAction">
        <UUID>859c385b-b5a9-4a04-be35-e848997b54bf</UUID>
        <Info>True</Info>
      </ProductBackendInfo>
      <ProductBackendInfo name="Skye.PersistOnAction">
        <UUID>85d4e99a-6920-401f-bfad-2cf70662bcde</UUID>
        <Info>False</Info>
      </ProductBackendInfo>
      <ProductBackendInfo name="Skye.ProcessExitPoint">
        <UUID>c3f3fa1c-64ef-4964-9b05-8d592024463f</UUID>
        <Info>False</Info>
      </ProductBackendInfo>
      <ProductBackendInfo name="Skye.AllowValueSetViaUnencryptedURL">
        <UUID>e35f8d96-6ac8-45e2-aac9-8bd16168a99a</UUID>
        <Info>False</Info>
      </ProductBackendInfo>
      <ProductBackendInfo name="Skye.ActionAttribute.BindInvisibleCaptchaChallenge">
        <UUID>e9d37953-6ad9-48b8-8e2d-e19c913ee384</UUID>
        <Info>False</Info>
      </ProductBackendInfo>
      <ProductBackendInfo name="Skye.TransitionProcessStep">
        <UUID>ed989574-5491-4d69-bff0-3c5bbc16819e</UUID>
        <Info>HomeCreatePolicy:Payment</Info>
      </ProductBackendInfo>
      <DefinitionValueRelation>
        <UUID>11e9ee8d-6ae8-c606-adac-5bb79093b7ad</UUID>
        <DefinitionValueUUID>7cb9d61c-2719-4f2d-ba2c-cdb095397186</DefinitionValueUUID>
      </DefinitionValueRelation>
    </ProductPolicyAttribute>
    <ProductPolicyAttribute name="Back" visibilityLevel="4" mandatory="false" unit="" format="" numberOfDecimals="0" attributeClass=" " type="Action">
      <UUID>d7797979-c321-44a5-88a4-90b317e1e623</UUID>
      <SortOrder>99</SortOrder>
      <InputType>Textbox</InputType>
      <DataType>String</DataType>
      <MaxLength>4000</MaxLength>
      <MinLength>0</MinLength>
      <ProductTextRelation>
        <ProductTextUUID>0bfea0aa-50fc-4b79-9daf-5bbf7ae71bbe</ProductTextUUID>
      </ProductTextRelation>
      <ProductValueRangeRelation>
        <UUID>17b4c538-14a0-44f6-a801-a5dbb93effad</UUID>
        <SortOrder>99</SortOrder>
        <ProductValueRangeUUID>52cbb673-feed-4882-937d-8f50d812e7c0</ProductValueRangeUUID>
      </ProductValueRangeRelation>
      <ProductBackendInfo name="Skye.ControllerActionName">
        <UUID>0a596f61-be3c-42da-8395-d61467db027c</UUID>
        <Info>Back</Info>
      </ProductBackendInfo>
      <ProductBackendInfo name="Skye.ValidateOnAction">
        <UUID>1ead77a4-530a-4be3-b95b-bf03409a1de3</UUID>
        <Info>False</Info>
      </ProductBackendInfo>
      <ProductBackendInfo name="Skye.AttributeAlias">
        <UUID>3cb19d2c-1874-4185-9610-ed3cb18442e1</UUID>
        <Info />
      </ProductBackendInfo>
      <ProductBackendInfo name="Skye.TransitionProcessStep">
        <UUID>408c9048-2257-4689-8cf9-6746e1f89adb</UUID>
        <Info>HomeCreatePolicy:QuickQuote</Info>
      </ProductBackendInfo>
      <ProductBackendInfo name="Skye.StyleClass">
        <UUID>499e04ac-948d-4df7-8437-452da3f2319a</UUID>
        <Info>skyeAccordionBack</Info>
      </ProductBackendInfo>
      <ProductBackendInfo name="Skye.ActionAttribute.BindInvisibleCaptchaChallenge">
        <UUID>4a56d364-51ad-421a-8ecb-423acdeeedfb</UUID>
        <Info>False</Info>
      </ProductBackendInfo>
      <ProductBackendInfo name="Skye.UpdateProcessOnAction">
        <UUID>7c8f4321-25d3-41e7-b3bf-8c4a1f84a16a</UUID>
        <Info>True</Info>
      </ProductBackendInfo>
      <ProductBackendInfo name="Skye.AllowValueSetViaUnencryptedURL">
        <UUID>93d8ef52-7b03-4b85-a5c5-57f4baa7e240</UUID>
        <Info>False</Info>
      </ProductBackendInfo>
      <ProductBackendInfo name="Skye.Core.DataSecurity">
        <UUID>98d3840b-547b-4157-8119-c5a39617a817</UUID>
        <Info>Standard</Info>
      </ProductBackendInfo>
      <ProductBackendInfo name="Skye.sendEventWithValidationErrorsAnalytics">
        <UUID>b14a39f0-a25b-46db-aa8e-aa1126ac1efc</UUID>
        <Info>False</Info>
      </ProductBackendInfo>
      <ProductBackendInfo name="Skye.ProcessExitPoint">
        <UUID>bac53fb7-5c9d-4422-b9a2-d6258a4fa008</UUID>
        <Info>False</Info>
      </ProductBackendInfo>
      <ProductBackendInfo name="Skye.PersistOnAction">
        <UUID>d3df1b1b-80d1-4193-be61-39c80269e2ee</UUID>
        <Info>False</Info>
      </ProductBackendInfo>
      <DefinitionValueRelation>
        <UUID>11e9ee8d-6ae8-c609-adac-5bb79093b7ad</UUID>
        <DefinitionValueUUID>3a4c35d5-4165-479a-8f7e-e915546d6ccd</DefinitionValueUUID>
      </DefinitionValueRelation>
    </ProductPolicyAttribute>
    <ProductBackendInfo name="Skye.MultibrickType">
      <UUID>801e62a8-4ed7-4168-b40f-bdbb0e32e229</UUID>
      <Info />
    </ProductBackendInfo>
  </ProductBrick>
  <ProductBrick name="HomeCreatePolicy:Payment" visibilityLevel="2" brickClass=" " isAbstract="false" typeId="0">
    <UUID>843c39d6-429b-4866-b903-a7e9cb227765</UUID>
    <SortOrder>30</SortOrder>
    <MinimumUsage>1</MinimumUsage>
    <MaximumUsage>1</MaximumUsage>
    <InitialUsage>1</InitialUsage>
    <PredecessorBrickUUID />
    <PredecessorBrickName />
    <ProductTextRelation>
      <ProductTextUUID>8086c5e5-0064-4d9c-9f02-e530040ee8e7</ProductTextUUID>
    </ProductTextRelation>
    <ProductPolicyAttribute name="Back" visibilityLevel="4" mandatory="false" unit="" format="" numberOfDecimals="0" attributeClass=" " type="Action">
      <UUID>82b9fb88-366c-4933-a6b3-2b1d0bbbc2a5</UUID>
      <SortOrder>99</SortOrder>
      <InputType>Textbox</InputType>
      <DataType>String</DataType>
      <MaxLength>4000</MaxLength>
      <MinLength>0</MinLength>
      <ProductTextRelation>
        <ProductTextUUID>1778b3ea-ad7c-4a21-b59b-b5a10c94fb56</ProductTextUUID>
      </ProductTextRelation>
      <ProductValueRangeRelation>
        <UUID>18decafb-a769-4c84-b63a-e275525010a6</UUID>
        <SortOrder>99</SortOrder>
        <ProductValueRangeUUID>6f9d49fe-309b-40e0-b418-77558174ae61</ProductValueRangeUUID>
      </ProductValueRangeRelation>
      <ProductBackendInfo name="Skye.ProcessExitPoint">
        <UUID>01160241-5744-4fd8-b4e7-54c43e1c2974</UUID>
        <Info>False</Info>
      </ProductBackendInfo>
      <ProductBackendInfo name="Skye.ControllerActionName">
        <UUID>31afcc90-b879-483a-aaa9-8601f1e6720a</UUID>
        <Info>Back</Info>
      </ProductBackendInfo>
      <ProductBackendInfo name="Skye.AllowValueSetViaUnencryptedURL">
        <UUID>4037d693-1038-401f-82e6-78f2af04f543</UUID>
        <Info>False</Info>
      </ProductBackendInfo>
      <ProductBackendInfo name="Skye.PersistOnAction">
        <UUID>4ba22e99-028b-40d3-b68e-448985745b8b</UUID>
        <Info>False</Info>
      </ProductBackendInfo>
      <ProductBackendInfo name="Skye.TransitionProcessStep">
        <UUID>5ae91d2c-26f6-47dd-b6bf-ad0f7bc7b1a4</UUID>
        <Info>HomeCreatePolicy:Details</Info>
      </ProductBackendInfo>
      <ProductBackendInfo name="Skye.AttributeAlias">
        <UUID>778ba7bb-fb8c-4ef6-bd47-69e99a339009</UUID>
        <Info />
      </ProductBackendInfo>
      <ProductBackendInfo name="Skye.ActionAttribute.BindInvisibleCaptchaChallenge">
        <UUID>979aa4d0-b0e5-474b-b127-6bbe05549c32</UUID>
        <Info>False</Info>
      </ProductBackendInfo>
      <ProductBackendInfo name="Skye.Core.DataSecurity">
        <UUID>99b047a4-38ad-4b32-b676-9adbf1918a27</UUID>
        <Info>Standard</Info>
      </ProductBackendInfo>
      <ProductBackendInfo name="Skye.StyleClass">
        <UUID>a7172fd2-44d0-4b77-8e0f-5a46c8d80938</UUID>
        <Info>skyeAccordionBack</Info>
      </ProductBackendInfo>
      <ProductBackendInfo name="Skye.UpdateProcessOnAction">
        <UUID>c45fcf29-e4ce-496a-8672-6b9f955d4c85</UUID>
        <Info>True</Info>
      </ProductBackendInfo>
      <ProductBackendInfo name="Skye.ValidateOnAction">
        <UUID>cb16dff4-41ad-482e-8e09-e23829391073</UUID>
        <Info>False</Info>
      </ProductBackendInfo>
      <ProductBackendInfo name="Skye.sendEventWithValidationErrorsAnalytics">
        <UUID>e687862b-d586-4e44-98b3-d3873261c832</UUID>
        <Info>False</Info>
      </ProductBackendInfo>
      <DefinitionValueRelation>
        <UUID>11e9ee8d-6ae8-c607-adac-5bb79093b7ad</UUID>
        <DefinitionValueUUID>58abdad6-6472-4378-b658-6334ade75eb8</DefinitionValueUUID>
      </DefinitionValueRelation>
    </ProductPolicyAttribute>
    <ProductPolicyAttribute name="Next" visibilityLevel="0" mandatory="false" unit="" format="" numberOfDecimals="0" attributeClass=" " type="Action">
      <UUID>e966096a-f1f7-44a8-b06b-e1f773a18f30</UUID>
      <SortOrder>99</SortOrder>
      <InputType>Textbox</InputType>
      <DataType>String</DataType>
      <MaxLength>4000</MaxLength>
      <MinLength>0</MinLength>
      <ProductTextRelation>
        <ProductTextUUID>9f0c3044-4aae-4249-b464-058738a3f521</ProductTextUUID>
      </ProductTextRelation>
      <ProductValueRangeRelation>
        <UUID>85a86fc1-678a-4e4e-b65d-bf1db46cbafc</UUID>
        <SortOrder>99</SortOrder>
        <ProductValueRangeUUID>5ac97fde-0881-41b4-b36b-8559d7616272</ProductValueRangeUUID>
      </ProductValueRangeRelation>
      <ProductBackendInfo name="Skye.TransitionProcessStep">
        <UUID>324bf5a1-a499-420a-97be-65a0130d9f2d</UUID>
        <Info>HomeCreatePolicy:Confirmation</Info>
      </ProductBackendInfo>
      <ProductBackendInfo name="Skye.Core.DataSecurity">
        <UUID>654415dc-d7bb-4a10-b23d-2a91758b420c</UUID>
        <Info>Standard</Info>
      </ProductBackendInfo>
      <ProductBackendInfo name="Skye.StyleClass">
        <UUID>6c443c8d-5533-47e5-89f7-dd74fefbcb24</UUID>
        <Info>skyeAccordionNext</Info>
      </ProductBackendInfo>
      <ProductBackendInfo name="Skye.ActionAttribute.BindInvisibleCaptchaChallenge">
        <UUID>834be763-ac4f-499e-a833-da241ddaec5e</UUID>
        <Info>False</Info>
      </ProductBackendInfo>
      <ProductBackendInfo name="Skye.PersistOnAction">
        <UUID>838ab3db-db42-4868-97d9-7db4fb917e82</UUID>
        <Info>False</Info>
      </ProductBackendInfo>
      <ProductBackendInfo name="Skye.AttributeAlias">
        <UUID>92afe94b-f8c9-44d5-9a96-518d6e4d6570</UUID>
        <Info />
      </ProductBackendInfo>
      <ProductBackendInfo name="Skye.sendEventWithValidationErrorsAnalytics">
        <UUID>a4e608b9-7396-4969-a49c-1efe2d7b14d2</UUID>
        <Info>False</Info>
      </ProductBackendInfo>
      <ProductBackendInfo name="Skye.AllowValueSetViaUnencryptedURL">
        <UUID>be5b80cd-a8ea-43f0-a047-ff42e2774ea2</UUID>
        <Info>False</Info>
      </ProductBackendInfo>
      <ProductBackendInfo name="Skye.ProcessExitPoint">
        <UUID>cad83721-4e0d-4128-8c04-9acc3c7d249b</UUID>
        <Info>False</Info>
      </ProductBackendInfo>
      <ProductBackendInfo name="Skye.UpdateProcessOnAction">
        <UUID>cb7f6ccd-8461-4d91-be59-09cb4b73860e</UUID>
        <Info>True</Info>
      </ProductBackendInfo>
      <ProductBackendInfo name="Skye.ValidateOnAction">
        <UUID>e93a243a-6ac5-41e2-8409-4dd5dc8133e5</UUID>
        <Info>True</Info>
      </ProductBackendInfo>
      <ProductBackendInfo name="Skye.ControllerActionName">
        <UUID>ea6287f2-9268-4cb8-8aee-8bf985de1e94</UUID>
        <Info>Next</Info>
      </ProductBackendInfo>
      <DefinitionValueRelation>
        <UUID>11e9ee8d-6ae8-c60a-adac-5bb79093b7ad</UUID>
        <DefinitionValueUUID>84c82021-0a99-412c-9a27-cced7dc7317f</DefinitionValueUUID>
      </DefinitionValueRelation>
    </ProductPolicyAttribute>
    <ProductPolicyAttribute name="Pay" visibilityLevel="0" mandatory="false" unit="" format="" numberOfDecimals="0" attributeClass="" type="Action">
      <UUID>ebe7602d-b041-4c4f-84ce-12f0806c2f46</UUID>
      <SortOrder>99</SortOrder>
      <InputType>Textbox</InputType>
      <DataType>String</DataType>
      <MaxLength>4000</MaxLength>
      <MinLength>0</MinLength>
      <ProductTextRelation>
        <UUID>f058ea60-c951-4859-89d1-7349e2b047ff</UUID>
        <ProductTextUUID>c69efbe7-ab14-4fbf-8704-285a84f7d9ef</ProductTextUUID>
      </ProductTextRelation>
      <ProductValueRangeRelation>
        <UUID>8e13d0e7-b61c-497f-8372-9006d5b47bf5</UUID>
        <SortOrder>99</SortOrder>
        <ProductValueRangeUUID>80af1524-ddf8-4efa-bc84-14df4ec78e69</ProductValueRangeUUID>
      </ProductValueRangeRelation>
      <ProductBackendInfo name="Skye.AttributeAlias">
        <UUID>2fb67602-f9fc-4f4b-9ba1-8463acb07489</UUID>
        <Info />
      </ProductBackendInfo>
      <ProductBackendInfo name="Skye.Core.DataSecurity">
        <UUID>55ee4849-dd03-4adf-8c67-10e960e92698</UUID>
        <Info>Standard</Info>
      </ProductBackendInfo>
      <ProductBackendInfo name="Skye.AllowValueSetViaUnencryptedURL">
        <UUID>4f1cef55-a43f-4a5f-8619-b1fa3fa287ca</UUID>
        <Info>False</Info>
      </ProductBackendInfo>
      <ProductBackendInfo name="Skye.ControllerActionName">
        <UUID>35b61be0-28f4-4944-87cb-95c295db0045</UUID>
        <Info>Pay</Info>
      </ProductBackendInfo>
      <ProductBackendInfo name="Skye.StyleClass">
        <UUID>5249f803-5144-4088-9798-46e10a9768bc</UUID>
        <Info>skyeAccordionAction</Info>
      </ProductBackendInfo>
      <ProductBackendInfo name="Skye.TransitionProcessStep">
        <UUID>ee705f96-c611-4442-a336-1d37f2afe4dc</UUID>
        <Info />
      </ProductBackendInfo>
      <ProductBackendInfo name="Skye.sendEventWithValidationErrorsAnalytics">
        <UUID>caeb29ee-7c2a-4eee-a1ea-2b849dead39a</UUID>
        <Info>False</Info>
      </ProductBackendInfo>
      <ProductBackendInfo name="Skye.ValidateOnAction">
        <UUID>52314ca5-4551-46f6-bf9b-fd15ebe957f5</UUID>
        <Info>True</Info>
      </ProductBackendInfo>
      <ProductBackendInfo name="Skye.UpdateProcessOnAction">
        <UUID>d003b690-5941-4389-9a3c-2049a85313b5</UUID>
        <Info>False</Info>
      </ProductBackendInfo>
      <ProductBackendInfo name="Skye.ProcessExitPoint">
        <UUID>adcdb268-ccda-4773-82ba-5564424cec5d</UUID>
        <Info>False</Info>
      </ProductBackendInfo>
      <ProductBackendInfo name="Skye.PersistOnAction">
        <UUID>773f7a71-b684-4c90-a4ac-d70bc7e7df38</UUID>
        <Info>False</Info>
      </ProductBackendInfo>
      <ProductBackendInfo name="Skye.ActionAttribute.BindInvisibleCaptchaChallenge">
        <UUID>0dfebd37-8e46-4ef4-9ba1-3ef587c6c1d4</UUID>
        <Info>False</Info>
      </ProductBackendInfo>
      <DefinitionValueRelation>
        <DefinitionValueUUID>5c46dd74-ca42-497c-bf3f-dad0dca30795</DefinitionValueUUID>
      </DefinitionValueRelation>
    </ProductPolicyAttribute>
    <ProductBackendInfo name="Skye.MultibrickType">
      <UUID>a012de57-33df-418c-aaf1-25d8447dd2c2</UUID>
      <Info />
    </ProductBackendInfo>
  </ProductBrick>
  <ProductBrick name="HomeCreatePolicy:Confirmation" visibilityLevel="2" brickClass=" " isAbstract="false" typeId="0">
    <UUID>b0b9c779-313a-47b1-8e3e-bdc3857d95a1</UUID>
    <SortOrder>40</SortOrder>
    <MinimumUsage>1</MinimumUsage>
    <MaximumUsage>1</MaximumUsage>
    <InitialUsage>1</InitialUsage>
    <PredecessorBrickUUID />
    <PredecessorBrickName />
    <ProductTextRelation>
      <ProductTextUUID>91398a05-ea55-4e0f-b51d-01f0db742799</ProductTextUUID>
    </ProductTextRelation>
    <ProductBackendInfo name="Skye.MultibrickType">
      <UUID>f3908b2d-8b18-4b13-ba0c-41be6f253d22</UUID>
      <Info />
    </ProductBackendInfo>
  </ProductBrick>
  <DefinitionDependentLists>
    <DefinitionDependencyDefaultValueList />
    <DefinitionDependencyValueRangeList />
    <DefinitionDependencyVisibilityList>
      <DefinitionDependencyVisibility name="Payvisible#0">
        <UUID>e491dd1c-6068-496d-b759-54ad0155d4c2</UUID>
        <ClientUUID>ebe7602d-b041-4c4f-84ce-12f0806c2f46</ClientUUID>
        <Operator>EQUALS</Operator>
        <SupplierValueUUID>a98dda3d-3207-40d8-8f96-77ec2f9550c4</SupplierValueUUID>
        <RefreshOnChange>false</RefreshOnChange>
        <DefinitionBusinessObjectContextRelation>
          <ContextUUID>57e35e10-e0bd-4854-ad6f-d5483eb45ff3</ContextUUID>
          <DefinitionObjectUUID>e491dd1c-6068-496d-b759-54ad0155d4c2</DefinitionObjectUUID>
        </DefinitionBusinessObjectContextRelation>
        <DefinitionBusinessObjectContextRelation>
          <ContextUUID>7e98acff-ed1c-4337-ba2e-f00c0652c4d8</ContextUUID>
          <DefinitionObjectUUID>e491dd1c-6068-496d-b759-54ad0155d4c2</DefinitionObjectUUID>
        </DefinitionBusinessObjectContextRelation>
        <SupplierReference>ref[HomeCreatePolicy.@CurrentProcessObject to Home].Payment.PaymentOption</SupplierReference>
        <ClientVisibilityLevel>4</ClientVisibilityLevel>
      </DefinitionDependencyVisibility>
      <DefinitionDependencyVisibility name="PayNextVisible#0">
        <UUID>b61a8247-c6f5-427b-a0b5-ff6c41ab3012</UUID>
        <ClientUUID>e966096a-f1f7-44a8-b06b-e1f773a18f30</ClientUUID>
        <Operator>EQUALS</Operator>
        <SupplierValueUUID>faea4e51-5b60-442c-a514-2329bdb3ee47</SupplierValueUUID>
        <RefreshOnChange>false</RefreshOnChange>
        <DefinitionBusinessObjectContextRelation>
          <ContextUUID>57e35e10-e0bd-4854-ad6f-d5483eb45ff3</ContextUUID>
          <DefinitionObjectUUID>b61a8247-c6f5-427b-a0b5-ff6c41ab3012</DefinitionObjectUUID>
        </DefinitionBusinessObjectContextRelation>
        <DefinitionBusinessObjectContextRelation>
          <ContextUUID>7e98acff-ed1c-4337-ba2e-f00c0652c4d8</ContextUUID>
          <DefinitionObjectUUID>b61a8247-c6f5-427b-a0b5-ff6c41ab3012</DefinitionObjectUUID>
        </DefinitionBusinessObjectContextRelation>
        <SupplierReference>ref[HomeCreatePolicy.@CurrentProcessObject to Home].Payment.PaymentOption</SupplierReference>
        <ClientVisibilityLevel>4</ClientVisibilityLevel>
      </DefinitionDependencyVisibility>
      <DefinitionDependencyVisibility name="PaymentNextVisible2#0">
        <UUID>821bba8a-cdf9-4a2c-8a8a-f2ee6bae59c3</UUID>
        <ClientUUID>e966096a-f1f7-44a8-b06b-e1f773a18f30</ClientUUID>
        <Operator>EQUALS</Operator>
        <SupplierValueUUID>542aa239-ad61-431f-bfae-fe6afd1dbd26</SupplierValueUUID>
        <RefreshOnChange>false</RefreshOnChange>
        <DefinitionBusinessObjectContextRelation>
          <ContextUUID>57e35e10-e0bd-4854-ad6f-d5483eb45ff3</ContextUUID>
          <DefinitionObjectUUID>821bba8a-cdf9-4a2c-8a8a-f2ee6bae59c3</DefinitionObjectUUID>
        </DefinitionBusinessObjectContextRelation>
        <DefinitionBusinessObjectContextRelation>
          <ContextUUID>7e98acff-ed1c-4337-ba2e-f00c0652c4d8</ContextUUID>
          <DefinitionObjectUUID>821bba8a-cdf9-4a2c-8a8a-f2ee6bae59c3</DefinitionObjectUUID>
        </DefinitionBusinessObjectContextRelation>
        <SupplierReference>ref[HomeCreatePolicy.@CurrentProcessObject to Home].root.Status</SupplierReference>
        <ClientVisibilityLevel>4</ClientVisibilityLevel>
      </DefinitionDependencyVisibility>
      <DefinitionDependencyVisibility name="Payvisible2#0">
        <UUID>4c5dac9d-3c3a-4afb-bbf1-0850b7c0ed18</UUID>
        <ClientUUID>ebe7602d-b041-4c4f-84ce-12f0806c2f46</ClientUUID>
        <Operator>EQUALS</Operator>
        <SupplierValueUUID>821bb7be-8338-4670-9728-bf0d830a1dd9</SupplierValueUUID>
        <RefreshOnChange>false</RefreshOnChange>
        <DefinitionBusinessObjectContextRelation>
          <ContextUUID>22460f32-e8a8-46c6-9a9e-03edea2b2aab</ContextUUID>
          <DefinitionObjectUUID>4c5dac9d-3c3a-4afb-bbf1-0850b7c0ed18</DefinitionObjectUUID>
        </DefinitionBusinessObjectContextRelation>
        <DefinitionBusinessObjectContextRelation>
          <ContextUUID>90b94b91-a0bd-4346-ab92-f49a17aa0708</ContextUUID>
          <DefinitionObjectUUID>4c5dac9d-3c3a-4afb-bbf1-0850b7c0ed18</DefinitionObjectUUID>
        </DefinitionBusinessObjectContextRelation>
        <SupplierReference>ref[HomeCreatePolicy.@CurrentProcessObject to Home].root.Status</SupplierReference>
        <ClientVisibilityLevel>0</ClientVisibilityLevel>
      </DefinitionDependencyVisibility>
    </DefinitionDependencyVisibilityList>
    <DefinitionDependencyMandatoryList />
    <DefinitionDependencyToDependencyList />
    <DefinitionDependencyValueRangeFilterValuesList />
    <DefinitionDependencyDataSourceAttributeList />
  </DefinitionDependentLists>
</Product>