﻿<?xml version="1.0" encoding="utf-8"?>
<Product xmlns:xsd="http://www.w3.org/2001/XMLSchema" xmlns:xsi="http://www.w3.org/2001/XMLSchema-instance" name="HomeAutomaticSearch" lastChanged="2020-05-18T12:16:35.9263670Z" implementationClass="" modelType="search" subModelType="automatic" skyeEditorVersion="7.26.1.50">
  <UUID>cb5ff356-9224-4004-aff1-c30fb696d2ee</UUID>
  <BusinessUnit> </BusinessUnit>
  <Section> </Section>
  <ProductTextList>
    <ProductText name="defaultSortingFieldLabel" language="en" country="US">
      <UUID>41a232b5-b440-4cac-8017-4536235b2195</UUID>
      <Text />
    </ProductText>
    <ProductText name="label" language="en" country="US">
      <UUID>877f2b8a-da26-4ec6-809d-b7e6124cc2cc</UUID>
      <Text />
    </ProductText>
    <ProductText name="header" language="en" country="US">
      <UUID>2587defa-80b9-4eb4-bc45-526dd12f1438</UUID>
      <Text>My quotes</Text>
    </ProductText>
    <ProductText name="header" language="en" country="US">
      <UUID>1861e9bb-db10-44d8-b738-a912c1b97fe7</UUID>
      <Text>Home Insurance Search</Text>
    </ProductText>
    <ProductText name="searchInfo" language="en" country="US">
      <UUID>81d73555-985e-4ba8-9707-a5420c32996e</UUID>
      <Text />
    </ProductText>
    <ProductText name="searchNoRecords" language="en" country="US">
      <UUID>b12471b9-8b51-4727-9abd-1997c78ff629</UUID>
      <Text />
    </ProductText>
    <ProductText name="defaultSortingFieldLabel" language="en" country="US">
      <UUID>5c4f4a43-7823-49d4-9d49-fef767e343cf</UUID>
      <Text />
    </ProductText>
    <ProductText name="label" language="en" country="US">
      <UUID>472e9c3b-2183-48c1-92d2-e75672fef077</UUID>
      <Text />
    </ProductText>
    <ProductText name="header" language="en" country="US">
      <UUID>785628e8-ee6d-41b3-9cc7-c07ebb970d34</UUID>
      <Text>All quotes</Text>
    </ProductText>
  </ProductTextList>
  <ProductValueRangeList>
    <ProductValueRange name="Reference.referencedModelsVR" type="fix">
      <UUID>08d1d127-fbb6-448c-8e95-12da6bcebfee</UUID>
    </ProductValueRange>
  </ProductValueRangeList>
  <DefinitionBusinessObjectContextList />
  <DefinitionResourceList />
  <ProductValueList>
    <ProductValue name="QUERY:(UserCreated%{{UserContext['userId']}})" type="value">
      <UUID>9b3b9d4c-9d97-42ef-b44f-7598513d0d67</UUID>
      <SortOrder>0</SortOrder>
      <Value>QUERY:(UserCreated%{{UserContext['userId']}})</Value>
    </ProductValue>
    <ProductValue name="" type="value">
      <UUID>84bdcb07-a382-49a5-b52c-64eb667c74ce</UUID>
      <SortOrder>0</SortOrder>
      <Value />
    </ProductValue>
    <ProductValue name="Home" type="value">
      <UUID>2727cf68-d952-441c-a071-49d3a2b85535</UUID>
      <SortOrder>0</SortOrder>
      <Value>Home</Value>
    </ProductValue>
    <ProductValue name="12" type="value">
      <UUID>e542d267-e7bc-493f-97dc-780830c7f74b</UUID>
      <SortOrder>0</SortOrder>
      <Value>12</Value>
    </ProductValue>
    <ProductValue name="homeAutomaticSearchResult" type="value">
      <UUID>1a46a78d-4522-4746-9730-e5afce23c567</UUID>
      <SortOrder>0</SortOrder>
      <Value>homeAutomaticSearchResult</Value>
    </ProductValue>
    <ProductValue name="LastModified" type="value">
      <UUID>5dae5dac-85c5-47ae-975c-6c5797bae973</UUID>
      <SortOrder>0</SortOrder>
      <Value>LastModified</Value>
    </ProductValue>
    <ProductValue name="" type="value">
      <UUID>5936fdf6-6334-48d9-ad14-3d795715f8d5</UUID>
      <SortOrder>0</SortOrder>
      <Value />
    </ProductValue>
    <ProductValue name="QUERY:(*)" type="value">
      <UUID>801cee03-81cc-4fc0-aa58-ba1967114985</UUID>
      <SortOrder>0</SortOrder>
      <Value>QUERY:(*)</Value>
    </ProductValue>
    <ProductValue name="" type="value">
      <UUID>c9312473-383d-4bb8-8037-6d4020b96ada</UUID>
      <SortOrder>0</SortOrder>
      <Value />
    </ProductValue>
    <ProductValue name="Home" type="value">
      <UUID>87827f82-39fb-415d-a26d-2a3ce6675809</UUID>
      <SortOrder>0</SortOrder>
      <Value>Home</Value>
    </ProductValue>
    <ProductValue name="8" type="value">
      <UUID>bf3bc907-de0c-4fdb-9b07-4f25acd933a8</UUID>
      <SortOrder>0</SortOrder>
      <Value>8</Value>
    </ProductValue>
    <ProductValue name="homeAutomaticSearchResult" type="value">
      <UUID>d1bf52b4-9eba-4d25-887f-0d953aa6b4b4</UUID>
      <SortOrder>0</SortOrder>
      <Value>homeAutomaticSearchResult</Value>
    </ProductValue>
    <ProductValue name="CreationDate" type="value">
      <UUID>5f0f9df6-a839-4db4-9693-f778c00a68ba</UUID>
      <SortOrder>0</SortOrder>
      <Value>CreationDate</Value>
    </ProductValue>
  </ProductValueList>
  <ProductPolicyAttribute name="@ComponentOwner" visibilityLevel="0" mandatory="false" unit="" format="" numberOfDecimals="0" attributeClass="" type="Reference">
    <UUID>219a5039-e054-4ecf-b2ae-ce51f7faf34d</UUID>
    <SortOrder>99</SortOrder>
    <InputType>Textbox</InputType>
    <DataType>String</DataType>
    <MaxLength>4000</MaxLength>
    <MinLength>0</MinLength>
    <ProductValueRangeRelation>
      <UUID>bc105583-e089-4c91-bc00-b841f140f007</UUID>
      <SortOrder>99</SortOrder>
      <ProductValueRangeUUID>08d1d127-fbb6-448c-8e95-12da6bcebfee</ProductValueRangeUUID>
    </ProductValueRangeRelation>
    <ProductBackendInfo name="Skye.AttributeAlias">
      <UUID>890ca07d-1e9b-478f-954c-21746da83f1c</UUID>
      <Info />
    </ProductBackendInfo>
    <ProductBackendInfo name="Skye.Core.DataSecurity">
      <UUID>b56acbe9-3c21-4436-9287-5c38eca36b65</UUID>
      <Info>Standard</Info>
    </ProductBackendInfo>
    <ProductBackendInfo name="Skye.AllowValueSetViaUnencryptedURL">
      <UUID>c83fbcea-c9cb-4260-ab12-f51e8e30c806</UUID>
      <Info>False</Info>
    </ProductBackendInfo>
    <ProductBackendInfo name="Skye.Reference.ModelType">
      <UUID>f715aa2f-39e6-4fa7-be2f-357850a5db0b</UUID>
      <Info>product</Info>
    </ProductBackendInfo>
    <DefinitionValueRelation>
      <DefinitionValueUUID>5936fdf6-6334-48d9-ad14-3d795715f8d5</DefinitionValueUUID>
    </DefinitionValueRelation>
  </ProductPolicyAttribute>
  <ProductTextRelation>
    <UUID>5da0966d-2182-4df5-a786-c3b29d9e84a2</UUID>
    <ProductTextUUID>1861e9bb-db10-44d8-b738-a912c1b97fe7</ProductTextUUID>
  </ProductTextRelation>
  <ProductTextRelation>
    <UUID>9fbfd12b-094d-427e-872c-47d3e7dd6fa4</UUID>
    <ProductTextUUID>81d73555-985e-4ba8-9707-a5420c32996e</ProductTextUUID>
  </ProductTextRelation>
  <ProductTextRelation>
    <UUID>3168fd3a-4f4f-4374-98c9-b71e8df05e70</UUID>
    <ProductTextUUID>b12471b9-8b51-4727-9abd-1997c78ff629</ProductTextUUID>
  </ProductTextRelation>
  <ProductBrick name="Mine" visibilityLevel="3" brickClass="" isAbstract="false" typeId="0">
    <UUID>9c781278-74bd-4d31-b69f-f7ec730f8a5c</UUID>
    <SortOrder>1</SortOrder>
    <MinimumUsage>1</MinimumUsage>
    <MaximumUsage>1</MaximumUsage>
    <InitialUsage>1</InitialUsage>
    <ProductTextRelation>
      <UUID>b51a58d7-4b75-4c3a-b2d3-cbfc5dd25f45</UUID>
      <ProductTextUUID>2587defa-80b9-4eb4-bc45-526dd12f1438</ProductTextUUID>
    </ProductTextRelation>
    <ProductPolicyAttribute name="@SearchQuery" visibilityLevel="1" mandatory="false" unit="" format="" numberOfDecimals="0" attributeClass="" type="Standard">
      <UUID>1f580bd0-569c-4326-973e-7438533a6fc4</UUID>
      <SortOrder>99</SortOrder>
      <InputType>Textbox</InputType>
      <DataType>String</DataType>
      <MaxLength>4000</MaxLength>
      <MinLength>0</MinLength>
      <ProductBackendInfo name="Skye.AttributeAlias">
        <UUID>6d6d3643-5ade-45bc-a649-5a57506f9aa1</UUID>
        <Info />
      </ProductBackendInfo>
      <ProductBackendInfo name="Skye.Core.DataSecurity">
        <UUID>d10d7267-a69b-468c-80b5-dbcfd8c4516d</UUID>
        <Info>Standard</Info>
      </ProductBackendInfo>
      <ProductBackendInfo name="Skye.AllowValueSetViaUnencryptedURL">
        <UUID>76bea543-21a7-416c-b895-de23b0eaea90</UUID>
        <Info>False</Info>
      </ProductBackendInfo>
      <DefinitionValueRelation>
        <DefinitionValueUUID>9b3b9d4c-9d97-42ef-b44f-7598513d0d67</DefinitionValueUUID>
      </DefinitionValueRelation>
    </ProductPolicyAttribute>
    <ProductPolicyAttribute name="@SearchForModelTypes" visibilityLevel="1" mandatory="false" unit="" format="" numberOfDecimals="0" attributeClass="" type="Standard">
      <UUID>388bc62c-5ed8-43c1-a10d-c6d10580e520</UUID>
      <SortOrder>99</SortOrder>
      <InputType>Textbox</InputType>
      <DataType>String</DataType>
      <MaxLength>4000</MaxLength>
      <MinLength>0</MinLength>
      <ProductBackendInfo name="Skye.AttributeAlias">
        <UUID>c252bfd6-ddbe-4cff-89de-a048cd5e9984</UUID>
        <Info />
      </ProductBackendInfo>
      <ProductBackendInfo name="Skye.Core.DataSecurity">
        <UUID>3534b921-de33-4e50-b027-72f0680b6fba</UUID>
        <Info>Standard</Info>
      </ProductBackendInfo>
      <ProductBackendInfo name="Skye.AllowValueSetViaUnencryptedURL">
        <UUID>c8c000b6-6747-4961-ac8f-35fcb0189034</UUID>
        <Info>False</Info>
      </ProductBackendInfo>
      <DefinitionValueRelation>
        <DefinitionValueUUID>84bdcb07-a382-49a5-b52c-64eb667c74ce</DefinitionValueUUID>
      </DefinitionValueRelation>
    </ProductPolicyAttribute>
    <ProductPolicyAttribute name="@SearchForModelTextIds" visibilityLevel="1" mandatory="false" unit="" format="" numberOfDecimals="0" attributeClass="" type="Standard">
      <UUID>0aa47398-998e-4321-803a-b64cfc24815a</UUID>
      <SortOrder>99</SortOrder>
      <InputType>Textbox</InputType>
      <DataType>String</DataType>
      <MaxLength>4000</MaxLength>
      <MinLength>0</MinLength>
      <ProductBackendInfo name="Skye.AttributeAlias">
        <UUID>e25d0f0b-befb-47e0-93a7-56d635617696</UUID>
        <Info />
      </ProductBackendInfo>
      <ProductBackendInfo name="Skye.Core.DataSecurity">
        <UUID>359be19a-d8ef-4d27-a802-714eb4ae3e07</UUID>
        <Info>Standard</Info>
      </ProductBackendInfo>
      <ProductBackendInfo name="Skye.AllowValueSetViaUnencryptedURL">
        <UUID>4a6aa565-e807-4e32-9246-aad68cee4dd0</UUID>
        <Info>False</Info>
      </ProductBackendInfo>
      <DefinitionValueRelation>
        <DefinitionValueUUID>2727cf68-d952-441c-a071-49d3a2b85535</DefinitionValueUUID>
      </DefinitionValueRelation>
    </ProductPolicyAttribute>
    <ProductPolicyAttribute name="@NumberOfSearchResultsPerPage" visibilityLevel="1" mandatory="false" unit="" format="" numberOfDecimals="0" attributeClass="" type="Standard">
      <UUID>5c0c54eb-c465-424b-81e9-5b37e76f669e</UUID>
      <SortOrder>99</SortOrder>
      <InputType>Textbox</InputType>
      <DataType>String</DataType>
      <MaxLength>4000</MaxLength>
      <MinLength>0</MinLength>
      <ProductBackendInfo name="Skye.AttributeAlias">
        <UUID>bb778503-39ac-47b6-b383-02b78d7e0826</UUID>
        <Info />
      </ProductBackendInfo>
      <ProductBackendInfo name="Skye.Core.DataSecurity">
        <UUID>17c59206-7d3e-4710-9c06-f1ae9201cd83</UUID>
        <Info>Standard</Info>
      </ProductBackendInfo>
      <ProductBackendInfo name="Skye.AllowValueSetViaUnencryptedURL">
        <UUID>72d6339c-cc6d-43c9-afe1-20910b9352d5</UUID>
        <Info>False</Info>
      </ProductBackendInfo>
      <DefinitionValueRelation>
        <DefinitionValueUUID>e542d267-e7bc-493f-97dc-780830c7f74b</DefinitionValueUUID>
      </DefinitionValueRelation>
    </ProductPolicyAttribute>
    <ProductPolicyAttribute name="@SearchTextType" visibilityLevel="1" mandatory="false" unit="" format="" numberOfDecimals="0" attributeClass="" type="Standard">
      <UUID>8d469a69-41b9-4d9f-98b0-794183247808</UUID>
      <SortOrder>99</SortOrder>
      <InputType>Textbox</InputType>
      <DataType>String</DataType>
      <MaxLength>4000</MaxLength>
      <MinLength>0</MinLength>
      <ProductBackendInfo name="Skye.AttributeAlias">
        <UUID>21617008-872c-412e-ad46-e42a1d31e0c7</UUID>
        <Info />
      </ProductBackendInfo>
      <ProductBackendInfo name="Skye.Core.DataSecurity">
        <UUID>7e5b8bc3-c753-40e5-95a2-1e83d5741b5b</UUID>
        <Info>Standard</Info>
      </ProductBackendInfo>
      <ProductBackendInfo name="Skye.AllowValueSetViaUnencryptedURL">
        <UUID>dbf00be1-0f7c-4344-852e-97857a202a3f</UUID>
        <Info>False</Info>
      </ProductBackendInfo>
      <DefinitionValueRelation>
        <DefinitionValueUUID>1a46a78d-4522-4746-9730-e5afce23c567</DefinitionValueUUID>
      </DefinitionValueRelation>
    </ProductPolicyAttribute>
    <ProductPolicyAttribute name="@SearchSorting" visibilityLevel="0" mandatory="false" unit="" format="" numberOfDecimals="0" attributeClass="" type="Standard">
      <UUID>b04735c3-50b2-44ff-8cdd-ff6a1fd09019</UUID>
      <SortOrder>99</SortOrder>
      <InputType>Textbox</InputType>
      <DataType>String</DataType>
      <MaxLength>4000</MaxLength>
      <MinLength>0</MinLength>
      <ProductTextRelation>
        <UUID>beae987d-642e-40e2-9951-ad1066dca781</UUID>
        <ProductTextUUID>41a232b5-b440-4cac-8017-4536235b2195</ProductTextUUID>
      </ProductTextRelation>
      <ProductTextRelation>
        <UUID>ac65cc80-d55c-495b-8692-679ed6e4fec9</UUID>
        <ProductTextUUID>877f2b8a-da26-4ec6-809d-b7e6124cc2cc</ProductTextUUID>
      </ProductTextRelation>
      <ProductBackendInfo name="Skye.AttributeAlias">
        <UUID>cec2f4c4-178a-4df0-a556-0485fe5600c1</UUID>
        <Info />
      </ProductBackendInfo>
      <ProductBackendInfo name="Skye.Core.DataSecurity">
        <UUID>ae67f376-1574-4f12-a04c-055a206f9da6</UUID>
        <Info>Standard</Info>
      </ProductBackendInfo>
      <ProductBackendInfo name="Skye.AllowValueSetViaUnencryptedURL">
        <UUID>875948b0-3cd3-4093-9322-2be5a793c974</UUID>
        <Info>False</Info>
      </ProductBackendInfo>
      <ProductBackendInfo name="Skye.search.sortingOrder">
        <UUID>4620cf7c-dfff-40ca-b056-61c7ac16abbc</UUID>
        <Info>Descending</Info>
      </ProductBackendInfo>
      <DefinitionValueRelation>
        <DefinitionValueUUID>5dae5dac-85c5-47ae-975c-6c5797bae973</DefinitionValueUUID>
      </DefinitionValueRelation>
    </ProductPolicyAttribute>
    <ProductBackendInfo name="Skye.MultibrickType">
      <UUID>501734d8-bd3c-4190-b782-a22e57deed8e</UUID>
      <Info />
    </ProductBackendInfo>
  </ProductBrick>
  <ProductBrick name="All" visibilityLevel="3" brickClass="" isAbstract="false" typeId="0">
    <UUID>4202edff-3150-4b2d-a45c-ada5db43ad1c</UUID>
    <SortOrder>2</SortOrder>
    <MinimumUsage>1</MinimumUsage>
    <MaximumUsage>1</MaximumUsage>
    <InitialUsage>1</InitialUsage>
    <ProductTextRelation>
      <UUID>18fc0523-0d8a-4e3b-848d-9089afa288ea</UUID>
      <ProductTextUUID>785628e8-ee6d-41b3-9cc7-c07ebb970d34</ProductTextUUID>
    </ProductTextRelation>
    <ProductPolicyAttribute name="@SearchQuery" visibilityLevel="1" mandatory="false" unit="" format="" numberOfDecimals="0" attributeClass="" type="Standard">
      <UUID>39dcdd39-1bfb-4bf7-aa2a-8dbb4f68a079</UUID>
      <SortOrder>99</SortOrder>
      <InputType>Textbox</InputType>
      <DataType>String</DataType>
      <MaxLength>4000</MaxLength>
      <MinLength>0</MinLength>
      <ProductBackendInfo name="Skye.AttributeAlias">
        <UUID>ae865db5-da28-41bb-9fb6-41c3cbd61f57</UUID>
        <Info />
      </ProductBackendInfo>
      <ProductBackendInfo name="Skye.Core.DataSecurity">
        <UUID>13de4d66-3b25-4734-a43d-14ed27653d94</UUID>
        <Info>Standard</Info>
      </ProductBackendInfo>
      <ProductBackendInfo name="Skye.AllowValueSetViaUnencryptedURL">
        <UUID>7a1b05e5-2995-4b67-b4cc-ad0869be7ad0</UUID>
        <Info>False</Info>
      </ProductBackendInfo>
      <DefinitionValueRelation>
        <DefinitionValueUUID>801cee03-81cc-4fc0-aa58-ba1967114985</DefinitionValueUUID>
      </DefinitionValueRelation>
    </ProductPolicyAttribute>
    <ProductPolicyAttribute name="@SearchForModelTypes" visibilityLevel="1" mandatory="false" unit="" format="" numberOfDecimals="0" attributeClass="" type="Standard">
      <UUID>5772a660-0a22-4282-8c2a-5e19ad1e3c2d</UUID>
      <SortOrder>99</SortOrder>
      <InputType>Textbox</InputType>
      <DataType>String</DataType>
      <MaxLength>4000</MaxLength>
      <MinLength>0</MinLength>
      <ProductBackendInfo name="Skye.AttributeAlias">
        <UUID>b31327d6-8a93-4988-82fa-982718dfc83d</UUID>
        <Info />
      </ProductBackendInfo>
      <ProductBackendInfo name="Skye.Core.DataSecurity">
        <UUID>13938e05-cef2-4874-b1d1-6865a6d79eca</UUID>
        <Info>Standard</Info>
      </ProductBackendInfo>
      <ProductBackendInfo name="Skye.AllowValueSetViaUnencryptedURL">
        <UUID>23389ebc-b811-4625-b204-0ac49b776d58</UUID>
        <Info>False</Info>
      </ProductBackendInfo>
      <DefinitionValueRelation>
        <DefinitionValueUUID>c9312473-383d-4bb8-8037-6d4020b96ada</DefinitionValueUUID>
      </DefinitionValueRelation>
    </ProductPolicyAttribute>
    <ProductPolicyAttribute name="@SearchForModelTextIds" visibilityLevel="1" mandatory="false" unit="" format="" numberOfDecimals="0" attributeClass="" type="Standard">
      <UUID>d1177972-b9f4-46e5-973c-63ce47494b77</UUID>
      <SortOrder>99</SortOrder>
      <InputType>Textbox</InputType>
      <DataType>String</DataType>
      <MaxLength>4000</MaxLength>
      <MinLength>0</MinLength>
      <ProductBackendInfo name="Skye.AttributeAlias">
        <UUID>cbcafd9b-136a-4d87-aab1-148b797cddd4</UUID>
        <Info />
      </ProductBackendInfo>
      <ProductBackendInfo name="Skye.Core.DataSecurity">
        <UUID>fe526679-7140-4819-a4f5-ea4b16d523ce</UUID>
        <Info>Standard</Info>
      </ProductBackendInfo>
      <ProductBackendInfo name="Skye.AllowValueSetViaUnencryptedURL">
        <UUID>729a8ecd-86cd-404e-acf3-46d934b9b540</UUID>
        <Info>False</Info>
      </ProductBackendInfo>
      <DefinitionValueRelation>
        <DefinitionValueUUID>87827f82-39fb-415d-a26d-2a3ce6675809</DefinitionValueUUID>
      </DefinitionValueRelation>
    </ProductPolicyAttribute>
    <ProductPolicyAttribute name="@NumberOfSearchResultsPerPage" visibilityLevel="1" mandatory="false" unit="" format="" numberOfDecimals="0" attributeClass="" type="Standard">
      <UUID>e5abe0fc-0001-4ec3-b1a1-6a0417fe0a1f</UUID>
      <SortOrder>99</SortOrder>
      <InputType>Textbox</InputType>
      <DataType>String</DataType>
      <MaxLength>4000</MaxLength>
      <MinLength>0</MinLength>
      <ProductBackendInfo name="Skye.AttributeAlias">
        <UUID>178c80f3-13a6-491b-a7de-43d60dc22cbe</UUID>
        <Info />
      </ProductBackendInfo>
      <ProductBackendInfo name="Skye.Core.DataSecurity">
        <UUID>bfd9e5fe-f108-415e-9f7c-3a9ad10881d8</UUID>
        <Info>Standard</Info>
      </ProductBackendInfo>
      <ProductBackendInfo name="Skye.AllowValueSetViaUnencryptedURL">
        <UUID>0d952222-69a2-440a-8625-5b921ffcf09d</UUID>
        <Info>False</Info>
      </ProductBackendInfo>
      <DefinitionValueRelation>
        <DefinitionValueUUID>bf3bc907-de0c-4fdb-9b07-4f25acd933a8</DefinitionValueUUID>
      </DefinitionValueRelation>
    </ProductPolicyAttribute>
    <ProductPolicyAttribute name="@SearchTextType" visibilityLevel="1" mandatory="false" unit="" format="" numberOfDecimals="0" attributeClass="" type="Standard">
      <UUID>aff5d7bc-c703-4a0e-aed0-c38af44c4b32</UUID>
      <SortOrder>99</SortOrder>
      <InputType>Textbox</InputType>
      <DataType>String</DataType>
      <MaxLength>4000</MaxLength>
      <MinLength>0</MinLength>
      <ProductBackendInfo name="Skye.AttributeAlias">
        <UUID>de11705d-a5a0-41a2-b6d9-66dd8c9ddf69</UUID>
        <Info />
      </ProductBackendInfo>
      <ProductBackendInfo name="Skye.Core.DataSecurity">
        <UUID>1b8a3ac8-cdf1-4887-889b-b647a762f7a2</UUID>
        <Info>Standard</Info>
      </ProductBackendInfo>
      <ProductBackendInfo name="Skye.AllowValueSetViaUnencryptedURL">
        <UUID>578be7f7-d766-49be-838d-71d2f0d4c4cc</UUID>
        <Info>False</Info>
      </ProductBackendInfo>
      <DefinitionValueRelation>
        <DefinitionValueUUID>d1bf52b4-9eba-4d25-887f-0d953aa6b4b4</DefinitionValueUUID>
      </DefinitionValueRelation>
    </ProductPolicyAttribute>
    <ProductPolicyAttribute name="@SearchSorting" visibilityLevel="0" mandatory="false" unit="" format="" numberOfDecimals="0" attributeClass="" type="Standard">
      <UUID>1c5c757e-98ce-4f0e-a2a5-1594700ecc35</UUID>
      <SortOrder>99</SortOrder>
      <InputType>Textbox</InputType>
      <DataType>String</DataType>
      <MaxLength>4000</MaxLength>
      <MinLength>0</MinLength>
      <ProductTextRelation>
        <UUID>16291c41-adb2-4ab9-885f-6d849e108826</UUID>
        <ProductTextUUID>5c4f4a43-7823-49d4-9d49-fef767e343cf</ProductTextUUID>
      </ProductTextRelation>
      <ProductTextRelation>
        <UUID>bd43b9fd-28a7-4872-89b7-5cd08e4687d9</UUID>
        <ProductTextUUID>472e9c3b-2183-48c1-92d2-e75672fef077</ProductTextUUID>
      </ProductTextRelation>
      <ProductBackendInfo name="Skye.AttributeAlias">
        <UUID>5a9ec519-efb3-4840-8e8a-6c545a11a6f6</UUID>
        <Info />
      </ProductBackendInfo>
      <ProductBackendInfo name="Skye.Core.DataSecurity">
        <UUID>57ba6be3-e047-46c5-843b-757c76a23f87</UUID>
        <Info>Standard</Info>
      </ProductBackendInfo>
      <ProductBackendInfo name="Skye.AllowValueSetViaUnencryptedURL">
        <UUID>5de2ae4c-f47c-41ef-8ec8-5549e9f01979</UUID>
        <Info>False</Info>
      </ProductBackendInfo>
      <ProductBackendInfo name="Skye.search.sortingOrder">
        <UUID>3ff5b3b3-4334-40a1-8580-02fe3fb17091</UUID>
        <Info>Ascending</Info>
      </ProductBackendInfo>
      <DefinitionValueRelation>
        <DefinitionValueUUID>5f0f9df6-a839-4db4-9693-f778c00a68ba</DefinitionValueUUID>
      </DefinitionValueRelation>
    </ProductPolicyAttribute>
    <ProductBackendInfo name="Skye.MultibrickType">
      <UUID>436264b4-fd00-4d8d-bec7-e5918324d55a</UUID>
      <Info />
    </ProductBackendInfo>
  </ProductBrick>
  <DefinitionDependentLists>
    <DefinitionDependencyDefaultValueList />
    <DefinitionDependencyValueRangeList />
    <DefinitionDependencyVisibilityList />
    <DefinitionDependencyMandatoryList />
    <DefinitionDependencyToDependencyList />
    <DefinitionDependencyValueRangeFilterValuesList />
    <DefinitionDependencyDataSourceAttributeList />
  </DefinitionDependentLists>
</Product>