﻿<?xml version="1.0" encoding="utf-8"?>
<Product xmlns:xsd="http://www.w3.org/2001/XMLSchema" xmlns:xsi="http://www.w3.org/2001/XMLSchema-instance" name="FamilyInsuranceCreatePolicyProductInformationUIDefinition" lastChanged="2020-04-02T08:19:25.206Z" implementationClass=" " versionUuid=" " modelType="uidefinition" subModelType="ProcessLayout" skyeEditorVersion="7.26.1.50">
  <UUID>4199791a-a2fb-450e-88be-f09a6fd06d84</UUID>
  <SortOrder>0</SortOrder>
  <BusinessUnit> </BusinessUnit>
  <Section> </Section>
  <ProductTextList>
    <ProductText name="header" language="en" country="US">
      <UUID>35d1e78f-66de-49f4-924d-3f4240da779f</UUID>
      <Text />
    </ProductText>
    <ProductText name="header" language="en" country="US">
      <UUID>5a7eab31-c509-4bad-816a-c1c79873bb20</UUID>
      <Text />
    </ProductText>
    <ProductText name="header" language="en" country="US">
      <UUID>87851e80-c322-4a4d-a24b-b72ab67a861b</UUID>
      <Text>Product Information</Text>
    </ProductText>
  </ProductTextList>
  <ProductValueRangeList />
  <DefinitionBusinessObjectContextList />
  <DefinitionResourceList />
  <AbstractProductBrickList />
  <ProductValueList>
    <ProductValue name=" " type="value">
      <UUID>0ad75457-1a4e-4938-965c-d12d3c75687c</UUID>
      <SortOrder>0</SortOrder>
      <Value />
    </ProductValue>
    <ProductValue name=" " type="value">
      <UUID>1c78042f-a81a-4002-9963-a57b9bd22a59</UUID>
      <SortOrder>0</SortOrder>
      <Value />
    </ProductValue>
    <ProductValue name=" " type="value">
      <UUID>319fcf5d-ae88-40ed-b388-ef4ef45c5cb5</UUID>
      <SortOrder>0</SortOrder>
      <Value />
    </ProductValue>
    <ProductValue name=" " type="value">
      <UUID>372468ed-5e24-4a97-a7f8-e5724df721bf</UUID>
      <SortOrder>0</SortOrder>
      <Value />
    </ProductValue>
    <ProductValue name=" " type="value">
      <UUID>3add6371-8948-4ab7-bd73-f55545326866</UUID>
      <SortOrder>0</SortOrder>
      <Value />
    </ProductValue>
    <ProductValue name=" " type="value">
      <UUID>62abbb9b-85b5-4e0a-9a4c-80a8d1dc7ba5</UUID>
      <SortOrder>0</SortOrder>
      <Value />
    </ProductValue>
    <ProductValue name=" " type="value">
      <UUID>88a4c09d-0d67-4d6c-905d-f7e8ae16b85d</UUID>
      <SortOrder>0</SortOrder>
      <Value />
    </ProductValue>
    <ProductValue name=" " type="value">
      <UUID>df7ac9b1-c56c-4661-95a8-f4b22e23a6e2</UUID>
      <SortOrder>0</SortOrder>
      <Value />
    </ProductValue>
    <ProductValue name=" " type="value">
      <UUID>eb42aca5-704d-4d59-8a4d-981e6182ddd8</UUID>
      <SortOrder>0</SortOrder>
      <Value />
    </ProductValue>
  </ProductValueList>
  <ProductBrick name="PanelGroup" visibilityLevel="3" brickClass=" " isAbstract="false" typeId="0">
    <UUID>213a0bda-2bdb-43f6-a363-fedf2910c811</UUID>
    <SortOrder>99</SortOrder>
    <MinimumUsage>1</MinimumUsage>
    <MaximumUsage>1</MaximumUsage>
    <InitialUsage>1</InitialUsage>
    <ProductBrick name="PrimaryInformation" visibilityLevel="3" brickClass=" " isAbstract="false" typeId="0">
      <UUID>52940f10-1bf4-4744-ba58-fbc84ebb3f34</UUID>
      <SortOrder>1</SortOrder>
      <MinimumUsage>1</MinimumUsage>
      <MaximumUsage>1</MaximumUsage>
      <InitialUsage>1</InitialUsage>
      <PredecessorBrickUUID>213a0bda-2bdb-43f6-a363-fedf2910c811</PredecessorBrickUUID>
      <ProductTextRelation>
        <ProductTextUUID>87851e80-c322-4a4d-a24b-b72ab67a861b</ProductTextUUID>
      </ProductTextRelation>
      <ProductBrick name="Brick1Group" visibilityLevel="3" brickClass=" " isAbstract="false" typeId="0">
        <UUID>e8b809d8-168c-45b7-b2a9-a6456936fae9</UUID>
        <SortOrder>1</SortOrder>
        <MinimumUsage>1</MinimumUsage>
        <MaximumUsage>1</MaximumUsage>
        <InitialUsage>1</InitialUsage>
        <PredecessorBrickUUID>52940f10-1bf4-4744-ba58-fbc84ebb3f34</PredecessorBrickUUID>
        <ProductBrick name="Brick1" visibilityLevel="3" brickClass=" " isAbstract="false" typeId="0">
          <UUID>ab97d869-9c64-4fd1-9bec-6111f15073bd</UUID>
          <SortOrder>99</SortOrder>
          <MinimumUsage>1</MinimumUsage>
          <MaximumUsage>1</MaximumUsage>
          <InitialUsage>1</InitialUsage>
          <PredecessorBrickUUID>e8b809d8-168c-45b7-b2a9-a6456936fae9</PredecessorBrickUUID>
          <ProductTextRelation>
            <ProductTextUUID>5a7eab31-c509-4bad-816a-c1c79873bb20</ProductTextUUID>
          </ProductTextRelation>
          <ProductPolicyAttribute name="partner" visibilityLevel="0" mandatory="false" unit="" format="" numberOfDecimals="0" attributeClass=" " type="UI">
            <UUID>13cb8373-235b-4e9e-b072-cc154179227e</UUID>
            <SortOrder>99</SortOrder>
            <InputType>Textbox</InputType>
            <DataType>String</DataType>
            <MaxLength>4000</MaxLength>
            <MinLength>0</MinLength>
            <ProductBackendInfo name="Skye.UIAttribute.ReferencedModel">
              <UUID>535a0bc0-0ea9-4966-96f1-ff2ebd90d1ac</UUID>
              <Info>FamilyInsurance</Info>
            </ProductBackendInfo>
            <ProductBackendInfo name="Skye.Core.DataSecurity">
              <UUID>59912967-a9f5-4ce7-a4dc-d0fe53c44d6a</UUID>
              <Info>Standard</Info>
            </ProductBackendInfo>
            <ProductBackendInfo name="Skye.UIAttribute.ReferencedAttribute">
              <UUID>af05a262-191b-45c1-9497-5fee80e17e53</UUID>
              <Info>Products.partner</Info>
            </ProductBackendInfo>
            <ProductBackendInfo name="Skye.AttributeAlias">
              <UUID>d7b31a44-9985-4da1-ab5f-f2171046bcfd</UUID>
              <Info />
            </ProductBackendInfo>
            <ProductBackendInfo name="Skye.AllowValueSetViaUnencryptedURL">
              <UUID>f7424edb-503d-4fc3-8cfc-e6c407cdff91</UUID>
              <Info>False</Info>
            </ProductBackendInfo>
            <DefinitionValueRelation>
              <UUID>11ea9365-17cc-34e1-8a40-a95c9c2090ce</UUID>
              <DefinitionValueUUID>0ad75457-1a4e-4938-965c-d12d3c75687c</DefinitionValueUUID>
            </DefinitionValueRelation>
          </ProductPolicyAttribute>
          <ProductPolicyAttribute name="dateOfBirth" visibilityLevel="0" mandatory="false" unit="" format="" numberOfDecimals="0" attributeClass=" " type="UI">
            <UUID>4a8f6e59-ce3e-4657-8163-6471d23074ed</UUID>
            <SortOrder>99</SortOrder>
            <InputType>Textbox</InputType>
            <DataType>String</DataType>
            <MaxLength>4000</MaxLength>
            <MinLength>0</MinLength>
            <ProductBackendInfo name="Skye.UIAttribute.ReferencedModel">
              <UUID>4469fe9c-469e-463a-9a52-5274f7137b70</UUID>
              <Info>FamilyInsurance</Info>
            </ProductBackendInfo>
            <ProductBackendInfo name="Skye.AttributeAlias">
              <UUID>66e05446-b9a3-4511-90fa-0d06dd1c8fff</UUID>
              <Info />
            </ProductBackendInfo>
            <ProductBackendInfo name="Skye.Core.DataSecurity">
              <UUID>8a095f3c-b6f3-4da1-b38e-df955efadf30</UUID>
              <Info>Standard</Info>
            </ProductBackendInfo>
            <ProductBackendInfo name="Skye.UIAttribute.ReferencedAttribute">
              <UUID>a96a5241-bc84-4ca8-aa01-43771ddac4e1</UUID>
              <Info>Customer.dateOfBirth</Info>
            </ProductBackendInfo>
            <ProductBackendInfo name="Skye.AllowValueSetViaUnencryptedURL">
              <UUID>c0d1bb67-2f94-4303-b51d-6a0955ef0b87</UUID>
              <Info>False</Info>
            </ProductBackendInfo>
            <DefinitionValueRelation>
              <UUID>11ea9365-17cc-34e2-8a40-a95c9c2090ce</UUID>
              <DefinitionValueUUID>df7ac9b1-c56c-4661-95a8-f4b22e23a6e2</DefinitionValueUUID>
            </DefinitionValueRelation>
          </ProductPolicyAttribute>
          <ProductPolicyAttribute name="scheme" visibilityLevel="0" mandatory="false" unit="" format="" numberOfDecimals="0" attributeClass=" " type="UI">
            <UUID>625a5671-de5e-4402-b2ab-43fd8af2d4a0</UUID>
            <SortOrder>99</SortOrder>
            <InputType>Textbox</InputType>
            <DataType>String</DataType>
            <MaxLength>4000</MaxLength>
            <MinLength>0</MinLength>
            <ProductBackendInfo name="Skye.UIAttribute.ReferencedAttribute">
              <UUID>0108cf8e-2a9d-41f9-918d-f116b98c06f3</UUID>
              <Info>FamilyInsurance.scheme</Info>
            </ProductBackendInfo>
            <ProductBackendInfo name="Skye.Core.DataSecurity">
              <UUID>4a82ca17-63bb-44df-9a1c-f621bdfd593e</UUID>
              <Info>Standard</Info>
            </ProductBackendInfo>
            <ProductBackendInfo name="Skye.UIAttribute.ReferencedModel">
              <UUID>9ffd9df3-63d8-4605-b9b3-9786684c6275</UUID>
              <Info>FamilyInsurance</Info>
            </ProductBackendInfo>
            <ProductBackendInfo name="Skye.AllowValueSetViaUnencryptedURL">
              <UUID>b00d265c-0f33-4804-a0cb-9fd81fb46dbf</UUID>
              <Info>False</Info>
            </ProductBackendInfo>
            <ProductBackendInfo name="Skye.AttributeAlias">
              <UUID>e61b9fc8-6244-444d-a86d-09f0efd20837</UUID>
              <Info />
            </ProductBackendInfo>
            <DefinitionValueRelation>
              <UUID>11ea9365-17cc-34e4-8a40-a95c9c2090ce</UUID>
              <DefinitionValueUUID>eb42aca5-704d-4d59-8a4d-981e6182ddd8</DefinitionValueUUID>
            </DefinitionValueRelation>
          </ProductPolicyAttribute>
          <ProductPolicyAttribute name="TypeOfPlan" visibilityLevel="0" mandatory="false" unit="" format="" numberOfDecimals="0" attributeClass=" " type="UI">
            <UUID>6c8cf41c-0b93-4c52-ac11-7f5f42ae010c</UUID>
            <SortOrder>99</SortOrder>
            <InputType>Textbox</InputType>
            <DataType>String</DataType>
            <MaxLength>4000</MaxLength>
            <MinLength>0</MinLength>
            <ProductBackendInfo name="Skye.UIAttribute.ReferencedAttribute">
              <UUID>41cecf4e-7ae3-4af8-ac76-0e7114cfef0d</UUID>
              <Info>Products.TypeOfPlan</Info>
            </ProductBackendInfo>
            <ProductBackendInfo name="Skye.AttributeAlias">
              <UUID>4c35f478-23bd-41bb-a1f9-92966cd55e2b</UUID>
              <Info />
            </ProductBackendInfo>
            <ProductBackendInfo name="Skye.Core.DataSecurity">
              <UUID>91951832-17a9-4374-9a9b-678156a2ba58</UUID>
              <Info>Standard</Info>
            </ProductBackendInfo>
            <ProductBackendInfo name="Skye.AllowValueSetViaUnencryptedURL">
              <UUID>b7f023d8-e409-4c00-b463-ac27b26217f0</UUID>
              <Info>False</Info>
            </ProductBackendInfo>
            <ProductBackendInfo name="Skye.UIAttribute.ReferencedModel">
              <UUID>fda65649-285a-4e13-9577-19627f6e36ba</UUID>
              <Info>FamilyInsurance</Info>
            </ProductBackendInfo>
            <DefinitionValueRelation>
              <UUID>11ea9365-17cc-34dd-8a40-a95c9c2090ce</UUID>
              <DefinitionValueUUID>88a4c09d-0d67-4d6c-905d-f7e8ae16b85d</DefinitionValueUUID>
            </DefinitionValueRelation>
          </ProductPolicyAttribute>
          <ProductPolicyAttribute name="NoOfChildren" visibilityLevel="0" mandatory="false" unit="" format="" numberOfDecimals="0" attributeClass=" " type="UI">
            <UUID>73c705c9-ad04-4e0a-8731-0969e8380785</UUID>
            <SortOrder>99</SortOrder>
            <InputType>Textbox</InputType>
            <DataType>String</DataType>
            <MaxLength>4000</MaxLength>
            <MinLength>0</MinLength>
            <ProductBackendInfo name="Skye.UIAttribute.ReferencedAttribute">
              <UUID>1ec27bce-54f8-4bab-8bef-e89942f30698</UUID>
              <Info>Products.NoOfChildren</Info>
            </ProductBackendInfo>
            <ProductBackendInfo name="Skye.Core.DataSecurity">
              <UUID>853f9e38-c3b8-4550-ae01-88ed1f3b5a0a</UUID>
              <Info>Standard</Info>
            </ProductBackendInfo>
            <ProductBackendInfo name="Skye.AllowValueSetViaUnencryptedURL">
              <UUID>a6aed69c-e171-43f1-a896-74749ac405c6</UUID>
              <Info>False</Info>
            </ProductBackendInfo>
            <ProductBackendInfo name="Skye.AttributeAlias">
              <UUID>c8ea005c-2cf6-49fe-b826-d10ff97c9b5d</UUID>
              <Info />
            </ProductBackendInfo>
            <ProductBackendInfo name="Skye.UIAttribute.ReferencedModel">
              <UUID>ce44e9f1-ebf1-4c51-9c44-5450aa576644</UUID>
              <Info>FamilyInsurance</Info>
            </ProductBackendInfo>
            <DefinitionValueRelation>
              <UUID>11ea9365-17cc-34e3-8a40-a95c9c2090ce</UUID>
              <DefinitionValueUUID>62abbb9b-85b5-4e0a-9a4c-80a8d1dc7ba5</DefinitionValueUUID>
            </DefinitionValueRelation>
          </ProductPolicyAttribute>
          <ProductPolicyAttribute name="selectPlan" visibilityLevel="0" mandatory="false" unit="" format="" numberOfDecimals="0" attributeClass=" " type="UI">
            <UUID>89ca5005-0a8a-4383-ba89-92d405c9568b</UUID>
            <SortOrder>99</SortOrder>
            <InputType>Textbox</InputType>
            <DataType>String</DataType>
            <MaxLength>4000</MaxLength>
            <MinLength>0</MinLength>
            <ProductBackendInfo name="Skye.Core.DataSecurity">
              <UUID>2942875b-18bc-429d-b088-50e49c59be3e</UUID>
              <Info>Standard</Info>
            </ProductBackendInfo>
            <ProductBackendInfo name="Skye.UIAttribute.ReferencedModel">
              <UUID>2b20f4f2-41fd-48e7-b468-f33863aeeca9</UUID>
              <Info>FamilyInsurance</Info>
            </ProductBackendInfo>
            <ProductBackendInfo name="Skye.AttributeAlias">
              <UUID>967777ad-a4d3-4ffe-951b-b84ca52e190b</UUID>
              <Info />
            </ProductBackendInfo>
            <ProductBackendInfo name="Skye.UIAttribute.ReferencedAttribute">
              <UUID>9ad1bb12-5fd6-4b63-89df-e08effd0ce5d</UUID>
              <Info>FamilyInsuranceProduct.selectPlan</Info>
            </ProductBackendInfo>
            <ProductBackendInfo name="Skye.AllowValueSetViaUnencryptedURL">
              <UUID>eb2ea549-421b-436c-b658-1a0b6b9f4b98</UUID>
              <Info>False</Info>
            </ProductBackendInfo>
            <DefinitionValueRelation>
              <UUID>11ea9365-17cc-34df-8a40-a95c9c2090ce</UUID>
              <DefinitionValueUUID>319fcf5d-ae88-40ed-b388-ef4ef45c5cb5</DefinitionValueUUID>
            </DefinitionValueRelation>
          </ProductPolicyAttribute>
          <ProductPolicyAttribute name="paymentMethod" visibilityLevel="0" mandatory="false" unit="" format="" numberOfDecimals="0" attributeClass=" " type="UI">
            <UUID>a21ee258-3ac0-48fc-a040-6474bc444326</UUID>
            <SortOrder>99</SortOrder>
            <InputType>Textbox</InputType>
            <DataType>String</DataType>
            <MaxLength>4000</MaxLength>
            <MinLength>0</MinLength>
            <ProductBackendInfo name="Skye.Core.DataSecurity">
              <UUID>26007e10-b578-4c3b-9bd3-2c5e476013e2</UUID>
              <Info>Standard</Info>
            </ProductBackendInfo>
            <ProductBackendInfo name="Skye.AllowValueSetViaUnencryptedURL">
              <UUID>7c81238d-f40e-4be2-9f23-25a2db805d04</UUID>
              <Info>False</Info>
            </ProductBackendInfo>
            <ProductBackendInfo name="Skye.UIAttribute.ReferencedModel">
              <UUID>7cfe22aa-998e-4c83-aa7e-887ab2d35d51</UUID>
              <Info>FamilyInsurance</Info>
            </ProductBackendInfo>
            <ProductBackendInfo name="Skye.AttributeAlias">
              <UUID>ae5b8843-90d5-4680-be57-234cf0ca1b43</UUID>
              <Info />
            </ProductBackendInfo>
            <ProductBackendInfo name="Skye.UIAttribute.ReferencedAttribute">
              <UUID>af28a378-738a-4b28-80f4-475212485fba</UUID>
              <Info>Products.paymentMethod</Info>
            </ProductBackendInfo>
            <DefinitionValueRelation>
              <UUID>11ea9365-17cc-34e5-8a40-a95c9c2090ce</UUID>
              <DefinitionValueUUID>3add6371-8948-4ab7-bd73-f55545326866</DefinitionValueUUID>
            </DefinitionValueRelation>
          </ProductPolicyAttribute>
          <ProductPolicyAttribute name="ProductSelector" visibilityLevel="0" mandatory="false" unit="" format="" numberOfDecimals="0" attributeClass=" " type="UI">
            <UUID>e4e1d2a1-2c12-4839-8200-f06a6c1af9e6</UUID>
            <SortOrder>99</SortOrder>
            <InputType>Textbox</InputType>
            <DataType>String</DataType>
            <MaxLength>4000</MaxLength>
            <MinLength>0</MinLength>
            <ProductBackendInfo name="Skye.Core.DataSecurity">
              <UUID>68e11cc5-b05e-4692-b4fd-71790c619558</UUID>
              <Info>Standard</Info>
            </ProductBackendInfo>
            <ProductBackendInfo name="Skye.AllowValueSetViaUnencryptedURL">
              <UUID>80aca930-a746-4bdf-9471-035be2fe4666</UUID>
              <Info>False</Info>
            </ProductBackendInfo>
            <ProductBackendInfo name="Skye.AttributeAlias">
              <UUID>8abb8002-206d-4039-85b9-f258c635f8b2</UUID>
              <Info />
            </ProductBackendInfo>
            <ProductBackendInfo name="Skye.UIAttribute.ReferencedModel">
              <UUID>b42fe50c-8948-4512-a7fe-e603a1deb790</UUID>
              <Info>FamilyInsurance</Info>
            </ProductBackendInfo>
            <ProductBackendInfo name="Skye.UIAttribute.ReferencedAttribute">
              <UUID>d0c72810-d1ed-46c5-a713-eba568dbbfb1</UUID>
              <Info>Products.ProductSelector</Info>
            </ProductBackendInfo>
            <DefinitionValueRelation>
              <UUID>11ea9365-17cc-34de-8a40-a95c9c2090ce</UUID>
              <DefinitionValueUUID>372468ed-5e24-4a97-a7f8-e5724df721bf</DefinitionValueUUID>
            </DefinitionValueRelation>
          </ProductPolicyAttribute>
          <ProductBackendInfo name="Skye.MinWidthInPixels">
            <UUID>42cac234-b679-4de9-8c9d-65c7b4e2abb7</UUID>
            <Info />
          </ProductBackendInfo>
          <ProductBackendInfo name="Skye.NumberOfColumns">
            <UUID>66ef4d1d-9045-4147-8732-58c02587a08e</UUID>
            <Info>2</Info>
          </ProductBackendInfo>
          <ProductBackendInfo name="Skye.MultibrickType">
            <UUID>ad31d280-1dd8-452a-b04e-fa13490c23fb</UUID>
            <Info />
          </ProductBackendInfo>
          <ProductBackendInfo name="Skye.WidthPercentage">
            <UUID>c842330f-4665-45f6-b7c2-012787d0f0b2</UUID>
            <Info />
          </ProductBackendInfo>
          <ProductBackendInfo name="Skye.DisplayControlWithEmptyContent">
            <UUID>d1f69116-a021-4e8f-856e-e9712261be68</UUID>
            <Info>False</Info>
          </ProductBackendInfo>
          <ProductBackendInfo name="Skye.MaxWidthInPixels">
            <UUID>f0db31f1-bc70-44c5-bddf-fd933a5f3910</UUID>
            <Info />
          </ProductBackendInfo>
          <ProductBackendInfo name="Skye.StyleClass">
            <UUID>f60a21de-e3f2-41a7-ab32-7fd67e4e4f72</UUID>
            <Info />
          </ProductBackendInfo>
        </ProductBrick>
        <ProductBackendInfo name="Skye.MultibrickType">
          <UUID>15035caf-fa6b-4907-aa0e-ad49008e1830</UUID>
          <Info />
        </ProductBackendInfo>
        <ProductBackendInfo name="Skye.ProcessStepUIType">
          <UUID>1b970b75-800b-4a84-a1b0-59dec8fa8cbf</UUID>
          <Info>NoStyleFieldsetGroup</Info>
        </ProductBackendInfo>
        <ProductBackendInfo name="Skye.PreCalculatedWidths">
          <UUID>21bdca37-4931-4e8e-95a4-87b0628c0463</UUID>
          <Info>False</Info>
        </ProductBackendInfo>
        <ProductBackendInfo name="Skye.OrientationUIType">
          <UUID>4e790b28-bcee-404d-b5d1-e31f94682518</UUID>
          <Info>vertical</Info>
        </ProductBackendInfo>
        <ProductBackendInfo name="Skye.VerticalAlignmentUIType">
          <UUID>61476fe0-4d5f-435e-bf1d-51425c366f30</UUID>
          <Info>top</Info>
        </ProductBackendInfo>
        <ProductBackendInfo name="Skye.StyleClass">
          <UUID>6bf79e12-d36c-4428-97db-ff88aa4c82e6</UUID>
          <Info />
        </ProductBackendInfo>
      </ProductBrick>
      <ProductBrick name="Brick2Group" visibilityLevel="3" brickClass=" " isAbstract="false" typeId="0">
        <UUID>c5e07070-e335-4cf3-9105-6e6aa16a36a0</UUID>
        <SortOrder>2</SortOrder>
        <MinimumUsage>1</MinimumUsage>
        <MaximumUsage>1</MaximumUsage>
        <InitialUsage>1</InitialUsage>
        <PredecessorBrickUUID>52940f10-1bf4-4744-ba58-fbc84ebb3f34</PredecessorBrickUUID>
        <ProductBrick name="Brick2" visibilityLevel="3" brickClass=" " isAbstract="false" typeId="0">
          <UUID>5a3495c6-a8fd-4743-a466-d0c01863d9b6</UUID>
          <SortOrder>99</SortOrder>
          <MinimumUsage>1</MinimumUsage>
          <MaximumUsage>1</MaximumUsage>
          <InitialUsage>1</InitialUsage>
          <PredecessorBrickUUID>c5e07070-e335-4cf3-9105-6e6aa16a36a0</PredecessorBrickUUID>
          <ProductTextRelation>
            <ProductTextUUID>35d1e78f-66de-49f4-924d-3f4240da779f</ProductTextUUID>
          </ProductTextRelation>
          <ProductPolicyAttribute name="Package" visibilityLevel="0" mandatory="false" unit="" format="" numberOfDecimals="0" attributeClass=" " type="UI">
            <UUID>53628900-fb8d-4635-855e-dc53b7d5461d</UUID>
            <SortOrder>99</SortOrder>
            <InputType>Textbox</InputType>
            <DataType>String</DataType>
            <MaxLength>4000</MaxLength>
            <MinLength>0</MinLength>
            <ProductBackendInfo name="Skye.Core.DataSecurity">
              <UUID>070a73c4-48d0-4334-bc95-4020f6291ed1</UUID>
              <Info>Standard</Info>
            </ProductBackendInfo>
            <ProductBackendInfo name="Skye.UIAttribute.ReferencedModel">
              <UUID>19646813-8f35-4154-84b2-4cdb68d763da</UUID>
              <Info>FamilyInsurance</Info>
            </ProductBackendInfo>
            <ProductBackendInfo name="Skye.UIAttribute.ReferencedAttribute">
              <UUID>2297fae5-6661-4320-994e-bd7676d38314</UUID>
              <Info>SelectPackage.Package</Info>
            </ProductBackendInfo>
            <ProductBackendInfo name="Skye.AttributeAlias">
              <UUID>c28d772b-8a32-4880-983b-82690cc41a0f</UUID>
              <Info />
            </ProductBackendInfo>
            <ProductBackendInfo name="Skye.AllowValueSetViaUnencryptedURL">
              <UUID>c59709e2-4a2f-4ccb-9b4b-d88f901707bd</UUID>
              <Info>False</Info>
            </ProductBackendInfo>
            <DefinitionValueRelation>
              <UUID>11ea9365-17cc-34e0-8a40-a95c9c2090ce</UUID>
              <DefinitionValueUUID>1c78042f-a81a-4002-9963-a57b9bd22a59</DefinitionValueUUID>
            </DefinitionValueRelation>
          </ProductPolicyAttribute>
          <ProductBackendInfo name="Skye.MaxWidthInPixels">
            <UUID>3655198c-d572-4c72-8f54-2751dc9b7751</UUID>
            <Info />
          </ProductBackendInfo>
          <ProductBackendInfo name="Skye.MultibrickType">
            <UUID>3b3cdd61-9f0b-4751-abf4-55260e8803dd</UUID>
            <Info />
          </ProductBackendInfo>
          <ProductBackendInfo name="Skye.WidthPercentage">
            <UUID>7f3967b6-721b-4eab-ae73-b1a7c981ea1a</UUID>
            <Info />
          </ProductBackendInfo>
          <ProductBackendInfo name="Skye.NumberOfColumns">
            <UUID>91c3492e-fbdf-44f7-9035-9fa26003cc39</UUID>
            <Info>2</Info>
          </ProductBackendInfo>
          <ProductBackendInfo name="Skye.DisplayControlWithEmptyContent">
            <UUID>931c029e-424b-43c1-a304-b800ef95addf</UUID>
            <Info>False</Info>
          </ProductBackendInfo>
          <ProductBackendInfo name="Skye.StyleClass">
            <UUID>b7f75ff6-d547-4082-a011-0e9bebdcbd9b</UUID>
            <Info />
          </ProductBackendInfo>
          <ProductBackendInfo name="Skye.MinWidthInPixels">
            <UUID>bc6cea34-6629-477f-8b10-f29216891197</UUID>
            <Info />
          </ProductBackendInfo>
        </ProductBrick>
        <ProductBackendInfo name="Skye.StyleClass">
          <UUID>02132cd0-a469-467f-a6ed-deeb80d3de64</UUID>
          <Info />
        </ProductBackendInfo>
        <ProductBackendInfo name="Skye.OrientationUIType">
          <UUID>536786d9-d834-42b0-9b91-67460908511a</UUID>
          <Info>vertical</Info>
        </ProductBackendInfo>
        <ProductBackendInfo name="Skye.VerticalAlignmentUIType">
          <UUID>7593028e-fe44-492a-940a-d814642b4170</UUID>
          <Info>top</Info>
        </ProductBackendInfo>
        <ProductBackendInfo name="Skye.MultibrickType">
          <UUID>79d362f5-c7ad-43ba-b9c4-d5ba815ee687</UUID>
          <Info />
        </ProductBackendInfo>
        <ProductBackendInfo name="Skye.PreCalculatedWidths">
          <UUID>c0100734-5a0e-467d-96df-9f773ad2f1e6</UUID>
          <Info>False</Info>
        </ProductBackendInfo>
        <ProductBackendInfo name="Skye.ProcessStepUIType">
          <UUID>f31703bc-fa3b-4cac-9a75-ccf790046758</UUID>
          <Info>NoStyleFieldsetGroup</Info>
        </ProductBackendInfo>
      </ProductBrick>
      <ProductBackendInfo name="Skye.WidthPercentage">
        <UUID>1a15552b-0157-4a02-a9df-6e52243ad689</UUID>
        <Info />
      </ProductBackendInfo>
      <ProductBackendInfo name="Skye.MultibrickType">
        <UUID>3e969d7e-38bc-4676-8cae-1ea32d73b7ab</UUID>
        <Info />
      </ProductBackendInfo>
      <ProductBackendInfo name="Skye.MaxWidthInPixels">
        <UUID>65e45957-71ac-4cde-b9ad-040a134a7cd1</UUID>
        <Info />
      </ProductBackendInfo>
      <ProductBackendInfo name="Skye.StyleClass">
        <UUID>6e9ed32d-717c-4b7c-98b5-9a742d12b83d</UUID>
        <Info />
      </ProductBackendInfo>
      <ProductBackendInfo name="Skye.DisplayControlWithEmptyContent">
        <UUID>8e1bbe4a-7c6c-4bd7-bc16-55d770af5d4a</UUID>
        <Info>True</Info>
      </ProductBackendInfo>
      <ProductBackendInfo name="Skye.MinWidthInPixels">
        <UUID>f32c3f8d-412f-4004-99d3-a61a00afa25c</UUID>
        <Info />
      </ProductBackendInfo>
      <ProductBackendInfo name="Skye.NumberOfColumns">
        <UUID>f3316c30-0168-45e6-a8f7-51f47ab9d498</UUID>
        <Info>2</Info>
      </ProductBackendInfo>
    </ProductBrick>
    <ProductBackendInfo name="Skye.PreCalculatedWidths">
      <UUID>47e9ab24-9048-4677-a42e-4bb45b6e82b9</UUID>
      <Info>False</Info>
    </ProductBackendInfo>
    <ProductBackendInfo name="Skye.OrientationUIType">
      <UUID>664f5794-e3a2-4514-b2e6-dece2d5059d2</UUID>
      <Info>vertical</Info>
    </ProductBackendInfo>
    <ProductBackendInfo name="Skye.ProcessStepUIType">
      <UUID>8172125a-81cb-4935-8976-4e2e7670cb62</UUID>
      <Info>PanelGroup</Info>
    </ProductBackendInfo>
    <ProductBackendInfo name="Skye.StyleClass">
      <UUID>9a1a4acc-14be-4054-b1f8-664945069ea0</UUID>
      <Info />
    </ProductBackendInfo>
    <ProductBackendInfo name="Skye.VerticalAlignmentUIType">
      <UUID>9bac7178-bf5b-4da8-a419-ad480a6b34d9</UUID>
      <Info>top</Info>
    </ProductBackendInfo>
    <ProductBackendInfo name="Skye.MultibrickType">
      <UUID>d01429e8-32e4-4bee-a7a8-5734be133fab</UUID>
      <Info />
    </ProductBackendInfo>
  </ProductBrick>
  <DefinitionDependentLists>
    <DefinitionDependencyDefaultValueList />
    <DefinitionDependencyValueRangeList />
    <DefinitionDependencyVisibilityList />
    <DefinitionDependencyMandatoryList />
    <DefinitionDependencyToDependencyList />
    <DefinitionDependencyValueRangeFilterValuesList />
    <DefinitionDependencyDataSourceAttributeList />
  </DefinitionDependentLists>
</Product>