﻿<?xml version="1.0" encoding="utf-8"?>
<Product xmlns:xsd="http://www.w3.org/2001/XMLSchema" xmlns:xsi="http://www.w3.org/2001/XMLSchema-instance" name="ZonePublicDefinition" lastChanged="2019-10-15T13:58:11.6763852Z" implementationClass="" modelType="zonedefinition" subModelType="ZonePublic" skyeEditorVersion="7.15.0.16">
  <UUID>19969ab7-1408-4039-a98a-40b8ea5b1903</UUID>
  <BusinessUnit> </BusinessUnit>
  <Section> </Section>
  <ProductTextList>
    <ProductText name="leftZoneMenuCollapsedImage" language="en" country="US">
      <UUID>37c2e20a-7d85-4fca-adda-b144b138c563</UUID>
      <Text />
    </ProductText>
    <ProductText name="leftZoneMenuExpandedImage" language="en" country="US">
      <UUID>4f02c363-fbcc-4004-bb82-edac4495addb</UUID>
      <Text />
    </ProductText>
    <ProductText name="header" language="en" country="US">
      <UUID>c471260f-63fe-40f1-ba6b-b958313e6952</UUID>
      <Text>My zone</Text>
    </ProductText>
    <ProductText name="icon" language="en" country="US">
      <UUID>c74ad005-2d3f-4fde-815d-04ca32d4da53</UUID>
      <Text />
    </ProductText>
    <ProductText name="zoneMenuHeader" language="en" country="US">
      <UUID>c64b85ee-4c17-447d-9d5e-f86c5141fc9d</UUID>
      <Text />
    </ProductText>
  </ProductTextList>
  <ProductValueRangeList />
  <DefinitionBusinessObjectContextList />
  <DefinitionResourceList />
  <ProductValueList>
    <ProductValue name="MyZone" type="value">
      <UUID>9a35f9aa-ff61-4ef7-a69e-4017d7662571</UUID>
      <SortOrder>0</SortOrder>
      <Value>MyZone</Value>
    </ProductValue>
    <ProductValue name="/componentZone" type="value">
      <UUID>cb03feaa-0e57-4d91-a1c5-2496d8831b49</UUID>
      <SortOrder>0</SortOrder>
      <Value>/componentZone</Value>
    </ProductValue>
    <ProductValue name="true" type="value">
      <UUID>508ec557-efe1-45ac-bd6b-18a796eb5861</UUID>
      <SortOrder>0</SortOrder>
      <Value>true</Value>
    </ProductValue>
    <ProductValue name="" type="value">
      <UUID>dd0c0649-69fd-418c-b467-9ba8700f45ee</UUID>
      <SortOrder>0</SortOrder>
      <Value />
    </ProductValue>
  </ProductValueList>
  <ProductPolicyAttribute name="@DefaultZone" visibilityLevel="0" mandatory="false" unit="" format="" numberOfDecimals="0" attributeClass="" type="Standard">
    <UUID>6b70311e-60de-4da3-9a22-b24120a35a4f</UUID>
    <SortOrder>99</SortOrder>
    <InputType>Textbox</InputType>
    <DataType>String</DataType>
    <MaxLength>4000</MaxLength>
    <MinLength>0</MinLength>
    <ProductBackendInfo name="Skye.AttributeAlias">
      <UUID>fc7a2b6c-935f-49e2-997f-8b3f5a5f06a5</UUID>
      <Info />
    </ProductBackendInfo>
    <ProductBackendInfo name="Skye.Core.DataSecurity">
      <UUID>5d45c008-83fc-410e-a96d-4799dddbed5f</UUID>
      <Info>Standard</Info>
    </ProductBackendInfo>
    <ProductBackendInfo name="Skye.AllowValueSetViaUnencryptedURL">
      <UUID>ca3158d8-5a54-47e6-a8a3-35cc20f61421</UUID>
      <Info>False</Info>
    </ProductBackendInfo>
    <DefinitionValueRelation>
      <DefinitionValueUUID>9a35f9aa-ff61-4ef7-a69e-4017d7662571</DefinitionValueUUID>
    </DefinitionValueRelation>
  </ProductPolicyAttribute>
  <ProductTextRelation>
    <UUID>d9269212-1047-43ea-9d52-3d711127b8e2</UUID>
    <ProductTextUUID>37c2e20a-7d85-4fca-adda-b144b138c563</ProductTextUUID>
  </ProductTextRelation>
  <ProductTextRelation>
    <UUID>d3dfa9e0-9df2-47c0-98a8-2cac3e0222fd</UUID>
    <ProductTextUUID>4f02c363-fbcc-4004-bb82-edac4495addb</ProductTextUUID>
  </ProductTextRelation>
  <ProductBrick name="MyZone" visibilityLevel="4" brickClass="" isAbstract="false" typeId="0">
    <UUID>3c4b6a8a-6a9d-43e1-8c1f-54b87c60bec3</UUID>
    <SortOrder>1</SortOrder>
    <MinimumUsage>1</MinimumUsage>
    <MaximumUsage>1</MaximumUsage>
    <InitialUsage>1</InitialUsage>
    <ProductTextRelation>
      <UUID>ead131f6-9ebe-4a61-bc92-cfe6feb7b826</UUID>
      <ProductTextUUID>c471260f-63fe-40f1-ba6b-b958313e6952</ProductTextUUID>
    </ProductTextRelation>
    <ProductTextRelation>
      <UUID>779d0105-61eb-4aab-a543-5a14cac24593</UUID>
      <ProductTextUUID>c74ad005-2d3f-4fde-815d-04ca32d4da53</ProductTextUUID>
    </ProductTextRelation>
    <ProductPolicyAttribute name="@ZoneContentUrl" visibilityLevel="0" mandatory="false" unit="" format="" numberOfDecimals="0" attributeClass="" type="Standard">
      <UUID>bf52067c-a2e6-45a1-893e-ef7b78dbb27a</UUID>
      <SortOrder>99</SortOrder>
      <InputType>Textbox</InputType>
      <DataType>String</DataType>
      <MaxLength>4000</MaxLength>
      <MinLength>0</MinLength>
      <ProductBackendInfo name="Skye.AttributeAlias">
        <UUID>4e0adee5-6894-40f9-9019-aa5f3e4851b1</UUID>
        <Info />
      </ProductBackendInfo>
      <ProductBackendInfo name="Skye.Core.DataSecurity">
        <UUID>7579857e-d540-4887-9049-924e026fc181</UUID>
        <Info>Standard</Info>
      </ProductBackendInfo>
      <ProductBackendInfo name="Skye.AllowValueSetViaUnencryptedURL">
        <UUID>46a4ab43-41af-4fdf-b750-afa2a13ab4a8</UUID>
        <Info>False</Info>
      </ProductBackendInfo>
      <DefinitionValueRelation>
        <DefinitionValueUUID>cb03feaa-0e57-4d91-a1c5-2496d8831b49</DefinitionValueUUID>
      </DefinitionValueRelation>
    </ProductPolicyAttribute>
    <ProductPolicyAttribute name="@RefreshZoneOnSwitch" visibilityLevel="0" mandatory="false" unit="" format="" numberOfDecimals="0" attributeClass="" type="Standard">
      <UUID>61f8a781-c912-4673-9bac-0d89de628314</UUID>
      <SortOrder>99</SortOrder>
      <InputType>Textbox</InputType>
      <DataType>String</DataType>
      <MaxLength>4000</MaxLength>
      <MinLength>0</MinLength>
      <ProductBackendInfo name="Skye.AttributeAlias">
        <UUID>4bcfd84d-4870-4fc3-9b65-1621163f9184</UUID>
        <Info />
      </ProductBackendInfo>
      <ProductBackendInfo name="Skye.Core.DataSecurity">
        <UUID>eaccfec8-a1d2-497f-9302-9c2e11d1fda2</UUID>
        <Info>Standard</Info>
      </ProductBackendInfo>
      <ProductBackendInfo name="Skye.AllowValueSetViaUnencryptedURL">
        <UUID>bce7c1ca-8849-4360-b772-c57961725fd2</UUID>
        <Info>False</Info>
      </ProductBackendInfo>
      <DefinitionValueRelation>
        <DefinitionValueUUID>508ec557-efe1-45ac-bd6b-18a796eb5861</DefinitionValueUUID>
      </DefinitionValueRelation>
    </ProductPolicyAttribute>
    <ProductPolicyAttribute name="ProductSelectorComponent" visibilityLevel="4" mandatory="false" unit="" format="" numberOfDecimals="0" attributeClass="" type="UIComponent">
      <UUID>056ef82a-e654-4bfc-90e6-081eba3bbe57</UUID>
      <SortOrder>99</SortOrder>
      <InputType>Textbox</InputType>
      <DataType>String</DataType>
      <MaxLength>4000</MaxLength>
      <MinLength>0</MinLength>
      <ProductTextRelation>
        <UUID>b24e1acd-66ac-45d7-b64e-b8f26c74cb81</UUID>
        <ProductTextUUID>c64b85ee-4c17-447d-9d5e-f86c5141fc9d</ProductTextUUID>
      </ProductTextRelation>
      <ProductBackendInfo name="Skye.AttributeAlias">
        <UUID>8b7a3966-e2eb-4dae-8090-8c4561f0579f</UUID>
        <Info />
      </ProductBackendInfo>
      <ProductBackendInfo name="Skye.Core.DataSecurity">
        <UUID>07160fd8-a294-49da-9d1d-e4c9bb56f61c</UUID>
        <Info>Standard</Info>
      </ProductBackendInfo>
      <ProductBackendInfo name="Skye.AllowValueSetViaUnencryptedURL">
        <UUID>9589a2bf-1239-41a6-beda-6a953e1f1adb</UUID>
        <Info>False</Info>
      </ProductBackendInfo>
      <ProductBackendInfo name="Skye.Component.ModelType">
        <UUID>e063db3c-42da-4ae2-996c-d5ca19603cce</UUID>
        <Info>modelselectorcomponent</Info>
      </ProductBackendInfo>
      <ProductBackendInfo name="Skye.Component.ModelTextId">
        <UUID>85c625c1-bb97-4c7d-9054-dc3f915fbc4c</UUID>
        <Info>MyProductSelectorProductComponent</Info>
      </ProductBackendInfo>
      <ProductBackendInfo name="Skye.Component.ContextPage">
        <UUID>abd9bd4f-e8f2-4521-961b-5ce77a729e05</UUID>
        <Info>Product</Info>
      </ProductBackendInfo>
      <DefinitionValueRelation>
        <DefinitionValueUUID>dd0c0649-69fd-418c-b467-9ba8700f45ee</DefinitionValueUUID>
      </DefinitionValueRelation>
    </ProductPolicyAttribute>
    <ProductBackendInfo name="Skye.MultibrickType">
      <UUID>4d6c54cb-d758-4fc9-9e29-8dc4b8c81c77</UUID>
      <Info />
    </ProductBackendInfo>
  </ProductBrick>
  <DefinitionDependentLists>
    <DefinitionDependencyDefaultValueList />
    <DefinitionDependencyValueRangeList />
    <DefinitionDependencyVisibilityList />
    <DefinitionDependencyMandatoryList />
    <DefinitionDependencyToDependencyList />
    <DefinitionDependencyValueRangeFilterValuesList />
    <DefinitionDependencyDataSourceAttributeList />
  </DefinitionDependentLists>
</Product>