﻿<?xml version="1.0" encoding="utf-8"?>
<Product xmlns:xsd="http://www.w3.org/2001/XMLSchema" xmlns:xsi="http://www.w3.org/2001/XMLSchema-instance" name="HomeCreatePolicyCreateQuickQuoteUIDef" lastChanged="2019-10-16T11:03:48.1433872Z" implementationClass="" modelType="uidefinition" subModelType="ProcessLayout" skyeEditorVersion="7.15.0.16">
  <UUID>f76ab3a1-e755-4d47-8c48-a9c8fa6bef5f</UUID>
  <BusinessUnit> </BusinessUnit>
  <Section> </Section>
  <ProductTextList>
    <ProductText name="header" language="en" country="US">
      <UUID>0184c096-7d3f-40c0-b96f-49fda2d05110</UUID>
      <Text />
    </ProductText>
    <ProductText name="header" language="en" country="US">
      <UUID>3ff2b04b-6334-4e02-b88a-cf43517d4fef</UUID>
      <Text>Basic information</Text>
    </ProductText>
    <ProductText name="header" language="en" country="US">
      <UUID>4337994f-1494-496e-bd7a-4edc2745754e</UUID>
      <Text>Optional covers</Text>
    </ProductText>
  </ProductTextList>
  <ProductValueRangeList />
  <DefinitionBusinessObjectContextList />
  <DefinitionResourceList />
  <AbstractProductBrickList />
  <ProductValueList />
  <ProductBrick name="PanelGroup1" visibilityLevel="3" brickClass="" isAbstract="false" typeId="0">
    <UUID>d21dd4ae-2a5a-4148-9555-2927a4503749</UUID>
    <SortOrder>10</SortOrder>
    <MinimumUsage>1</MinimumUsage>
    <MaximumUsage>1</MaximumUsage>
    <InitialUsage>1</InitialUsage>
    <ProductTextRelation>
      <UUID>fd9e73af-3521-4217-8584-96cca8463f05</UUID>
      <ProductTextUUID>0184c096-7d3f-40c0-b96f-49fda2d05110</ProductTextUUID>
    </ProductTextRelation>
    <ProductBrick name="BasicInformation" visibilityLevel="3" brickClass="" isAbstract="false" typeId="0">
      <UUID>6a58d5cb-b277-49d6-8747-79a762bed28c</UUID>
      <SortOrder>99</SortOrder>
      <MinimumUsage>1</MinimumUsage>
      <MaximumUsage>1</MaximumUsage>
      <InitialUsage>1</InitialUsage>
      <ProductTextRelation>
        <UUID>80a32d6e-39b2-4bdc-b11e-c44a20ccc076</UUID>
        <ProductTextUUID>3ff2b04b-6334-4e02-b88a-cf43517d4fef</ProductTextUUID>
      </ProductTextRelation>
      <ProductBackendInfo name="Skye.NumberOfColumns">
        <UUID>c0fb9714-f1bc-4b84-b132-362a8163cbb9</UUID>
        <Info>2</Info>
      </ProductBackendInfo>
      <ProductBackendInfo name="Skye.DisplayControlWithEmptyContent">
        <UUID>67ae3ff6-0dad-4d1d-b516-78a4b6bbcbe7</UUID>
        <Info>False</Info>
      </ProductBackendInfo>
      <ProductBackendInfo name="Skye.StyleClass">
        <UUID>58b45d6a-52cd-44a7-a6e3-ac41f3a55221</UUID>
        <Info />
      </ProductBackendInfo>
      <ProductBackendInfo name="Skye.MultibrickType">
        <UUID>c3ba6f6e-db90-4a42-b096-8da954b72907</UUID>
        <Info />
      </ProductBackendInfo>
    </ProductBrick>
    <ProductBrick name="OptionalCovers" visibilityLevel="3" brickClass="" isAbstract="false" typeId="0">
      <UUID>9c2283c8-f414-4390-95f7-0adead241a63</UUID>
      <SortOrder>100</SortOrder>
      <MinimumUsage>1</MinimumUsage>
      <MaximumUsage>1</MaximumUsage>
      <InitialUsage>1</InitialUsage>
      <ProductTextRelation>
        <UUID>064e78b8-f552-4387-bcbf-0f74453138c2</UUID>
        <ProductTextUUID>4337994f-1494-496e-bd7a-4edc2745754e</ProductTextUUID>
      </ProductTextRelation>
      <ProductBackendInfo name="Skye.NumberOfColumns">
        <UUID>18300ec4-87d5-49e9-a693-d803347a7340</UUID>
        <Info>2</Info>
      </ProductBackendInfo>
      <ProductBackendInfo name="Skye.DisplayControlWithEmptyContent">
        <UUID>c5e5eaf4-0bb6-4cae-847b-576aaba19e9c</UUID>
        <Info>False</Info>
      </ProductBackendInfo>
      <ProductBackendInfo name="Skye.StyleClass">
        <UUID>2dc8afcc-f6f2-48ab-afdc-f8dc62f6364c</UUID>
        <Info />
      </ProductBackendInfo>
      <ProductBackendInfo name="Skye.MultibrickType">
        <UUID>8675aa84-40ae-4a25-972d-01a0c7f2faea</UUID>
        <Info />
      </ProductBackendInfo>
    </ProductBrick>
    <ProductBackendInfo name="Skye.ProcessStepUIType">
      <UUID>515c0f46-7ecf-459a-9046-71424dbdfce4</UUID>
      <Info>PanelGroup</Info>
    </ProductBackendInfo>
    <ProductBackendInfo name="Skye.StyleClass">
      <UUID>11831578-4d50-487d-98eb-3efdf8143237</UUID>
      <Info />
    </ProductBackendInfo>
    <ProductBackendInfo name="Skye.MultibrickType">
      <UUID>030759c2-d502-44d1-ba2b-a8a52e4cbb12</UUID>
      <Info />
    </ProductBackendInfo>
  </ProductBrick>
  <DefinitionDependentLists>
    <DefinitionDependencyDefaultValueList />
    <DefinitionDependencyValueRangeList />
    <DefinitionDependencyVisibilityList />
    <DefinitionDependencyMandatoryList />
    <DefinitionDependencyToDependencyList />
    <DefinitionDependencyValueRangeFilterValuesList />
    <DefinitionDependencyDataSourceAttributeList />
  </DefinitionDependentLists>
</Product>