﻿<?xml version="1.0" encoding="utf-8"?>
<Product xmlns:xsd="http://www.w3.org/2001/XMLSchema" xmlns:xsi="http://www.w3.org/2001/XMLSchema-instance" name="NewProduct" lastChanged="2018-08-23T15:15:52.0322613Z" implementationClass=" " versionUuid=" " modelType="product" skyeEditorVersion="7.4.0.48">
  <UUID>43fa078c-be49-47a7-9b1c-b74085a28aec</UUID>
  <SortOrder>0</SortOrder>
  <BusinessUnit> </BusinessUnit>
  <Section> </Section>
  <ProductTextList>
    <ProductText name="search.fullTextIndexSearchResult" language="en" country="US">
      <UUID>843a97ff-d882-4533-95af-92fd612a4e95</UUID>
      <Text>&lt;div class="skyeSearchResultItem"&gt; 
    &lt;h4&gt;
	NewProduct search title
    &lt;/h4&gt;
    &lt;span class="skyeSearchResultItemDesc"&gt;
        NewProduct search description
    &lt;/span&gt;
    &lt;div class="skyeSearchResultItemActions"&gt;  
    &lt;/div&gt; 
&lt;/div&gt; </Text>
    </ProductText>
    <ProductText name="header" language="en" country="US">
      <UUID>7be4b4b6-4e22-42b0-ac53-8080ee6e2290</UUID>
      <Text>New Product</Text>
    </ProductText>
    <ProductText name="infoPicture" language="en" country="US">
      <UUID>d31b9ed2-f609-4b19-a6bf-3a56d64fc80d</UUID>
      <Text>%definitionResource(def[NewProduct], 'en', 'us', 'Home_ProductSelector.jpg')</Text>
    </ProductText>
    <ProductText name="productMarketing" language="en" country="US">
      <UUID>eedafd12-5e12-4e9d-bd98-524ee0204c5b</UUID>
      <Text>&lt;article&gt;
   &lt;header&gt;
       &lt;h3&gt;New product insurance&lt;/h3&gt;
   &lt;/header&gt;
   &lt;section&gt;
       &lt;a href="%{SkyeConfigurationProperty['resourceBaseUrl']}/page/%{SkyeContext['channel']}/en/us/process/enter/NewProcess?productId=NewProduct&amp;activeZone=myproduct"&gt;Click to issue&lt;/a&gt;
   &lt;/section&gt;  
&lt;/article&gt;</Text>
    </ProductText>
    <ProductText name="productHeader" language="en" country="US">
      <UUID>416ab393-bdb3-4982-93da-84f2fe9dee99</UUID>
      <Text>New Product</Text>
    </ProductText>
    <ProductText name="short" language="en" country="US">
      <UUID>b6bd72a9-4dd2-4ae2-8a05-000f9de84f6b</UUID>
      <Text>Broker</Text>
    </ProductText>
  </ProductTextList>
  <ProductValueRangeList>
    <ProductValueRange name="Reference.referencedModelsVR" type="fix">
      <UUID>890f7be4-ec47-4445-8991-074dcf55c915</UUID>
      <DefinitionValueRelation>
        <DefinitionValueUUID>d8255682-c649-47ca-bfdc-2a05a70a445a</DefinitionValueUUID>
        <DefinitionValueValue>ShoppingcartItem</DefinitionValueValue>
      </DefinitionValueRelation>
    </ProductValueRange>
    <ProductValueRange name="Reference.attributeMappingVR" type="fix">
      <UUID>4b314f59-e4c1-4e30-8845-139d3e2c5ed6</UUID>
    </ProductValueRange>
  </ProductValueRangeList>
  <DefinitionBusinessObjectContextList />
  <DefinitionResourceList>
    <DefinitionResource name="ProductSettings" language=" " country=" ">
      <UUID>fd3beef2-9fc5-4bf9-8dbf-5f5a365addd8</UUID>
      <resourceName>ProductSettings.xml</resourceName>
      <resourceType>xml</resourceType>
    </DefinitionResource>
    <DefinitionResource name="matrix_150_85_jpg" language="en" country="US">
      <UUID>f0005c2e-03db-47a9-9c46-d83e7babe6cd</UUID>
      <resourceName>matrix_150_85.jpg</resourceName>
      <resourceType>resource</resourceType>
    </DefinitionResource>
    <DefinitionResource name="matrix_50_46_jpg" language="en" country="US">
      <UUID>1728526b-8ded-4ebe-9291-90c5a1f1629f</UUID>
      <resourceName>matrix_50_46.jpg</resourceName>
      <resourceType>resource</resourceType>
    </DefinitionResource>
    <DefinitionResource name="Home_ProductSelector_jpg" language="en" country="US">
      <UUID>78260fff-c163-4bc5-9abc-5b94a1ca97d3</UUID>
      <resourceName>Home_ProductSelector.jpg</resourceName>
      <resourceType>resource</resourceType>
    </DefinitionResource>
  </DefinitionResourceList>
  <AbstractProductBrickList />
  <ProductValueList>
    <ProductValue name="AE-AHPA-Q%{AccidentAndHealth.quoteId-&gt;shortOrFormattedValue}" type="value">
      <UUID>55446433-1a5b-4115-9ce2-5dc7171f90fe</UUID>
      <SortOrder>0</SortOrder>
      <Value>AE-AHPA-Q%{AccidentAndHealth.quoteId-&gt;shortOrFormattedValue}</Value>
    </ProductValue>
    <ProductValue name="ShoppingcartItem" type="value">
      <UUID>d8255682-c649-47ca-bfdc-2a05a70a445a</UUID>
      <SortOrder>0</SortOrder>
      <Value />
    </ProductValue>
    <ProductValue name="delete=ignore,copy=setnull" type="value">
      <UUID>99733594-6eb7-4067-8024-530d26ad46a8</UUID>
      <SortOrder>0</SortOrder>
      <Value />
    </ProductValue>
    <ProductValue name="true" type="value">
      <UUID>e1aa40fb-a716-48df-b1f1-6286f26e4f7c</UUID>
      <SortOrder>0</SortOrder>
      <Value>true</Value>
    </ProductValue>
  </ProductValueList>
  <ProductPolicyAttribute name="shoppingcartItemRef" visibilityLevel="0" mandatory="false" unit=" " format=" " numberOfDecimals="0" attributeClass=" " type="Reference">
    <UUID>12e20b60-7400-4a36-a4a5-14761a9c9df2</UUID>
    <SortOrder>99</SortOrder>
    <InputType>Textbox</InputType>
    <DataType>shoppingcartitem</DataType>
    <MaxLength>100</MaxLength>
    <MinLength>0</MinLength>
    <ProductValueRangeRelation>
      <UUID>2d0071e2-5c23-47c7-a5ac-686b6a8555f9</UUID>
      <SortOrder>0</SortOrder>
      <ProductValueRangeUUID>890f7be4-ec47-4445-8991-074dcf55c915</ProductValueRangeUUID>
    </ProductValueRangeRelation>
    <ProductValueRangeRelation>
      <UUID>52dd267e-432b-49a3-8011-7c80904d3201</UUID>
      <SortOrder>99</SortOrder>
      <ProductValueRangeUUID>4b314f59-e4c1-4e30-8845-139d3e2c5ed6</ProductValueRangeUUID>
    </ProductValueRangeRelation>
    <ProductBackendInfo name="Skye.AttributeAlias">
      <UUID>796e9f42-6f5b-4ef7-9874-2b6869e9e3f7</UUID>
      <Info />
    </ProductBackendInfo>
    <ProductBackendInfo name="Skye.AllowValueSetViaUnencryptedURL">
      <UUID>01cc5feb-0a95-4e6b-8b07-ffa376408363</UUID>
      <Info>False</Info>
    </ProductBackendInfo>
    <ProductBackendInfo name="Skye.Core.DataSecurity">
      <UUID>df188a65-5330-44d8-b962-4a23e332cffc</UUID>
      <Info>Standard</Info>
    </ProductBackendInfo>
    <ProductBackendInfo name="Skye.Reference.CopyBehavior">
      <UUID>4b1471d6-8672-4dff-bd9b-8a5773f88a6b</UUID>
      <Info>setnull</Info>
    </ProductBackendInfo>
    <ProductBackendInfo name="Skye.Reference.DeleteBehavior">
      <UUID>ca383b7c-932a-4392-82bc-163c040917a8</UUID>
      <Info>ignore</Info>
    </ProductBackendInfo>
    <ProductBackendInfo name="Skye.Reference.SetReferenceBehaviour">
      <UUID>58ec2650-86ca-4a50-a5de-0f2d19811275</UUID>
      <Info>ByUuid</Info>
    </ProductBackendInfo>
    <ProductBackendInfo name="Skye.Reference.SearchTextType">
      <UUID>2258e16a-57c9-4bb7-baf3-d82a6f109ca6</UUID>
      <Info />
    </ProductBackendInfo>
    <ProductBackendInfo name="Skye.Reference.ShouldCopyValues">
      <UUID>d3a4a0e7-47fd-4941-9680-a5ac1c9c18b3</UUID>
      <Info>false</Info>
    </ProductBackendInfo>
    <ProductBackendInfo name="Skye.Reference.CheckValidity">
      <UUID>0982e770-09fd-4de7-aaab-6aff72885cf4</UUID>
      <Info>false</Info>
    </ProductBackendInfo>
    <ProductBackendInfo name="Skye.MaximumNumberOfSearchResults">
      <UUID>96d4ba4e-3249-48a0-a7c6-7aad5dc72790</UUID>
      <Info>20</Info>
    </ProductBackendInfo>
    <ProductBackendInfo name="Skye.Reference.DisplayValidationError">
      <UUID>5c318bde-4742-4f11-850e-7c21b002c2f5</UUID>
      <Info>False</Info>
    </ProductBackendInfo>
    <ProductBackendInfo name="Skye.CharsToTriggerSearch">
      <UUID>d79b6a76-6af9-4b8b-a710-3644f6d6b190</UUID>
      <Info>3</Info>
    </ProductBackendInfo>
    <DefinitionValueRelation>
      <DefinitionValueUUID>99733594-6eb7-4067-8024-530d26ad46a8</DefinitionValueUUID>
      <DefinitionValueValue>delete=ignore,copy=setnull</DefinitionValueValue>
    </DefinitionValueRelation>
  </ProductPolicyAttribute>
  <ProductPolicyAttribute name="@ReadyForFullTextIndex" visibilityLevel="0" mandatory="false" unit=" " format=" " numberOfDecimals="0" attributeClass=" " type="Standard" hasHistory="false">
    <UUID>55c5998e-f671-4229-a5f8-a4a3d548671b</UUID>
    <SortOrder>99</SortOrder>
    <InputType>Textbox</InputType>
    <DataType>String</DataType>
    <MaxLength>100</MaxLength>
    <MinLength>0</MinLength>
    <ProductBackendInfo name="Skye.AttributeAlias">
      <UUID>063ca0ed-4ed3-479a-9c6f-2dd4939cc0fd</UUID>
      <Info />
    </ProductBackendInfo>
    <ProductBackendInfo name="Skye.AllowValueSetViaUnencryptedURL">
      <UUID>a512d496-b6af-4079-b782-5dd048ee7eae</UUID>
      <Info>False</Info>
    </ProductBackendInfo>
    <ProductBackendInfo name="Skye.Core.DataSecurity">
      <UUID>43a72d79-cc33-4b34-ab9d-122a2b368fbd</UUID>
      <Info>Standard</Info>
    </ProductBackendInfo>
    <DefinitionValueRelation>
      <UUID>a13d3c64-2154-4d5a-8264-136f94b42434</UUID>
      <DefinitionValueUUID>e1aa40fb-a716-48df-b1f1-6286f26e4f7c</DefinitionValueUUID>
      <DefinitionValueValue />
    </DefinitionValueRelation>
  </ProductPolicyAttribute>
  <ProductTextRelation>
    <ProductTextUUID>843a97ff-d882-4533-95af-92fd612a4e95</ProductTextUUID>
  </ProductTextRelation>
  <ProductTextRelation>
    <ProductTextUUID>7be4b4b6-4e22-42b0-ac53-8080ee6e2290</ProductTextUUID>
  </ProductTextRelation>
  <ProductTextRelation>
    <ProductTextUUID>d31b9ed2-f609-4b19-a6bf-3a56d64fc80d</ProductTextUUID>
  </ProductTextRelation>
  <ProductTextRelation>
    <ProductTextUUID>eedafd12-5e12-4e9d-bd98-524ee0204c5b</ProductTextUUID>
  </ProductTextRelation>
  <ProductTextRelation>
    <ProductTextUUID>416ab393-bdb3-4982-93da-84f2fe9dee99</ProductTextUUID>
  </ProductTextRelation>
  <ProductBrick name="Customer" visibilityLevel="3" brickClass="com.innoveo.skye.business.model.extension.brick.PartnerReferenceCopyBrickExtension" isAbstract="false" typeId="19">
    <UUID>73b54a5d-37f3-4613-83bf-265aa5c0cbb8</UUID>
    <SortOrder>1</SortOrder>
    <MinimumUsage>0</MinimumUsage>
    <MaximumUsage>1</MaximumUsage>
    <InitialUsage>0</InitialUsage>
    <ProductBackendInfo name="Skye.MultibrickType">
      <UUID>6a5bbabc-394b-4d52-ac4f-f7e3d43f4855</UUID>
      <Info />
    </ProductBackendInfo>
  </ProductBrick>
  <ProductBrick name="Product" visibilityLevel="3" brickClass=" " isAbstract="false" typeId="0">
    <UUID>78c2d6eb-1ab9-41bc-87eb-1bf8c8a8cb6e</UUID>
    <SortOrder>2</SortOrder>
    <MinimumUsage>0</MinimumUsage>
    <MaximumUsage>1</MaximumUsage>
    <InitialUsage>0</InitialUsage>
    <ProductBackendInfo name="Skye.MultibrickType">
      <UUID>8a2ec9f8-c6b9-48b7-a486-354c7802999f</UUID>
      <Info />
    </ProductBackendInfo>
  </ProductBrick>
  <ProductBrick name="AuthorizationFields" visibilityLevel="3" brickClass=" " isAbstract="false" typeId="0">
    <UUID>3c1f8889-6de1-47f4-accf-f06a698e3f86</UUID>
    <SortOrder>30</SortOrder>
    <MinimumUsage>0</MinimumUsage>
    <MaximumUsage>0</MaximumUsage>
    <InitialUsage>0</InitialUsage>
    <ProductTextRelation>
      <ProductTextUUID>b6bd72a9-4dd2-4ae2-8a05-000f9de84f6b</ProductTextUUID>
    </ProductTextRelation>
    <ProductBackendInfo name="Skye.MultibrickType">
      <UUID>b6efaa3f-cd7b-4d67-bf55-82868f985e94</UUID>
      <Info />
    </ProductBackendInfo>
  </ProductBrick>
  <ProductBrick name="UIDefinitionReferences" visibilityLevel="3" brickClass=" " isAbstract="false" typeId="0">
    <UUID>15aceb0f-fb9a-47df-b43f-5601b3c77845</UUID>
    <SortOrder>100</SortOrder>
    <MinimumUsage>0</MinimumUsage>
    <MaximumUsage>1</MaximumUsage>
    <InitialUsage>0</InitialUsage>
    <ProductBackendInfo name="Skye.MultibrickType">
      <UUID>e30b199e-416e-4262-9d30-2b36011e7bae</UUID>
      <Info />
    </ProductBackendInfo>
  </ProductBrick>
  <ProductBrick name="CompletionMessages" visibilityLevel="3" brickClass=" " isAbstract="false" typeId="0">
    <UUID>7b345f9e-4e5a-4bd9-bf94-6daf63904cae</UUID>
    <SortOrder>110</SortOrder>
    <MinimumUsage>0</MinimumUsage>
    <MaximumUsage>1</MaximumUsage>
    <InitialUsage>0</InitialUsage>
    <ProductBackendInfo name="Skye.MultibrickType">
      <UUID>e6dd40df-3aca-49d3-b5c8-c79dc81d7cb1</UUID>
      <Info />
    </ProductBackendInfo>
  </ProductBrick>
  <ProductBrick name="SearchResultLinks" visibilityLevel="0" brickClass=" " isAbstract="false" typeId="0">
    <UUID>a44d1119-8c8d-44f9-bd4f-8944bc14d5b5</UUID>
    <SortOrder>130</SortOrder>
    <MinimumUsage>0</MinimumUsage>
    <MaximumUsage>1</MaximumUsage>
    <InitialUsage>0</InitialUsage>
    <ProductBackendInfo name="Skye.MultibrickType">
      <UUID>e75f5f12-1889-440d-a8c5-96cc41f6fbc8</UUID>
      <Info />
    </ProductBackendInfo>
  </ProductBrick>
  <DefinitionDependentLists>
    <DefinitionDependencyDefaultValueList />
    <DefinitionDependencyValueRangeList />
    <DefinitionDependencyVisibilityList />
    <DefinitionDependencyMandatoryList />
    <DefinitionDependencyToDependencyList />
    <DefinitionDependencyValueRangeFilterValuesList />
    <DefinitionDependencyDataSourceAttributeList />
  </DefinitionDependentLists>
  <DefinitionResourceRelation>
    <UUID>dfbf87ec-bbd9-4541-b6ab-9dfdbb7ba632</UUID>
    <DefinitionResourceUUID>fd3beef2-9fc5-4bf9-8dbf-5f5a365addd8</DefinitionResourceUUID>
  </DefinitionResourceRelation>
  <DefinitionResourceRelation>
    <UUID>67842e8f-d69f-43c3-a94e-35553d80fa13</UUID>
    <DefinitionResourceUUID>f0005c2e-03db-47a9-9c46-d83e7babe6cd</DefinitionResourceUUID>
    <DefinitionObjectUUID>43fa078c-be49-47a7-9b1c-b74085a28aec</DefinitionObjectUUID>
  </DefinitionResourceRelation>
  <DefinitionResourceRelation>
    <UUID>fdef31d3-f5fa-4afc-8450-8b23ab7cdf52</UUID>
    <DefinitionResourceUUID>1728526b-8ded-4ebe-9291-90c5a1f1629f</DefinitionResourceUUID>
    <DefinitionObjectUUID>43fa078c-be49-47a7-9b1c-b74085a28aec</DefinitionObjectUUID>
  </DefinitionResourceRelation>
  <DefinitionResourceRelation>
    <UUID>07daabe4-9a05-416a-86be-00466762e68d</UUID>
    <DefinitionResourceUUID>78260fff-c163-4bc5-9abc-5b94a1ca97d3</DefinitionResourceUUID>
    <DefinitionObjectUUID>43fa078c-be49-47a7-9b1c-b74085a28aec</DefinitionObjectUUID>
  </DefinitionResourceRelation>
</Product>