﻿<?xml version="1.0" encoding="utf-8"?>
<Product xmlns:xsd="http://www.w3.org/2001/XMLSchema" xmlns:xsi="http://www.w3.org/2001/XMLSchema-instance" name="HomeCreatePolicyQuickQuoteUIDef" lastChanged="2019-10-16T11:06:27.7725677Z" implementationClass=" " versionUuid=" " modelType="uidefinition" subModelType="ProcessLayout" skyeEditorVersion="7.15.0.16">
  <UUID>3614b49d-b19a-4c4c-8e61-a41a02148fce</UUID>
  <SortOrder>0</SortOrder>
  <BusinessUnit> </BusinessUnit>
  <Section> </Section>
  <ProductTextList>
    <ProductText name="header" language="en" country="US">
      <UUID>1fb4e59c-4b69-47b3-aafa-af17d1f20ad0</UUID>
      <Text>Optional Covers</Text>
    </ProductText>
    <ProductText name="header" language="en" country="US">
      <UUID>6a23db18-3e40-4bec-9928-11ff8340fbca</UUID>
      <Text>Basic Information</Text>
    </ProductText>
    <ProductText name="short" language="en" country="US">
      <UUID>70bb47e1-9db8-4090-881c-f55e054437ac</UUID>
      <Text>Address</Text>
    </ProductText>
  </ProductTextList>
  <ProductValueRangeList />
  <DefinitionBusinessObjectContextList />
  <DefinitionResourceList />
  <AbstractProductBrickList />
  <ProductValueList />
  <ProductBrick name="PanelGroup" visibilityLevel="3" brickClass=" " isAbstract="false" typeId="0">
    <UUID>cbaf687d-6863-475c-8c2f-b3f2ebb8a174</UUID>
    <SortOrder>10</SortOrder>
    <MinimumUsage>1</MinimumUsage>
    <MaximumUsage>1</MaximumUsage>
    <InitialUsage>1</InitialUsage>
    <PredecessorBrickUUID />
    <PredecessorBrickName />
    <ProductBrick name="BasicInformation" visibilityLevel="3" brickClass=" " isAbstract="false" typeId="0">
      <UUID>ee01c89d-a551-41e4-aa3d-4313a6f8a824</UUID>
      <SortOrder>10</SortOrder>
      <MinimumUsage>1</MinimumUsage>
      <MaximumUsage>1</MaximumUsage>
      <InitialUsage>1</InitialUsage>
      <PredecessorBrickUUID>cbaf687d-6863-475c-8c2f-b3f2ebb8a174</PredecessorBrickUUID>
      <PredecessorBrickName>PanelGroup</PredecessorBrickName>
      <ProductTextRelation>
        <ProductTextUUID>6a23db18-3e40-4bec-9928-11ff8340fbca</ProductTextUUID>
      </ProductTextRelation>
      <ProductBrick name="FieldsetGroup1" visibilityLevel="3" brickClass="" isAbstract="false" typeId="0">
        <UUID>22ad6a82-23fb-4c99-a6f4-1de4cabf2011</UUID>
        <SortOrder>10</SortOrder>
        <MinimumUsage>1</MinimumUsage>
        <MaximumUsage>1</MaximumUsage>
        <InitialUsage>1</InitialUsage>
        <ProductTextRelation>
          <UUID>afae3262-16a1-4955-b717-4f979e5066c6</UUID>
          <ProductTextUUID>70bb47e1-9db8-4090-881c-f55e054437ac</ProductTextUUID>
        </ProductTextRelation>
        <ProductBackendInfo name="Skye.ProcessStepUIType">
          <UUID>eac77cbd-4c9d-4e6b-97fd-f41a034322c5</UUID>
          <Info>FieldsetGroup</Info>
        </ProductBackendInfo>
        <ProductBackendInfo name="Skye.StyleClass">
          <UUID>397b11b3-fa01-43df-b08d-2ace76e66927</UUID>
          <Info />
        </ProductBackendInfo>
        <ProductBackendInfo name="Skye.MultibrickType">
          <UUID>92106a28-f6d2-4416-98be-02b42b634cbb</UUID>
          <Info />
        </ProductBackendInfo>
      </ProductBrick>
      <ProductBackendInfo name="Skye.NumberOfColumns">
        <UUID>276cc28a-f504-430c-983b-277ba98f2fd5</UUID>
        <Info>2</Info>
      </ProductBackendInfo>
      <ProductBackendInfo name="Skye.DisplayControlWithEmptyContent">
        <UUID>62ccbcb6-f6dd-4e0d-b0bc-26dc385f24b5</UUID>
        <Info>True</Info>
      </ProductBackendInfo>
      <ProductBackendInfo name="Skye.MultibrickType">
        <UUID>75d0ba60-64b7-4db0-ae6c-ee13b707b3c2</UUID>
        <Info />
      </ProductBackendInfo>
      <ProductBackendInfo name="Skye.StyleClass">
        <UUID>8e818c12-714c-4640-a555-fd4120d5e6cb</UUID>
        <Info />
      </ProductBackendInfo>
    </ProductBrick>
    <ProductBrick name="OptionalCovers" visibilityLevel="3" brickClass=" " isAbstract="false" typeId="0">
      <UUID>01d49b22-0002-490d-be69-934ac3feb8f9</UUID>
      <SortOrder>20</SortOrder>
      <MinimumUsage>1</MinimumUsage>
      <MaximumUsage>1</MaximumUsage>
      <InitialUsage>1</InitialUsage>
      <PredecessorBrickUUID>cbaf687d-6863-475c-8c2f-b3f2ebb8a174</PredecessorBrickUUID>
      <PredecessorBrickName>PanelGroup</PredecessorBrickName>
      <ProductTextRelation>
        <ProductTextUUID>1fb4e59c-4b69-47b3-aafa-af17d1f20ad0</ProductTextUUID>
      </ProductTextRelation>
      <ProductBackendInfo name="Skye.MultibrickType">
        <UUID>12f0097a-867a-4d63-95be-23652ad67ea8</UUID>
        <Info />
      </ProductBackendInfo>
      <ProductBackendInfo name="Skye.NumberOfColumns">
        <UUID>52cae2b0-4ff5-48ee-b330-4cf6a04819eb</UUID>
        <Info>2</Info>
      </ProductBackendInfo>
      <ProductBackendInfo name="Skye.DisplayControlWithEmptyContent">
        <UUID>a356fc53-d66e-4971-bb11-f298e14c53e8</UUID>
        <Info>False</Info>
      </ProductBackendInfo>
      <ProductBackendInfo name="Skye.StyleClass">
        <UUID>af8ad2f1-0d07-4598-8367-3b91ac5bda35</UUID>
        <Info />
      </ProductBackendInfo>
    </ProductBrick>
    <ProductBackendInfo name="Skye.StyleClass">
      <UUID>2467349e-71e0-46d4-b5f6-a43d654e80b7</UUID>
      <Info />
    </ProductBackendInfo>
    <ProductBackendInfo name="Skye.MultibrickType">
      <UUID>37c09c6c-c3ff-489b-bbcf-d820d0fdd7d1</UUID>
      <Info />
    </ProductBackendInfo>
    <ProductBackendInfo name="Skye.ProcessStepUIType">
      <UUID>e2f4760a-85f2-4fdf-a794-68137fa8666a</UUID>
      <Info>PanelGroup</Info>
    </ProductBackendInfo>
  </ProductBrick>
  <DefinitionDependentLists>
    <DefinitionDependencyDefaultValueList />
    <DefinitionDependencyValueRangeList />
    <DefinitionDependencyVisibilityList />
    <DefinitionDependencyMandatoryList />
    <DefinitionDependencyToDependencyList />
    <DefinitionDependencyValueRangeFilterValuesList />
    <DefinitionDependencyDataSourceAttributeList />
  </DefinitionDependentLists>
</Product>