﻿<?xml version="1.0" encoding="utf-8"?>
<Product xmlns:xsd="http://www.w3.org/2001/XMLSchema" xmlns:xsi="http://www.w3.org/2001/XMLSchema-instance" name="HelpFloatingButton" lastChanged="2020-05-18T12:47:18.4428535Z" implementationClass="" modelType="floatingbutton" subModelType="" skyeEditorVersion="7.26.1.50">
  <UUID>188b65af-804c-4d1c-81a6-060e0ba62960</UUID>
  <BusinessUnit> </BusinessUnit>
  <Section> </Section>
  <ProductTextList>
    <ProductText name="header" language="en" country="US">
      <UUID>1e1a7269-4c81-4a4b-b4fc-4e5fe6d2c617</UUID>
      <Text>Help</Text>
    </ProductText>
    <ProductText name="icon" language="en" country="US">
      <UUID>90ac0b61-33ec-42b4-984f-6bab129dc6d4</UUID>
      <Text>&lt;i class="far fa-question-circle"&gt;&lt;/i&gt;</Text>
    </ProductText>
    <ProductText name="label" language="en" country="US">
      <UUID>226ff076-5c49-40bf-a2a3-aa74130ef014</UUID>
      <Text>&lt;li&gt;Phone us: 0800 111 222&lt;/li&gt;
&lt;li&gt;
    &lt;a href="mailto:example@mail.com"&gt;Send us a mail&lt;/a&gt;
&lt;/li&gt;
&lt;li&gt;Visit us at Hohlstrasse 560, 8048 Zürich&lt;/li&gt;
&lt;li&gt;
    &lt;a href="https://www.innoveo.com/"&gt;Visit out website&lt;/a&gt;
&lt;/li&gt;</Text>
    </ProductText>
  </ProductTextList>
  <ProductValueRangeList>
    <ProductValueRange name="Reference.referencedModelsVR" type="fix">
      <UUID>401b390a-d15e-4be8-bbdc-17663d4a1fdd</UUID>
    </ProductValueRange>
  </ProductValueRangeList>
  <DefinitionBusinessObjectContextList />
  <DefinitionResourceList />
  <ProductValueList>
    <ProductValue name="" type="value">
      <UUID>a9a65e45-d082-48f5-a048-a90b8df9eb89</UUID>
      <SortOrder>0</SortOrder>
      <Value />
    </ProductValue>
    <ProductValue name="tab" type="value">
      <UUID>f22e2e1d-4392-45bd-9e46-1f549d7412c0</UUID>
      <SortOrder>0</SortOrder>
      <Value>tab</Value>
    </ProductValue>
    <ProductValue name="right" type="value">
      <UUID>7a0cff2f-d997-4a82-b4d5-522b2774f7f8</UUID>
      <SortOrder>0</SortOrder>
      <Value>right</Value>
    </ProductValue>
    <ProductValue name="expanded initially" type="value">
      <UUID>2477b1a1-92e3-4031-93c2-eca2f040f89a</UUID>
      <SortOrder>0</SortOrder>
      <Value>expanded initially</Value>
    </ProductValue>
  </ProductValueList>
  <ProductPolicyAttribute name="@ComponentOwner" visibilityLevel="0" mandatory="false" unit="" format="" numberOfDecimals="0" attributeClass="" type="Reference">
    <UUID>9251c780-f66f-42b9-8845-c07baa44f67e</UUID>
    <SortOrder>99</SortOrder>
    <InputType>Textbox</InputType>
    <DataType>String</DataType>
    <MaxLength>4000</MaxLength>
    <MinLength>0</MinLength>
    <ProductValueRangeRelation>
      <UUID>4b90c875-6f1c-4ec1-a39c-b85b31fc869d</UUID>
      <SortOrder>99</SortOrder>
      <ProductValueRangeUUID>401b390a-d15e-4be8-bbdc-17663d4a1fdd</ProductValueRangeUUID>
    </ProductValueRangeRelation>
    <ProductBackendInfo name="Skye.AttributeAlias">
      <UUID>2e870090-1b53-431e-bba8-16fd9fcdd8b7</UUID>
      <Info />
    </ProductBackendInfo>
    <ProductBackendInfo name="Skye.Core.DataSecurity">
      <UUID>b560130b-b721-4637-b472-e1c5a195a0ec</UUID>
      <Info>Standard</Info>
    </ProductBackendInfo>
    <ProductBackendInfo name="Skye.AllowValueSetViaUnencryptedURL">
      <UUID>13aaf7a3-9646-4a0e-b612-13d596e6fe3f</UUID>
      <Info>False</Info>
    </ProductBackendInfo>
    <ProductBackendInfo name="Skye.Reference.ModelType">
      <UUID>1496417e-fe57-4641-a952-dfdf8c9ae417</UUID>
      <Info>product</Info>
    </ProductBackendInfo>
    <DefinitionValueRelation>
      <DefinitionValueUUID>a9a65e45-d082-48f5-a048-a90b8df9eb89</DefinitionValueUUID>
    </DefinitionValueRelation>
  </ProductPolicyAttribute>
  <ProductPolicyAttribute name="@Style" visibilityLevel="0" mandatory="false" unit="" format="" numberOfDecimals="0" attributeClass="" type="Standard">
    <UUID>e4f88934-0ada-4ef6-a3e4-2990c2689295</UUID>
    <SortOrder>99</SortOrder>
    <InputType>Textbox</InputType>
    <DataType>String</DataType>
    <MaxLength>4000</MaxLength>
    <MinLength>0</MinLength>
    <ProductBackendInfo name="Skye.AttributeAlias">
      <UUID>583ca823-3ba7-4c1d-95db-5408b95729b0</UUID>
      <Info />
    </ProductBackendInfo>
    <ProductBackendInfo name="Skye.Core.DataSecurity">
      <UUID>5af2f855-863c-4db4-a8fa-580de0fc8941</UUID>
      <Info>Standard</Info>
    </ProductBackendInfo>
    <ProductBackendInfo name="Skye.AllowValueSetViaUnencryptedURL">
      <UUID>1eb0bf45-917b-4faf-8a56-b540c35fc1f0</UUID>
      <Info>False</Info>
    </ProductBackendInfo>
    <DefinitionValueRelation>
      <DefinitionValueUUID>f22e2e1d-4392-45bd-9e46-1f549d7412c0</DefinitionValueUUID>
    </DefinitionValueRelation>
  </ProductPolicyAttribute>
  <ProductPolicyAttribute name="@Position" visibilityLevel="0" mandatory="false" unit="" format="" numberOfDecimals="0" attributeClass="" type="Standard">
    <UUID>a2bc498e-b377-4a1a-aa86-70bacb899aab</UUID>
    <SortOrder>99</SortOrder>
    <InputType>Textbox</InputType>
    <DataType>String</DataType>
    <MaxLength>4000</MaxLength>
    <MinLength>0</MinLength>
    <ProductBackendInfo name="Skye.AttributeAlias">
      <UUID>399faded-0c1c-42ec-829c-8d9a1c9cc267</UUID>
      <Info />
    </ProductBackendInfo>
    <ProductBackendInfo name="Skye.Core.DataSecurity">
      <UUID>7057cc5d-f58b-4aba-bb33-a693fcf80eca</UUID>
      <Info>Standard</Info>
    </ProductBackendInfo>
    <ProductBackendInfo name="Skye.AllowValueSetViaUnencryptedURL">
      <UUID>e4e45400-034d-4aec-a2a6-f9ae236dd2a5</UUID>
      <Info>False</Info>
    </ProductBackendInfo>
    <DefinitionValueRelation>
      <DefinitionValueUUID>7a0cff2f-d997-4a82-b4d5-522b2774f7f8</DefinitionValueUUID>
    </DefinitionValueRelation>
  </ProductPolicyAttribute>
  <ProductPolicyAttribute name="@ButtonExpandDefault" visibilityLevel="0" mandatory="false" unit="" format="" numberOfDecimals="0" attributeClass="" type="Standard">
    <UUID>23d17adb-969b-45ba-bf1e-2fec3a56cb7c</UUID>
    <SortOrder>99</SortOrder>
    <InputType>Textbox</InputType>
    <DataType>String</DataType>
    <MaxLength>4000</MaxLength>
    <MinLength>0</MinLength>
    <ProductBackendInfo name="Skye.AttributeAlias">
      <UUID>a87084d5-df47-4110-896f-94f1ca741003</UUID>
      <Info />
    </ProductBackendInfo>
    <ProductBackendInfo name="Skye.Core.DataSecurity">
      <UUID>a2c2fd90-34c0-4d10-8724-2a9f565156dc</UUID>
      <Info>Standard</Info>
    </ProductBackendInfo>
    <ProductBackendInfo name="Skye.AllowValueSetViaUnencryptedURL">
      <UUID>4c6239f9-d7e4-4a27-baf1-f40097bdb5e4</UUID>
      <Info>False</Info>
    </ProductBackendInfo>
    <DefinitionValueRelation>
      <DefinitionValueUUID>2477b1a1-92e3-4031-93c2-eca2f040f89a</DefinitionValueUUID>
    </DefinitionValueRelation>
  </ProductPolicyAttribute>
  <ProductTextRelation>
    <UUID>b0013072-9102-41ee-a393-0081de6c81c6</UUID>
    <ProductTextUUID>1e1a7269-4c81-4a4b-b4fc-4e5fe6d2c617</ProductTextUUID>
  </ProductTextRelation>
  <ProductTextRelation>
    <UUID>595bc242-beb4-4e58-a61d-2854a756c5a3</UUID>
    <ProductTextUUID>90ac0b61-33ec-42b4-984f-6bab129dc6d4</ProductTextUUID>
  </ProductTextRelation>
  <ProductTextRelation>
    <UUID>54a44739-a930-48b6-8fc3-5b70977cd54d</UUID>
    <ProductTextUUID>226ff076-5c49-40bf-a2a3-aa74130ef014</ProductTextUUID>
  </ProductTextRelation>
  <DefinitionDependentLists>
    <DefinitionDependencyDefaultValueList />
    <DefinitionDependencyValueRangeList />
    <DefinitionDependencyVisibilityList />
    <DefinitionDependencyMandatoryList />
    <DefinitionDependencyToDependencyList />
    <DefinitionDependencyValueRangeFilterValuesList />
    <DefinitionDependencyDataSourceAttributeList />
  </DefinitionDependentLists>
</Product>