﻿<?xml version="1.0" encoding="utf-8"?>
<Product xmlns:xsd="http://www.w3.org/2001/XMLSchema" xmlns:xsi="http://www.w3.org/2001/XMLSchema-instance" name="MotorCreatePolicyCarInformationUIDefinition" lastChanged="2019-10-17T09:37:30.8007644Z" implementationClass="" modelType="uidefinition" subModelType="ProcessLayout" skyeEditorVersion="7.15.0.16">
  <UUID>f457cfd4-1707-436a-80a7-6e8197659975</UUID>
  <BusinessUnit> </BusinessUnit>
  <Section> </Section>
  <ProductTextList>
    <ProductText name="header" language="en" country="US">
      <UUID>7e5ee211-0506-400e-9b2e-7f522ccfdc5b</UUID>
      <Text />
    </ProductText>
    <ProductText name="header" language="en" country="US">
      <UUID>f218fd19-281c-4515-befe-b798f08d9e18</UUID>
      <Text />
    </ProductText>
    <ProductText name="header" language="en" country="US">
      <UUID>a7e6ae09-d2ba-41c9-9010-fcd7b66b79cc</UUID>
      <Text />
    </ProductText>
  </ProductTextList>
  <ProductValueRangeList />
  <DefinitionBusinessObjectContextList />
  <DefinitionResourceList />
  <ProductValueList />
  <ProductBrick name="NoStyleGroup" visibilityLevel="3" brickClass="" isAbstract="false" typeId="0">
    <UUID>585098c4-de4f-4688-9685-ffd256600da2</UUID>
    <SortOrder>10</SortOrder>
    <MinimumUsage>1</MinimumUsage>
    <MaximumUsage>1</MaximumUsage>
    <InitialUsage>1</InitialUsage>
    <ProductBrick name="CarSearcher" visibilityLevel="3" brickClass="" isAbstract="false" typeId="0">
      <UUID>1732d9cd-119f-4e07-acc1-8f9b66783767</UUID>
      <SortOrder>20</SortOrder>
      <MinimumUsage>1</MinimumUsage>
      <MaximumUsage>1</MaximumUsage>
      <InitialUsage>1</InitialUsage>
      <ProductTextRelation>
        <UUID>2d178bd1-f1b6-41e5-8ad4-79a39560d770</UUID>
        <ProductTextUUID>7e5ee211-0506-400e-9b2e-7f522ccfdc5b</ProductTextUUID>
      </ProductTextRelation>
      <ProductBackendInfo name="Skye.NumberOfColumns">
        <UUID>7fec7e4a-e0a7-46b2-b536-1a0b6ae30777</UUID>
        <Info>1</Info>
      </ProductBackendInfo>
      <ProductBackendInfo name="Skye.DisplayControlWithEmptyContent">
        <UUID>14135244-51cf-4436-b6e8-e49374857687</UUID>
        <Info>False</Info>
      </ProductBackendInfo>
      <ProductBackendInfo name="Skye.StyleClass">
        <UUID>444cf73e-087f-4320-8fb1-162766ec6abb</UUID>
        <Info />
      </ProductBackendInfo>
      <ProductBackendInfo name="Skye.MultibrickType">
        <UUID>baca7399-e9ad-422a-a29f-78e425c32c45</UUID>
        <Info />
      </ProductBackendInfo>
    </ProductBrick>
    <ProductBrick name="PolicyStart" visibilityLevel="3" brickClass="" isAbstract="false" typeId="0">
      <UUID>b732b1db-804f-4f45-83f2-095c42638ce9</UUID>
      <SortOrder>10</SortOrder>
      <MinimumUsage>1</MinimumUsage>
      <MaximumUsage>1</MaximumUsage>
      <InitialUsage>1</InitialUsage>
      <ProductTextRelation>
        <UUID>aedd2ff0-403d-4139-91fa-7c04f0a0466a</UUID>
        <ProductTextUUID>f218fd19-281c-4515-befe-b798f08d9e18</ProductTextUUID>
      </ProductTextRelation>
      <ProductBackendInfo name="Skye.NumberOfColumns">
        <UUID>1dc25ef0-d983-438c-8710-2f88b3a6262d</UUID>
        <Info>2</Info>
      </ProductBackendInfo>
      <ProductBackendInfo name="Skye.DisplayControlWithEmptyContent">
        <UUID>fec806c5-dfdf-4cb1-a00b-2b210dfcc45b</UUID>
        <Info>False</Info>
      </ProductBackendInfo>
      <ProductBackendInfo name="Skye.StyleClass">
        <UUID>fc337968-ff26-4452-8aad-e70f88a581c4</UUID>
        <Info />
      </ProductBackendInfo>
      <ProductBackendInfo name="Skye.MultibrickType">
        <UUID>b6b8b710-e0b1-4943-8436-c2a72680f740</UUID>
        <Info />
      </ProductBackendInfo>
    </ProductBrick>
    <ProductBrick name="CarInfo" visibilityLevel="3" brickClass="" isAbstract="false" typeId="0">
      <UUID>a62feaf7-8dc5-41f9-9f03-04c58e844425</UUID>
      <SortOrder>30</SortOrder>
      <MinimumUsage>1</MinimumUsage>
      <MaximumUsage>1</MaximumUsage>
      <InitialUsage>1</InitialUsage>
      <ProductTextRelation>
        <UUID>1296bde8-a854-4b83-974a-ef177353e65c</UUID>
        <ProductTextUUID>a7e6ae09-d2ba-41c9-9010-fcd7b66b79cc</ProductTextUUID>
      </ProductTextRelation>
      <ProductBackendInfo name="Skye.NumberOfColumns">
        <UUID>b76da645-9f0f-4353-86f5-3f6182ca48cb</UUID>
        <Info>2</Info>
      </ProductBackendInfo>
      <ProductBackendInfo name="Skye.DisplayControlWithEmptyContent">
        <UUID>a6d2440c-feb6-4cec-9b29-1af6487dc1c6</UUID>
        <Info>False</Info>
      </ProductBackendInfo>
      <ProductBackendInfo name="Skye.StyleClass">
        <UUID>2ed4f849-815b-4701-bbcb-ceadf82b2a60</UUID>
        <Info />
      </ProductBackendInfo>
      <ProductBackendInfo name="Skye.MultibrickType">
        <UUID>d88a0638-38ae-41db-a18d-6e447fb22db5</UUID>
        <Info />
      </ProductBackendInfo>
    </ProductBrick>
    <ProductBackendInfo name="Skye.ProcessStepUIType">
      <UUID>b312187c-88c5-441b-85ae-b86ec77a7048</UUID>
      <Info>NoStyleFieldsetGroup</Info>
    </ProductBackendInfo>
    <ProductBackendInfo name="Skye.StyleClass">
      <UUID>2c296f14-aa5b-4c00-bfa7-1b7c9edf354b</UUID>
      <Info />
    </ProductBackendInfo>
    <ProductBackendInfo name="Skye.MultibrickType">
      <UUID>36c58d41-a2ec-4162-8dee-db2fa0967c0f</UUID>
      <Info />
    </ProductBackendInfo>
  </ProductBrick>
  <DefinitionDependentLists>
    <DefinitionDependencyDefaultValueList />
    <DefinitionDependencyValueRangeList />
    <DefinitionDependencyVisibilityList />
    <DefinitionDependencyMandatoryList />
    <DefinitionDependencyToDependencyList />
    <DefinitionDependencyValueRangeFilterValuesList />
    <DefinitionDependencyDataSourceAttributeList />
  </DefinitionDependentLists>
</Product>