﻿<?xml version="1.0" encoding="utf-8"?>
<Product xmlns:xsd="http://www.w3.org/2001/XMLSchema" xmlns:xsi="http://www.w3.org/2001/XMLSchema-instance" name="EmailEvent" lastChanged="2019-10-25T11:40:06.5685979Z" implementationClass="" modelType="event" subModelType="" skyeEditorVersion="7.15.0.16">
  <UUID>a61e9fee-f66a-4895-84c3-6f24af3d46df</UUID>
  <BusinessUnit> </BusinessUnit>
  <Section> </Section>
  <ProductTextList>
    <ProductText name="short" language="en" country="US">
      <UUID>9855f553-0f08-4009-937d-f8bb29c8aed3</UUID>
      <Text />
    </ProductText>
    <ProductText name="short" language="en" country="US">
      <UUID>892794a9-e260-46ae-ba2f-919a83be40d7</UUID>
      <Text />
    </ProductText>
    <ProductText name="short" language="en" country="US">
      <UUID>caf02010-4333-44c7-97b2-06c7ea4094f6</UUID>
      <Text />
    </ProductText>
    <ProductText name="short" language="en" country="US">
      <UUID>ca183aa3-b788-4e30-9351-91d20204a771</UUID>
      <Text />
    </ProductText>
    <ProductText name="short" language="en" country="US">
      <UUID>c7587395-5e02-48da-9c46-8cd8d52354ef</UUID>
      <Text />
    </ProductText>
    <ProductText name="short" language="en" country="US">
      <UUID>1a40a0bd-f0b0-4037-9574-79779b8e39b1</UUID>
      <Text />
    </ProductText>
    <ProductText name="short" language="en" country="US">
      <UUID>9ab6737f-b773-4f62-b7ec-a7a410478540</UUID>
      <Text />
    </ProductText>
  </ProductTextList>
  <ProductValueRangeList />
  <DefinitionBusinessObjectContextList />
  <DefinitionResourceList />
  <ProductValueList>
    <ProductValue name="SendEmailMessageEvent" type="value">
      <UUID>e29da049-b237-4cf5-9a37-a321c1afebbb</UUID>
      <SortOrder>0</SortOrder>
      <Value>SendEmailMessageEvent</Value>
    </ProductValue>
    <ProductValue name="new" type="value">
      <UUID>d4671d82-ea30-48f6-a8c2-a6a7efbecd95</UUID>
      <SortOrder>0</SortOrder>
      <Value>new</Value>
    </ProductValue>
    <ProductValue name="%{TODAY + TIME(NOW)}" type="value">
      <UUID>a5268ff0-4a1b-4537-9f49-828d68863d12</UUID>
      <SortOrder>0</SortOrder>
      <Value>%{TODAY + TIME(NOW)}</Value>
    </ProductValue>
    <ProductValue name="en_US" type="value">
      <UUID>720a3215-991f-4b1c-a6cb-4e153ba1eb9a</UUID>
      <SortOrder>0</SortOrder>
      <Value>en_US</Value>
    </ProductValue>
    <ProductValue name="callcenter" type="value">
      <UUID>49acc15a-8421-4c71-9ef1-4c908219cd86</UUID>
      <SortOrder>0</SortOrder>
      <Value>callcenter</Value>
    </ProductValue>
    <ProductValue name="callcenter" type="value">
      <UUID>192a8b7c-0e02-4cc3-9ca0-0b394ca2a170</UUID>
      <SortOrder>0</SortOrder>
      <Value>callcenter</Value>
    </ProductValue>
    <ProductValue name="SendEmail" type="value">
      <UUID>d74b4df2-f1b2-4598-96d7-0337b12c9860</UUID>
      <SortOrder>0</SortOrder>
      <Value>SendEmail</Value>
    </ProductValue>
  </ProductValueList>
  <ProductPolicyAttribute name="@EventHandlerService" visibilityLevel="0" mandatory="false" unit="" format="" numberOfDecimals="0" attributeClass="" type="Standard">
    <UUID>75459d6d-d8a4-4086-89af-a66246552c68</UUID>
    <SortOrder>99</SortOrder>
    <InputType>Textbox</InputType>
    <DataType>String</DataType>
    <MaxLength>4000</MaxLength>
    <MinLength>0</MinLength>
    <ProductTextRelation>
      <UUID>be46e834-c2c7-44cb-b41f-739e34a16344</UUID>
      <ProductTextUUID>9855f553-0f08-4009-937d-f8bb29c8aed3</ProductTextUUID>
    </ProductTextRelation>
    <ProductBackendInfo name="Skye.AttributeAlias">
      <UUID>1054696c-94f9-4f5b-8a89-ab549eccd50c</UUID>
      <Info />
    </ProductBackendInfo>
    <ProductBackendInfo name="Skye.Core.DataSecurity">
      <UUID>7993e3b6-89a7-45ba-ac93-f8aca5b80409</UUID>
      <Info>Standard</Info>
    </ProductBackendInfo>
    <ProductBackendInfo name="Skye.AllowValueSetViaUnencryptedURL">
      <UUID>f250206f-49cd-49d0-8545-648cdc59a533</UUID>
      <Info>False</Info>
    </ProductBackendInfo>
    <DefinitionValueRelation>
      <DefinitionValueUUID>e29da049-b237-4cf5-9a37-a321c1afebbb</DefinitionValueUUID>
    </DefinitionValueRelation>
  </ProductPolicyAttribute>
  <ProductPolicyAttribute name="@EventTriggerStatus" visibilityLevel="0" mandatory="false" unit="" format="" numberOfDecimals="0" attributeClass="" type="Standard">
    <UUID>fbd933d4-e043-41ad-bd12-d37c8c847339</UUID>
    <SortOrder>99</SortOrder>
    <InputType>Textbox</InputType>
    <DataType>String</DataType>
    <MaxLength>4000</MaxLength>
    <MinLength>0</MinLength>
    <ProductTextRelation>
      <UUID>2f347988-b42f-46c4-b694-407c05e72c68</UUID>
      <ProductTextUUID>892794a9-e260-46ae-ba2f-919a83be40d7</ProductTextUUID>
    </ProductTextRelation>
    <ProductBackendInfo name="Skye.AttributeAlias">
      <UUID>59ab9e24-aa71-4fa7-a7aa-68198d77f495</UUID>
      <Info />
    </ProductBackendInfo>
    <ProductBackendInfo name="Skye.Core.DataSecurity">
      <UUID>2e91d676-ccab-4b7b-b80e-3d84cca40005</UUID>
      <Info>Standard</Info>
    </ProductBackendInfo>
    <ProductBackendInfo name="Skye.AllowValueSetViaUnencryptedURL">
      <UUID>7365ed7f-400f-4c9c-a8d6-0ea6f55b7529</UUID>
      <Info>False</Info>
    </ProductBackendInfo>
    <DefinitionValueRelation>
      <DefinitionValueUUID>d4671d82-ea30-48f6-a8c2-a6a7efbecd95</DefinitionValueUUID>
    </DefinitionValueRelation>
  </ProductPolicyAttribute>
  <ProductPolicyAttribute name="@EventTriggerTime" visibilityLevel="0" mandatory="false" unit="" format="" numberOfDecimals="0" attributeClass="" type="Standard">
    <UUID>ddaf2b56-bcc4-40c5-85ec-4d444c81d2d5</UUID>
    <SortOrder>99</SortOrder>
    <InputType>Textbox</InputType>
    <DataType>String</DataType>
    <MaxLength>4000</MaxLength>
    <MinLength>0</MinLength>
    <ProductTextRelation>
      <UUID>a3ae2111-d912-4e27-b156-b8d87539904a</UUID>
      <ProductTextUUID>caf02010-4333-44c7-97b2-06c7ea4094f6</ProductTextUUID>
    </ProductTextRelation>
    <ProductBackendInfo name="Skye.AttributeAlias">
      <UUID>bb4fd0dd-4078-4833-b159-a824d899a695</UUID>
      <Info />
    </ProductBackendInfo>
    <ProductBackendInfo name="Skye.Core.DataSecurity">
      <UUID>63eddccd-8a1a-49c2-aa60-977f7ec7fb87</UUID>
      <Info>Standard</Info>
    </ProductBackendInfo>
    <ProductBackendInfo name="Skye.AllowValueSetViaUnencryptedURL">
      <UUID>e960a2df-a02e-4b21-82f5-ade1dad3423b</UUID>
      <Info>False</Info>
    </ProductBackendInfo>
    <DefinitionValueRelation>
      <DefinitionValueUUID>a5268ff0-4a1b-4537-9f49-828d68863d12</DefinitionValueUUID>
    </DefinitionValueRelation>
  </ProductPolicyAttribute>
  <ProductPolicyAttribute name="@Locale" visibilityLevel="0" mandatory="false" unit="" format="" numberOfDecimals="0" attributeClass="" type="Standard">
    <UUID>97810e6c-d9ba-4631-91d2-37522e4006ef</UUID>
    <SortOrder>99</SortOrder>
    <InputType>Textbox</InputType>
    <DataType>String</DataType>
    <MaxLength>4000</MaxLength>
    <MinLength>0</MinLength>
    <ProductTextRelation>
      <UUID>aa10ba79-bf7d-4565-bb65-304a2aa03c7a</UUID>
      <ProductTextUUID>ca183aa3-b788-4e30-9351-91d20204a771</ProductTextUUID>
    </ProductTextRelation>
    <ProductBackendInfo name="Skye.AttributeAlias">
      <UUID>8c5743b3-2be6-41f9-9c8f-f5e6add4e1f4</UUID>
      <Info />
    </ProductBackendInfo>
    <ProductBackendInfo name="Skye.Core.DataSecurity">
      <UUID>8aa3a507-182a-429c-8e72-750072a246b0</UUID>
      <Info>Standard</Info>
    </ProductBackendInfo>
    <ProductBackendInfo name="Skye.AllowValueSetViaUnencryptedURL">
      <UUID>d6e116a0-9fcf-4541-af6a-5bffd389cb91</UUID>
      <Info>False</Info>
    </ProductBackendInfo>
    <DefinitionValueRelation>
      <DefinitionValueUUID>720a3215-991f-4b1c-a6cb-4e153ba1eb9a</DefinitionValueUUID>
    </DefinitionValueRelation>
  </ProductPolicyAttribute>
  <ProductPolicyAttribute name="@Channel" visibilityLevel="0" mandatory="false" unit="" format="" numberOfDecimals="0" attributeClass="" type="Standard">
    <UUID>07d026ec-b0df-4898-bcdc-907e69848f1b</UUID>
    <SortOrder>99</SortOrder>
    <InputType>Textbox</InputType>
    <DataType>String</DataType>
    <MaxLength>4000</MaxLength>
    <MinLength>0</MinLength>
    <ProductTextRelation>
      <UUID>2f14924b-61e1-40c8-9361-b8f9b230feca</UUID>
      <ProductTextUUID>c7587395-5e02-48da-9c46-8cd8d52354ef</ProductTextUUID>
    </ProductTextRelation>
    <ProductBackendInfo name="Skye.AttributeAlias">
      <UUID>f30c2b4b-103e-4c4c-92fa-ea33b0b5db2f</UUID>
      <Info />
    </ProductBackendInfo>
    <ProductBackendInfo name="Skye.Core.DataSecurity">
      <UUID>1065ff47-846d-40bd-802f-7eb74bf368b8</UUID>
      <Info>Standard</Info>
    </ProductBackendInfo>
    <ProductBackendInfo name="Skye.AllowValueSetViaUnencryptedURL">
      <UUID>d3936acd-2b0c-4f4e-91ff-e7a04db9fc67</UUID>
      <Info>False</Info>
    </ProductBackendInfo>
    <DefinitionValueRelation>
      <DefinitionValueUUID>49acc15a-8421-4c71-9ef1-4c908219cd86</DefinitionValueUUID>
    </DefinitionValueRelation>
  </ProductPolicyAttribute>
  <ProductPolicyAttribute name="@Role" visibilityLevel="0" mandatory="false" unit="" format="" numberOfDecimals="0" attributeClass="" type="Standard">
    <UUID>15b71a7e-53f6-4cd2-9bfc-c069f659e8db</UUID>
    <SortOrder>99</SortOrder>
    <InputType>Textbox</InputType>
    <DataType>String</DataType>
    <MaxLength>4000</MaxLength>
    <MinLength>0</MinLength>
    <ProductTextRelation>
      <UUID>76cf18d0-489a-4b4b-85a5-17d10c191deb</UUID>
      <ProductTextUUID>1a40a0bd-f0b0-4037-9574-79779b8e39b1</ProductTextUUID>
    </ProductTextRelation>
    <ProductBackendInfo name="Skye.AttributeAlias">
      <UUID>9ec8f7fb-c99b-47df-b1b2-b7f3d1c824f8</UUID>
      <Info />
    </ProductBackendInfo>
    <ProductBackendInfo name="Skye.Core.DataSecurity">
      <UUID>aea3e10a-5748-4d92-8eac-adbc6b963a4d</UUID>
      <Info>Standard</Info>
    </ProductBackendInfo>
    <ProductBackendInfo name="Skye.AllowValueSetViaUnencryptedURL">
      <UUID>a9a493b2-2534-4de9-8701-1dd3938a6c89</UUID>
      <Info>False</Info>
    </ProductBackendInfo>
    <DefinitionValueRelation>
      <DefinitionValueUUID>192a8b7c-0e02-4cc3-9ca0-0b394ca2a170</DefinitionValueUUID>
    </DefinitionValueRelation>
  </ProductPolicyAttribute>
  <ProductPolicyAttribute name="@EventTriggerTypeId" visibilityLevel="0" mandatory="false" unit="" format="" numberOfDecimals="0" attributeClass="" type="Standard">
    <UUID>83562cbd-de23-49ad-8669-0d8eec3bc763</UUID>
    <SortOrder>99</SortOrder>
    <InputType>Textbox</InputType>
    <DataType>String</DataType>
    <MaxLength>4000</MaxLength>
    <MinLength>0</MinLength>
    <ProductTextRelation>
      <UUID>ba638945-7911-4280-8cdc-6e13f94ae079</UUID>
      <ProductTextUUID>9ab6737f-b773-4f62-b7ec-a7a410478540</ProductTextUUID>
    </ProductTextRelation>
    <ProductBackendInfo name="Skye.AttributeAlias">
      <UUID>f004f243-9b2a-4175-bd80-011430b092ad</UUID>
      <Info />
    </ProductBackendInfo>
    <ProductBackendInfo name="Skye.Core.DataSecurity">
      <UUID>006239a3-a0c0-4b4a-a33b-74caa3f56e58</UUID>
      <Info>Standard</Info>
    </ProductBackendInfo>
    <ProductBackendInfo name="Skye.AllowValueSetViaUnencryptedURL">
      <UUID>88b576a3-e9bc-488b-b71a-5d23c56adca4</UUID>
      <Info>False</Info>
    </ProductBackendInfo>
    <DefinitionValueRelation>
      <DefinitionValueUUID>d74b4df2-f1b2-4598-96d7-0337b12c9860</DefinitionValueUUID>
    </DefinitionValueRelation>
  </ProductPolicyAttribute>
  <DefinitionDependentLists>
    <DefinitionDependencyDefaultValueList />
    <DefinitionDependencyValueRangeList />
    <DefinitionDependencyVisibilityList />
    <DefinitionDependencyMandatoryList />
    <DefinitionDependencyToDependencyList />
    <DefinitionDependencyValueRangeFilterValuesList />
    <DefinitionDependencyDataSourceAttributeList />
  </DefinitionDependentLists>
</Product>