﻿<?xml version="1.0" encoding="utf-8"?>
<Product xmlns:xsd="http://www.w3.org/2001/XMLSchema" xmlns:xsi="http://www.w3.org/2001/XMLSchema-instance" name="MotorCreatePolicy" lastChanged="2019-10-24T14:55:02.2054651Z" implementationClass=" " modelType="process" skyeEditorVersion="7.15.0.16">
  <UUID>871941ad-a696-45eb-a0e3-b60861691b3c</UUID>
  <BusinessUnit> </BusinessUnit>
  <Section> </Section>
  <ProductTextList>
    <ProductText name="header" language="en" country="US">
      <UUID>b3b96bd3-60ef-4d7e-bc0a-883241bd811b</UUID>
      <Text>Car Information</Text>
    </ProductText>
    <ProductText name="header" language="en" country="US">
      <UUID>0634cbb6-1d61-40dd-87e4-9dc3a03c26bb</UUID>
      <Text>Insured's Information</Text>
    </ProductText>
    <ProductText name="header" language="en" country="US">
      <UUID>f658cf0c-ef70-4cf4-bb2b-53b5894f63a3</UUID>
      <Text>Summary</Text>
    </ProductText>
    <ProductText name="short" language="en" country="US">
      <UUID>2c5cfca0-d240-400d-9a91-0850d628fada</UUID>
      <Text>Next</Text>
    </ProductText>
    <ProductText name="short" language="en" country="US">
      <UUID>bb4a600c-9532-4961-a9c6-0d5786e3367f</UUID>
      <Text>Home</Text>
    </ProductText>
    <ProductText name="short" language="en" country="US">
      <UUID>dbaf7219-34b2-483c-9740-02d98825126b</UUID>
      <Text>Back</Text>
    </ProductText>
    <ProductText name="short" language="en" country="US">
      <UUID>d7d878ec-038a-4068-b968-874bce83e38c</UUID>
      <Text>Next</Text>
    </ProductText>
    <ProductText name="short" language="en" country="US">
      <UUID>cdd22f63-ec83-487e-9ca2-e1c990e87925</UUID>
      <Text>Home</Text>
    </ProductText>
    <ProductText name="short" language="en" country="US">
      <UUID>5d0a7bb1-0ba8-487f-b225-a9c7da4a8794</UUID>
      <Text>Home</Text>
    </ProductText>
    <ProductText name="long" language="en" country="US">
      <UUID>e1d33d49-6c43-4187-a8de-510720387936</UUID>
      <Text>https://training-hu1.infra.innoveo-skye.net/page/callcenter/en/us/index.html</Text>
    </ProductText>
    <ProductText name="short" language="en" country="US">
      <UUID>8caefa95-7bf9-4dc1-a4ce-f8bb96f3b762</UUID>
      <Text />
    </ProductText>
    <ProductText name="header" language="en" country="US">
      <UUID>222d2359-8216-4c77-9fa3-572a96b5b7f3</UUID>
      <Text>Payment</Text>
    </ProductText>
    <ProductText name="short" language="en" country="US">
      <UUID>32b44d21-9c95-465d-9bbd-4bcd964ad3ff</UUID>
      <Text />
    </ProductText>
  </ProductTextList>
  <ProductValueRangeList>
    <ProductValueRange name="Reference.referencedModelsVR" type="fix">
      <UUID>8d2d9bdf-c324-4402-a81a-76b1ee70fb47</UUID>
      <DefinitionValueRelation>
        <UUID>3d51a2a8-edb1-483b-81c0-bdf1734cba79</UUID>
        <DefinitionValueUUID>4ac6f853-b312-4b9d-a873-a49ffc0901ae</DefinitionValueUUID>
      </DefinitionValueRelation>
    </ProductValueRange>
    <ProductValueRange name="Action.targetUpdateMapVR" type="fix">
      <UUID>a244d76b-f828-454a-8c6c-d471b4586797</UUID>
      <DefinitionValueRelation>
        <UUID>5e3f2e22-e9cc-4be7-b1e3-ae7e34dc323e</UUID>
        <DefinitionValueUUID>1f8c73e1-1137-416c-8dc0-edcb46808e15</DefinitionValueUUID>
      </DefinitionValueRelation>
    </ProductValueRange>
    <ProductValueRange name="Action.targetUpdateMapVR" type="fix">
      <UUID>5e4193d1-d82a-4ece-8b39-d1e262ec1edf</UUID>
      <DefinitionValueRelation>
        <UUID>eaeb9684-bf1f-4168-a18b-6a4da8bd4b06</UUID>
        <DefinitionValueUUID>a6a25823-c3c4-40c3-a04a-093c36bb6de2</DefinitionValueUUID>
      </DefinitionValueRelation>
    </ProductValueRange>
    <ProductValueRange name="Action.targetUpdateMapVR" type="fix">
      <UUID>cf49fde0-4382-4bcd-bb0e-54e4aeff5e58</UUID>
    </ProductValueRange>
    <ProductValueRange name="Action.targetUpdateMapVR" type="fix">
      <UUID>605495cd-0380-4d4d-a021-db84b1fb7579</UUID>
      <DefinitionValueRelation>
        <UUID>13dc55b7-4f0f-4b95-9e56-7720de83a9cf</UUID>
        <DefinitionValueUUID>81ef85e7-b350-410e-80eb-402dec7af737</DefinitionValueUUID>
      </DefinitionValueRelation>
    </ProductValueRange>
    <ProductValueRange name="Action.targetUpdateMapVR" type="fix">
      <UUID>e69a89ea-7134-471a-bfa8-47ced60f95c8</UUID>
      <DefinitionValueRelation>
        <UUID>67d5e406-3fb3-4363-8f78-911eaa4bdea0</UUID>
        <DefinitionValueUUID>fc85ead1-45bd-4016-b972-2cd65a28299d</DefinitionValueUUID>
      </DefinitionValueRelation>
    </ProductValueRange>
    <ProductValueRange name="Action.targetUpdateMapVR" type="fix">
      <UUID>f0bd8e37-75af-4f76-9d5b-9202f8e26d9f</UUID>
      <DefinitionValueRelation>
        <UUID>2dec9af0-4c7d-4a8e-8192-75378da0d169</UUID>
        <DefinitionValueUUID>5f7f245a-bbd1-486a-9d70-7b1c61acc814</DefinitionValueUUID>
      </DefinitionValueRelation>
    </ProductValueRange>
    <ProductValueRange name="Action.targetUpdateMapVR" type="fix">
      <UUID>2b2f49e5-7711-4d47-98da-c196df43ebce</UUID>
    </ProductValueRange>
    <ProductValueRange name="Action.targetUpdateMapVR" type="fix">
      <UUID>b5f8ee45-560b-4b64-bf39-e459bb58f124</UUID>
    </ProductValueRange>
  </ProductValueRangeList>
  <DefinitionBusinessObjectContextList />
  <DefinitionResourceList />
  <AbstractProductBrickList />
  <ProductValueList>
    <ProductValue name="" type="value">
      <UUID>f56f741a-2803-4a67-a1db-f9e50ed1b693</UUID>
      <SortOrder>0</SortOrder>
      <Value />
    </ProductValue>
    <ProductValue name="delete=ignore,copy=setnull" type="value">
      <UUID>591d3c7c-b9de-4271-8260-a9e1d0436e49</UUID>
      <SortOrder>0</SortOrder>
      <Value />
    </ProductValue>
    <ProductValue name="Motor" type="value">
      <UUID>4ac6f853-b312-4b9d-a873-a49ffc0901ae</UUID>
      <SortOrder>0</SortOrder>
      <Value />
    </ProductValue>
    <ProductValue name="" type="value">
      <UUID>f5fba5f4-e4b8-4d26-a832-78fb5f033043</UUID>
      <SortOrder>0</SortOrder>
      <Value />
    </ProductValue>
    <ProductValue name="" type="value">
      <UUID>13a09201-dfe9-4b64-9922-5610b7799be2</UUID>
      <SortOrder>0</SortOrder>
      <Value />
    </ProductValue>
    <ProductValue name="" type="value">
      <UUID>8de88e20-fc96-4f61-8313-66bfe1c58e13</UUID>
      <SortOrder>0</SortOrder>
      <Value />
    </ProductValue>
    <ProductValue name="" type="value">
      <UUID>b4f53dc4-e5d3-4841-a1fb-4fd009757cc8</UUID>
      <SortOrder>0</SortOrder>
      <Value />
    </ProductValue>
    <ProductValue name="" type="value">
      <UUID>4fae85c3-2fd2-4674-8dee-6a13d93e47a2</UUID>
      <SortOrder>0</SortOrder>
      <Value />
    </ProductValue>
    <ProductValue name="" type="value">
      <UUID>c3ead812-3f42-4177-8ea6-a4fd25f96635</UUID>
      <SortOrder>0</SortOrder>
      <Value />
    </ProductValue>
    <ProductValue name="https://training-hu1.infra.innoveo-skye.net/page/callcenter/en/us/index.html" type="value">
      <UUID>144c98bd-5e92-43a7-9469-c45f881927f0</UUID>
      <SortOrder>0</SortOrder>
      <Value>https://training-hu1.infra.innoveo-skye.net/page/callcenter/en/us/index.html</Value>
    </ProductValue>
    <ProductValue name="MotorCreatePolicy:CarInformation.@RedirectUrl" type="value">
      <UUID>a6a25823-c3c4-40c3-a04a-093c36bb6de2</UUID>
      <SortOrder>1</SortOrder>
      <Value>%{MotorCreatePolicy:CarInformation.@RedirectUrl-&gt;rawValue}</Value>
      <ProductBackendInfo name="Skye.SetValuesOnAction.Force">
        <UUID>dd1b3aa1-afd3-4c85-a522-56b29c598c1d</UUID>
        <Info>True</Info>
      </ProductBackendInfo>
    </ProductValue>
    <ProductValue name="https://training-hu1.infra.innoveo-skye.net/page/callcenter/en/us/index.html" type="value">
      <UUID>71c8dc18-03a1-4c73-a33b-e6b9129f4b1b</UUID>
      <SortOrder>0</SortOrder>
      <Value>https://training-hu1.infra.innoveo-skye.net/page/callcenter/en/us/index.html</Value>
    </ProductValue>
    <ProductValue name="MotorCreatePolicy:InsuredsInformation.@RedirectUrl" type="value">
      <UUID>fc85ead1-45bd-4016-b972-2cd65a28299d</UUID>
      <SortOrder>1</SortOrder>
      <Value>%{MotorCreatePolicy:InsuredsInformation.@RedirectUrl-&gt;rawValue}</Value>
      <ProductBackendInfo name="Skye.SetValuesOnAction.Force">
        <UUID>9506f353-7c19-48e9-9e5c-598a466dde1f</UUID>
        <Info>True</Info>
      </ProductBackendInfo>
    </ProductValue>
    <ProductValue name="https://training-hu1.infra.innoveo-skye.net/page/callcenter/en/us/index.html" type="value">
      <UUID>00048529-260c-4fd2-9e22-e884e23b4e32</UUID>
      <SortOrder>0</SortOrder>
      <Value>https://training-hu1.infra.innoveo-skye.net/page/callcenter/en/us/index.html</Value>
    </ProductValue>
    <ProductValue name="MotorCreatePolicy:Summary.@RedirectUrl" type="value">
      <UUID>5f7f245a-bbd1-486a-9d70-7b1c61acc814</UUID>
      <SortOrder>1</SortOrder>
      <Value>%{MotorCreatePolicy:Summary.@RedirectUrl-&gt;rawValue}</Value>
      <ProductBackendInfo name="Skye.SetValuesOnAction.Force">
        <UUID>871b4e39-8723-4f2f-bba5-a0ffd5e6dc32</UUID>
        <Info>True</Info>
      </ProductBackendInfo>
    </ProductValue>
    <ProductValue name="ref[MotorCreatePolicy.@CurrentProcessObject to Motor].root.state" type="value">
      <UUID>81ef85e7-b350-410e-80eb-402dec7af737</UUID>
      <SortOrder>1</SortOrder>
      <Value>Completed</Value>
      <ProductBackendInfo name="Skye.SetValuesOnAction.Force">
        <UUID>69e5c549-0da4-4787-843d-4085a2ecd0f6</UUID>
        <Info>True</Info>
      </ProductBackendInfo>
    </ProductValue>
    <ProductValue name="ref[MotorCreatePolicy.@CurrentProcessObject to Motor].root.state" type="value">
      <UUID>1f8c73e1-1137-416c-8dc0-edcb46808e15</UUID>
      <SortOrder>1</SortOrder>
      <Value>InProgress</Value>
      <ProductBackendInfo name="Skye.SetValuesOnAction.Force">
        <UUID>3e210049-22fb-403f-9609-59c0a51dc3b4</UUID>
        <Info>True</Info>
      </ProductBackendInfo>
    </ProductValue>
    <ProductValue name="" type="value">
      <UUID>6b0bf33d-6b92-4c86-ad76-38f1aa9f4eb0</UUID>
      <SortOrder>0</SortOrder>
      <Value />
    </ProductValue>
    <ProductValue name="" type="value">
      <UUID>2c430446-852e-472a-936a-6ee88e409031</UUID>
      <SortOrder>0</SortOrder>
      <Value />
    </ProductValue>
  </ProductValueList>
  <ProductPolicyAttribute name="@CurrentProcessStep" visibilityLevel="2" mandatory="false" unit=" " format="" numberOfDecimals="0" attributeClass="" type="Standard">
    <UUID>f10a9d95-3000-412c-82eb-8b90f883148c</UUID>
    <SortOrder>99</SortOrder>
    <InputType>Textbox</InputType>
    <DataType>String</DataType>
    <MaxLength>4000</MaxLength>
    <MinLength>0</MinLength>
    <ProductBackendInfo name="Skye.AttributeAlias">
      <UUID>d16080e9-7430-4540-a303-f1863602e4b0</UUID>
      <Info />
    </ProductBackendInfo>
    <ProductBackendInfo name="Skye.AllowValueSetViaUnencryptedURL">
      <UUID>f643dfc7-6fa5-48dc-962c-4baeeb2cb268</UUID>
      <Info>false</Info>
    </ProductBackendInfo>
    <ProductBackendInfo name="Skye.Core.DataSecurity">
      <UUID>b732e46e-0748-4291-9b04-504606400ea7</UUID>
      <Info>Standard</Info>
    </ProductBackendInfo>
    <DefinitionValueRelation>
      <UUID>6bcfc0a5-5004-41a2-9cf4-8a949b73a285</UUID>
      <DefinitionValueUUID>f56f741a-2803-4a67-a1db-f9e50ed1b693</DefinitionValueUUID>
    </DefinitionValueRelation>
  </ProductPolicyAttribute>
  <ProductPolicyAttribute name="@CurrentProcessObject" visibilityLevel="2" mandatory="false" unit=" " format="" numberOfDecimals="0" attributeClass="" type="Reference">
    <UUID>a607f103-6e84-406a-b909-c5a1dc6c3ceb</UUID>
    <SortOrder>99</SortOrder>
    <InputType>Textbox</InputType>
    <DataType>product</DataType>
    <MaxLength>4000</MaxLength>
    <MinLength>0</MinLength>
    <ProductValueRangeRelation>
      <UUID>13aab7da-4146-4131-aa48-85b973171b56</UUID>
      <SortOrder>99</SortOrder>
      <ProductValueRangeUUID>8d2d9bdf-c324-4402-a81a-76b1ee70fb47</ProductValueRangeUUID>
      <ValueRangeName>@CurrentProcessObject</ValueRangeName>
    </ProductValueRangeRelation>
    <ProductBackendInfo name="Skye.AttributeAlias">
      <UUID>c0ec9ae4-62d7-46b5-bbce-9e87f6fb118e</UUID>
      <Info />
    </ProductBackendInfo>
    <ProductBackendInfo name="Skye.AllowValueSetViaUnencryptedURL">
      <UUID>3aa944f2-3acb-42f4-954e-96a147b81daf</UUID>
      <Info>false</Info>
    </ProductBackendInfo>
    <ProductBackendInfo name="Skye.Core.DataSecurity">
      <UUID>034516b3-4e3a-4715-bcd6-a45fee6b33a7</UUID>
      <Info>Standard</Info>
    </ProductBackendInfo>
    <DefinitionValueRelation>
      <UUID>e726b3d1-f4ef-4976-9ed1-4e1ee5b0ecb7</UUID>
      <DefinitionValueUUID>591d3c7c-b9de-4271-8260-a9e1d0436e49</DefinitionValueUUID>
    </DefinitionValueRelation>
  </ProductPolicyAttribute>
  <ProductBrick name="MotorCreatePolicy:CarInformation" visibilityLevel="2" brickClass=" " isAbstract="false" typeId="13">
    <UUID>777cbfe8-5021-4ec1-a628-87bf4c113395</UUID>
    <SortOrder>1</SortOrder>
    <MinimumUsage>1</MinimumUsage>
    <MaximumUsage>1</MaximumUsage>
    <InitialUsage>1</InitialUsage>
    <ProductTextRelation>
      <UUID>83d9b1ce-238a-43fe-beb9-4197406e5a8e</UUID>
      <ProductTextUUID>b3b96bd3-60ef-4d7e-bc0a-883241bd811b</ProductTextUUID>
    </ProductTextRelation>
    <ProductPolicyAttribute name="Next" visibilityLevel="4" mandatory="false" unit="" format="" numberOfDecimals="0" attributeClass="" type="Action">
      <UUID>d7629c51-6f15-4d74-bfc5-17080b384955</UUID>
      <SortOrder>2</SortOrder>
      <InputType>Textbox</InputType>
      <DataType>String</DataType>
      <MaxLength>4000</MaxLength>
      <MinLength>0</MinLength>
      <ProductTextRelation>
        <UUID>cdecf800-29bb-4fc8-a980-34455c3412f0</UUID>
        <ProductTextUUID>2c5cfca0-d240-400d-9a91-0850d628fada</ProductTextUUID>
      </ProductTextRelation>
      <ProductValueRangeRelation>
        <UUID>0daf6a71-1822-4686-a3a8-227233eec3e7</UUID>
        <SortOrder>99</SortOrder>
        <ProductValueRangeUUID>a244d76b-f828-454a-8c6c-d471b4586797</ProductValueRangeUUID>
      </ProductValueRangeRelation>
      <ProductBackendInfo name="Skye.AttributeAlias">
        <UUID>2e07f409-70f0-4956-ac87-eff881b8380f</UUID>
        <Info />
      </ProductBackendInfo>
      <ProductBackendInfo name="Skye.Core.DataSecurity">
        <UUID>ae980d0e-a81e-4956-9387-c28e9b35a3c7</UUID>
        <Info>Standard</Info>
      </ProductBackendInfo>
      <ProductBackendInfo name="Skye.AllowValueSetViaUnencryptedURL">
        <UUID>ee90aec9-a6de-43ee-b144-fe84b0598013</UUID>
        <Info>False</Info>
      </ProductBackendInfo>
      <ProductBackendInfo name="Skye.ControllerActionName">
        <UUID>ae3a8611-cac0-47d7-9357-89174a3078d9</UUID>
        <Info>Next</Info>
      </ProductBackendInfo>
      <ProductBackendInfo name="Skye.StyleClass">
        <UUID>1b615763-f4bf-4ee1-a1ec-9d64ef856fc4</UUID>
        <Info>skyeAccordionNext</Info>
      </ProductBackendInfo>
      <ProductBackendInfo name="Skye.TransitionProcessStep">
        <UUID>f4be6801-7145-47e8-92ef-3af8747d2e0c</UUID>
        <Info>MotorCreatePolicy:InsuredsInformation</Info>
      </ProductBackendInfo>
      <ProductBackendInfo name="Skye.sendEventWithValidationErrorsAnalytics">
        <UUID>a8961ef7-b26a-4760-810c-56fe9dc6ea3a</UUID>
        <Info>False</Info>
      </ProductBackendInfo>
      <ProductBackendInfo name="Skye.ValidateOnAction">
        <UUID>6135e2ee-0f5c-4d28-86ce-6e85683fc0bd</UUID>
        <Info>True</Info>
      </ProductBackendInfo>
      <ProductBackendInfo name="Skye.UpdateProcessOnAction">
        <UUID>b1fc95b6-8a6e-42f3-82dc-506a75888cd7</UUID>
        <Info>True</Info>
      </ProductBackendInfo>
      <ProductBackendInfo name="Skye.ProcessExitPoint">
        <UUID>2dea9e4f-6c96-4f6b-acea-c755816fa7ee</UUID>
        <Info>False</Info>
      </ProductBackendInfo>
      <ProductBackendInfo name="Skye.PersistOnAction">
        <UUID>be07f195-6387-4eb7-be22-d88c8d3caf05</UUID>
        <Info>True</Info>
      </ProductBackendInfo>
      <ProductBackendInfo name="Skye.ActionAttribute.BindInvisibleCaptchaChallenge">
        <UUID>28641e94-8bba-4c8a-91f6-5bbb12833b95</UUID>
        <Info>False</Info>
      </ProductBackendInfo>
      <DefinitionValueRelation>
        <DefinitionValueUUID>f5fba5f4-e4b8-4d26-a832-78fb5f033043</DefinitionValueUUID>
      </DefinitionValueRelation>
    </ProductPolicyAttribute>
    <ProductPolicyAttribute name="Home" visibilityLevel="4" mandatory="false" unit="" format="" numberOfDecimals="0" attributeClass="" type="Action">
      <UUID>dcef6af3-aa62-47b5-aed3-5a15efd49559</UUID>
      <SortOrder>1</SortOrder>
      <InputType>Textbox</InputType>
      <DataType>String</DataType>
      <MaxLength>4000</MaxLength>
      <MinLength>0</MinLength>
      <ProductTextRelation>
        <UUID>f1c94dd9-6f19-4c6e-a98d-5aac46594377</UUID>
        <ProductTextUUID>bb4a600c-9532-4961-a9c6-0d5786e3367f</ProductTextUUID>
      </ProductTextRelation>
      <ProductValueRangeRelation>
        <UUID>29a6679b-067b-49e7-8708-79096f842ff4</UUID>
        <SortOrder>99</SortOrder>
        <ProductValueRangeUUID>5e4193d1-d82a-4ece-8b39-d1e262ec1edf</ProductValueRangeUUID>
      </ProductValueRangeRelation>
      <ProductBackendInfo name="Skye.AttributeAlias">
        <UUID>18b03e2c-6c67-4e80-a76d-bad9b27fe395</UUID>
        <Info />
      </ProductBackendInfo>
      <ProductBackendInfo name="Skye.Core.DataSecurity">
        <UUID>5cf111e4-d83c-457f-884a-dd0aafb87757</UUID>
        <Info>Standard</Info>
      </ProductBackendInfo>
      <ProductBackendInfo name="Skye.AllowValueSetViaUnencryptedURL">
        <UUID>0813861b-f341-4e5a-9492-60b33ed9465b</UUID>
        <Info>False</Info>
      </ProductBackendInfo>
      <ProductBackendInfo name="Skye.ControllerActionName">
        <UUID>db2da506-79a2-4145-b45b-83960878f638</UUID>
        <Info>Home</Info>
      </ProductBackendInfo>
      <ProductBackendInfo name="Skye.StyleClass">
        <UUID>01086364-150e-4623-9987-f13594738a07</UUID>
        <Info>skyeAccordionBack</Info>
      </ProductBackendInfo>
      <ProductBackendInfo name="Skye.TransitionProcessStep">
        <UUID>de766802-1927-424e-83ac-c9738e569031</UUID>
        <Info />
      </ProductBackendInfo>
      <ProductBackendInfo name="Skye.sendEventWithValidationErrorsAnalytics">
        <UUID>421fb6fc-0036-4ef3-91cc-7651a608e468</UUID>
        <Info>False</Info>
      </ProductBackendInfo>
      <ProductBackendInfo name="Skye.ValidateOnAction">
        <UUID>25740477-1204-411a-89f6-b294c5fc975b</UUID>
        <Info>False</Info>
      </ProductBackendInfo>
      <ProductBackendInfo name="Skye.UpdateProcessOnAction">
        <UUID>544cbfc5-34f2-4f30-af3b-b302d406e789</UUID>
        <Info>True</Info>
      </ProductBackendInfo>
      <ProductBackendInfo name="Skye.ProcessExitPoint">
        <UUID>54cd94cc-a54c-4a2e-bf8a-9a1d335341d5</UUID>
        <Info>True</Info>
      </ProductBackendInfo>
      <ProductBackendInfo name="Skye.PersistOnAction">
        <UUID>1b403c07-68b7-422a-9d5a-38646ce53eb1</UUID>
        <Info>False</Info>
      </ProductBackendInfo>
      <ProductBackendInfo name="Skye.ActionAttribute.BindInvisibleCaptchaChallenge">
        <UUID>aecae496-69a0-40be-b559-521746faa3c0</UUID>
        <Info>False</Info>
      </ProductBackendInfo>
      <DefinitionValueRelation>
        <DefinitionValueUUID>13a09201-dfe9-4b64-9922-5610b7799be2</DefinitionValueUUID>
      </DefinitionValueRelation>
    </ProductPolicyAttribute>
    <ProductPolicyAttribute name="@RedirectUrl" visibilityLevel="0" mandatory="false" unit="" format="" numberOfDecimals="0" attributeClass="" type="Standard">
      <UUID>04585123-ed70-4fa2-a204-e664c864909a</UUID>
      <SortOrder>99</SortOrder>
      <InputType>Textbox</InputType>
      <DataType>String</DataType>
      <MaxLength>4000</MaxLength>
      <MinLength>0</MinLength>
      <ProductTextRelation>
        <UUID>a7ca2db9-a1d5-4800-a718-3a72b4e22316</UUID>
        <ProductTextUUID>e1d33d49-6c43-4187-a8de-510720387936</ProductTextUUID>
      </ProductTextRelation>
      <ProductBackendInfo name="Skye.AttributeAlias">
        <UUID>391046af-b570-4745-b946-1b1c419c6cf6</UUID>
        <Info />
      </ProductBackendInfo>
      <ProductBackendInfo name="Skye.Core.DataSecurity">
        <UUID>ce454c3c-ecb6-4f5f-93f1-fb526af7531b</UUID>
        <Info>Standard</Info>
      </ProductBackendInfo>
      <ProductBackendInfo name="Skye.AllowValueSetViaUnencryptedURL">
        <UUID>a2f33aed-ea47-4bff-ae09-d4f611ca0e2c</UUID>
        <Info>False</Info>
      </ProductBackendInfo>
      <DefinitionValueRelation>
        <DefinitionValueUUID>144c98bd-5e92-43a7-9469-c45f881927f0</DefinitionValueUUID>
      </DefinitionValueRelation>
    </ProductPolicyAttribute>
    <ProductPolicyAttribute name="Completed" visibilityLevel="0" mandatory="false" unit="" format="" numberOfDecimals="0" attributeClass="" type="Action">
      <UUID>9b5321c2-b7d9-4703-be9b-91e362b6401c</UUID>
      <SortOrder>99</SortOrder>
      <InputType>Textbox</InputType>
      <DataType>String</DataType>
      <MaxLength>4000</MaxLength>
      <MinLength>0</MinLength>
      <ProductTextRelation>
        <UUID>b518375e-2f2e-44e2-a69a-c22997b5bf97</UUID>
        <ProductTextUUID>8caefa95-7bf9-4dc1-a4ce-f8bb96f3b762</ProductTextUUID>
      </ProductTextRelation>
      <ProductValueRangeRelation>
        <UUID>8a1db832-eb2a-4a52-ac1e-7e03b38da268</UUID>
        <SortOrder>99</SortOrder>
        <ProductValueRangeUUID>2b2f49e5-7711-4d47-98da-c196df43ebce</ProductValueRangeUUID>
      </ProductValueRangeRelation>
      <ProductBackendInfo name="Skye.AttributeAlias">
        <UUID>3abbc23d-723b-4809-922c-e531b13227e7</UUID>
        <Info />
      </ProductBackendInfo>
      <ProductBackendInfo name="Skye.Core.DataSecurity">
        <UUID>fda91ee0-fd31-4d0a-b798-4ec3bf1ddf69</UUID>
        <Info>Standard</Info>
      </ProductBackendInfo>
      <ProductBackendInfo name="Skye.AllowValueSetViaUnencryptedURL">
        <UUID>2a5cf89c-49c0-4bbf-aed2-6111aac4b258</UUID>
        <Info>False</Info>
      </ProductBackendInfo>
      <ProductBackendInfo name="Skye.ControllerActionName">
        <UUID>625caac2-2d4b-406d-a491-bc897327e982</UUID>
        <Info>Completed</Info>
      </ProductBackendInfo>
      <ProductBackendInfo name="Skye.StyleClass">
        <UUID>3cd888c7-3399-4921-aaed-f7dfe2cf2cd6</UUID>
        <Info>skyeAccordionAction</Info>
      </ProductBackendInfo>
      <ProductBackendInfo name="Skye.TransitionProcessStep">
        <UUID>ee31c42f-9a19-4daa-b1a6-7b076202c844</UUID>
        <Info>MotorCreatePolicy:Summary</Info>
      </ProductBackendInfo>
      <ProductBackendInfo name="Skye.sendEventWithValidationErrorsAnalytics">
        <UUID>6c5f7e60-1eec-425c-a646-8dc8dd8126f7</UUID>
        <Info>False</Info>
      </ProductBackendInfo>
      <ProductBackendInfo name="Skye.ValidateOnAction">
        <UUID>1bdbdacf-5821-4a48-8408-38c2153d9d77</UUID>
        <Info>False</Info>
      </ProductBackendInfo>
      <ProductBackendInfo name="Skye.UpdateProcessOnAction">
        <UUID>6fb49dcd-011a-4bc4-898c-d409f6398a17</UUID>
        <Info>True</Info>
      </ProductBackendInfo>
      <ProductBackendInfo name="Skye.ProcessExitPoint">
        <UUID>61887f9e-14ee-48d2-ab46-2a64e8242379</UUID>
        <Info>False</Info>
      </ProductBackendInfo>
      <ProductBackendInfo name="Skye.PersistOnAction">
        <UUID>5b94f33e-b576-4ddc-a0c2-c98295ac7b41</UUID>
        <Info>False</Info>
      </ProductBackendInfo>
      <ProductBackendInfo name="Skye.ActionAttribute.BindInvisibleCaptchaChallenge">
        <UUID>847deb3f-3138-4f05-a5ed-d449b6994d26</UUID>
        <Info>False</Info>
      </ProductBackendInfo>
      <DefinitionValueRelation>
        <DefinitionValueUUID>6b0bf33d-6b92-4c86-ad76-38f1aa9f4eb0</DefinitionValueUUID>
      </DefinitionValueRelation>
    </ProductPolicyAttribute>
    <ProductBackendInfo name="Skye.MultibrickType">
      <UUID>c4271329-1300-4c71-9232-b706d8394f16</UUID>
      <Info />
    </ProductBackendInfo>
  </ProductBrick>
  <ProductBrick name="MotorCreatePolicy:InsuredsInformation" visibilityLevel="2" brickClass="" isAbstract="false" typeId="0">
    <UUID>a8e5977d-6fb2-4a42-9077-705716c99b73</UUID>
    <SortOrder>20</SortOrder>
    <MinimumUsage>1</MinimumUsage>
    <MaximumUsage>1</MaximumUsage>
    <InitialUsage>1</InitialUsage>
    <ProductTextRelation>
      <UUID>c54ae494-66e6-4a4b-b86b-315fcceae4c6</UUID>
      <ProductTextUUID>0634cbb6-1d61-40dd-87e4-9dc3a03c26bb</ProductTextUUID>
    </ProductTextRelation>
    <ProductPolicyAttribute name="Back" visibilityLevel="4" mandatory="false" unit="" format="" numberOfDecimals="0" attributeClass="" type="Action">
      <UUID>b8a46cb4-8937-4ffa-8359-59aefa66d283</UUID>
      <SortOrder>20</SortOrder>
      <InputType>Textbox</InputType>
      <DataType>String</DataType>
      <MaxLength>4000</MaxLength>
      <MinLength>0</MinLength>
      <ProductTextRelation>
        <UUID>1c0b7fd1-2236-4d1c-b28d-2408f1696d75</UUID>
        <ProductTextUUID>dbaf7219-34b2-483c-9740-02d98825126b</ProductTextUUID>
      </ProductTextRelation>
      <ProductValueRangeRelation>
        <UUID>34fc0b7c-4486-420c-8a96-19f2d1d9e71f</UUID>
        <SortOrder>99</SortOrder>
        <ProductValueRangeUUID>cf49fde0-4382-4bcd-bb0e-54e4aeff5e58</ProductValueRangeUUID>
      </ProductValueRangeRelation>
      <ProductBackendInfo name="Skye.AttributeAlias">
        <UUID>03d85887-9657-4222-ac3d-7c6639d36f96</UUID>
        <Info />
      </ProductBackendInfo>
      <ProductBackendInfo name="Skye.Core.DataSecurity">
        <UUID>bf823aec-a60f-4256-82f6-cd5cfac96b67</UUID>
        <Info>Standard</Info>
      </ProductBackendInfo>
      <ProductBackendInfo name="Skye.AllowValueSetViaUnencryptedURL">
        <UUID>e1556ded-2ab4-4fee-a019-ff7266290082</UUID>
        <Info>False</Info>
      </ProductBackendInfo>
      <ProductBackendInfo name="Skye.ControllerActionName">
        <UUID>b9367770-f80a-4772-b409-1913b42a47bf</UUID>
        <Info>Back</Info>
      </ProductBackendInfo>
      <ProductBackendInfo name="Skye.StyleClass">
        <UUID>33fc9052-7d67-4f44-9e91-f54d3a5194c7</UUID>
        <Info>skyeAccordionBack</Info>
      </ProductBackendInfo>
      <ProductBackendInfo name="Skye.TransitionProcessStep">
        <UUID>b823a4e2-8eba-420d-951d-6372208a914d</UUID>
        <Info>MotorCreatePolicy:CarInformation</Info>
      </ProductBackendInfo>
      <ProductBackendInfo name="Skye.sendEventWithValidationErrorsAnalytics">
        <UUID>3fa196db-b506-47e1-8e43-619a36d558ba</UUID>
        <Info>False</Info>
      </ProductBackendInfo>
      <ProductBackendInfo name="Skye.ValidateOnAction">
        <UUID>79b507c0-b671-44df-bdc7-ace9d6b8d752</UUID>
        <Info>False</Info>
      </ProductBackendInfo>
      <ProductBackendInfo name="Skye.UpdateProcessOnAction">
        <UUID>b74448dc-3084-4f01-82ab-4883693da613</UUID>
        <Info>True</Info>
      </ProductBackendInfo>
      <ProductBackendInfo name="Skye.ProcessExitPoint">
        <UUID>64ac9c53-498b-480d-a810-405964a924ad</UUID>
        <Info>False</Info>
      </ProductBackendInfo>
      <ProductBackendInfo name="Skye.PersistOnAction">
        <UUID>774d6187-4d45-4990-9ad9-577279b8a2cd</UUID>
        <Info>False</Info>
      </ProductBackendInfo>
      <ProductBackendInfo name="Skye.ActionAttribute.BindInvisibleCaptchaChallenge">
        <UUID>e109cd50-a8df-4599-a49b-a53e2bf6bb8e</UUID>
        <Info>False</Info>
      </ProductBackendInfo>
      <DefinitionValueRelation>
        <DefinitionValueUUID>8de88e20-fc96-4f61-8313-66bfe1c58e13</DefinitionValueUUID>
      </DefinitionValueRelation>
    </ProductPolicyAttribute>
    <ProductPolicyAttribute name="Next" visibilityLevel="4" mandatory="false" unit="" format="" numberOfDecimals="0" attributeClass="" type="Action">
      <UUID>e02f5732-cd29-4ab7-8c3e-162f1c6c4ccc</UUID>
      <SortOrder>99</SortOrder>
      <InputType>Textbox</InputType>
      <DataType>String</DataType>
      <MaxLength>4000</MaxLength>
      <MinLength>0</MinLength>
      <ProductTextRelation>
        <UUID>139aefbe-33e1-40c0-81a0-e15fee971609</UUID>
        <ProductTextUUID>d7d878ec-038a-4068-b968-874bce83e38c</ProductTextUUID>
      </ProductTextRelation>
      <ProductValueRangeRelation>
        <UUID>32306334-7014-434c-80d7-fc3dcfe737ae</UUID>
        <SortOrder>99</SortOrder>
        <ProductValueRangeUUID>605495cd-0380-4d4d-a021-db84b1fb7579</ProductValueRangeUUID>
      </ProductValueRangeRelation>
      <ProductBackendInfo name="Skye.AttributeAlias">
        <UUID>b00ca17c-0edc-4303-9202-cec51c7e0a3b</UUID>
        <Info />
      </ProductBackendInfo>
      <ProductBackendInfo name="Skye.Core.DataSecurity">
        <UUID>b6754e61-c883-4930-b6c2-12d476eeb709</UUID>
        <Info>Standard</Info>
      </ProductBackendInfo>
      <ProductBackendInfo name="Skye.AllowValueSetViaUnencryptedURL">
        <UUID>62a8d570-e210-4a73-8581-a883392e069a</UUID>
        <Info>False</Info>
      </ProductBackendInfo>
      <ProductBackendInfo name="Skye.ControllerActionName">
        <UUID>787b8a4b-2e39-43ee-b690-7da6be08baf0</UUID>
        <Info>Next</Info>
      </ProductBackendInfo>
      <ProductBackendInfo name="Skye.StyleClass">
        <UUID>09cc4def-3263-4c5d-9bee-a4906736f129</UUID>
        <Info>skyeAccordionAction</Info>
      </ProductBackendInfo>
      <ProductBackendInfo name="Skye.TransitionProcessStep">
        <UUID>31e74346-1075-41fb-bc70-44c6e7c5258e</UUID>
        <Info>MotorCreatePolicy:Payment</Info>
      </ProductBackendInfo>
      <ProductBackendInfo name="Skye.sendEventWithValidationErrorsAnalytics">
        <UUID>dea6705b-e6b9-4db5-a7b8-6d0c34079454</UUID>
        <Info>False</Info>
      </ProductBackendInfo>
      <ProductBackendInfo name="Skye.ValidateOnAction">
        <UUID>23290460-2679-44b1-bd4d-4a685b21b1ae</UUID>
        <Info>True</Info>
      </ProductBackendInfo>
      <ProductBackendInfo name="Skye.UpdateProcessOnAction">
        <UUID>6e8564f4-fcd6-4ba9-afe5-c8fbc4863ee0</UUID>
        <Info>True</Info>
      </ProductBackendInfo>
      <ProductBackendInfo name="Skye.ProcessExitPoint">
        <UUID>2a5d78bb-4d77-4ea2-90f4-953fe32d7054</UUID>
        <Info>False</Info>
      </ProductBackendInfo>
      <ProductBackendInfo name="Skye.PersistOnAction">
        <UUID>f3f355ee-df1e-4e96-b62a-1ff37a9c5977</UUID>
        <Info>False</Info>
      </ProductBackendInfo>
      <ProductBackendInfo name="Skye.ActionAttribute.BindInvisibleCaptchaChallenge">
        <UUID>5bdefe37-3774-479e-993b-b55bd13b1c96</UUID>
        <Info>False</Info>
      </ProductBackendInfo>
      <DefinitionValueRelation>
        <DefinitionValueUUID>b4f53dc4-e5d3-4841-a1fb-4fd009757cc8</DefinitionValueUUID>
      </DefinitionValueRelation>
    </ProductPolicyAttribute>
    <ProductPolicyAttribute name="Home" visibilityLevel="4" mandatory="false" unit="" format="" numberOfDecimals="0" attributeClass="" type="Action">
      <UUID>cea5aff6-3930-4acf-ae05-0550e17e852a</UUID>
      <SortOrder>1</SortOrder>
      <InputType>Textbox</InputType>
      <DataType>String</DataType>
      <MaxLength>4000</MaxLength>
      <MinLength>0</MinLength>
      <ProductTextRelation>
        <UUID>d9b627c7-bfff-4ea9-918d-ec40185cdda2</UUID>
        <ProductTextUUID>cdd22f63-ec83-487e-9ca2-e1c990e87925</ProductTextUUID>
      </ProductTextRelation>
      <ProductValueRangeRelation>
        <UUID>d088fcf5-9724-41e0-9608-7c893e9118ff</UUID>
        <SortOrder>99</SortOrder>
        <ProductValueRangeUUID>e69a89ea-7134-471a-bfa8-47ced60f95c8</ProductValueRangeUUID>
      </ProductValueRangeRelation>
      <ProductBackendInfo name="Skye.AttributeAlias">
        <UUID>a531ce96-4a93-4f82-9537-2a8ab05bc3f3</UUID>
        <Info />
      </ProductBackendInfo>
      <ProductBackendInfo name="Skye.Core.DataSecurity">
        <UUID>75ee830c-0633-476a-bcfc-d3efd46623b6</UUID>
        <Info>Standard</Info>
      </ProductBackendInfo>
      <ProductBackendInfo name="Skye.AllowValueSetViaUnencryptedURL">
        <UUID>93a92bce-3425-4a6b-94e7-04cb5a4d4691</UUID>
        <Info>False</Info>
      </ProductBackendInfo>
      <ProductBackendInfo name="Skye.ControllerActionName">
        <UUID>231af137-8e18-4112-9fca-713ac17fb2bb</UUID>
        <Info>Home</Info>
      </ProductBackendInfo>
      <ProductBackendInfo name="Skye.StyleClass">
        <UUID>4128a17e-5ab5-4727-a59e-b15f1b3d3dc7</UUID>
        <Info>skyeAccordionBack</Info>
      </ProductBackendInfo>
      <ProductBackendInfo name="Skye.TransitionProcessStep">
        <UUID>c98e961d-f620-4f17-a992-674097b16ebd</UUID>
        <Info />
      </ProductBackendInfo>
      <ProductBackendInfo name="Skye.sendEventWithValidationErrorsAnalytics">
        <UUID>43cfe8d8-2f77-4af1-bcc6-ac1603abf80c</UUID>
        <Info>False</Info>
      </ProductBackendInfo>
      <ProductBackendInfo name="Skye.ValidateOnAction">
        <UUID>6594e5ad-12cd-4ce5-b69d-e18dd60813ec</UUID>
        <Info>False</Info>
      </ProductBackendInfo>
      <ProductBackendInfo name="Skye.UpdateProcessOnAction">
        <UUID>e2e0902c-3f51-43a6-a9eb-d34c9a9ef942</UUID>
        <Info>False</Info>
      </ProductBackendInfo>
      <ProductBackendInfo name="Skye.ProcessExitPoint">
        <UUID>3b39e38c-2b21-4a50-9a79-268c5615bd3c</UUID>
        <Info>True</Info>
      </ProductBackendInfo>
      <ProductBackendInfo name="Skye.PersistOnAction">
        <UUID>ca00ed47-2b39-4167-a5ce-09b1433155e6</UUID>
        <Info>False</Info>
      </ProductBackendInfo>
      <ProductBackendInfo name="Skye.ActionAttribute.BindInvisibleCaptchaChallenge">
        <UUID>3302f51e-32c3-4356-985b-456de13cfa2c</UUID>
        <Info>False</Info>
      </ProductBackendInfo>
      <DefinitionValueRelation>
        <DefinitionValueUUID>4fae85c3-2fd2-4674-8dee-6a13d93e47a2</DefinitionValueUUID>
      </DefinitionValueRelation>
    </ProductPolicyAttribute>
    <ProductPolicyAttribute name="@RedirectUrl" visibilityLevel="0" mandatory="false" unit="" format="" numberOfDecimals="0" attributeClass="" type="Standard">
      <UUID>268f915d-f51f-4c94-9134-4a80f4f5b699</UUID>
      <SortOrder>99</SortOrder>
      <InputType>Textbox</InputType>
      <DataType>String</DataType>
      <MaxLength>4000</MaxLength>
      <MinLength>0</MinLength>
      <ProductBackendInfo name="Skye.AttributeAlias">
        <UUID>da60f858-b02c-4edc-9d34-28cdbbb16ffe</UUID>
        <Info />
      </ProductBackendInfo>
      <ProductBackendInfo name="Skye.Core.DataSecurity">
        <UUID>9401f9ab-a461-4e89-86b8-fc16ae9a39c5</UUID>
        <Info>Standard</Info>
      </ProductBackendInfo>
      <ProductBackendInfo name="Skye.AllowValueSetViaUnencryptedURL">
        <UUID>f64d909f-239f-409b-b466-4b93055ec08b</UUID>
        <Info>False</Info>
      </ProductBackendInfo>
      <DefinitionValueRelation>
        <DefinitionValueUUID>71c8dc18-03a1-4c73-a33b-e6b9129f4b1b</DefinitionValueUUID>
      </DefinitionValueRelation>
    </ProductPolicyAttribute>
    <ProductBackendInfo name="Skye.MultibrickType">
      <UUID>d0769583-61ed-4282-9c32-a1a5f3d0f087</UUID>
      <Info />
    </ProductBackendInfo>
  </ProductBrick>
  <ProductBrick name="MotorCreatePolicy:Summary" visibilityLevel="2" brickClass="" isAbstract="false" typeId="0">
    <UUID>f3f05a39-3ddb-4c3c-bcad-fbc905c92941</UUID>
    <SortOrder>40</SortOrder>
    <MinimumUsage>1</MinimumUsage>
    <MaximumUsage>1</MaximumUsage>
    <InitialUsage>1</InitialUsage>
    <ProductTextRelation>
      <UUID>18df6731-cd6a-485c-a873-72788fb6827e</UUID>
      <ProductTextUUID>f658cf0c-ef70-4cf4-bb2b-53b5894f63a3</ProductTextUUID>
    </ProductTextRelation>
    <ProductPolicyAttribute name="Home" visibilityLevel="4" mandatory="false" unit="" format="" numberOfDecimals="0" attributeClass="" type="Action">
      <UUID>70a5fe9b-0ac1-4947-925f-c96981ade62d</UUID>
      <SortOrder>1</SortOrder>
      <InputType>Textbox</InputType>
      <DataType>String</DataType>
      <MaxLength>4000</MaxLength>
      <MinLength>0</MinLength>
      <ProductTextRelation>
        <UUID>ae733df2-daf1-4ef8-92f8-9259881cfcea</UUID>
        <ProductTextUUID>5d0a7bb1-0ba8-487f-b225-a9c7da4a8794</ProductTextUUID>
      </ProductTextRelation>
      <ProductValueRangeRelation>
        <UUID>16211b40-c037-469e-af3e-d84abb11ce05</UUID>
        <SortOrder>99</SortOrder>
        <ProductValueRangeUUID>f0bd8e37-75af-4f76-9d5b-9202f8e26d9f</ProductValueRangeUUID>
      </ProductValueRangeRelation>
      <ProductBackendInfo name="Skye.AttributeAlias">
        <UUID>f582d961-5f97-4a35-82ca-00a92db04582</UUID>
        <Info />
      </ProductBackendInfo>
      <ProductBackendInfo name="Skye.Core.DataSecurity">
        <UUID>1a119a95-c746-446a-9ae4-4f17c800e1b5</UUID>
        <Info>Standard</Info>
      </ProductBackendInfo>
      <ProductBackendInfo name="Skye.AllowValueSetViaUnencryptedURL">
        <UUID>33c95573-55fe-4e05-9862-64ec22f54cc7</UUID>
        <Info>False</Info>
      </ProductBackendInfo>
      <ProductBackendInfo name="Skye.ControllerActionName">
        <UUID>ceb7e565-a5d4-4247-beca-5265316f1f89</UUID>
        <Info>Home</Info>
      </ProductBackendInfo>
      <ProductBackendInfo name="Skye.StyleClass">
        <UUID>adfc4d2e-a12b-44b1-8695-1898767e16d6</UUID>
        <Info>skyeAccordionAction</Info>
      </ProductBackendInfo>
      <ProductBackendInfo name="Skye.TransitionProcessStep">
        <UUID>4be8d9ba-87f1-42d3-a18c-083109abc2f9</UUID>
        <Info />
      </ProductBackendInfo>
      <ProductBackendInfo name="Skye.sendEventWithValidationErrorsAnalytics">
        <UUID>8a03ef7c-edec-4d69-bf76-53af0b58877c</UUID>
        <Info>False</Info>
      </ProductBackendInfo>
      <ProductBackendInfo name="Skye.ValidateOnAction">
        <UUID>cefa5203-6e12-47d6-9fec-d1b7e397d7c5</UUID>
        <Info>False</Info>
      </ProductBackendInfo>
      <ProductBackendInfo name="Skye.UpdateProcessOnAction">
        <UUID>e2066424-d510-4172-b803-922633caf67b</UUID>
        <Info>True</Info>
      </ProductBackendInfo>
      <ProductBackendInfo name="Skye.ProcessExitPoint">
        <UUID>f4665527-65df-41fc-8c1d-6c5a3ac7e27c</UUID>
        <Info>True</Info>
      </ProductBackendInfo>
      <ProductBackendInfo name="Skye.PersistOnAction">
        <UUID>eb3b7133-f7e5-4955-9935-37351d99d14c</UUID>
        <Info>False</Info>
      </ProductBackendInfo>
      <ProductBackendInfo name="Skye.ActionAttribute.BindInvisibleCaptchaChallenge">
        <UUID>eba96c74-ff4c-4903-9539-f8d2a0727210</UUID>
        <Info>False</Info>
      </ProductBackendInfo>
      <DefinitionValueRelation>
        <DefinitionValueUUID>c3ead812-3f42-4177-8ea6-a4fd25f96635</DefinitionValueUUID>
      </DefinitionValueRelation>
    </ProductPolicyAttribute>
    <ProductPolicyAttribute name="@RedirectUrl" visibilityLevel="0" mandatory="false" unit="" format="" numberOfDecimals="0" attributeClass="" type="Standard">
      <UUID>9acc2092-a5fe-46e2-8d60-87f6498a9add</UUID>
      <SortOrder>99</SortOrder>
      <InputType>Textbox</InputType>
      <DataType>String</DataType>
      <MaxLength>4000</MaxLength>
      <MinLength>0</MinLength>
      <ProductBackendInfo name="Skye.AttributeAlias">
        <UUID>91753119-4086-41cd-8a34-bada458dcb35</UUID>
        <Info />
      </ProductBackendInfo>
      <ProductBackendInfo name="Skye.Core.DataSecurity">
        <UUID>1850cce0-c493-4f33-a573-1d7a76fa7acb</UUID>
        <Info>Standard</Info>
      </ProductBackendInfo>
      <ProductBackendInfo name="Skye.AllowValueSetViaUnencryptedURL">
        <UUID>9aff08ca-22df-421b-a874-2872da1113c6</UUID>
        <Info>False</Info>
      </ProductBackendInfo>
      <DefinitionValueRelation>
        <DefinitionValueUUID>00048529-260c-4fd2-9e22-e884e23b4e32</DefinitionValueUUID>
      </DefinitionValueRelation>
    </ProductPolicyAttribute>
    <ProductBackendInfo name="Skye.MultibrickType">
      <UUID>20d59fb7-44f0-47a1-9c8c-ac85144eb4a1</UUID>
      <Info />
    </ProductBackendInfo>
  </ProductBrick>
  <ProductBrick name="MotorCreatePolicy:Payment" visibilityLevel="2" brickClass="" isAbstract="false" typeId="0">
    <UUID>d9b6e187-221e-4a88-a23f-cd8a07f64450</UUID>
    <SortOrder>30</SortOrder>
    <MinimumUsage>1</MinimumUsage>
    <MaximumUsage>1</MaximumUsage>
    <InitialUsage>1</InitialUsage>
    <ProductTextRelation>
      <UUID>0725209d-be96-45ec-b5de-cbafcff21300</UUID>
      <ProductTextUUID>222d2359-8216-4c77-9fa3-572a96b5b7f3</ProductTextUUID>
    </ProductTextRelation>
    <ProductPolicyAttribute name="PayAction" visibilityLevel="0" mandatory="false" unit="" format="" numberOfDecimals="0" attributeClass="" type="Action">
      <UUID>6c25e213-7b62-4627-95b8-68ba360d0b63</UUID>
      <SortOrder>99</SortOrder>
      <InputType>Textbox</InputType>
      <DataType>String</DataType>
      <MaxLength>4000</MaxLength>
      <MinLength>0</MinLength>
      <ProductTextRelation>
        <UUID>9a83d4d9-e4da-409f-b4f0-5a1d5ebd6b86</UUID>
        <ProductTextUUID>32b44d21-9c95-465d-9bbd-4bcd964ad3ff</ProductTextUUID>
      </ProductTextRelation>
      <ProductValueRangeRelation>
        <UUID>3718aa48-b68c-47c7-9ddd-3da6bcb4ab63</UUID>
        <SortOrder>99</SortOrder>
        <ProductValueRangeUUID>b5f8ee45-560b-4b64-bf39-e459bb58f124</ProductValueRangeUUID>
      </ProductValueRangeRelation>
      <ProductBackendInfo name="Skye.AttributeAlias">
        <UUID>5ec7f1e1-4218-43d0-b647-0157b4d5889b</UUID>
        <Info />
      </ProductBackendInfo>
      <ProductBackendInfo name="Skye.Core.DataSecurity">
        <UUID>60ded2be-82b2-4501-8213-84de84cc36d2</UUID>
        <Info>Standard</Info>
      </ProductBackendInfo>
      <ProductBackendInfo name="Skye.AllowValueSetViaUnencryptedURL">
        <UUID>f855738b-e519-483f-b458-2a3535478f4b</UUID>
        <Info>False</Info>
      </ProductBackendInfo>
      <ProductBackendInfo name="Skye.ControllerActionName">
        <UUID>3f6ee9ca-92a5-4773-a642-f21aae584421</UUID>
        <Info>PayAction</Info>
      </ProductBackendInfo>
      <ProductBackendInfo name="Skye.StyleClass">
        <UUID>57086739-282d-46d4-b0a5-8adbf8b6a7c7</UUID>
        <Info>skyeAccordionAction</Info>
      </ProductBackendInfo>
      <ProductBackendInfo name="Skye.TransitionProcessStep">
        <UUID>f5226859-b0d3-4e13-87a5-fd707a97fe4d</UUID>
        <Info>MotorCreatePolicy:Summary</Info>
      </ProductBackendInfo>
      <ProductBackendInfo name="Skye.sendEventWithValidationErrorsAnalytics">
        <UUID>11d3630f-930d-4a1b-a6ee-8aa7650b4f99</UUID>
        <Info>False</Info>
      </ProductBackendInfo>
      <ProductBackendInfo name="Skye.ValidateOnAction">
        <UUID>6ae14085-a580-4c2b-813b-62daabadbd06</UUID>
        <Info>False</Info>
      </ProductBackendInfo>
      <ProductBackendInfo name="Skye.UpdateProcessOnAction">
        <UUID>1e116440-d54d-4345-83ec-9f1940524f72</UUID>
        <Info>True</Info>
      </ProductBackendInfo>
      <ProductBackendInfo name="Skye.ProcessExitPoint">
        <UUID>5b489084-c361-4618-b8f7-2c13a4dc525a</UUID>
        <Info>False</Info>
      </ProductBackendInfo>
      <ProductBackendInfo name="Skye.PersistOnAction">
        <UUID>40244be5-feb5-4ce6-8aab-bebc08623b32</UUID>
        <Info>False</Info>
      </ProductBackendInfo>
      <ProductBackendInfo name="Skye.ActionAttribute.BindInvisibleCaptchaChallenge">
        <UUID>aad70f08-bbb0-42aa-84b2-03521823f4dc</UUID>
        <Info>False</Info>
      </ProductBackendInfo>
      <DefinitionValueRelation>
        <DefinitionValueUUID>2c430446-852e-472a-936a-6ee88e409031</DefinitionValueUUID>
      </DefinitionValueRelation>
    </ProductPolicyAttribute>
    <ProductBackendInfo name="Skye.MultibrickType">
      <UUID>e8672bbc-0bb6-4e24-b583-a7a9d42455c1</UUID>
      <Info />
    </ProductBackendInfo>
  </ProductBrick>
  <DefinitionDependentLists>
    <DefinitionDependencyDefaultValueList />
    <DefinitionDependencyValueRangeList />
    <DefinitionDependencyVisibilityList />
    <DefinitionDependencyMandatoryList />
    <DefinitionDependencyToDependencyList />
    <DefinitionDependencyValueRangeFilterValuesList />
    <DefinitionDependencyDataSourceAttributeList />
  </DefinitionDependentLists>
</Product>