﻿<?xml version="1.0" encoding="utf-8"?>
<Product xmlns:xsd="http://www.w3.org/2001/XMLSchema" xmlns:xsi="http://www.w3.org/2001/XMLSchema-instance" name="HomeCreatePolicy" lastChanged="2019-11-12T16:00:16Z" implementationClass=" " versionUuid=" " modelType="process" subModelType="" skyeEditorVersion="7.15.0.16">
  <UUID>d3835605-98e4-4b33-90b7-5346e53af3c7</UUID>
  <SortOrder>0</SortOrder>
  <BusinessUnit> </BusinessUnit>
  <Section> </Section>
  <ProductTextList>
    <ProductText name="short" language="en" country="US">
      <UUID>0d5ed4bf-cfa6-40ba-a76f-12e2f1be8fcb</UUID>
      <Text>Back</Text>
    </ProductText>
    <ProductText name="short" language="en" country="US">
      <UUID>19e0ee45-3b10-41e9-9520-8a4e826948ce</UUID>
      <Text>Back</Text>
    </ProductText>
    <ProductText name="short" language="en" country="US">
      <UUID>27e8c800-67be-4aaf-84e3-3a681d3ca7f3</UUID>
      <Text>Back</Text>
    </ProductText>
    <ProductText name="short" language="en" country="US">
      <UUID>51da0867-ea82-4fca-be05-f1e5bb704a9b</UUID>
      <Text>Home</Text>
    </ProductText>
    <ProductText name="short" language="en" country="US">
      <UUID>6455ee5c-feea-45fc-ba3e-7295f838f60c</UUID>
      <Text>Next</Text>
    </ProductText>
    <ProductText name="header" language="en" country="US">
      <UUID>87decfb0-e612-4e36-8326-8cd2d16fbad9</UUID>
      <Text>Quick quote</Text>
    </ProductText>
    <ProductText name="header" language="en" country="US">
      <UUID>947a5493-d35a-462b-ba20-13bec885a699</UUID>
      <Text>Confirmation</Text>
    </ProductText>
    <ProductText name="short" language="en" country="US">
      <UUID>9b785cd8-26ee-44d2-bb04-4026a5fdabe4</UUID>
      <Text>Next</Text>
    </ProductText>
    <ProductText name="short" language="en" country="US">
      <UUID>db37b635-466a-4277-802e-c5393588d557</UUID>
      <Text>Create quote</Text>
    </ProductText>
    <ProductText name="header" language="en" country="US">
      <UUID>e417db41-b8cb-4329-b2be-b06cdeb64b08</UUID>
      <Text>Details</Text>
    </ProductText>
    <ProductText name="header" language="en" country="US">
      <UUID>ec5e9862-2f82-40f6-a9f6-cea280d805ac</UUID>
      <Text>Payment</Text>
    </ProductText>
  </ProductTextList>
  <ProductValueRangeList>
    <ProductValueRange name="Action.targetUpdateMapVR" type="fix">
      <UUID>00e43528-7e00-4523-a07c-37499c1f9713</UUID>
    </ProductValueRange>
    <ProductValueRange name="Action.targetUpdateMapVR" type="fix">
      <UUID>2d6c48c4-01f7-48d6-80ab-e81961e82c5a</UUID>
    </ProductValueRange>
    <ProductValueRange name="Reference.referencedModelsVR" type="fix">
      <UUID>91eaa1e3-c205-4c78-b157-0f93252c6852</UUID>
      <DefinitionValueRelation>
        <UUID>11ea11e6-743e-6e58-9bb3-63709490e9be</UUID>
        <DefinitionValueUUID>ca224a5d-9b2b-45b3-be3a-2fc892a3f9de</DefinitionValueUUID>
      </DefinitionValueRelation>
    </ProductValueRange>
    <ProductValueRange name="Action.targetUpdateMapVR" type="fix">
      <UUID>925e840d-05c4-4f92-bbaf-bb471dad561a</UUID>
    </ProductValueRange>
    <ProductValueRange name="Action.targetUpdateMapVR" type="fix">
      <UUID>9491ffce-2d19-41be-afbb-cf8741d8e736</UUID>
    </ProductValueRange>
    <ProductValueRange name="Action.targetUpdateMapVR" type="fix">
      <UUID>a6bf0e73-a93d-43a2-a626-f67b77452faf</UUID>
    </ProductValueRange>
    <ProductValueRange name="Action.targetUpdateMapVR" type="fix">
      <UUID>bd967997-9dee-4f57-980c-eb41172c8ec4</UUID>
    </ProductValueRange>
    <ProductValueRange name="Action.targetUpdateMapVR" type="fix">
      <UUID>ecc4d0ae-54d2-4b5c-99a3-dd2ef41f9e15</UUID>
    </ProductValueRange>
  </ProductValueRangeList>
  <DefinitionBusinessObjectContextList />
  <DefinitionResourceList />
  <AbstractProductBrickList />
  <ProductValueList>
    <ProductValue name=" " type="value">
      <UUID>3b5adf36-8be0-4158-862a-6d7b2bd0748d</UUID>
      <SortOrder>0</SortOrder>
      <Value />
    </ProductValue>
    <ProductValue name=" " type="value">
      <UUID>4b860116-659c-4331-9ce7-bd6358de188b</UUID>
      <SortOrder>0</SortOrder>
      <Value />
    </ProductValue>
    <ProductValue name=" " type="value">
      <UUID>6bffc3b4-75f3-4909-9c7b-cc6416c59fcb</UUID>
      <SortOrder>0</SortOrder>
      <Value />
    </ProductValue>
    <ProductValue name=" " type="value">
      <UUID>738cbff8-89cf-4cf6-9c62-eeb3827d6686</UUID>
      <SortOrder>0</SortOrder>
      <Value />
    </ProductValue>
    <ProductValue name="https://training-hu3.infra.innoveo-skye.net/page/callcenter/en/us/index.html" type="value">
      <UUID>8bac4ce2-be80-4d7c-8c1c-cb502e4c47ac</UUID>
      <SortOrder>0</SortOrder>
      <Value>https://training-hu3.infra.innoveo-skye.net/page/callcenter/en/us/index.html</Value>
    </ProductValue>
    <ProductValue name=" " type="value">
      <UUID>94138064-751f-485c-bf2a-137842785399</UUID>
      <SortOrder>0</SortOrder>
      <Value />
    </ProductValue>
    <ProductValue name="delete=ignore,copy=setnull" type="value">
      <UUID>958cce7f-f541-4aa6-9fda-952dfba0634b</UUID>
      <SortOrder>0</SortOrder>
      <Value />
    </ProductValue>
    <ProductValue name=" " type="value">
      <UUID>998fb1cb-cddb-4547-97e8-2a1d30ca58a0</UUID>
      <SortOrder>0</SortOrder>
      <Value />
    </ProductValue>
    <ProductValue name=" " type="value">
      <UUID>99e3bb3b-9f2a-4ad6-ab99-92a1c4c109ba</UUID>
      <SortOrder>0</SortOrder>
      <Value />
    </ProductValue>
    <ProductValue name=" " type="value">
      <UUID>c1e742cb-7f03-4ee4-8ac3-1af10eecffc6</UUID>
      <SortOrder>0</SortOrder>
      <Value />
    </ProductValue>
    <ProductValue name="Home" type="value">
      <UUID>ca224a5d-9b2b-45b3-be3a-2fc892a3f9de</UUID>
      <SortOrder>0</SortOrder>
      <Value />
    </ProductValue>
  </ProductValueList>
  <ProductPolicyAttribute name="@CurrentProcessObject" visibilityLevel="2" mandatory="false" unit=" " format="" numberOfDecimals="0" attributeClass=" " type="Reference">
    <UUID>c826af19-4b8c-48b9-9ef1-15f84eee303a</UUID>
    <SortOrder>99</SortOrder>
    <InputType>Textbox</InputType>
    <DataType>product</DataType>
    <MaxLength>4000</MaxLength>
    <MinLength>0</MinLength>
    <ProductValueRangeRelation>
      <UUID>ec7a4723-5915-4eba-b38f-cb4986a0ae28</UUID>
      <SortOrder>99</SortOrder>
      <ProductValueRangeUUID>91eaa1e3-c205-4c78-b157-0f93252c6852</ProductValueRangeUUID>
    </ProductValueRangeRelation>
    <ProductBackendInfo name="Skye.AttributeAlias">
      <UUID>0945ade2-452b-4b25-8fbf-5ff949b0afd4</UUID>
      <Info />
    </ProductBackendInfo>
    <ProductBackendInfo name="Skye.Core.DataSecurity">
      <UUID>410fc7ce-9161-4711-9a40-1a708b1742a7</UUID>
      <Info>Standard</Info>
    </ProductBackendInfo>
    <ProductBackendInfo name="Skye.AllowValueSetViaUnencryptedURL">
      <UUID>5f3e3c23-f04c-41f5-bbe2-3ba57cdded1d</UUID>
      <Info>false</Info>
    </ProductBackendInfo>
    <DefinitionValueRelation>
      <UUID>11ea11e6-743e-6e55-9bb3-63709490e9be</UUID>
      <DefinitionValueUUID>958cce7f-f541-4aa6-9fda-952dfba0634b</DefinitionValueUUID>
    </DefinitionValueRelation>
  </ProductPolicyAttribute>
  <ProductPolicyAttribute name="@CurrentProcessStep" visibilityLevel="2" mandatory="false" unit=" " format="" numberOfDecimals="0" attributeClass=" " type="Standard">
    <UUID>d2349d94-1c7e-4e35-bc9e-af471897ac63</UUID>
    <SortOrder>99</SortOrder>
    <InputType>Textbox</InputType>
    <DataType>String</DataType>
    <MaxLength>4000</MaxLength>
    <MinLength>0</MinLength>
    <ProductBackendInfo name="Skye.AllowValueSetViaUnencryptedURL">
      <UUID>1e60a4ae-9f49-4e32-a000-58f0112947d3</UUID>
      <Info>false</Info>
    </ProductBackendInfo>
    <ProductBackendInfo name="Skye.AttributeAlias">
      <UUID>7152d309-a947-4823-869e-042e9a52947f</UUID>
      <Info />
    </ProductBackendInfo>
    <ProductBackendInfo name="Skye.Core.DataSecurity">
      <UUID>9e5821ec-16c8-4fba-97e6-c5622bc70be8</UUID>
      <Info>Standard</Info>
    </ProductBackendInfo>
    <DefinitionValueRelation>
      <UUID>11ea11e6-743e-6e5a-9bb3-63709490e9be</UUID>
      <DefinitionValueUUID>3b5adf36-8be0-4158-862a-6d7b2bd0748d</DefinitionValueUUID>
    </DefinitionValueRelation>
  </ProductPolicyAttribute>
  <ProductBrick name="HomeCreatePolicy:QuickQuote" visibilityLevel="2" brickClass=" " isAbstract="false" typeId="13">
    <UUID>dfb48bcd-2f11-4075-a1c2-60b8f01f9dc3</UUID>
    <SortOrder>1</SortOrder>
    <MinimumUsage>1</MinimumUsage>
    <MaximumUsage>1</MaximumUsage>
    <InitialUsage>1</InitialUsage>
    <PredecessorBrickUUID />
    <PredecessorBrickName />
    <ProductTextRelation>
      <ProductTextUUID>87decfb0-e612-4e36-8326-8cd2d16fbad9</ProductTextUUID>
    </ProductTextRelation>
    <ProductPolicyAttribute name="CaptureQuoteData" visibilityLevel="4" mandatory="false" unit="" format="" numberOfDecimals="0" attributeClass=" " type="Action">
      <UUID>521e7505-b3d9-48cb-a089-b4462bda47f1</UUID>
      <SortOrder>99</SortOrder>
      <InputType>Textbox</InputType>
      <DataType>String</DataType>
      <MaxLength>4000</MaxLength>
      <MinLength>0</MinLength>
      <ProductTextRelation>
        <ProductTextUUID>db37b635-466a-4277-802e-c5393588d557</ProductTextUUID>
      </ProductTextRelation>
      <ProductValueRangeRelation>
        <UUID>02051529-cfef-4a1b-b7cc-7a7027bcca74</UUID>
        <SortOrder>99</SortOrder>
        <ProductValueRangeUUID>9491ffce-2d19-41be-afbb-cf8741d8e736</ProductValueRangeUUID>
      </ProductValueRangeRelation>
      <ProductBackendInfo name="Skye.AttributeAlias">
        <UUID>126cab4e-8797-4607-ae13-b195fb26399b</UUID>
        <Info />
      </ProductBackendInfo>
      <ProductBackendInfo name="Skye.StyleClass">
        <UUID>3faab35e-cc0e-49c6-b0e4-98b0629026dd</UUID>
        <Info>skyeAccordionNext</Info>
      </ProductBackendInfo>
      <ProductBackendInfo name="Skye.ControllerActionName">
        <UUID>804502c0-80be-4c2b-bffc-06da0a53ffd7</UUID>
        <Info>CaptureQuoteData</Info>
      </ProductBackendInfo>
      <ProductBackendInfo name="Skye.AllowValueSetViaUnencryptedURL">
        <UUID>81c96642-c687-409d-b9c6-ee6ea6a23548</UUID>
        <Info>False</Info>
      </ProductBackendInfo>
      <ProductBackendInfo name="Skye.ValidateOnAction">
        <UUID>aa254155-c1ff-4652-ad3e-41d3d5e94397</UUID>
        <Info>False</Info>
      </ProductBackendInfo>
      <ProductBackendInfo name="Skye.PersistOnAction">
        <UUID>ad79de1f-62dd-415b-a022-4bcf1a57bc37</UUID>
        <Info>True</Info>
      </ProductBackendInfo>
      <ProductBackendInfo name="Skye.Core.DataSecurity">
        <UUID>baef791d-169a-4c1e-aae7-d204c6cd6334</UUID>
        <Info>Standard</Info>
      </ProductBackendInfo>
      <ProductBackendInfo name="Skye.ActionAttribute.BindInvisibleCaptchaChallenge">
        <UUID>cc6d539a-e916-4a6f-901c-5456a299d88b</UUID>
        <Info>False</Info>
      </ProductBackendInfo>
      <ProductBackendInfo name="Skye.TransitionProcessStep">
        <UUID>dd8d5061-4bf5-482f-92a8-4111b107b819</UUID>
        <Info>HomeCreatePolicy:Details</Info>
      </ProductBackendInfo>
      <ProductBackendInfo name="Skye.UpdateProcessOnAction">
        <UUID>dec5f1c4-4b7f-4424-b3f9-fb8de21082d7</UUID>
        <Info>True</Info>
      </ProductBackendInfo>
      <ProductBackendInfo name="Skye.ProcessExitPoint">
        <UUID>e3ca381b-9a56-4055-91a3-403929223917</UUID>
        <Info>False</Info>
      </ProductBackendInfo>
      <ProductBackendInfo name="Skye.sendEventWithValidationErrorsAnalytics">
        <UUID>fc9c3ad2-60f4-4a1c-a4d7-cbc2ca109552</UUID>
        <Info>False</Info>
      </ProductBackendInfo>
      <DefinitionValueRelation>
        <UUID>11ea11e6-743e-6e53-9bb3-63709490e9be</UUID>
        <DefinitionValueUUID>94138064-751f-485c-bf2a-137842785399</DefinitionValueUUID>
      </DefinitionValueRelation>
    </ProductPolicyAttribute>
    <ProductBackendInfo name="Skye.MultibrickType">
      <UUID>2808a77f-ff84-4278-837b-185c406bdd99</UUID>
      <Info />
    </ProductBackendInfo>
  </ProductBrick>
  <ProductBrick name="HomeCreatePolicy:Details" visibilityLevel="2" brickClass=" " isAbstract="false" typeId="0">
    <UUID>ab6d0adc-0f41-4624-bbae-a5f43cfd157e</UUID>
    <SortOrder>20</SortOrder>
    <MinimumUsage>1</MinimumUsage>
    <MaximumUsage>1</MaximumUsage>
    <InitialUsage>1</InitialUsage>
    <PredecessorBrickUUID />
    <PredecessorBrickName />
    <ProductTextRelation>
      <ProductTextUUID>e417db41-b8cb-4329-b2be-b06cdeb64b08</ProductTextUUID>
    </ProductTextRelation>
    <ProductPolicyAttribute name="CaptureCustomerDetails" visibilityLevel="4" mandatory="false" unit="" format="" numberOfDecimals="0" attributeClass=" " type="Action">
      <UUID>2ddfd66f-6a08-4ddd-9c39-4f7d268309d4</UUID>
      <SortOrder>99</SortOrder>
      <InputType>Textbox</InputType>
      <DataType>String</DataType>
      <MaxLength>4000</MaxLength>
      <MinLength>0</MinLength>
      <ProductTextRelation>
        <ProductTextUUID>6455ee5c-feea-45fc-ba3e-7295f838f60c</ProductTextUUID>
      </ProductTextRelation>
      <ProductValueRangeRelation>
        <UUID>bed8324c-50f6-4c6f-af74-9585a364623e</UUID>
        <SortOrder>99</SortOrder>
        <ProductValueRangeUUID>00e43528-7e00-4523-a07c-37499c1f9713</ProductValueRangeUUID>
      </ProductValueRangeRelation>
      <ProductBackendInfo name="Skye.Core.DataSecurity">
        <UUID>3aeb20c9-d313-4a0d-b21d-207572defc97</UUID>
        <Info>Standard</Info>
      </ProductBackendInfo>
      <ProductBackendInfo name="Skye.AttributeAlias">
        <UUID>454fcea8-a215-419d-9aba-b42a77ec4d78</UUID>
        <Info />
      </ProductBackendInfo>
      <ProductBackendInfo name="Skye.ValidateOnAction">
        <UUID>5d7a5bf8-394f-42ee-bd57-83e20e656de5</UUID>
        <Info>False</Info>
      </ProductBackendInfo>
      <ProductBackendInfo name="Skye.StyleClass">
        <UUID>800a13e3-30cb-4916-9276-2bfadc664c72</UUID>
        <Info>skyeAccordionNext</Info>
      </ProductBackendInfo>
      <ProductBackendInfo name="Skye.ActionAttribute.BindInvisibleCaptchaChallenge">
        <UUID>898c8bfd-7e96-4407-ad85-570bf9495f86</UUID>
        <Info>False</Info>
      </ProductBackendInfo>
      <ProductBackendInfo name="Skye.AllowValueSetViaUnencryptedURL">
        <UUID>8a1c8e2c-d8de-4886-9c79-293e2c996c76</UUID>
        <Info>False</Info>
      </ProductBackendInfo>
      <ProductBackendInfo name="Skye.TransitionProcessStep">
        <UUID>9b682734-7cb7-4d3e-bf62-ac431c0707aa</UUID>
        <Info>HomeCreatePolicy:PaymentDetails</Info>
      </ProductBackendInfo>
      <ProductBackendInfo name="Skye.UpdateProcessOnAction">
        <UUID>aaf31267-2b67-491d-813c-af33f22595ec</UUID>
        <Info>True</Info>
      </ProductBackendInfo>
      <ProductBackendInfo name="Skye.ProcessExitPoint">
        <UUID>b336d7fd-6cad-4b38-ae68-46ca7726c632</UUID>
        <Info>False</Info>
      </ProductBackendInfo>
      <ProductBackendInfo name="Skye.sendEventWithValidationErrorsAnalytics">
        <UUID>cc694f3b-577d-45ae-80e0-4a72e3b491e5</UUID>
        <Info>False</Info>
      </ProductBackendInfo>
      <ProductBackendInfo name="Skye.PersistOnAction">
        <UUID>d24e17ec-fb67-4288-994e-c0dc1e6f8e34</UUID>
        <Info>False</Info>
      </ProductBackendInfo>
      <ProductBackendInfo name="Skye.ControllerActionName">
        <UUID>e3025b03-eb3c-4ab7-b109-9e171fb9b2ba</UUID>
        <Info>CaptureCustomerDetails</Info>
      </ProductBackendInfo>
      <DefinitionValueRelation>
        <UUID>11ea11e6-743e-6e54-9bb3-63709490e9be</UUID>
        <DefinitionValueUUID>6bffc3b4-75f3-4909-9c7b-cc6416c59fcb</DefinitionValueUUID>
      </DefinitionValueRelation>
    </ProductPolicyAttribute>
    <ProductPolicyAttribute name="BackToQuickQuote" visibilityLevel="4" mandatory="false" unit="" format="" numberOfDecimals="0" attributeClass=" " type="Action">
      <UUID>30ea5ac4-848e-47c5-b0a8-b4ea40bfaa0a</UUID>
      <SortOrder>99</SortOrder>
      <InputType>Textbox</InputType>
      <DataType>String</DataType>
      <MaxLength>4000</MaxLength>
      <MinLength>0</MinLength>
      <ProductTextRelation>
        <ProductTextUUID>27e8c800-67be-4aaf-84e3-3a681d3ca7f3</ProductTextUUID>
      </ProductTextRelation>
      <ProductValueRangeRelation>
        <UUID>a9ba257e-f212-4e67-a62f-0cd82bf25689</UUID>
        <SortOrder>99</SortOrder>
        <ProductValueRangeUUID>a6bf0e73-a93d-43a2-a626-f67b77452faf</ProductValueRangeUUID>
      </ProductValueRangeRelation>
      <ProductBackendInfo name="Skye.ProcessExitPoint">
        <UUID>0f523af2-92ad-412c-b048-c75f5820eb07</UUID>
        <Info>False</Info>
      </ProductBackendInfo>
      <ProductBackendInfo name="Skye.AllowValueSetViaUnencryptedURL">
        <UUID>24b8ca3f-3ecc-463a-828c-96e5174107fe</UUID>
        <Info>False</Info>
      </ProductBackendInfo>
      <ProductBackendInfo name="Skye.PersistOnAction">
        <UUID>2ab96f0e-897d-4de5-b542-df1126d3fea5</UUID>
        <Info>False</Info>
      </ProductBackendInfo>
      <ProductBackendInfo name="Skye.UpdateProcessOnAction">
        <UUID>56c5b796-17d5-4638-ba4c-6d36b7730e92</UUID>
        <Info>True</Info>
      </ProductBackendInfo>
      <ProductBackendInfo name="Skye.sendEventWithValidationErrorsAnalytics">
        <UUID>8662d4b1-ba94-48e8-aabb-fd5ea4d68ba9</UUID>
        <Info>False</Info>
      </ProductBackendInfo>
      <ProductBackendInfo name="Skye.ControllerActionName">
        <UUID>9d54964a-579b-4f19-97c8-a7c0fc6d99cd</UUID>
        <Info>BackToQuickQuote</Info>
      </ProductBackendInfo>
      <ProductBackendInfo name="Skye.ValidateOnAction">
        <UUID>a376dd4d-76db-4ead-a68c-4b9db8bf162c</UUID>
        <Info>False</Info>
      </ProductBackendInfo>
      <ProductBackendInfo name="Skye.ActionAttribute.BindInvisibleCaptchaChallenge">
        <UUID>c69c9b4f-4ffc-47d8-b0c8-890ed23b1d8c</UUID>
        <Info>False</Info>
      </ProductBackendInfo>
      <ProductBackendInfo name="Skye.StyleClass">
        <UUID>cecc41b8-fe7f-4345-9f45-fb069ca09d37</UUID>
        <Info>skyeAccordionBack</Info>
      </ProductBackendInfo>
      <ProductBackendInfo name="Skye.Core.DataSecurity">
        <UUID>dd6e0eab-1a9e-4460-bed3-9a0fffbd7c14</UUID>
        <Info>Standard</Info>
      </ProductBackendInfo>
      <ProductBackendInfo name="Skye.TransitionProcessStep">
        <UUID>e8b99aa1-30ca-4f74-800f-07e2c3031949</UUID>
        <Info>HomeCreatePolicy:QuickQuote</Info>
      </ProductBackendInfo>
      <ProductBackendInfo name="Skye.AttributeAlias">
        <UUID>fa2ed9b2-300c-4e6b-a2bc-239fb5fe2613</UUID>
        <Info />
      </ProductBackendInfo>
      <DefinitionValueRelation>
        <UUID>11ea11e6-743e-6e57-9bb3-63709490e9be</UUID>
        <DefinitionValueUUID>998fb1cb-cddb-4547-97e8-2a1d30ca58a0</DefinitionValueUUID>
      </DefinitionValueRelation>
    </ProductPolicyAttribute>
    <ProductBackendInfo name="Skye.MultibrickType">
      <UUID>9cd82b4a-d612-463c-bdea-dc25420ab25a</UUID>
      <Info />
    </ProductBackendInfo>
  </ProductBrick>
  <ProductBrick name="HomeCreatePolicy:PaymentDetails" visibilityLevel="2" brickClass=" " isAbstract="false" typeId="0">
    <UUID>b68515c7-6f7d-41ab-9b23-8ead269988d7</UUID>
    <SortOrder>30</SortOrder>
    <MinimumUsage>1</MinimumUsage>
    <MaximumUsage>1</MaximumUsage>
    <InitialUsage>1</InitialUsage>
    <PredecessorBrickUUID />
    <PredecessorBrickName />
    <ProductTextRelation>
      <ProductTextUUID>ec5e9862-2f82-40f6-a9f6-cea280d805ac</ProductTextUUID>
    </ProductTextRelation>
    <ProductPolicyAttribute name="CapturePaymentDetails" visibilityLevel="4" mandatory="false" unit="" format="" numberOfDecimals="0" attributeClass=" " type="Action">
      <UUID>29760871-d66b-4276-a2f1-3e5f1699456d</UUID>
      <SortOrder>99</SortOrder>
      <InputType>Textbox</InputType>
      <DataType>String</DataType>
      <MaxLength>4000</MaxLength>
      <MinLength>0</MinLength>
      <ProductTextRelation>
        <ProductTextUUID>9b785cd8-26ee-44d2-bb04-4026a5fdabe4</ProductTextUUID>
      </ProductTextRelation>
      <ProductValueRangeRelation>
        <UUID>124c125b-c097-4aae-9031-cd2ac1b6b510</UUID>
        <SortOrder>99</SortOrder>
        <ProductValueRangeUUID>bd967997-9dee-4f57-980c-eb41172c8ec4</ProductValueRangeUUID>
      </ProductValueRangeRelation>
      <ProductBackendInfo name="Skye.StyleClass">
        <UUID>3dda5867-7596-4795-884c-091bcf503946</UUID>
        <Info>skyeAccordionNext</Info>
      </ProductBackendInfo>
      <ProductBackendInfo name="Skye.ValidateOnAction">
        <UUID>455ebdcb-d14e-456c-ac8f-86622ebdc38e</UUID>
        <Info>True</Info>
      </ProductBackendInfo>
      <ProductBackendInfo name="Skye.ControllerActionName">
        <UUID>57a18e78-044e-44df-9b5c-39a8305cd040</UUID>
        <Info>CapturePaymentDetails</Info>
      </ProductBackendInfo>
      <ProductBackendInfo name="Skye.TransitionProcessStep">
        <UUID>57e554e1-d47a-4ebc-939a-42eca54037f2</UUID>
        <Info>HomeCreatePolicy:Confirmation</Info>
      </ProductBackendInfo>
      <ProductBackendInfo name="Skye.Core.DataSecurity">
        <UUID>67a8a982-07b9-4a5b-8862-43006a1fd411</UUID>
        <Info>Standard</Info>
      </ProductBackendInfo>
      <ProductBackendInfo name="Skye.sendEventWithValidationErrorsAnalytics">
        <UUID>81c55112-4640-4420-bc19-6d7b3efc8acc</UUID>
        <Info>False</Info>
      </ProductBackendInfo>
      <ProductBackendInfo name="Skye.UpdateProcessOnAction">
        <UUID>9af1568f-4656-47d1-bedd-00629cd45d45</UUID>
        <Info>True</Info>
      </ProductBackendInfo>
      <ProductBackendInfo name="Skye.AllowValueSetViaUnencryptedURL">
        <UUID>a35d5b85-d5ec-4d6a-85f8-913fa8e7d364</UUID>
        <Info>False</Info>
      </ProductBackendInfo>
      <ProductBackendInfo name="Skye.ProcessExitPoint">
        <UUID>c1f7fcfd-0202-4038-b0b5-211535ac738f</UUID>
        <Info>False</Info>
      </ProductBackendInfo>
      <ProductBackendInfo name="Skye.AttributeAlias">
        <UUID>c2113e30-db9c-4256-aad9-39eb30a56972</UUID>
        <Info />
      </ProductBackendInfo>
      <ProductBackendInfo name="Skye.PersistOnAction">
        <UUID>e46b66c3-c74d-467f-a063-f52ed1f75ab9</UUID>
        <Info>False</Info>
      </ProductBackendInfo>
      <ProductBackendInfo name="Skye.ActionAttribute.BindInvisibleCaptchaChallenge">
        <UUID>e96576be-f472-43da-b355-549302ba7d79</UUID>
        <Info>False</Info>
      </ProductBackendInfo>
      <DefinitionValueRelation>
        <UUID>11ea11e6-743e-6e5c-9bb3-63709490e9be</UUID>
        <DefinitionValueUUID>4b860116-659c-4331-9ce7-bd6358de188b</DefinitionValueUUID>
      </DefinitionValueRelation>
    </ProductPolicyAttribute>
    <ProductPolicyAttribute name="BackToCustomerDetails" visibilityLevel="4" mandatory="false" unit="" format="" numberOfDecimals="0" attributeClass=" " type="Action">
      <UUID>702042e5-9b93-4531-88e4-a53a07b03c78</UUID>
      <SortOrder>99</SortOrder>
      <InputType>Textbox</InputType>
      <DataType>String</DataType>
      <MaxLength>4000</MaxLength>
      <MinLength>0</MinLength>
      <ProductTextRelation>
        <ProductTextUUID>19e0ee45-3b10-41e9-9520-8a4e826948ce</ProductTextUUID>
      </ProductTextRelation>
      <ProductValueRangeRelation>
        <UUID>de76e9bd-5740-4a29-9f7f-ee27835a4578</UUID>
        <SortOrder>99</SortOrder>
        <ProductValueRangeUUID>ecc4d0ae-54d2-4b5c-99a3-dd2ef41f9e15</ProductValueRangeUUID>
      </ProductValueRangeRelation>
      <ProductBackendInfo name="Skye.ValidateOnAction">
        <UUID>16d931c6-e57f-4923-98d0-991c092909c3</UUID>
        <Info>False</Info>
      </ProductBackendInfo>
      <ProductBackendInfo name="Skye.AllowValueSetViaUnencryptedURL">
        <UUID>2c8b580d-9f14-4aac-8ebd-e16ba7d0adb2</UUID>
        <Info>False</Info>
      </ProductBackendInfo>
      <ProductBackendInfo name="Skye.PersistOnAction">
        <UUID>3c6894bb-fa6f-49a5-8836-57ea0081a446</UUID>
        <Info>False</Info>
      </ProductBackendInfo>
      <ProductBackendInfo name="Skye.Core.DataSecurity">
        <UUID>59bec5fa-d3da-42c5-93a8-58065fef143d</UUID>
        <Info>Standard</Info>
      </ProductBackendInfo>
      <ProductBackendInfo name="Skye.StyleClass">
        <UUID>70729dd7-d6d8-4546-90f5-330eb580463a</UUID>
        <Info>skyeAccordionBack</Info>
      </ProductBackendInfo>
      <ProductBackendInfo name="Skye.ActionAttribute.BindInvisibleCaptchaChallenge">
        <UUID>7de09368-8289-432c-bcd5-367143bde463</UUID>
        <Info>False</Info>
      </ProductBackendInfo>
      <ProductBackendInfo name="Skye.UpdateProcessOnAction">
        <UUID>887e35bf-0467-44da-a674-f2e2cff40b72</UUID>
        <Info>True</Info>
      </ProductBackendInfo>
      <ProductBackendInfo name="Skye.sendEventWithValidationErrorsAnalytics">
        <UUID>a8fc8d01-2053-4091-bf9d-6ebb641feeac</UUID>
        <Info>False</Info>
      </ProductBackendInfo>
      <ProductBackendInfo name="Skye.TransitionProcessStep">
        <UUID>aec6c6ca-7b5e-4e2c-9f15-b9abfd8c493b</UUID>
        <Info>HomeCreatePolicy:Details</Info>
      </ProductBackendInfo>
      <ProductBackendInfo name="Skye.AttributeAlias">
        <UUID>bbacce97-8154-4754-9a35-f5ebc25dc779</UUID>
        <Info />
      </ProductBackendInfo>
      <ProductBackendInfo name="Skye.ControllerActionName">
        <UUID>c24cc69b-55ed-4fce-9be1-65897bf9777c</UUID>
        <Info>BackToCustomerDetails</Info>
      </ProductBackendInfo>
      <ProductBackendInfo name="Skye.ProcessExitPoint">
        <UUID>ca739334-0172-49a4-889a-2da808605714</UUID>
        <Info>False</Info>
      </ProductBackendInfo>
      <DefinitionValueRelation>
        <UUID>11ea11e6-743e-6e5d-9bb3-63709490e9be</UUID>
        <DefinitionValueUUID>99e3bb3b-9f2a-4ad6-ab99-92a1c4c109ba</DefinitionValueUUID>
      </DefinitionValueRelation>
    </ProductPolicyAttribute>
    <ProductBackendInfo name="Skye.MultibrickType">
      <UUID>003abef1-3165-4645-a5d7-13b9757fe0cb</UUID>
      <Info />
    </ProductBackendInfo>
  </ProductBrick>
  <ProductBrick name="HomeCreatePolicy:Confirmation" visibilityLevel="2" brickClass=" " isAbstract="false" typeId="0">
    <UUID>33158d7c-46fe-42d0-a8ed-8c26b14aec6b</UUID>
    <SortOrder>40</SortOrder>
    <MinimumUsage>1</MinimumUsage>
    <MaximumUsage>1</MaximumUsage>
    <InitialUsage>1</InitialUsage>
    <PredecessorBrickUUID />
    <PredecessorBrickName />
    <ProductTextRelation>
      <ProductTextUUID>947a5493-d35a-462b-ba20-13bec885a699</ProductTextUUID>
    </ProductTextRelation>
    <ProductPolicyAttribute name="Home" visibilityLevel="4" mandatory="false" unit="" format="" numberOfDecimals="0" attributeClass=" " type="Action">
      <UUID>20ec92e9-56db-4999-b940-7cdb0ba50c34</UUID>
      <SortOrder>99</SortOrder>
      <InputType>Textbox</InputType>
      <DataType>String</DataType>
      <MaxLength>4000</MaxLength>
      <MinLength>0</MinLength>
      <ProductTextRelation>
        <ProductTextUUID>51da0867-ea82-4fca-be05-f1e5bb704a9b</ProductTextUUID>
      </ProductTextRelation>
      <ProductValueRangeRelation>
        <UUID>f4f19bae-0959-40b4-a406-36ee63507c55</UUID>
        <SortOrder>99</SortOrder>
        <ProductValueRangeUUID>2d6c48c4-01f7-48d6-80ab-e81961e82c5a</ProductValueRangeUUID>
      </ProductValueRangeRelation>
      <ProductBackendInfo name="Skye.StyleClass">
        <UUID>154cad7e-f3d6-4334-9c7b-b64d867f8a39</UUID>
        <Info>skyeAccordionAction</Info>
      </ProductBackendInfo>
      <ProductBackendInfo name="Skye.ActionAttribute.BindInvisibleCaptchaChallenge">
        <UUID>3dc8f7b6-9645-4f25-adf7-24facd3f768c</UUID>
        <Info>False</Info>
      </ProductBackendInfo>
      <ProductBackendInfo name="Skye.AllowValueSetViaUnencryptedURL">
        <UUID>414885a1-7afb-4aff-a4ee-32cbc3857afc</UUID>
        <Info>False</Info>
      </ProductBackendInfo>
      <ProductBackendInfo name="Skye.PersistOnAction">
        <UUID>630d2872-6d9b-4296-8abc-6ab7e295aaf1</UUID>
        <Info>False</Info>
      </ProductBackendInfo>
      <ProductBackendInfo name="Skye.Core.DataSecurity">
        <UUID>891b3090-2ca9-4751-b0ba-61b2d84e1703</UUID>
        <Info>Standard</Info>
      </ProductBackendInfo>
      <ProductBackendInfo name="Skye.UpdateProcessOnAction">
        <UUID>9136698e-0f1f-4fb0-a32c-fb24d5aff746</UUID>
        <Info>False</Info>
      </ProductBackendInfo>
      <ProductBackendInfo name="Skye.AttributeAlias">
        <UUID>a374d6a8-6e48-4ceb-9284-9223d0ce35d4</UUID>
        <Info />
      </ProductBackendInfo>
      <ProductBackendInfo name="Skye.TransitionProcessStep">
        <UUID>c8852762-f158-4611-a424-723182c7ec93</UUID>
        <Info />
      </ProductBackendInfo>
      <ProductBackendInfo name="Skye.ProcessExitPoint">
        <UUID>e493fdea-5be3-4a7c-a327-1cfb2e278bde</UUID>
        <Info>True</Info>
      </ProductBackendInfo>
      <ProductBackendInfo name="Skye.ValidateOnAction">
        <UUID>f0cfa22a-5a1d-40b0-b256-da4c4a32ab00</UUID>
        <Info>False</Info>
      </ProductBackendInfo>
      <ProductBackendInfo name="Skye.ControllerActionName">
        <UUID>f38ebfff-307b-4c84-a61f-de13d8f61d64</UUID>
        <Info>Home</Info>
      </ProductBackendInfo>
      <ProductBackendInfo name="Skye.sendEventWithValidationErrorsAnalytics">
        <UUID>fda8a763-fafa-4fd4-a9d4-9fced23c86eb</UUID>
        <Info>False</Info>
      </ProductBackendInfo>
      <DefinitionValueRelation>
        <UUID>11ea11e6-743e-6e5b-9bb3-63709490e9be</UUID>
        <DefinitionValueUUID>738cbff8-89cf-4cf6-9c62-eeb3827d6686</DefinitionValueUUID>
      </DefinitionValueRelation>
    </ProductPolicyAttribute>
    <ProductPolicyAttribute name="BackToPaymentDetails" visibilityLevel="4" mandatory="false" unit="" format="" numberOfDecimals="0" attributeClass=" " type="Action">
      <UUID>3c508114-3bd2-4b06-ada1-e631408083aa</UUID>
      <SortOrder>99</SortOrder>
      <InputType>Textbox</InputType>
      <DataType>String</DataType>
      <MaxLength>4000</MaxLength>
      <MinLength>0</MinLength>
      <ProductTextRelation>
        <ProductTextUUID>0d5ed4bf-cfa6-40ba-a76f-12e2f1be8fcb</ProductTextUUID>
      </ProductTextRelation>
      <ProductValueRangeRelation>
        <UUID>15775670-9fb1-4fcc-afb1-ee19f4d49c99</UUID>
        <SortOrder>99</SortOrder>
        <ProductValueRangeUUID>925e840d-05c4-4f92-bbaf-bb471dad561a</ProductValueRangeUUID>
      </ProductValueRangeRelation>
      <ProductBackendInfo name="Skye.TransitionProcessStep">
        <UUID>1ba51138-06d1-45f6-bc62-8bf3896e9dab</UUID>
        <Info>HomeCreatePolicy:PaymentDetails</Info>
      </ProductBackendInfo>
      <ProductBackendInfo name="Skye.PersistOnAction">
        <UUID>30b5c1dc-a671-4f70-8ed4-5160427677f5</UUID>
        <Info>False</Info>
      </ProductBackendInfo>
      <ProductBackendInfo name="Skye.ControllerActionName">
        <UUID>371f326a-e1df-4cd6-bf8b-88189d4c465c</UUID>
        <Info>BackToPaymentDetails</Info>
      </ProductBackendInfo>
      <ProductBackendInfo name="Skye.AttributeAlias">
        <UUID>5d9ecd77-80ae-494b-ac2b-907f9fe0f95b</UUID>
        <Info />
      </ProductBackendInfo>
      <ProductBackendInfo name="Skye.Core.DataSecurity">
        <UUID>75879163-f2ad-448a-a5fe-252cbac370c2</UUID>
        <Info>Standard</Info>
      </ProductBackendInfo>
      <ProductBackendInfo name="Skye.StyleClass">
        <UUID>7b760841-ff6d-42e9-b1b4-9529bcdcd4d5</UUID>
        <Info>skyeAccordionBack</Info>
      </ProductBackendInfo>
      <ProductBackendInfo name="Skye.ValidateOnAction">
        <UUID>81c7638b-aac1-4fae-b30d-e559ef018fd1</UUID>
        <Info>False</Info>
      </ProductBackendInfo>
      <ProductBackendInfo name="Skye.ActionAttribute.BindInvisibleCaptchaChallenge">
        <UUID>834c342a-acdf-44f9-a440-0a7cbf4a1a46</UUID>
        <Info>False</Info>
      </ProductBackendInfo>
      <ProductBackendInfo name="Skye.AllowValueSetViaUnencryptedURL">
        <UUID>9694d2ad-b0e7-45cb-9905-532a2df8baac</UUID>
        <Info>False</Info>
      </ProductBackendInfo>
      <ProductBackendInfo name="Skye.sendEventWithValidationErrorsAnalytics">
        <UUID>9e74b794-0a63-4cae-9518-3dbb559e370c</UUID>
        <Info>False</Info>
      </ProductBackendInfo>
      <ProductBackendInfo name="Skye.UpdateProcessOnAction">
        <UUID>d04dcb6c-3d04-447f-ab0f-85746a2d5d78</UUID>
        <Info>True</Info>
      </ProductBackendInfo>
      <ProductBackendInfo name="Skye.ProcessExitPoint">
        <UUID>fda5a6e2-2825-49dc-a39d-8c36e2965fd3</UUID>
        <Info>False</Info>
      </ProductBackendInfo>
      <DefinitionValueRelation>
        <UUID>11ea11e6-743e-6e59-9bb3-63709490e9be</UUID>
        <DefinitionValueUUID>c1e742cb-7f03-4ee4-8ac3-1af10eecffc6</DefinitionValueUUID>
      </DefinitionValueRelation>
    </ProductPolicyAttribute>
    <ProductPolicyAttribute name="@RedirectUrl" visibilityLevel="0" mandatory="false" unit="" format="" numberOfDecimals="0" attributeClass=" " type="Standard">
      <UUID>42440377-ce01-44bd-b281-ce2c7da3d72b</UUID>
      <SortOrder>99</SortOrder>
      <InputType>Textbox</InputType>
      <DataType>String</DataType>
      <MaxLength>4000</MaxLength>
      <MinLength>0</MinLength>
      <ProductBackendInfo name="Skye.Core.DataSecurity">
        <UUID>8a432c77-e6d7-494d-bed5-e2ed6fce51a6</UUID>
        <Info>Standard</Info>
      </ProductBackendInfo>
      <ProductBackendInfo name="Skye.AttributeAlias">
        <UUID>cf36241f-9b46-4378-84f9-ddc551b5f5b0</UUID>
        <Info />
      </ProductBackendInfo>
      <ProductBackendInfo name="Skye.AllowValueSetViaUnencryptedURL">
        <UUID>fe80339a-d9da-4542-b19d-702b3a4c76f7</UUID>
        <Info>False</Info>
      </ProductBackendInfo>
      <DefinitionValueRelation>
        <UUID>11ea11e6-743e-6e56-9bb3-63709490e9be</UUID>
        <DefinitionValueUUID>8bac4ce2-be80-4d7c-8c1c-cb502e4c47ac</DefinitionValueUUID>
      </DefinitionValueRelation>
    </ProductPolicyAttribute>
    <ProductBackendInfo name="Skye.MultibrickType">
      <UUID>4540bfcc-337e-4515-b508-ef7c40363c56</UUID>
      <Info />
    </ProductBackendInfo>
  </ProductBrick>
  <DefinitionDependentLists>
    <DefinitionDependencyDefaultValueList />
    <DefinitionDependencyValueRangeList />
    <DefinitionDependencyVisibilityList />
    <DefinitionDependencyMandatoryList />
    <DefinitionDependencyToDependencyList />
    <DefinitionDependencyValueRangeFilterValuesList />
    <DefinitionDependencyDataSourceAttributeList />
  </DefinitionDependentLists>
</Product>