﻿<?xml version="1.0" encoding="utf-8"?>
<Product xmlns:xsd="http://www.w3.org/2001/XMLSchema" xmlns:xsi="http://www.w3.org/2001/XMLSchema-instance" name="MotorCreatePolicyInsuredsInformationUIDefinition" lastChanged="2019-10-24T07:39:09.8251142Z" implementationClass="" modelType="uidefinition" subModelType="ProcessLayout" skyeEditorVersion="7.15.0.16">
  <UUID>585723b0-6bd2-429d-b674-32081d75ec48</UUID>
  <BusinessUnit> </BusinessUnit>
  <Section> </Section>
  <ProductTextList>
    <ProductText name="header" language="en" country="US">
      <UUID>18f9cd38-ba5d-4058-8e6a-24a17ca00c48</UUID>
      <Text>First driver</Text>
    </ProductText>
    <ProductText name="header" language="en" country="US">
      <UUID>3db18328-d68b-48f8-9a95-e8a6e4c7ba19</UUID>
      <Text>Second driver</Text>
    </ProductText>
    <ProductText name="header" language="en" country="US">
      <UUID>02032c85-77f0-4ac5-a277-d00c88a97434</UUID>
      <Text>Package</Text>
    </ProductText>
    <ProductText name="header" language="en" country="US">
      <UUID>88f51fad-2394-4913-848e-49c37e6e5826</UUID>
      <Text>Address</Text>
    </ProductText>
    <ProductText name="header" language="en" country="US">
      <UUID>811cbeb4-df5c-4098-a560-bb4b44084fc3</UUID>
      <Text>Address</Text>
    </ProductText>
  </ProductTextList>
  <ProductValueRangeList />
  <DefinitionBusinessObjectContextList />
  <DefinitionResourceList />
  <AbstractProductBrickList />
  <ProductValueList />
  <ProductBrick name="PanelGroup" visibilityLevel="3" brickClass="" isAbstract="false" typeId="0">
    <UUID>0e1aa907-3240-42a2-9a2b-5386e52d2fef</UUID>
    <SortOrder>10</SortOrder>
    <MinimumUsage>1</MinimumUsage>
    <MaximumUsage>1</MaximumUsage>
    <InitialUsage>1</InitialUsage>
    <ProductBrick name="FirstDriver" visibilityLevel="3" brickClass="" isAbstract="false" typeId="0">
      <UUID>6211f99c-51ac-4727-9783-c69ce62379c2</UUID>
      <SortOrder>10</SortOrder>
      <MinimumUsage>1</MinimumUsage>
      <MaximumUsage>1</MaximumUsage>
      <InitialUsage>1</InitialUsage>
      <ProductTextRelation>
        <UUID>3cacad01-6178-4636-8cfb-49df6b46d456</UUID>
        <ProductTextUUID>18f9cd38-ba5d-4058-8e6a-24a17ca00c48</ProductTextUUID>
      </ProductTextRelation>
      <ProductBrick name="NoStyleGroup1" visibilityLevel="3" brickClass="" isAbstract="false" typeId="0">
        <UUID>6c601513-53c0-42f9-8e20-7f0a2f0585b0</UUID>
        <SortOrder>10</SortOrder>
        <MinimumUsage>1</MinimumUsage>
        <MaximumUsage>1</MaximumUsage>
        <InitialUsage>1</InitialUsage>
        <ProductBrick name="Address" visibilityLevel="3" brickClass="" isAbstract="false" typeId="0">
          <UUID>9e917139-284e-4eb6-bd53-6838c2e62bd1</UUID>
          <SortOrder>10</SortOrder>
          <MinimumUsage>1</MinimumUsage>
          <MaximumUsage>1</MaximumUsage>
          <InitialUsage>1</InitialUsage>
          <ProductTextRelation>
            <UUID>9ac8b721-0feb-4074-b1fb-2b4cd43dd1e9</UUID>
            <ProductTextUUID>88f51fad-2394-4913-848e-49c37e6e5826</ProductTextUUID>
          </ProductTextRelation>
          <ProductBackendInfo name="Skye.NumberOfColumns">
            <UUID>8bc673d1-f00b-446c-bcc4-cdc48e2bbce6</UUID>
            <Info>2</Info>
          </ProductBackendInfo>
          <ProductBackendInfo name="Skye.DisplayControlWithEmptyContent">
            <UUID>ccc30e54-59d1-4dd1-b3cc-d23833576b2f</UUID>
            <Info>False</Info>
          </ProductBackendInfo>
          <ProductBackendInfo name="Skye.StyleClass">
            <UUID>dfa34943-61c6-4357-ade5-f5436cdddeaa</UUID>
            <Info />
          </ProductBackendInfo>
          <ProductBackendInfo name="Skye.MultibrickType">
            <UUID>c34bb2e8-f7f5-4372-aad0-bb9444b2ad6e</UUID>
            <Info />
          </ProductBackendInfo>
        </ProductBrick>
        <ProductBackendInfo name="Skye.ProcessStepUIType">
          <UUID>56995cce-6cb8-40d9-a884-a45757595767</UUID>
          <Info>NoStyleFieldsetGroup</Info>
        </ProductBackendInfo>
        <ProductBackendInfo name="Skye.StyleClass">
          <UUID>c128b87c-b7fe-4564-b454-9a9f67430b88</UUID>
          <Info />
        </ProductBackendInfo>
        <ProductBackendInfo name="Skye.MultibrickType">
          <UUID>95b72579-ea2a-4406-95eb-5c305d457d0f</UUID>
          <Info />
        </ProductBackendInfo>
      </ProductBrick>
      <ProductBackendInfo name="Skye.NumberOfColumns">
        <UUID>d260ba6e-0592-4b4f-bb96-6eda55d5da4e</UUID>
        <Info>2</Info>
      </ProductBackendInfo>
      <ProductBackendInfo name="Skye.DisplayControlWithEmptyContent">
        <UUID>c11afa24-cba7-4240-a7f5-8883ea5b821d</UUID>
        <Info>True</Info>
      </ProductBackendInfo>
      <ProductBackendInfo name="Skye.StyleClass">
        <UUID>a92fc853-9077-45e1-823e-4201cc3d3c95</UUID>
        <Info />
      </ProductBackendInfo>
      <ProductBackendInfo name="Skye.MultibrickType">
        <UUID>8c93af75-4085-4c98-9937-370be48daa7c</UUID>
        <Info />
      </ProductBackendInfo>
    </ProductBrick>
    <ProductBrick name="SecondDriver" visibilityLevel="3" brickClass="" isAbstract="false" typeId="0">
      <UUID>289b5cf1-83bd-417b-acb8-209fafc765a0</UUID>
      <SortOrder>20</SortOrder>
      <MinimumUsage>1</MinimumUsage>
      <MaximumUsage>1</MaximumUsage>
      <InitialUsage>1</InitialUsage>
      <ProductTextRelation>
        <UUID>ead4180d-bcb3-46df-a37d-1edb18292339</UUID>
        <ProductTextUUID>3db18328-d68b-48f8-9a95-e8a6e4c7ba19</ProductTextUUID>
      </ProductTextRelation>
      <ProductBrick name="NoStyleGroup2" visibilityLevel="3" brickClass="" isAbstract="false" typeId="0">
        <UUID>fee76d3f-4a49-4d58-a2ea-8ffe3bb857a0</UUID>
        <SortOrder>10</SortOrder>
        <MinimumUsage>1</MinimumUsage>
        <MaximumUsage>1</MaximumUsage>
        <InitialUsage>1</InitialUsage>
        <ProductBrick name="Address2" visibilityLevel="3" brickClass="" isAbstract="false" typeId="0">
          <UUID>614d9318-7532-4ce8-8649-65dec756120e</UUID>
          <SortOrder>10</SortOrder>
          <MinimumUsage>1</MinimumUsage>
          <MaximumUsage>1</MaximumUsage>
          <InitialUsage>1</InitialUsage>
          <ProductTextRelation>
            <UUID>bb74d399-93da-4c02-9f4d-c55e24718289</UUID>
            <ProductTextUUID>811cbeb4-df5c-4098-a560-bb4b44084fc3</ProductTextUUID>
          </ProductTextRelation>
          <ProductBackendInfo name="Skye.NumberOfColumns">
            <UUID>b279eda5-59ce-4fcc-9a97-41d8a486f91f</UUID>
            <Info>2</Info>
          </ProductBackendInfo>
          <ProductBackendInfo name="Skye.DisplayControlWithEmptyContent">
            <UUID>f9a47697-f787-4926-b2a5-f353dd31dc82</UUID>
            <Info>False</Info>
          </ProductBackendInfo>
          <ProductBackendInfo name="Skye.StyleClass">
            <UUID>74f63ead-a529-4bb4-b00d-18462ce9293f</UUID>
            <Info />
          </ProductBackendInfo>
          <ProductBackendInfo name="Skye.MultibrickType">
            <UUID>8c588eb3-fd21-4bf1-acf0-3f4c41a4d3c5</UUID>
            <Info />
          </ProductBackendInfo>
        </ProductBrick>
        <ProductBackendInfo name="Skye.ProcessStepUIType">
          <UUID>2f33c797-15f2-4282-8197-e49dfb6f7e84</UUID>
          <Info>NoStyleFieldsetGroup</Info>
        </ProductBackendInfo>
        <ProductBackendInfo name="Skye.StyleClass">
          <UUID>048f57d3-2830-4218-95c5-265f95c9b94a</UUID>
          <Info />
        </ProductBackendInfo>
        <ProductBackendInfo name="Skye.MultibrickType">
          <UUID>aedadcdf-e950-4087-9dc0-87678fb82413</UUID>
          <Info />
        </ProductBackendInfo>
      </ProductBrick>
      <ProductBackendInfo name="Skye.NumberOfColumns">
        <UUID>e48fb2ba-8d64-4e7b-826e-0c051042075b</UUID>
        <Info>2</Info>
      </ProductBackendInfo>
      <ProductBackendInfo name="Skye.DisplayControlWithEmptyContent">
        <UUID>67c40eb4-d93b-4571-82ab-10087b074494</UUID>
        <Info>False</Info>
      </ProductBackendInfo>
      <ProductBackendInfo name="Skye.StyleClass">
        <UUID>a152a325-aa68-4aea-b1c7-a09b255720f7</UUID>
        <Info />
      </ProductBackendInfo>
      <ProductBackendInfo name="Skye.MultibrickType">
        <UUID>f174b24a-0abf-4a1a-ab51-f3853489e498</UUID>
        <Info />
      </ProductBackendInfo>
    </ProductBrick>
    <ProductBrick name="Package" visibilityLevel="3" brickClass="" isAbstract="false" typeId="0">
      <UUID>309cc681-3a80-4ce0-bf03-6ccbbfc8b61e</UUID>
      <SortOrder>30</SortOrder>
      <MinimumUsage>1</MinimumUsage>
      <MaximumUsage>1</MaximumUsage>
      <InitialUsage>1</InitialUsage>
      <ProductTextRelation>
        <UUID>f5efe355-242e-4435-9a3a-ba952275cb67</UUID>
        <ProductTextUUID>02032c85-77f0-4ac5-a277-d00c88a97434</ProductTextUUID>
      </ProductTextRelation>
      <ProductBackendInfo name="Skye.NumberOfColumns">
        <UUID>2dca7e9c-b18a-4592-bb65-f4a66dcc2305</UUID>
        <Info>1</Info>
      </ProductBackendInfo>
      <ProductBackendInfo name="Skye.DisplayControlWithEmptyContent">
        <UUID>5f3af51a-9a77-4a92-a79a-ecbe09b8e8c2</UUID>
        <Info>False</Info>
      </ProductBackendInfo>
      <ProductBackendInfo name="Skye.StyleClass">
        <UUID>79b619a2-1e8f-494e-9679-c3078334b8b4</UUID>
        <Info />
      </ProductBackendInfo>
      <ProductBackendInfo name="Skye.MultibrickType">
        <UUID>f2ca710f-675e-4544-b8d8-9a54a23e603c</UUID>
        <Info />
      </ProductBackendInfo>
    </ProductBrick>
    <ProductBackendInfo name="Skye.ProcessStepUIType">
      <UUID>6b9e523e-2a76-4ee2-a982-9912baf93938</UUID>
      <Info>PanelGroup</Info>
    </ProductBackendInfo>
    <ProductBackendInfo name="Skye.StyleClass">
      <UUID>218484c4-01f4-4ea1-b27f-1d97cbaada65</UUID>
      <Info />
    </ProductBackendInfo>
    <ProductBackendInfo name="Skye.MultibrickType">
      <UUID>424d200e-3f09-4587-b2d8-ff7369515b29</UUID>
      <Info />
    </ProductBackendInfo>
  </ProductBrick>
  <DefinitionDependentLists>
    <DefinitionDependencyDefaultValueList />
    <DefinitionDependencyValueRangeList />
    <DefinitionDependencyVisibilityList />
    <DefinitionDependencyMandatoryList />
    <DefinitionDependencyToDependencyList />
    <DefinitionDependencyValueRangeFilterValuesList />
    <DefinitionDependencyDataSourceAttributeList />
  </DefinitionDependentLists>
</Product>