﻿<?xml version="1.0" encoding="utf-8"?>
<Product xmlns:xsd="http://www.w3.org/2001/XMLSchema" xmlns:xsi="http://www.w3.org/2001/XMLSchema-instance" name="TestProduct" lastChanged="2019-12-11T12:45:51.6572898Z" implementationClass="" modelType="product" subModelType="" skyeEditorVersion="7.15.0.16">
  <UUID>f6cfb310-86cc-4764-84be-9ead89bd9a97</UUID>
  <BusinessUnit> </BusinessUnit>
  <Section> </Section>
  <ProductTextList>
    <ProductText name="short" language="en" country="US">
      <UUID>92dc9043-18db-43fd-abf8-b48f9f101452</UUID>
      <Text />
    </ProductText>
    <ProductText name="short" language="en" country="US">
      <UUID>a368bd38-2b85-4bb2-b2e8-e7ad6f1b7ba5</UUID>
      <Text />
    </ProductText>
  </ProductTextList>
  <ProductValueRangeList />
  <DefinitionBusinessObjectContextList />
  <DefinitionResourceList />
  <AbstractProductBrickList />
  <ProductValueList>
    <ProductValue name="" type="value">
      <UUID>7e7a4743-4ac2-4785-a349-4feaefb2f2fb</UUID>
      <SortOrder>0</SortOrder>
      <Value />
    </ProductValue>
    <ProductValue name="" type="value">
      <UUID>06bfaac8-e198-4480-a532-00d4b91d36fa</UUID>
      <SortOrder>0</SortOrder>
      <Value />
    </ProductValue>
  </ProductValueList>
  <ProductPolicyAttribute name="AttributeName1" visibilityLevel="0" mandatory="false" unit="" format="" numberOfDecimals="0" attributeClass="" type="Standard">
    <UUID>7fb45a80-ae0a-4912-8f80-4602f97edbc4</UUID>
    <SortOrder>99</SortOrder>
    <InputType>Textbox</InputType>
    <DataType>String</DataType>
    <MaxLength>4000</MaxLength>
    <MinLength>0</MinLength>
    <ProductTextRelation>
      <UUID>4b8ebfda-8a3e-46e0-854a-0aeae42a044d</UUID>
      <ProductTextUUID>92dc9043-18db-43fd-abf8-b48f9f101452</ProductTextUUID>
    </ProductTextRelation>
    <ProductBackendInfo name="Skye.AttributeAlias">
      <UUID>bb794cc4-6821-48b0-bdc5-aadc7edb1a23</UUID>
      <Info />
    </ProductBackendInfo>
    <ProductBackendInfo name="Skye.Core.DataSecurity">
      <UUID>bc089722-723f-4777-bf5b-54a7988bd1c8</UUID>
      <Info>Standard</Info>
    </ProductBackendInfo>
    <ProductBackendInfo name="Skye.AllowValueSetViaUnencryptedURL">
      <UUID>fcba073c-0dba-4889-a6f5-8fb279c783bc</UUID>
      <Info>False</Info>
    </ProductBackendInfo>
    <DefinitionValueRelation>
      <DefinitionValueUUID>7e7a4743-4ac2-4785-a349-4feaefb2f2fb</DefinitionValueUUID>
    </DefinitionValueRelation>
  </ProductPolicyAttribute>
  <ProductPolicyAttribute name="NewAttr2" visibilityLevel="0" mandatory="false" unit="" format="" numberOfDecimals="0" attributeClass="" type="Standard">
    <UUID>8c9d496e-90db-43d5-9f06-84366f0d90bc</UUID>
    <SortOrder>99</SortOrder>
    <InputType>Textbox</InputType>
    <DataType>String</DataType>
    <MaxLength>4000</MaxLength>
    <MinLength>0</MinLength>
    <ProductTextRelation>
      <UUID>eb064186-d67b-46f7-8829-3028815296ec</UUID>
      <ProductTextUUID>a368bd38-2b85-4bb2-b2e8-e7ad6f1b7ba5</ProductTextUUID>
    </ProductTextRelation>
    <ProductBackendInfo name="Skye.AttributeAlias">
      <UUID>5d31cc45-cebf-4eb7-8bdc-56c082cb649e</UUID>
      <Info />
    </ProductBackendInfo>
    <ProductBackendInfo name="Skye.Core.DataSecurity">
      <UUID>6a1b0d27-6ab2-43aa-b72e-a0198c960da5</UUID>
      <Info>Standard</Info>
    </ProductBackendInfo>
    <ProductBackendInfo name="Skye.AllowValueSetViaUnencryptedURL">
      <UUID>73ff29b6-d403-4833-9175-1b4efbdbbf9b</UUID>
      <Info>False</Info>
    </ProductBackendInfo>
    <DefinitionValueRelation>
      <DefinitionValueUUID>06bfaac8-e198-4480-a532-00d4b91d36fa</DefinitionValueUUID>
    </DefinitionValueRelation>
  </ProductPolicyAttribute>
  <DefinitionDependentLists>
    <DefinitionDependencyDefaultValueList />
    <DefinitionDependencyValueRangeList />
    <DefinitionDependencyVisibilityList />
    <DefinitionDependencyMandatoryList />
    <DefinitionDependencyToDependencyList />
    <DefinitionDependencyValueRangeFilterValuesList />
    <DefinitionDependencyDataSourceAttributeList />
  </DefinitionDependentLists>
</Product>