﻿<?xml version="1.0" encoding="utf-8"?>
<Product xmlns:xsd="http://www.w3.org/2001/XMLSchema" xmlns:xsi="http://www.w3.org/2001/XMLSchema-instance" name="DrivingTuition" lastChanged="2020-05-25T15:13:18.9089899Z" implementationClass="" modelType="product" subModelType="" skyeEditorVersion="7.26.1.50">
  <UUID>7372f7bb-5b5b-486b-8690-59b582b4ec1b</UUID>
  <BusinessUnit> </BusinessUnit>
  <Section> </Section>
  <ProductTextList>
    <ProductText name="label" language="en" country="US">
      <UUID>edb0563d-bf4f-44b4-be72-b6f0da190306</UUID>
      <Text />
    </ProductText>
  </ProductTextList>
  <ProductValueRangeList />
  <DefinitionBusinessObjectContextList />
  <DefinitionResourceList />
  <AbstractProductBrickList />
  <ProductValueList>
    <ProductValue name="" type="value">
      <UUID>b424ff8e-3e80-4fc7-adc8-80724cc60e4c</UUID>
      <SortOrder>0</SortOrder>
      <Value />
    </ProductValue>
  </ProductValueList>
  <ProductBrick name="Customer" visibilityLevel="3" brickClass="" isAbstract="false" typeId="0">
    <UUID>a4156ab3-923a-40c4-9dba-e020d2e6473b</UUID>
    <SortOrder>99</SortOrder>
    <MinimumUsage>1</MinimumUsage>
    <MaximumUsage>1</MaximumUsage>
    <InitialUsage>1</InitialUsage>
    <ProductBrick name="FirstName" visibilityLevel="3" brickClass="" isAbstract="false" typeId="0">
      <UUID>ed5e2268-5a31-4354-8303-da84fe14cc7b</UUID>
      <SortOrder>99</SortOrder>
      <MinimumUsage>1</MinimumUsage>
      <MaximumUsage>1</MaximumUsage>
      <InitialUsage>1</InitialUsage>
      <ProductBackendInfo name="Skye.MultibrickType">
        <UUID>7d91d182-7676-41aa-ac76-7277c0169366</UUID>
        <Info />
      </ProductBackendInfo>
    </ProductBrick>
    <ProductBackendInfo name="Skye.MultibrickType">
      <UUID>3b455b32-e23b-4efa-91f1-be2815be2ff9</UUID>
      <Info />
    </ProductBackendInfo>
  </ProductBrick>
  <ProductBrick name="Product" visibilityLevel="3" brickClass="" isAbstract="false" typeId="0">
    <UUID>ab5033c1-6736-46a0-9689-f96d5cf47163</UUID>
    <SortOrder>99</SortOrder>
    <MinimumUsage>1</MinimumUsage>
    <MaximumUsage>1</MaximumUsage>
    <InitialUsage>1</InitialUsage>
    <ProductPolicyAttribute name="TestAttribute" visibilityLevel="0" mandatory="false" unit="" format="" numberOfDecimals="0" attributeClass="" type="Standard">
      <UUID>36b34d54-50bb-4c71-b836-a2db3cf847fa</UUID>
      <SortOrder>99</SortOrder>
      <InputType>Textbox</InputType>
      <DataType>String</DataType>
      <MaxLength>4000</MaxLength>
      <MinLength>0</MinLength>
      <ProductTextRelation>
        <UUID>aa683433-c43b-4222-9633-c59813594121</UUID>
        <ProductTextUUID>edb0563d-bf4f-44b4-be72-b6f0da190306</ProductTextUUID>
      </ProductTextRelation>
      <ProductBackendInfo name="Skye.AttributeAlias">
        <UUID>85e3c3a5-9a40-4e41-af37-703f6dca8542</UUID>
        <Info />
      </ProductBackendInfo>
      <ProductBackendInfo name="Skye.Core.DataSecurity">
        <UUID>bcf5919c-f817-4302-8b65-d0e9d6f24c23</UUID>
        <Info>Standard</Info>
      </ProductBackendInfo>
      <ProductBackendInfo name="Skye.AllowValueSetViaUnencryptedURL">
        <UUID>d293e2b4-ca24-4297-95b7-8a8c24b075f8</UUID>
        <Info>False</Info>
      </ProductBackendInfo>
      <DefinitionValueRelation>
        <DefinitionValueUUID>b424ff8e-3e80-4fc7-adc8-80724cc60e4c</DefinitionValueUUID>
      </DefinitionValueRelation>
    </ProductPolicyAttribute>
    <ProductBackendInfo name="Skye.MultibrickType">
      <UUID>65cb4e8e-1b82-4d04-9b03-7de73b0a2bbd</UUID>
      <Info />
    </ProductBackendInfo>
  </ProductBrick>
  <DefinitionDependentLists>
    <DefinitionDependencyDefaultValueList />
    <DefinitionDependencyValueRangeList />
    <DefinitionDependencyVisibilityList />
    <DefinitionDependencyMandatoryList />
    <DefinitionDependencyToDependencyList />
    <DefinitionDependencyValueRangeFilterValuesList />
    <DefinitionDependencyDataSourceAttributeList />
  </DefinitionDependentLists>
</Product>