﻿<?xml version="1.0" encoding="utf-8"?>
<Product xmlns:xsd="http://www.w3.org/2001/XMLSchema" xmlns:xsi="http://www.w3.org/2001/XMLSchema-instance" name="DrivingTuition" lastChanged="2020-05-25T14:43:27.0781682Z" implementationClass="" modelType="product" subModelType="" skyeEditorVersion="7.26.1.50">
  <UUID>7372f7bb-5b5b-486b-8690-59b582b4ec1b</UUID>
  <BusinessUnit> </BusinessUnit>
  <Section> </Section>
  <ProductTextList>
    <ProductText name="label" language="en" country="US">
      <UUID>1ca90541-022f-43bc-86ad-c155c3244aee</UUID>
      <Text>Name of Customer</Text>
    </ProductText>
  </ProductTextList>
  <ProductValueRangeList />
  <DefinitionBusinessObjectContextList />
  <DefinitionResourceList />
  <AbstractProductBrickList />
  <ProductValueList>
    <ProductValue name="" type="value">
      <UUID>7bb45ca8-4546-406f-91b7-e8f39e675f80</UUID>
      <SortOrder>0</SortOrder>
      <Value />
    </ProductValue>
  </ProductValueList>
  <ProductBrick name="Customer" visibilityLevel="3" brickClass="" isAbstract="false" typeId="0">
    <UUID>a4156ab3-923a-40c4-9dba-e020d2e6473b</UUID>
    <SortOrder>99</SortOrder>
    <MinimumUsage>1</MinimumUsage>
    <MaximumUsage>1</MaximumUsage>
    <InitialUsage>1</InitialUsage>
    <ProductPolicyAttribute name="fullName" visibilityLevel="0" mandatory="false" unit="" format="" numberOfDecimals="0" attributeClass="" type="Standard">
      <UUID>8b713702-f646-4435-beec-f626f693d1f1</UUID>
      <SortOrder>99</SortOrder>
      <InputType>Textbox</InputType>
      <DataType>String</DataType>
      <MaxLength>4000</MaxLength>
      <MinLength>0</MinLength>
      <ProductTextRelation>
        <UUID>7469ae02-f0d6-432b-9837-b9c1f389a0ee</UUID>
        <ProductTextUUID>1ca90541-022f-43bc-86ad-c155c3244aee</ProductTextUUID>
      </ProductTextRelation>
      <ProductBackendInfo name="Skye.AttributeAlias">
        <UUID>7bd8fc49-d89f-4b55-97f3-5fe248fe92eb</UUID>
        <Info />
      </ProductBackendInfo>
      <ProductBackendInfo name="Skye.Core.DataSecurity">
        <UUID>612000e7-7eb2-4f32-88b1-6d8985dc4395</UUID>
        <Info>Standard</Info>
      </ProductBackendInfo>
      <ProductBackendInfo name="Skye.AllowValueSetViaUnencryptedURL">
        <UUID>2b22c7f6-1401-4e68-8645-caabba9b150d</UUID>
        <Info>False</Info>
      </ProductBackendInfo>
      <DefinitionValueRelation>
        <DefinitionValueUUID>7bb45ca8-4546-406f-91b7-e8f39e675f80</DefinitionValueUUID>
      </DefinitionValueRelation>
    </ProductPolicyAttribute>
    <ProductBackendInfo name="Skye.MultibrickType">
      <UUID>3b455b32-e23b-4efa-91f1-be2815be2ff9</UUID>
      <Info />
    </ProductBackendInfo>
  </ProductBrick>
  <ProductBrick name="Product" visibilityLevel="3" brickClass="" isAbstract="false" typeId="0">
    <UUID>ab5033c1-6736-46a0-9689-f96d5cf47163</UUID>
    <SortOrder>99</SortOrder>
    <MinimumUsage>1</MinimumUsage>
    <MaximumUsage>1</MaximumUsage>
    <InitialUsage>1</InitialUsage>
    <ProductBackendInfo name="Skye.MultibrickType">
      <UUID>65cb4e8e-1b82-4d04-9b03-7de73b0a2bbd</UUID>
      <Info />
    </ProductBackendInfo>
  </ProductBrick>
  <DefinitionDependentLists>
    <DefinitionDependencyDefaultValueList />
    <DefinitionDependencyValueRangeList />
    <DefinitionDependencyVisibilityList />
    <DefinitionDependencyMandatoryList />
    <DefinitionDependencyToDependencyList />
    <DefinitionDependencyValueRangeFilterValuesList />
    <DefinitionDependencyDataSourceAttributeList />
  </DefinitionDependentLists>
</Product>