﻿<?xml version="1.0" encoding="utf-8"?>
<Product xmlns:xsd="http://www.w3.org/2001/XMLSchema" xmlns:xsi="http://www.w3.org/2001/XMLSchema-instance" name="Shoppingcart" lastChanged="2020-05-12T18:32:56.4145241Z" implementationClass=" " versionUuid=" " modelType="shoppingcart" subModelType="" skyeEditorVersion="7.26.1.50">
  <UUID>4484a45d-11bc-4ae4-ade8-b24ac6bc60b9</UUID>
  <SortOrder>0</SortOrder>
  <BusinessUnit> </BusinessUnit>
  <Section> </Section>
  <ProductTextList>
    <ProductText name="searchTooManyRecords" language="en" country="US">
      <UUID>9ff7b0e8-a1b3-40be-90ce-4af0c2cdc7f7</UUID>
      <Text />
    </ProductText>
    <ProductText name="label" language="en" country="US">
      <UUID>6a9db3c9-6add-4ca8-b176-dd7f671baa7d</UUID>
      <Text>Bank</Text>
    </ProductText>
    <ProductText name="label" language="en" country="US">
      <UUID>2f9a5fdf-65d3-449d-b27c-f159bda63267</UUID>
      <Text>Cheque Date</Text>
    </ProductText>
    <ProductText name="label" language="en" country="US">
      <UUID>6b800e02-303d-4700-87b5-2b3f2744dc61</UUID>
      <Text>Cheque Nr</Text>
    </ProductText>
  </ProductTextList>
  <ProductValueRangeList>
    <ProductValueRange name="Reference.attributeMappingVR" type="fix">
      <UUID>add1549d-aa5f-4f0b-8e03-c26a8cd5478b</UUID>
    </ProductValueRange>
    <ProductValueRange name="Reference.referencedModelsVR" type="fix">
      <UUID>f1432d90-4b22-41ad-b60e-6fac04965662</UUID>
      <DefinitionValueRelation>
        <UUID>11ea906e-ebbc-e997-9fcc-1f11df4cb88a</UUID>
        <DefinitionValueUUID>abee3978-cb97-4a54-b3ee-a803d3d9f052</DefinitionValueUUID>
      </DefinitionValueRelation>
      <DefinitionValueRelation>
        <UUID>703c8c90-a36b-456f-9e8d-0591a4b9c62f</UUID>
        <DefinitionValueUUID>02087d19-2ff2-4740-b588-c066c43b638e</DefinitionValueUUID>
      </DefinitionValueRelation>
    </ProductValueRange>
  </ProductValueRangeList>
  <DefinitionBusinessObjectContextList>
    <DefinitionBusinessObjectContext name="HomeCreatePolicy:Payment-callcenter-callcenter">
      <UUID>0c02e95e-0b5e-4c24-bc49-13df1ce6ddf5</UUID>
      <SubclassId>sortOrderContext</SubclassId>
      <ValueField>990</ValueField>
    </DefinitionBusinessObjectContext>
    <DefinitionBusinessObjectContext name="HomeCreatePolicy:Payment-callcenter-callcenter">
      <UUID>15b802b0-e46f-44b1-a53b-beb3b179f12b</UUID>
      <SubclassId>sortOrderContext</SubclassId>
      <ValueField>992</ValueField>
    </DefinitionBusinessObjectContext>
    <DefinitionBusinessObjectContext name="HomeCreatePolicy:Payment-callcenter-callcenter">
      <UUID>fc3e09cd-1474-414c-994a-9f8e7759bce9</UUID>
      <SubclassId>sortOrderContext</SubclassId>
      <ValueField>994</ValueField>
    </DefinitionBusinessObjectContext>
    <DefinitionBusinessObjectContext name="HomeCreatePolicy:Payment-callcenter-callcenter">
      <UUID>294b1626-a030-4ec4-b81a-6c753218be79</UUID>
      <SubclassId>visibilityLevelContext</SubclassId>
      <ValueField>4</ValueField>
    </DefinitionBusinessObjectContext>
    <DefinitionBusinessObjectContext name="HomeCreatePolicy:Payment-callcenter-callcenter">
      <UUID>038e8954-6b8f-4e1f-be41-5cd6707aa44c</UUID>
      <SubclassId>isMandatoryContext</SubclassId>
      <ValueField>True</ValueField>
    </DefinitionBusinessObjectContext>
  </DefinitionBusinessObjectContextList>
  <DefinitionResourceList />
  <AbstractProductBrickList />
  <ProductValueList>
    <ProductValue name="FamilyInsuranceCreatePolicy" type="value">
      <UUID>abee3978-cb97-4a54-b3ee-a803d3d9f052</UUID>
      <SortOrder>0</SortOrder>
      <Value />
    </ProductValue>
    <ProductValue name=" " type="value">
      <UUID>f2b288d2-f78c-4533-8b16-19d7c3f37ecc</UUID>
      <SortOrder>0</SortOrder>
      <Value />
    </ProductValue>
    <ProductValue name="HomeCreatePolicy" type="value">
      <UUID>02087d19-2ff2-4740-b588-c066c43b638e</UUID>
      <SortOrder>0</SortOrder>
      <Value />
    </ProductValue>
    <ProductValue name="" type="value">
      <UUID>b5b6f440-3bbf-49a1-9eb0-9bb0ed86fdf7</UUID>
      <SortOrder>0</SortOrder>
      <Value />
    </ProductValue>
    <ProductValue name="" type="value">
      <UUID>05c80048-b249-423a-af5a-81a1706b908d</UUID>
      <SortOrder>0</SortOrder>
      <Value />
    </ProductValue>
    <ProductValue name="" type="value">
      <UUID>a9fae2f7-ae76-478e-82d4-d9ce1d7d395d</UUID>
      <SortOrder>0</SortOrder>
      <Value />
    </ProductValue>
    <ProductValue name="Cheque" type="value">
      <UUID>0038ddcc-854f-4bc9-ba27-7ab7b1c3d195</UUID>
      <SortOrder>0</SortOrder>
      <Value>Cheque</Value>
    </ProductValue>
    <ProductValue name="Cheque" type="value">
      <UUID>b3b89611-95f6-48d7-b1da-874fc2e3f5ec</UUID>
      <SortOrder>0</SortOrder>
      <Value>Cheque</Value>
    </ProductValue>
    <ProductValue name="Cheque" type="value">
      <UUID>778fcae6-bfd4-4e2c-a7f8-c4226125ccac</UUID>
      <SortOrder>0</SortOrder>
      <Value>Cheque</Value>
    </ProductValue>
    <ProductValue name="Cheque" type="value">
      <UUID>02577e6c-8e8a-48d6-9b5a-e609c69687da</UUID>
      <SortOrder>0</SortOrder>
      <Value>Cheque</Value>
    </ProductValue>
    <ProductValue name="Cheque" type="value">
      <UUID>b9c7537e-9292-4646-8994-cc25818470ee</UUID>
      <SortOrder>0</SortOrder>
      <Value>Cheque</Value>
    </ProductValue>
    <ProductValue name="Cheque" type="value">
      <UUID>433852c4-8ae2-4785-86c3-1063154bed01</UUID>
      <SortOrder>0</SortOrder>
      <Value>Cheque</Value>
    </ProductValue>
  </ProductValueList>
  <ProductPolicyAttribute name="processModel" visibilityLevel="0" mandatory="false" unit="" format="" numberOfDecimals="0" attributeClass=" " type="Reference">
    <UUID>5baae214-7cc8-4a14-8cb9-ff5a6d435cde</UUID>
    <SortOrder>99</SortOrder>
    <InputType>Textbox</InputType>
    <DataType>String</DataType>
    <MaxLength>4000</MaxLength>
    <MinLength>0</MinLength>
    <ProductTextRelation>
      <ProductTextUUID>9ff7b0e8-a1b3-40be-90ce-4af0c2cdc7f7</ProductTextUUID>
    </ProductTextRelation>
    <ProductValueRangeRelation>
      <UUID>70759546-0016-456b-b122-e90a5e48bb60</UUID>
      <SortOrder>0</SortOrder>
      <ProductValueRangeUUID>f1432d90-4b22-41ad-b60e-6fac04965662</ProductValueRangeUUID>
    </ProductValueRangeRelation>
    <ProductValueRangeRelation>
      <UUID>af3ec62a-a77c-4a38-aa35-643dc7918b7c</UUID>
      <SortOrder>0</SortOrder>
      <ProductValueRangeUUID>add1549d-aa5f-4f0b-8e03-c26a8cd5478b</ProductValueRangeUUID>
    </ProductValueRangeRelation>
    <ProductBackendInfo name="Skye.Reference.DisplayValidationError">
      <UUID>034dae01-4055-44ef-8653-fa3a84f56591</UUID>
      <Info>False</Info>
    </ProductBackendInfo>
    <ProductBackendInfo name="Skye.Reference.ModelType">
      <UUID>078e6f9f-134a-44b0-aac4-4bb38b20a87e</UUID>
      <Info>process</Info>
    </ProductBackendInfo>
    <ProductBackendInfo name="Skye.AttributeAlias">
      <UUID>1b723998-a4d4-43b4-98c0-f1fb515f9599</UUID>
      <Info />
    </ProductBackendInfo>
    <ProductBackendInfo name="Skye.AllowValueSetViaUnencryptedURL">
      <UUID>1e895cdb-7280-4332-b7c6-62b3ef0122f8</UUID>
      <Info>False</Info>
    </ProductBackendInfo>
    <ProductBackendInfo name="Skye.Reference.SetReferenceBehaviour">
      <UUID>33a1dfbc-c812-47d1-ad64-098aa2f7b372</UUID>
      <Info>ByUuid</Info>
    </ProductBackendInfo>
    <ProductBackendInfo name="Skye.MaximumNumberOfSearchResults">
      <UUID>3d65c302-6dde-4b7f-9df0-ab4154962202</UUID>
      <Info>20</Info>
    </ProductBackendInfo>
    <ProductBackendInfo name="Skye.Reference.ShouldCopyValues">
      <UUID>951bf7ba-99fa-4a1c-8e14-0d1052b7f03d</UUID>
      <Info>false</Info>
    </ProductBackendInfo>
    <ProductBackendInfo name="Skye.Core.DataSecurity">
      <UUID>9a4e2e2a-ae64-4c08-b470-80bcaeac4049</UUID>
      <Info>Standard</Info>
    </ProductBackendInfo>
    <ProductBackendInfo name="Skye.Reference.DeleteBehavior">
      <UUID>a49a4072-8132-42c8-8a26-981b19a418d6</UUID>
      <Info>ignore</Info>
    </ProductBackendInfo>
    <ProductBackendInfo name="Skye.Reference.CopyBehavior">
      <UUID>b3ccf4a7-0576-4c22-8c99-08b84b62558d</UUID>
      <Info>setnull</Info>
    </ProductBackendInfo>
    <ProductBackendInfo name="Skye.Reference.CheckValidity">
      <UUID>d2c37737-9982-4ab3-bd34-10ed5b929f94</UUID>
      <Info>false</Info>
    </ProductBackendInfo>
    <ProductBackendInfo name="Skye.CharsToTriggerSearch">
      <UUID>d4509945-a337-40b3-83f3-d3d0caedc5fe</UUID>
      <Info>3</Info>
    </ProductBackendInfo>
    <ProductBackendInfo name="Skye.Reference.SearchTextType">
      <UUID>ff08e836-d9ab-43a9-b9b7-577b788f5ed8</UUID>
      <Info />
    </ProductBackendInfo>
    <DefinitionValueRelation>
      <UUID>11ea906e-ebbc-e996-9fcc-1f11df4cb88a</UUID>
      <DefinitionValueUUID>f2b288d2-f78c-4533-8b16-19d7c3f37ecc</DefinitionValueUUID>
    </DefinitionValueRelation>
  </ProductPolicyAttribute>
  <ProductBrick name="PaymentInfo" visibilityLevel="3" brickClass=" " isAbstract="false" typeId="15">
    <UUID>71706579-2922-42fb-bd7b-81605f48d1d7</UUID>
    <SortOrder>99</SortOrder>
    <MinimumUsage>1</MinimumUsage>
    <MaximumUsage>1</MaximumUsage>
    <InitialUsage>1</InitialUsage>
    <ProductPolicyAttribute name="Bank" visibilityLevel="0" mandatory="false" unit="" format="" numberOfDecimals="0" attributeClass="" type="Standard">
      <UUID>4c228aef-636e-425c-b11f-341166416311</UUID>
      <SortOrder>99</SortOrder>
      <InputType>Textbox</InputType>
      <DataType>String</DataType>
      <MaxLength>4000</MaxLength>
      <MinLength>0</MinLength>
      <ProductTextRelation>
        <UUID>146d17c8-1c3a-44b6-a55c-ea17d698b3a0</UUID>
        <ProductTextUUID>6a9db3c9-6add-4ca8-b176-dd7f671baa7d</ProductTextUUID>
      </ProductTextRelation>
      <ProductBackendInfo name="Skye.AttributeAlias">
        <UUID>57f6b2f4-8004-4448-acf4-db9923b8e526</UUID>
        <Info />
      </ProductBackendInfo>
      <ProductBackendInfo name="Skye.Core.DataSecurity">
        <UUID>73b48b86-0257-4c57-95e1-8c344cd823f5</UUID>
        <Info>Standard</Info>
      </ProductBackendInfo>
      <ProductBackendInfo name="Skye.AllowValueSetViaUnencryptedURL">
        <UUID>436529f9-62fb-401e-8685-a966d378968c</UUID>
        <Info>False</Info>
      </ProductBackendInfo>
      <DefinitionValueRelation>
        <DefinitionValueUUID>b5b6f440-3bbf-49a1-9eb0-9bb0ed86fdf7</DefinitionValueUUID>
      </DefinitionValueRelation>
      <DefinitionBusinessObjectContextRelation>
        <ContextUUID>0c02e95e-0b5e-4c24-bc49-13df1ce6ddf5</ContextUUID>
        <DefinitionObjectUUID>4c228aef-636e-425c-b11f-341166416311</DefinitionObjectUUID>
      </DefinitionBusinessObjectContextRelation>
    </ProductPolicyAttribute>
    <ProductPolicyAttribute name="ChequeDate" visibilityLevel="0" mandatory="false" unit="" format="" numberOfDecimals="0" attributeClass="" type="Standard">
      <UUID>7defda91-272d-4b5a-9556-644b98220737</UUID>
      <SortOrder>99</SortOrder>
      <InputType>Datepicker</InputType>
      <DataType>Date</DataType>
      <MaxLength>4000</MaxLength>
      <MinLength>0</MinLength>
      <ProductTextRelation>
        <UUID>42d5a8ab-ab95-4fe9-bd35-9ff926fa705a</UUID>
        <ProductTextUUID>2f9a5fdf-65d3-449d-b27c-f159bda63267</ProductTextUUID>
      </ProductTextRelation>
      <ProductBackendInfo name="Skye.AttributeAlias">
        <UUID>8f6e1df1-1e7c-497a-8874-28802f7d7cc8</UUID>
        <Info />
      </ProductBackendInfo>
      <ProductBackendInfo name="Skye.Core.DataSecurity">
        <UUID>f92d542d-af15-4327-99f9-b51726eeca10</UUID>
        <Info>Standard</Info>
      </ProductBackendInfo>
      <ProductBackendInfo name="Skye.AllowValueSetViaUnencryptedURL">
        <UUID>098a97ab-7233-49bd-b14d-39cf99f6191d</UUID>
        <Info>False</Info>
      </ProductBackendInfo>
      <DefinitionValueRelation>
        <DefinitionValueUUID>05c80048-b249-423a-af5a-81a1706b908d</DefinitionValueUUID>
      </DefinitionValueRelation>
      <DefinitionBusinessObjectContextRelation>
        <ContextUUID>fc3e09cd-1474-414c-994a-9f8e7759bce9</ContextUUID>
        <DefinitionObjectUUID>7defda91-272d-4b5a-9556-644b98220737</DefinitionObjectUUID>
      </DefinitionBusinessObjectContextRelation>
    </ProductPolicyAttribute>
    <ProductPolicyAttribute name="ChequeNr" visibilityLevel="0" mandatory="false" unit="" format="" numberOfDecimals="0" attributeClass="" type="Standard">
      <UUID>524dacf1-1bda-460a-811b-9f89906f5290</UUID>
      <SortOrder>99</SortOrder>
      <InputType>Textbox</InputType>
      <DataType>String</DataType>
      <MaxLength>4000</MaxLength>
      <MinLength>0</MinLength>
      <ProductTextRelation>
        <UUID>dab409b2-45b1-4055-a2df-6e3a9a1f35d2</UUID>
        <ProductTextUUID>6b800e02-303d-4700-87b5-2b3f2744dc61</ProductTextUUID>
      </ProductTextRelation>
      <ProductBackendInfo name="Skye.AttributeAlias">
        <UUID>0203456a-a372-48eb-99a6-2db7061d2d1b</UUID>
        <Info />
      </ProductBackendInfo>
      <ProductBackendInfo name="Skye.Core.DataSecurity">
        <UUID>088b4cdf-5016-4734-8987-7bb72aad4265</UUID>
        <Info>Standard</Info>
      </ProductBackendInfo>
      <ProductBackendInfo name="Skye.AllowValueSetViaUnencryptedURL">
        <UUID>6ed72f46-b61d-4dbe-a69e-153d66534dc3</UUID>
        <Info>False</Info>
      </ProductBackendInfo>
      <DefinitionValueRelation>
        <DefinitionValueUUID>a9fae2f7-ae76-478e-82d4-d9ce1d7d395d</DefinitionValueUUID>
      </DefinitionValueRelation>
      <DefinitionBusinessObjectContextRelation>
        <ContextUUID>15b802b0-e46f-44b1-a53b-beb3b179f12b</ContextUUID>
        <DefinitionObjectUUID>524dacf1-1bda-460a-811b-9f89906f5290</DefinitionObjectUUID>
      </DefinitionBusinessObjectContextRelation>
    </ProductPolicyAttribute>
    <ProductBackendInfo name="Skye.MultibrickType">
      <UUID>647824c3-1cc0-4e62-b9f3-38031503ae92</UUID>
      <Info />
    </ProductBackendInfo>
  </ProductBrick>
  <ProductBrick name="GeneralInsuredObject" visibilityLevel="3" brickClass=" " isAbstract="false" typeId="19">
    <UUID>ad1f020c-59b2-455f-9d75-eb8544ca7e28</UUID>
    <SortOrder>99</SortOrder>
    <MinimumUsage>1</MinimumUsage>
    <MaximumUsage>1</MaximumUsage>
    <InitialUsage>1</InitialUsage>
    <ProductBackendInfo name="Skye.MultibrickType">
      <UUID>ec308136-edb5-4f33-895b-14e8a97b9dcf</UUID>
      <Info />
    </ProductBackendInfo>
  </ProductBrick>
  <DefinitionDependentLists>
    <DefinitionDependencyDefaultValueList />
    <DefinitionDependencyValueRangeList />
    <DefinitionDependencyVisibilityList>
      <DefinitionDependencyVisibility name="set visible#0">
        <UUID>91909622-0a7e-45a5-9f19-2d29c1f3d2c7</UUID>
        <ClientUUID>524dacf1-1bda-460a-811b-9f89906f5290</ClientUUID>
        <Operator>EQUALS</Operator>
        <SupplierValueUUID>0038ddcc-854f-4bc9-ba27-7ab7b1c3d195</SupplierValueUUID>
        <RefreshOnChange>false</RefreshOnChange>
        <DefinitionBusinessObjectContextRelation>
          <ContextUUID>294b1626-a030-4ec4-b81a-6c753218be79</ContextUUID>
          <DefinitionObjectUUID>91909622-0a7e-45a5-9f19-2d29c1f3d2c7</DefinitionObjectUUID>
        </DefinitionBusinessObjectContextRelation>
        <SupplierReference>ref[Shoppingcart.processModel to HomeCreatePolicy].ref[root.@CurrentProcessObject to Home].Payment.PaymentMethod</SupplierReference>
        <ClientVisibilityLevel>4</ClientVisibilityLevel>
      </DefinitionDependencyVisibility>
      <DefinitionDependencyVisibility name="set visble#0">
        <UUID>13f17421-cec8-4dcd-88f5-d25f1a5c167a</UUID>
        <ClientUUID>7defda91-272d-4b5a-9556-644b98220737</ClientUUID>
        <Operator>EQUALS</Operator>
        <SupplierValueUUID>778fcae6-bfd4-4e2c-a7f8-c4226125ccac</SupplierValueUUID>
        <RefreshOnChange>false</RefreshOnChange>
        <DefinitionBusinessObjectContextRelation>
          <ContextUUID>294b1626-a030-4ec4-b81a-6c753218be79</ContextUUID>
          <DefinitionObjectUUID>13f17421-cec8-4dcd-88f5-d25f1a5c167a</DefinitionObjectUUID>
        </DefinitionBusinessObjectContextRelation>
        <SupplierReference>ref[Shoppingcart.processModel to HomeCreatePolicy].ref[root.@CurrentProcessObject to Home].Payment.PaymentMethod</SupplierReference>
        <ClientVisibilityLevel>4</ClientVisibilityLevel>
      </DefinitionDependencyVisibility>
      <DefinitionDependencyVisibility name="set visible#0">
        <UUID>19970d41-5646-4c7f-9535-4e93eb5013da</UUID>
        <ClientUUID>4c228aef-636e-425c-b11f-341166416311</ClientUUID>
        <Operator>EQUALS</Operator>
        <SupplierValueUUID>b9c7537e-9292-4646-8994-cc25818470ee</SupplierValueUUID>
        <RefreshOnChange>false</RefreshOnChange>
        <DefinitionBusinessObjectContextRelation>
          <ContextUUID>294b1626-a030-4ec4-b81a-6c753218be79</ContextUUID>
          <DefinitionObjectUUID>19970d41-5646-4c7f-9535-4e93eb5013da</DefinitionObjectUUID>
        </DefinitionBusinessObjectContextRelation>
        <SupplierReference>ref[Shoppingcart.processModel to HomeCreatePolicy].ref[root.@CurrentProcessObject to Home].Payment.PaymentMethod</SupplierReference>
        <ClientVisibilityLevel>4</ClientVisibilityLevel>
      </DefinitionDependencyVisibility>
    </DefinitionDependencyVisibilityList>
    <DefinitionDependencyMandatoryList>
      <DefinitionDependencyMandatory name="set visible#1">
        <UUID>6bdf5983-a4ec-435f-b2fb-9a6b784f24d1</UUID>
        <ClientUUID>524dacf1-1bda-460a-811b-9f89906f5290</ClientUUID>
        <Operator>EQUALS</Operator>
        <SupplierValueUUID>b3b89611-95f6-48d7-b1da-874fc2e3f5ec</SupplierValueUUID>
        <RefreshOnChange>false</RefreshOnChange>
        <DefinitionBusinessObjectContextRelation>
          <ContextUUID>038e8954-6b8f-4e1f-be41-5cd6707aa44c</ContextUUID>
          <DefinitionObjectUUID>6bdf5983-a4ec-435f-b2fb-9a6b784f24d1</DefinitionObjectUUID>
        </DefinitionBusinessObjectContextRelation>
        <SupplierReference>ref[Shoppingcart.processModel to HomeCreatePolicy].ref[root.@CurrentProcessObject to Home].Payment.PaymentMethod</SupplierReference>
        <ClientMandatory>True</ClientMandatory>
      </DefinitionDependencyMandatory>
      <DefinitionDependencyMandatory name="set visble#1">
        <UUID>cb8e29e3-7d17-4121-953a-08893c3439a7</UUID>
        <ClientUUID>7defda91-272d-4b5a-9556-644b98220737</ClientUUID>
        <Operator>EQUALS</Operator>
        <SupplierValueUUID>02577e6c-8e8a-48d6-9b5a-e609c69687da</SupplierValueUUID>
        <RefreshOnChange>false</RefreshOnChange>
        <DefinitionBusinessObjectContextRelation>
          <ContextUUID>038e8954-6b8f-4e1f-be41-5cd6707aa44c</ContextUUID>
          <DefinitionObjectUUID>cb8e29e3-7d17-4121-953a-08893c3439a7</DefinitionObjectUUID>
        </DefinitionBusinessObjectContextRelation>
        <SupplierReference>ref[Shoppingcart.processModel to HomeCreatePolicy].ref[root.@CurrentProcessObject to Home].Payment.PaymentMethod</SupplierReference>
        <ClientMandatory>True</ClientMandatory>
      </DefinitionDependencyMandatory>
      <DefinitionDependencyMandatory name="set visible#1">
        <UUID>6dd2049e-80c9-4b79-8283-223586c6fc97</UUID>
        <ClientUUID>4c228aef-636e-425c-b11f-341166416311</ClientUUID>
        <Operator>EQUALS</Operator>
        <SupplierValueUUID>433852c4-8ae2-4785-86c3-1063154bed01</SupplierValueUUID>
        <RefreshOnChange>false</RefreshOnChange>
        <DefinitionBusinessObjectContextRelation>
          <ContextUUID>038e8954-6b8f-4e1f-be41-5cd6707aa44c</ContextUUID>
          <DefinitionObjectUUID>6dd2049e-80c9-4b79-8283-223586c6fc97</DefinitionObjectUUID>
        </DefinitionBusinessObjectContextRelation>
        <SupplierReference>ref[Shoppingcart.processModel to HomeCreatePolicy].ref[root.@CurrentProcessObject to Home].Payment.PaymentMethod</SupplierReference>
        <ClientMandatory>True</ClientMandatory>
      </DefinitionDependencyMandatory>
    </DefinitionDependencyMandatoryList>
    <DefinitionDependencyToDependencyList />
    <DefinitionDependencyValueRangeFilterValuesList />
    <DefinitionDependencyDataSourceAttributeList />
  </DefinitionDependentLists>
</Product>