﻿<?xml version="1.0" encoding="utf-8"?>
<Product xmlns:xsd="http://www.w3.org/2001/XMLSchema" xmlns:xsi="http://www.w3.org/2001/XMLSchema-instance" name="HomeCreatePolicyQuickQuoteUIDef" lastChanged="2019-11-12T10:41:04Z" implementationClass=" " versionUuid=" " modelType="uidefinition" subModelType="ProcessLayout" skyeEditorVersion="7.15.0.16">
  <UUID>ec3190ff-204c-4c2a-8328-5931e2829af1</UUID>
  <SortOrder>0</SortOrder>
  <BusinessUnit> </BusinessUnit>
  <Section> </Section>
  <ProductTextList>
    <ProductText name="header" language="en" country="US">
      <UUID>76ce78c0-0111-4e5b-81a8-182289d7ecfb</UUID>
      <Text>Basic information</Text>
    </ProductText>
  </ProductTextList>
  <ProductValueRangeList />
  <DefinitionBusinessObjectContextList />
  <DefinitionResourceList />
  <AbstractProductBrickList />
  <ProductValueList />
  <ProductBrick name="PanelGroup" visibilityLevel="3" brickClass=" " isAbstract="false" typeId="0">
    <UUID>0307746a-73bb-40c0-a0ab-060cee087cfc</UUID>
    <SortOrder>10</SortOrder>
    <MinimumUsage>1</MinimumUsage>
    <MaximumUsage>1</MaximumUsage>
    <InitialUsage>1</InitialUsage>
    <PredecessorBrickUUID />
    <PredecessorBrickName />
    <ProductBrick name="BasicInformation" visibilityLevel="3" brickClass=" " isAbstract="false" typeId="0">
      <UUID>5fc75a36-8a98-4783-92d3-4ed3b5228756</UUID>
      <SortOrder>10</SortOrder>
      <MinimumUsage>1</MinimumUsage>
      <MaximumUsage>1</MaximumUsage>
      <InitialUsage>1</InitialUsage>
      <PredecessorBrickUUID>0307746a-73bb-40c0-a0ab-060cee087cfc</PredecessorBrickUUID>
      <PredecessorBrickName>PanelGroup</PredecessorBrickName>
      <ProductTextRelation>
        <ProductTextUUID>76ce78c0-0111-4e5b-81a8-182289d7ecfb</ProductTextUUID>
      </ProductTextRelation>
      <ProductBackendInfo name="Skye.StyleClass">
        <UUID>27cf821b-26eb-4ecc-b8e8-0da718b58cce</UUID>
        <Info />
      </ProductBackendInfo>
      <ProductBackendInfo name="Skye.NumberOfColumns">
        <UUID>aa3bafcf-14a5-439c-a514-f625c31dc29e</UUID>
        <Info>2</Info>
      </ProductBackendInfo>
      <ProductBackendInfo name="Skye.MultibrickType">
        <UUID>aff514c2-4f38-4638-bf0d-5a1a9f93830e</UUID>
        <Info />
      </ProductBackendInfo>
      <ProductBackendInfo name="Skye.DisplayControlWithEmptyContent">
        <UUID>ee38b17c-4c38-4195-b976-fcef26e4135d</UUID>
        <Info>True</Info>
      </ProductBackendInfo>
    </ProductBrick>
    <ProductBackendInfo name="Skye.MultibrickType">
      <UUID>3b565423-a69a-48b9-a627-fb48ffc3c7b6</UUID>
      <Info />
    </ProductBackendInfo>
    <ProductBackendInfo name="Skye.ProcessStepUIType">
      <UUID>6b5ac4f3-68ad-40e2-b7d6-6e9d314fcea4</UUID>
      <Info>PanelGroup</Info>
    </ProductBackendInfo>
    <ProductBackendInfo name="Skye.StyleClass">
      <UUID>d5ca7e44-cbe3-4dad-a7bf-ad7e8e6fcaa3</UUID>
      <Info />
    </ProductBackendInfo>
  </ProductBrick>
  <DefinitionDependentLists>
    <DefinitionDependencyDefaultValueList />
    <DefinitionDependencyValueRangeList />
    <DefinitionDependencyVisibilityList />
    <DefinitionDependencyMandatoryList />
    <DefinitionDependencyToDependencyList />
    <DefinitionDependencyValueRangeFilterValuesList />
    <DefinitionDependencyDataSourceAttributeList />
  </DefinitionDependentLists>
</Product>