﻿<?xml version="1.0" encoding="utf-8"?>
<Product xmlns:xsd="http://www.w3.org/2001/XMLSchema" xmlns:xsi="http://www.w3.org/2001/XMLSchema-instance" name="MotorCreatePolicyInsuredsInformationUIDefinition" lastChanged="2019-10-17T11:06:58.4820841Z" implementationClass="" modelType="uidefinition" subModelType="ProcessLayout" skyeEditorVersion="7.15.0.16">
  <UUID>3af42bc2-6d80-4cca-89cd-03801c429b07</UUID>
  <BusinessUnit> </BusinessUnit>
  <Section> </Section>
  <ProductTextList>
    <ProductText name="header" language="en" country="US">
      <UUID>b690e89c-aac4-47b2-8a8e-b7216943ac67</UUID>
      <Text>Drivers</Text>
    </ProductText>
    <ProductText name="header" language="en" country="US">
      <UUID>850fc74b-d4ef-4edc-b01c-c958420d3ead</UUID>
      <Text>Package</Text>
    </ProductText>
    <ProductText name="addButtonLabel" language="en" country="US">
      <UUID>f71f4b49-b9ac-4853-ae9a-2adb3459bf14</UUID>
      <Text />
    </ProductText>
    <ProductText name="deleteButtonLabel" language="en" country="US">
      <UUID>d2514c57-ea74-4418-8bb7-651af172b668</UUID>
      <Text />
    </ProductText>
    <ProductText name="header" language="en" country="US">
      <UUID>5274b800-5871-4894-8d7e-f7cee62dde94</UUID>
      <Text />
    </ProductText>
    <ProductText name="header" language="en" country="US">
      <UUID>02d838f3-b4b5-45a8-b418-cd7eb34a24fe</UUID>
      <Text>Address</Text>
    </ProductText>
    <ProductText name="header" language="en" country="US">
      <UUID>93112de7-3fcd-4fa1-b74b-ff7ba1cc9e99</UUID>
      <Text />
    </ProductText>
  </ProductTextList>
  <ProductValueRangeList />
  <DefinitionBusinessObjectContextList />
  <DefinitionResourceList />
  <ProductValueList />
  <ProductBrick name="PanelGroup1" visibilityLevel="3" brickClass="" isAbstract="false" typeId="0">
    <UUID>8fc49363-7261-4b48-b9d1-5912ed39ad7e</UUID>
    <SortOrder>10</SortOrder>
    <MinimumUsage>1</MinimumUsage>
    <MaximumUsage>1</MaximumUsage>
    <InitialUsage>1</InitialUsage>
    <ProductBrick name="DriverPanel" visibilityLevel="3" brickClass="" isAbstract="false" typeId="0">
      <UUID>a7685322-8b5f-469b-8ffe-68b85dd8d470</UUID>
      <SortOrder>10</SortOrder>
      <MinimumUsage>1</MinimumUsage>
      <MaximumUsage>1</MaximumUsage>
      <InitialUsage>1</InitialUsage>
      <ProductTextRelation>
        <UUID>5e3e3cc9-e3ee-4f7a-a57d-248cd2e9a2b3</UUID>
        <ProductTextUUID>b690e89c-aac4-47b2-8a8e-b7216943ac67</ProductTextUUID>
      </ProductTextRelation>
      <ProductBrick name="DriverMultibrick" visibilityLevel="3" brickClass="" isAbstract="false" typeId="0">
        <UUID>beb7461d-b111-43cf-a08f-d001627d7eab</UUID>
        <SortOrder>10</SortOrder>
        <MinimumUsage>1</MinimumUsage>
        <MaximumUsage>1</MaximumUsage>
        <InitialUsage>1</InitialUsage>
        <ProductTextRelation>
          <UUID>a8e24437-7c0e-49f9-b6bb-aa0c2638f403</UUID>
          <ProductTextUUID>f71f4b49-b9ac-4853-ae9a-2adb3459bf14</ProductTextUUID>
        </ProductTextRelation>
        <ProductTextRelation>
          <UUID>222a6b49-7426-44de-a174-cae1417614f7</UUID>
          <ProductTextUUID>d2514c57-ea74-4418-8bb7-651af172b668</ProductTextUUID>
        </ProductTextRelation>
        <ProductTextRelation>
          <UUID>e372ee1e-a803-453b-a9ca-2eb14db64168</UUID>
          <ProductTextUUID>5274b800-5871-4894-8d7e-f7cee62dde94</ProductTextUUID>
        </ProductTextRelation>
        <ProductBrick name="FieldsetGroup1" visibilityLevel="3" brickClass="" isAbstract="false" typeId="0">
          <UUID>a6ec9c04-291d-4a89-a684-76cb02f39292</UUID>
          <SortOrder>10</SortOrder>
          <MinimumUsage>1</MinimumUsage>
          <MaximumUsage>1</MaximumUsage>
          <InitialUsage>1</InitialUsage>
          <ProductBrick name="Address" visibilityLevel="3" brickClass="" isAbstract="false" typeId="0">
            <UUID>26c8813d-bd59-45bb-a6cc-20b1d3c7bcf4</UUID>
            <SortOrder>10</SortOrder>
            <MinimumUsage>1</MinimumUsage>
            <MaximumUsage>1</MaximumUsage>
            <InitialUsage>1</InitialUsage>
            <ProductTextRelation>
              <UUID>705486c8-acc0-4603-8692-73560747b0e0</UUID>
              <ProductTextUUID>02d838f3-b4b5-45a8-b418-cd7eb34a24fe</ProductTextUUID>
            </ProductTextRelation>
            <ProductBackendInfo name="Skye.NumberOfColumns">
              <UUID>53cc45e1-3914-49d8-9207-3ab38115f802</UUID>
              <Info>2</Info>
            </ProductBackendInfo>
            <ProductBackendInfo name="Skye.DisplayControlWithEmptyContent">
              <UUID>52bee481-f568-4dd1-ac22-efeb66f43d8f</UUID>
              <Info>False</Info>
            </ProductBackendInfo>
            <ProductBackendInfo name="Skye.StyleClass">
              <UUID>4007ac66-73eb-47e2-b6e5-5d768c8b73d3</UUID>
              <Info />
            </ProductBackendInfo>
            <ProductBackendInfo name="Skye.MultibrickType">
              <UUID>f1e4001e-fa32-4944-9fb2-59ad9bb28612</UUID>
              <Info />
            </ProductBackendInfo>
          </ProductBrick>
          <ProductBrick name="NoAddress" visibilityLevel="3" brickClass="" isAbstract="false" typeId="0">
            <UUID>4cfe5da2-bdf9-4883-9b2d-2d5d644c85f6</UUID>
            <SortOrder>1</SortOrder>
            <MinimumUsage>1</MinimumUsage>
            <MaximumUsage>1</MaximumUsage>
            <InitialUsage>1</InitialUsage>
            <ProductTextRelation>
              <UUID>2a64bd23-0972-445e-8719-c76154b11383</UUID>
              <ProductTextUUID>93112de7-3fcd-4fa1-b74b-ff7ba1cc9e99</ProductTextUUID>
            </ProductTextRelation>
            <ProductBackendInfo name="Skye.NumberOfColumns">
              <UUID>e279d050-fef5-4fcb-a626-1eb5f682cf0c</UUID>
              <Info>2</Info>
            </ProductBackendInfo>
            <ProductBackendInfo name="Skye.DisplayControlWithEmptyContent">
              <UUID>51398c44-0de9-46a0-adc7-58042ac9649c</UUID>
              <Info>False</Info>
            </ProductBackendInfo>
            <ProductBackendInfo name="Skye.StyleClass">
              <UUID>30c061e9-9f2f-48b7-9c31-035d26bb4924</UUID>
              <Info />
            </ProductBackendInfo>
            <ProductBackendInfo name="Skye.MultibrickType">
              <UUID>9b625992-846f-49a8-b649-0c0b692fd34b</UUID>
              <Info />
            </ProductBackendInfo>
          </ProductBrick>
          <ProductBackendInfo name="Skye.ProcessStepUIType">
            <UUID>0d8fa0b5-ab74-4ae0-ad99-85ea1267e0e1</UUID>
            <Info>FieldsetGroup</Info>
          </ProductBackendInfo>
          <ProductBackendInfo name="Skye.StyleClass">
            <UUID>4010bdfb-56a8-4bc4-b2e8-d21762a9013a</UUID>
            <Info />
          </ProductBackendInfo>
          <ProductBackendInfo name="Skye.MultibrickType">
            <UUID>5a5a20b9-365e-4fd9-915a-2f0466185706</UUID>
            <Info />
          </ProductBackendInfo>
        </ProductBrick>
        <ProductBackendInfo name="Skye.ProcessStepUIType">
          <UUID>b7579404-268d-43a9-b597-015a35e2c328</UUID>
          <Info>MultibrickGroupService</Info>
        </ProductBackendInfo>
        <ProductBackendInfo name="Skye.MultiBrickTextId">
          <UUID>63d53352-cdd0-4e67-a106-a5a1a9a473c1</UUID>
          <Info>Drivers</Info>
        </ProductBackendInfo>
        <ProductBackendInfo name="Skye.DisplayControlWithEmptyContent">
          <UUID>e8a4167b-597c-4ee3-b935-7397f4d7adb4</UUID>
          <Info>False</Info>
        </ProductBackendInfo>
        <ProductBackendInfo name="Skye.StyleClass">
          <UUID>88537f9b-cce3-4f86-9fab-2a7c98503587</UUID>
          <Info />
        </ProductBackendInfo>
        <ProductBackendInfo name="Skye.MultibrickType">
          <UUID>11593568-eb51-458f-9ace-f0b356ce8a09</UUID>
          <Info />
        </ProductBackendInfo>
      </ProductBrick>
      <ProductBackendInfo name="Skye.NumberOfColumns">
        <UUID>e5ecf898-7702-4ce6-8e99-6232a206b31f</UUID>
        <Info>2</Info>
      </ProductBackendInfo>
      <ProductBackendInfo name="Skye.DisplayControlWithEmptyContent">
        <UUID>f933eebf-6438-478a-be6a-b94a16099242</UUID>
        <Info>False</Info>
      </ProductBackendInfo>
      <ProductBackendInfo name="Skye.StyleClass">
        <UUID>455c7c0b-e671-4419-8f1e-bf1b19cb9108</UUID>
        <Info />
      </ProductBackendInfo>
      <ProductBackendInfo name="Skye.MultibrickType">
        <UUID>82bdc01b-cf38-46d2-a224-a6621ef72b57</UUID>
        <Info />
      </ProductBackendInfo>
    </ProductBrick>
    <ProductBackendInfo name="Skye.ProcessStepUIType">
      <UUID>433b3973-5b34-4d4b-af7f-54ec4f3188c4</UUID>
      <Info>PanelGroup</Info>
    </ProductBackendInfo>
    <ProductBackendInfo name="Skye.StyleClass">
      <UUID>060a4c13-0a26-4965-904c-4284f7d6ccc9</UUID>
      <Info />
    </ProductBackendInfo>
    <ProductBackendInfo name="Skye.MultibrickType">
      <UUID>c5bb54bb-12a7-4ab6-b05f-7765cabbc246</UUID>
      <Info />
    </ProductBackendInfo>
  </ProductBrick>
  <ProductBrick name="PanelGroup2" visibilityLevel="3" brickClass="" isAbstract="false" typeId="0">
    <UUID>9e0e4cc1-f72d-4ac8-9b5a-bc28b4695e85</UUID>
    <SortOrder>20</SortOrder>
    <MinimumUsage>1</MinimumUsage>
    <MaximumUsage>1</MaximumUsage>
    <InitialUsage>1</InitialUsage>
    <ProductBrick name="Panel1" visibilityLevel="3" brickClass="" isAbstract="false" typeId="0">
      <UUID>f723eef1-9715-4a50-a4bb-7071865d3d29</UUID>
      <SortOrder>10</SortOrder>
      <MinimumUsage>1</MinimumUsage>
      <MaximumUsage>1</MaximumUsage>
      <InitialUsage>1</InitialUsage>
      <ProductTextRelation>
        <UUID>0bc6ea45-9419-47e7-9b29-c0e8418f5347</UUID>
        <ProductTextUUID>850fc74b-d4ef-4edc-b01c-c958420d3ead</ProductTextUUID>
      </ProductTextRelation>
      <ProductBackendInfo name="Skye.NumberOfColumns">
        <UUID>224fcc34-825b-467c-bc15-cbaa36f816db</UUID>
        <Info>2</Info>
      </ProductBackendInfo>
      <ProductBackendInfo name="Skye.DisplayControlWithEmptyContent">
        <UUID>0346c0b7-51f1-4e4a-a3c2-2926be490c11</UUID>
        <Info>False</Info>
      </ProductBackendInfo>
      <ProductBackendInfo name="Skye.StyleClass">
        <UUID>5ae98b7c-036a-40aa-bcde-093f215eaa5a</UUID>
        <Info />
      </ProductBackendInfo>
      <ProductBackendInfo name="Skye.MultibrickType">
        <UUID>46501579-ccce-4dfa-b30b-9411ade909e1</UUID>
        <Info />
      </ProductBackendInfo>
    </ProductBrick>
    <ProductBackendInfo name="Skye.ProcessStepUIType">
      <UUID>e205df94-3313-4319-98ed-3deca84d5487</UUID>
      <Info>PanelGroup</Info>
    </ProductBackendInfo>
    <ProductBackendInfo name="Skye.StyleClass">
      <UUID>53510df2-dcee-4881-b395-40ac91697356</UUID>
      <Info />
    </ProductBackendInfo>
    <ProductBackendInfo name="Skye.MultibrickType">
      <UUID>dbffa7a3-847f-4955-9310-8d924581b8da</UUID>
      <Info />
    </ProductBackendInfo>
  </ProductBrick>
  <DefinitionDependentLists>
    <DefinitionDependencyDefaultValueList />
    <DefinitionDependencyValueRangeList />
    <DefinitionDependencyVisibilityList />
    <DefinitionDependencyMandatoryList />
    <DefinitionDependencyToDependencyList />
    <DefinitionDependencyValueRangeFilterValuesList />
    <DefinitionDependencyDataSourceAttributeList />
  </DefinitionDependentLists>
</Product>