﻿<?xml version="1.0" encoding="utf-8"?>
<Product xmlns:xsd="http://www.w3.org/2001/XMLSchema" xmlns:xsi="http://www.w3.org/2001/XMLSchema-instance" name="HomeCreatePolicyConfirmationUI1" lastChanged="2020-05-14T09:53:04.6388361Z" implementationClass="" modelType="uidefinition" subModelType="ProcessLayout" skyeEditorVersion="7.26.1.50">
  <UUID>ecf8e0c3-3dcd-4f71-a5e7-1f8595dd4723</UUID>
  <BusinessUnit> </BusinessUnit>
  <Section> </Section>
  <ProductTextList>
    <ProductText name="header" language="en" country="US">
      <UUID>b6fbc07c-188c-4ad3-980f-caed6bebdcfc</UUID>
      <Text />
    </ProductText>
  </ProductTextList>
  <ProductValueRangeList />
  <DefinitionBusinessObjectContextList />
  <DefinitionResourceList />
  <ProductValueList>
    <ProductValue name="" type="value">
      <UUID>a1d19e84-9a24-4559-a20e-1e35f52ed416</UUID>
      <SortOrder>0</SortOrder>
      <Value />
    </ProductValue>
  </ProductValueList>
  <ProductBrick name="NoStyleGroup" visibilityLevel="3" brickClass="" isAbstract="false" typeId="0">
    <UUID>d893de54-8d0d-4344-a165-4fc3b99f9e66</UUID>
    <SortOrder>10</SortOrder>
    <MinimumUsage>1</MinimumUsage>
    <MaximumUsage>1</MaximumUsage>
    <InitialUsage>1</InitialUsage>
    <ProductBrick name="ConfirmationUI" visibilityLevel="3" brickClass="" isAbstract="false" typeId="0">
      <UUID>e997e00c-5aaf-4a1c-ba8e-f5e93570472e</UUID>
      <SortOrder>10</SortOrder>
      <MinimumUsage>1</MinimumUsage>
      <MaximumUsage>1</MaximumUsage>
      <InitialUsage>1</InitialUsage>
      <ProductTextRelation>
        <UUID>1e2928ea-5ec8-4816-806a-bb103f42b190</UUID>
        <ProductTextUUID>b6fbc07c-188c-4ad3-980f-caed6bebdcfc</ProductTextUUID>
      </ProductTextRelation>
      <ProductPolicyAttribute name="ConfirmationMessage" visibilityLevel="0" mandatory="false" unit="" format="" numberOfDecimals="0" attributeClass="" type="UI">
        <UUID>00cf6766-3f68-4a60-8210-660287256c11</UUID>
        <SortOrder>99</SortOrder>
        <InputType>Textbox</InputType>
        <DataType>String</DataType>
        <MaxLength>4000</MaxLength>
        <MinLength>0</MinLength>
        <ProductBackendInfo name="Skye.AttributeAlias">
          <UUID>cbe85520-8572-45e2-bc73-8d87ccb77912</UUID>
          <Info />
        </ProductBackendInfo>
        <ProductBackendInfo name="Skye.Core.DataSecurity">
          <UUID>d3afd933-07f2-4f13-8453-24c9aa407bd8</UUID>
          <Info>Standard</Info>
        </ProductBackendInfo>
        <ProductBackendInfo name="Skye.AllowValueSetViaUnencryptedURL">
          <UUID>8c14d864-4c5d-4fad-84c2-e094805c56f7</UUID>
          <Info>False</Info>
        </ProductBackendInfo>
        <ProductBackendInfo name="Skye.UIAttribute.ReferencedModel">
          <UUID>a30316b3-252c-48d2-9ebb-f857aff06be1</UUID>
          <Info>Home</Info>
        </ProductBackendInfo>
        <ProductBackendInfo name="Skye.UIAttribute.ReferencedAttribute">
          <UUID>cd8cd721-b742-4fa1-96be-c4bad7d3cb0e</UUID>
          <Info>CompletionMessages.ConfirmationMessage</Info>
        </ProductBackendInfo>
        <DefinitionValueRelation>
          <DefinitionValueUUID>a1d19e84-9a24-4559-a20e-1e35f52ed416</DefinitionValueUUID>
        </DefinitionValueRelation>
      </ProductPolicyAttribute>
      <ProductBackendInfo name="Skye.NumberOfColumns">
        <UUID>8f0cdae8-979e-4209-9e20-e094e9a6e135</UUID>
        <Info>1</Info>
      </ProductBackendInfo>
      <ProductBackendInfo name="Skye.DisplayControlWithEmptyContent">
        <UUID>6dc34429-59f8-4b2f-8443-3576c5d4671e</UUID>
        <Info>False</Info>
      </ProductBackendInfo>
      <ProductBackendInfo name="Skye.StyleClass">
        <UUID>41f78753-5956-487a-a055-e6691d4f8e20</UUID>
        <Info />
      </ProductBackendInfo>
      <ProductBackendInfo name="Skye.WidthPercentage">
        <UUID>dc92ff78-9c9f-4be9-9f7d-a43f50a9dbf4</UUID>
        <Info />
      </ProductBackendInfo>
      <ProductBackendInfo name="Skye.MaxWidthInPixels">
        <UUID>66efa3d2-ce76-493d-8d63-1b12487d3b3c</UUID>
        <Info />
      </ProductBackendInfo>
      <ProductBackendInfo name="Skye.MinWidthInPixels">
        <UUID>91a74e49-73c2-4d2f-b26f-4a012ce22314</UUID>
        <Info />
      </ProductBackendInfo>
      <ProductBackendInfo name="Skye.MultibrickType">
        <UUID>e1fffdac-a22f-4442-a389-979e6b9b3167</UUID>
        <Info />
      </ProductBackendInfo>
    </ProductBrick>
    <ProductBackendInfo name="Skye.ProcessStepUIType">
      <UUID>fa1935d3-f14c-4b69-a5bc-a20212365a15</UUID>
      <Info>NoStyleFieldsetGroup</Info>
    </ProductBackendInfo>
    <ProductBackendInfo name="Skye.StyleClass">
      <UUID>dbf8a4c6-af75-4f03-9044-15ea9104d3e8</UUID>
      <Info />
    </ProductBackendInfo>
    <ProductBackendInfo name="Skye.OrientationUIType">
      <UUID>6c9c868d-58dc-4500-a46e-a08414b0e673</UUID>
      <Info>vertical</Info>
    </ProductBackendInfo>
    <ProductBackendInfo name="Skye.VerticalAlignmentUIType">
      <UUID>44ebf2ef-eb5b-4aa8-ad88-a94363c76aab</UUID>
      <Info>top</Info>
    </ProductBackendInfo>
    <ProductBackendInfo name="Skye.PreCalculatedWidths">
      <UUID>6faecb7e-61dd-4980-b985-9fc5cf8f92cf</UUID>
      <Info>False</Info>
    </ProductBackendInfo>
    <ProductBackendInfo name="Skye.MultibrickType">
      <UUID>5911f274-be6c-4421-a1bd-51da44f93ef3</UUID>
      <Info />
    </ProductBackendInfo>
  </ProductBrick>
  <DefinitionDependentLists>
    <DefinitionDependencyDefaultValueList />
    <DefinitionDependencyValueRangeList />
    <DefinitionDependencyVisibilityList />
    <DefinitionDependencyMandatoryList />
    <DefinitionDependencyToDependencyList />
    <DefinitionDependencyValueRangeFilterValuesList />
    <DefinitionDependencyDataSourceAttributeList />
  </DefinitionDependentLists>
</Product>