﻿<?xml version="1.0" encoding="utf-8"?>
<Product xmlns:xsd="http://www.w3.org/2001/XMLSchema" xmlns:xsi="http://www.w3.org/2001/XMLSchema-instance" name="HomeCreatePolicyConfirmationUIDef" lastChanged="2020-05-14T10:04:28.0187440Z" implementationClass="" modelType="uidefinition" subModelType="ProcessLayout" skyeEditorVersion="7.26.1.50">
  <UUID>30752dbc-96b0-45cc-ba00-3a01cc5957f5</UUID>
  <BusinessUnit> </BusinessUnit>
  <Section> </Section>
  <ProductTextList>
    <ProductText name="header" language="en" country="US">
      <UUID>5ea617cf-3785-47bd-841a-a9b165238562</UUID>
      <Text />
    </ProductText>
  </ProductTextList>
  <ProductValueRangeList />
  <DefinitionBusinessObjectContextList />
  <DefinitionResourceList />
  <ProductValueList>
    <ProductValue name="" type="value">
      <UUID>19e6af99-795c-4209-baf8-55f00c252bcc</UUID>
      <SortOrder>0</SortOrder>
      <Value />
    </ProductValue>
  </ProductValueList>
  <ProductBrick name="NoStyleGroup1" visibilityLevel="3" brickClass="" isAbstract="false" typeId="0">
    <UUID>5504b757-6989-465d-93f2-24b4b3a590e8</UUID>
    <SortOrder>10</SortOrder>
    <MinimumUsage>1</MinimumUsage>
    <MaximumUsage>1</MaximumUsage>
    <InitialUsage>1</InitialUsage>
    <ProductBrick name="NoStyle1" visibilityLevel="3" brickClass="" isAbstract="false" typeId="0">
      <UUID>7be471b7-b73c-4f2e-8533-b89fdbeffb1e</UUID>
      <SortOrder>10</SortOrder>
      <MinimumUsage>1</MinimumUsage>
      <MaximumUsage>1</MaximumUsage>
      <InitialUsage>1</InitialUsage>
      <ProductTextRelation>
        <UUID>47a16fec-04ee-4ea3-9f8e-a4e8c3d07b0b</UUID>
        <ProductTextUUID>5ea617cf-3785-47bd-841a-a9b165238562</ProductTextUUID>
      </ProductTextRelation>
      <ProductPolicyAttribute name="confirmationMessage" visibilityLevel="0" mandatory="false" unit="" format="" numberOfDecimals="0" attributeClass="" type="UI">
        <UUID>e5e2cb10-f9a3-49cc-b5a7-e3996ae9a705</UUID>
        <SortOrder>99</SortOrder>
        <InputType>Textbox</InputType>
        <DataType>String</DataType>
        <MaxLength>4000</MaxLength>
        <MinLength>0</MinLength>
        <ProductBackendInfo name="Skye.AttributeAlias">
          <UUID>0fab6ba2-bc39-4adc-bf15-d104883ef5d8</UUID>
          <Info />
        </ProductBackendInfo>
        <ProductBackendInfo name="Skye.Core.DataSecurity">
          <UUID>d5bf981e-61d5-4558-b0d0-968352a7b6c8</UUID>
          <Info>Standard</Info>
        </ProductBackendInfo>
        <ProductBackendInfo name="Skye.AllowValueSetViaUnencryptedURL">
          <UUID>e7112191-9f5a-40a4-993f-8bfa2b2df952</UUID>
          <Info>False</Info>
        </ProductBackendInfo>
        <ProductBackendInfo name="Skye.UIAttribute.ReferencedModel">
          <UUID>2da12805-41fa-4abb-85db-4be5c255caef</UUID>
          <Info>Home</Info>
        </ProductBackendInfo>
        <ProductBackendInfo name="Skye.UIAttribute.ReferencedAttribute">
          <UUID>80bdc4c7-496d-470b-97fe-ca827d8ec855</UUID>
          <Info>CompletionMessages.confirmationMessage</Info>
        </ProductBackendInfo>
        <DefinitionValueRelation>
          <DefinitionValueUUID>19e6af99-795c-4209-baf8-55f00c252bcc</DefinitionValueUUID>
        </DefinitionValueRelation>
      </ProductPolicyAttribute>
      <ProductBackendInfo name="Skye.NumberOfColumns">
        <UUID>c18fed9a-1372-44e6-96bc-babe2a210fa4</UUID>
        <Info>1</Info>
      </ProductBackendInfo>
      <ProductBackendInfo name="Skye.DisplayControlWithEmptyContent">
        <UUID>29f46097-df06-4baf-8a13-88c97e3847aa</UUID>
        <Info>False</Info>
      </ProductBackendInfo>
      <ProductBackendInfo name="Skye.StyleClass">
        <UUID>10c3c594-4478-4053-b680-ee89e574d392</UUID>
        <Info />
      </ProductBackendInfo>
      <ProductBackendInfo name="Skye.WidthPercentage">
        <UUID>81815fb7-fb49-4d80-b344-2b458c398ffd</UUID>
        <Info />
      </ProductBackendInfo>
      <ProductBackendInfo name="Skye.MaxWidthInPixels">
        <UUID>f0d27360-e072-4125-9462-f1437fc8e6c9</UUID>
        <Info />
      </ProductBackendInfo>
      <ProductBackendInfo name="Skye.MinWidthInPixels">
        <UUID>85d2f886-300d-46d3-9f29-a22b5ca6b0aa</UUID>
        <Info />
      </ProductBackendInfo>
      <ProductBackendInfo name="Skye.MultibrickType">
        <UUID>6f347b58-28c4-400d-a88b-d549bb1c1ef6</UUID>
        <Info />
      </ProductBackendInfo>
    </ProductBrick>
    <ProductBackendInfo name="Skye.ProcessStepUIType">
      <UUID>5455c3f1-2ccf-4537-b247-f54f6e06f6fd</UUID>
      <Info>NoStyleFieldsetGroup</Info>
    </ProductBackendInfo>
    <ProductBackendInfo name="Skye.StyleClass">
      <UUID>5852a4de-2fe0-42aa-9833-866b8bafe660</UUID>
      <Info />
    </ProductBackendInfo>
    <ProductBackendInfo name="Skye.OrientationUIType">
      <UUID>cafc38cf-d382-4a14-a0ba-6e4bf9db0472</UUID>
      <Info>vertical</Info>
    </ProductBackendInfo>
    <ProductBackendInfo name="Skye.VerticalAlignmentUIType">
      <UUID>d7ebb689-176e-44c8-a4d1-6f253851b81e</UUID>
      <Info>top</Info>
    </ProductBackendInfo>
    <ProductBackendInfo name="Skye.PreCalculatedWidths">
      <UUID>39e340d3-639d-44c7-8b83-978051d37451</UUID>
      <Info>False</Info>
    </ProductBackendInfo>
    <ProductBackendInfo name="Skye.MultibrickType">
      <UUID>71581e95-4fd6-4e0c-b5b6-9dc17cd8dd97</UUID>
      <Info />
    </ProductBackendInfo>
  </ProductBrick>
  <DefinitionDependentLists>
    <DefinitionDependencyDefaultValueList />
    <DefinitionDependencyValueRangeList />
    <DefinitionDependencyVisibilityList />
    <DefinitionDependencyMandatoryList />
    <DefinitionDependencyToDependencyList />
    <DefinitionDependencyValueRangeFilterValuesList />
    <DefinitionDependencyDataSourceAttributeList />
  </DefinitionDependentLists>
</Product>