﻿<?xml version="1.0" encoding="utf-8"?>
<Product xmlns:xsd="http://www.w3.org/2001/XMLSchema" xmlns:xsi="http://www.w3.org/2001/XMLSchema-instance" name="MyZoneUIDefinition" lastChanged="2019-10-24T11:53:20.3371072Z" implementationClass=" " versionUuid=" " modelType="uidefinition" subModelType="ZonePageLayout" skyeEditorVersion="7.15.0.16">
  <UUID>53475308-4145-49e0-94af-463c19091c05</UUID>
  <SortOrder>0</SortOrder>
  <BusinessUnit> </BusinessUnit>
  <Section> </Section>
  <ProductTextList />
  <ProductValueRangeList />
  <DefinitionBusinessObjectContextList />
  <DefinitionResourceList />
  <AbstractProductBrickList />
  <ProductValueList />
  <ProductBrick name="Row1" visibilityLevel="3" brickClass=" " isAbstract="false" typeId="0">
    <UUID>75582b50-05f2-4866-825e-13e54d272b36</UUID>
    <SortOrder>1</SortOrder>
    <MinimumUsage>1</MinimumUsage>
    <MaximumUsage>1</MaximumUsage>
    <InitialUsage>1</InitialUsage>
    <PredecessorBrickUUID />
    <PredecessorBrickName />
    <ProductBackendInfo name="Skye.MultibrickType">
      <UUID>e6ce0218-459b-4343-9c2c-230b1b8b94b0</UUID>
      <Info />
    </ProductBackendInfo>
  </ProductBrick>
  <ProductBrick name="Row2" visibilityLevel="3" brickClass=" " isAbstract="false" typeId="0">
    <UUID>f84ecc7d-371d-458b-b2e8-e4d09a3ac27a</UUID>
    <SortOrder>99</SortOrder>
    <MinimumUsage>1</MinimumUsage>
    <MaximumUsage>1</MaximumUsage>
    <InitialUsage>1</InitialUsage>
    <PredecessorBrickUUID />
    <PredecessorBrickName />
    <ProductBackendInfo name="Skye.MultibrickType">
      <UUID>ea650adc-6c42-422e-a0d9-8a585fdc5078</UUID>
      <Info />
    </ProductBackendInfo>
  </ProductBrick>
  <ProductBrick name="Row3" visibilityLevel="3" brickClass="" isAbstract="false" typeId="0">
    <UUID>5b311d8e-ad5d-41c2-a748-98d51e8a8f52</UUID>
    <SortOrder>95</SortOrder>
    <MinimumUsage>1</MinimumUsage>
    <MaximumUsage>1</MaximumUsage>
    <InitialUsage>1</InitialUsage>
    <ProductBackendInfo name="Skye.MultibrickType">
      <UUID>c00c84dd-32a2-40b7-9f78-3af22f4c67eb</UUID>
      <Info />
    </ProductBackendInfo>
  </ProductBrick>
  <DefinitionDependentLists>
    <DefinitionDependencyDefaultValueList />
    <DefinitionDependencyValueRangeList />
    <DefinitionDependencyVisibilityList />
    <DefinitionDependencyMandatoryList />
    <DefinitionDependencyToDependencyList />
    <DefinitionDependencyValueRangeFilterValuesList />
    <DefinitionDependencyDataSourceAttributeList />
  </DefinitionDependentLists>
</Product>