﻿<?xml version="1.0" encoding="utf-8"?>
<Product xmlns:xsd="http://www.w3.org/2001/XMLSchema" xmlns:xsi="http://www.w3.org/2001/XMLSchema-instance" name="HomeCreatePolicyQuickQuoteUIDefinition" lastChanged="2019-10-11T09:07:32.7892483Z" implementationClass="" modelType="uidefinition" subModelType="ProcessLayout" skyeEditorVersion="7.15.0.16">
  <UUID>28a9a033-bcb6-4f8f-8c9d-d1f44479aaaa</UUID>
  <BusinessUnit> </BusinessUnit>
  <Section> </Section>
  <ProductTextList>
    <ProductText name="header" language="en" country="US">
      <UUID>3a85af7e-9659-445c-ab1f-35114a4f76bf</UUID>
      <Text>Basic information</Text>
    </ProductText>
    <ProductText name="header" language="en" country="US">
      <UUID>86e00817-929b-44c1-b5ad-57e0e62339c4</UUID>
      <Text />
    </ProductText>
    <ProductText name="header" language="en" country="US">
      <UUID>d29736c3-7348-4a93-906e-3d4e5357c79b</UUID>
      <Text>Optional coverage premium</Text>
    </ProductText>
  </ProductTextList>
  <ProductValueRangeList />
  <DefinitionBusinessObjectContextList />
  <DefinitionResourceList />
  <AbstractProductBrickList />
  <ProductValueList />
  <ProductBrick name="PanelGroup" visibilityLevel="3" brickClass="" isAbstract="false" typeId="0">
    <UUID>6b3a52a6-2e14-48e9-8161-f92076bae57d</UUID>
    <SortOrder>10</SortOrder>
    <MinimumUsage>1</MinimumUsage>
    <MaximumUsage>1</MaximumUsage>
    <InitialUsage>1</InitialUsage>
    <ProductTextRelation>
      <UUID>df43d048-37bf-4f06-949f-e2adf2ee8268</UUID>
      <ProductTextUUID>86e00817-929b-44c1-b5ad-57e0e62339c4</ProductTextUUID>
    </ProductTextRelation>
    <ProductBrick name="BasicInformation" visibilityLevel="3" brickClass="" isAbstract="false" typeId="0">
      <UUID>b63b9081-7d24-4617-afbc-abd3777ba652</UUID>
      <SortOrder>20</SortOrder>
      <MinimumUsage>1</MinimumUsage>
      <MaximumUsage>1</MaximumUsage>
      <InitialUsage>1</InitialUsage>
      <ProductTextRelation>
        <UUID>4a47e518-e47c-43ae-8906-6f391ae8b92c</UUID>
        <ProductTextUUID>3a85af7e-9659-445c-ab1f-35114a4f76bf</ProductTextUUID>
      </ProductTextRelation>
      <ProductBackendInfo name="Skye.NumberOfColumns">
        <UUID>1f7b8e49-2fdd-4860-9ee3-1411f8c3a555</UUID>
        <Info>2</Info>
      </ProductBackendInfo>
      <ProductBackendInfo name="Skye.DisplayControlWithEmptyContent">
        <UUID>7e6bfb70-06a8-4e00-945c-1b2407eb47f8</UUID>
        <Info>False</Info>
      </ProductBackendInfo>
      <ProductBackendInfo name="Skye.StyleClass">
        <UUID>01d3654c-7861-472a-8a78-10ca6028e9e3</UUID>
        <Info />
      </ProductBackendInfo>
      <ProductBackendInfo name="Skye.MultibrickType">
        <UUID>d92fdfe8-2b01-40bd-a988-d5a331f63580</UUID>
        <Info />
      </ProductBackendInfo>
    </ProductBrick>
    <ProductBrick name="OptionalCoveragePremium" visibilityLevel="3" brickClass="" isAbstract="false" typeId="0">
      <UUID>d189b53c-2505-4064-a750-49857dc42df9</UUID>
      <SortOrder>30</SortOrder>
      <MinimumUsage>1</MinimumUsage>
      <MaximumUsage>1</MaximumUsage>
      <InitialUsage>1</InitialUsage>
      <ProductTextRelation>
        <UUID>97f17c6e-31ea-40ab-b6db-26b95427d5d0</UUID>
        <ProductTextUUID>d29736c3-7348-4a93-906e-3d4e5357c79b</ProductTextUUID>
      </ProductTextRelation>
      <ProductBackendInfo name="Skye.NumberOfColumns">
        <UUID>15e9d3e4-9397-4388-89f7-cdae20d8d561</UUID>
        <Info>2</Info>
      </ProductBackendInfo>
      <ProductBackendInfo name="Skye.DisplayControlWithEmptyContent">
        <UUID>9c827f6b-ea69-4608-9ba1-4bc515fd0105</UUID>
        <Info>False</Info>
      </ProductBackendInfo>
      <ProductBackendInfo name="Skye.StyleClass">
        <UUID>3f945f6c-6721-4dab-a84d-217b64157b38</UUID>
        <Info />
      </ProductBackendInfo>
      <ProductBackendInfo name="Skye.MultibrickType">
        <UUID>1bd9edee-1f98-41a9-ac2f-134f2bdfb602</UUID>
        <Info />
      </ProductBackendInfo>
    </ProductBrick>
    <ProductBackendInfo name="Skye.ProcessStepUIType">
      <UUID>3de91b70-e2ec-4045-a6a4-66f832e92529</UUID>
      <Info>PanelGroup</Info>
    </ProductBackendInfo>
    <ProductBackendInfo name="Skye.StyleClass">
      <UUID>31e01e31-b6ca-4a67-9242-a3b3e451f4a8</UUID>
      <Info />
    </ProductBackendInfo>
    <ProductBackendInfo name="Skye.MultibrickType">
      <UUID>423527b5-19ad-4603-a519-fd4a8ed0dce5</UUID>
      <Info />
    </ProductBackendInfo>
  </ProductBrick>
  <DefinitionDependentLists>
    <DefinitionDependencyDefaultValueList />
    <DefinitionDependencyValueRangeList />
    <DefinitionDependencyVisibilityList />
    <DefinitionDependencyMandatoryList />
    <DefinitionDependencyToDependencyList />
    <DefinitionDependencyValueRangeFilterValuesList />
    <DefinitionDependencyDataSourceAttributeList />
  </DefinitionDependentLists>
</Product>