﻿<?xml version="1.0" encoding="utf-8"?>
<Product xmlns:xsd="http://www.w3.org/2001/XMLSchema" xmlns:xsi="http://www.w3.org/2001/XMLSchema-instance" name="HomeCreatePolicyDetailsUIDef" lastChanged="2019-10-14T13:32:00Z" implementationClass=" " versionUuid=" " modelType="uidefinition" subModelType="ProcessLayout" skyeEditorVersion="7.15.0.16">
  <UUID>112e91d7-1240-4f70-8fba-53d3a4f10b60</UUID>
  <SortOrder>0</SortOrder>
  <BusinessUnit> </BusinessUnit>
  <Section> </Section>
  <ProductTextList>
    <ProductText name="header" language="en" country="US">
      <UUID>0741353d-7f61-4802-a3c1-0b3d3be0b197</UUID>
      <Text>Customer Information</Text>
    </ProductText>
    <ProductText name="header" language="en" country="US">
      <UUID>092b732a-58cf-4f46-aa4e-1a6258f064a7</UUID>
      <Text>Premium</Text>
    </ProductText>
    <ProductText name="addButtonLabel" language="en" country="US">
      <UUID>11b26c52-5962-4637-a49b-3035bce05f08</UUID>
      <Text>Add valuable item</Text>
    </ProductText>
    <ProductText name="header" language="en" country="US">
      <UUID>63accf2f-f0b4-4eff-9c2f-a37c905665ad</UUID>
      <Text>Valuables</Text>
    </ProductText>
    <ProductText name="header" language="en" country="US">
      <UUID>6dd03753-9d4b-442e-9bcb-5b6b5d891297</UUID>
      <Text />
    </ProductText>
    <ProductText name="header" language="en" country="US">
      <UUID>7ec84eb6-0236-4907-a4d0-b7beaaea8f65</UUID>
      <Text>Sum insured / excess</Text>
    </ProductText>
    <ProductText name="header" language="en" country="US">
      <UUID>b94a5e22-665b-4c46-a55a-64e8e2cca73c</UUID>
      <Text>Insurance Details</Text>
    </ProductText>
    <ProductText name="header" language="en" country="US">
      <UUID>c9dce51c-23bd-4bd7-8452-84c8c9db691e</UUID>
      <Text>Customer address details</Text>
    </ProductText>
    <ProductText name="header" language="en" country="US">
      <UUID>d3c7a80a-378c-4abd-9fce-f791e956e01c</UUID>
      <Text>Location details</Text>
    </ProductText>
    <ProductText name="header" language="en" country="US">
      <UUID>e23e5a51-13fe-487e-b6bb-d68bd21d2505</UUID>
      <Text>Customer details</Text>
    </ProductText>
    <ProductText name="deleteButtonLabel" language="en" country="US">
      <UUID>f63da17a-5b79-431e-9001-b4ee80e42540</UUID>
      <Text />
    </ProductText>
    <ProductText name="header" language="en" country="US">
      <UUID>ff05b7a4-f8e0-4365-95c4-3efc246f67d2</UUID>
      <Text>Policy Details</Text>
    </ProductText>
  </ProductTextList>
  <ProductValueRangeList />
  <DefinitionBusinessObjectContextList />
  <DefinitionResourceList />
  <AbstractProductBrickList />
  <ProductValueList />
  <ProductBrick name="TabGroup" visibilityLevel="3" brickClass=" " isAbstract="false" typeId="0">
    <UUID>9025f0ad-b388-4f65-86e3-b3d63c2670fd</UUID>
    <SortOrder>10</SortOrder>
    <MinimumUsage>1</MinimumUsage>
    <MaximumUsage>1</MaximumUsage>
    <InitialUsage>1</InitialUsage>
    <PredecessorBrickUUID />
    <PredecessorBrickName />
    <ProductBrick name="CustomerInformation" visibilityLevel="3" brickClass=" " isAbstract="false" typeId="0">
      <UUID>08fbb662-e1a2-4676-a4fa-5210cced35f1</UUID>
      <SortOrder>10</SortOrder>
      <MinimumUsage>1</MinimumUsage>
      <MaximumUsage>1</MaximumUsage>
      <InitialUsage>1</InitialUsage>
      <PredecessorBrickUUID>9025f0ad-b388-4f65-86e3-b3d63c2670fd</PredecessorBrickUUID>
      <PredecessorBrickName>TabGroup</PredecessorBrickName>
      <ProductTextRelation>
        <ProductTextUUID>0741353d-7f61-4802-a3c1-0b3d3be0b197</ProductTextUUID>
      </ProductTextRelation>
      <ProductBrick name="PanelGroup1" visibilityLevel="3" brickClass=" " isAbstract="false" typeId="0">
        <UUID>bed81fe6-116b-45f2-ae8a-f09cc451a995</UUID>
        <SortOrder>10</SortOrder>
        <MinimumUsage>1</MinimumUsage>
        <MaximumUsage>1</MaximumUsage>
        <InitialUsage>1</InitialUsage>
        <PredecessorBrickUUID>08fbb662-e1a2-4676-a4fa-5210cced35f1</PredecessorBrickUUID>
        <PredecessorBrickName>CustomerInformation</PredecessorBrickName>
        <ProductBrick name="CustomerDetails" visibilityLevel="3" brickClass=" " isAbstract="false" typeId="0">
          <UUID>991f244d-ecd3-42c2-88c5-9f4f464caf05</UUID>
          <SortOrder>10</SortOrder>
          <MinimumUsage>1</MinimumUsage>
          <MaximumUsage>1</MaximumUsage>
          <InitialUsage>1</InitialUsage>
          <PredecessorBrickUUID>bed81fe6-116b-45f2-ae8a-f09cc451a995</PredecessorBrickUUID>
          <PredecessorBrickName>PanelGroup1</PredecessorBrickName>
          <ProductTextRelation>
            <ProductTextUUID>e23e5a51-13fe-487e-b6bb-d68bd21d2505</ProductTextUUID>
          </ProductTextRelation>
          <ProductBackendInfo name="Skye.MultibrickType">
            <UUID>1b47924d-4b92-487c-8f83-b3a95f2073a9</UUID>
            <Info />
          </ProductBackendInfo>
          <ProductBackendInfo name="Skye.DisplayControlWithEmptyContent">
            <UUID>25c25eff-264f-43a7-ae3f-b2e94b24e609</UUID>
            <Info>True</Info>
          </ProductBackendInfo>
          <ProductBackendInfo name="Skye.NumberOfColumns">
            <UUID>900b7477-2fe3-4bf3-a540-99cb022c782f</UUID>
            <Info>2</Info>
          </ProductBackendInfo>
          <ProductBackendInfo name="Skye.StyleClass">
            <UUID>d66338c9-04da-4802-b545-858cd34cc870</UUID>
            <Info />
          </ProductBackendInfo>
        </ProductBrick>
        <ProductBrick name="CustomerAddressDetails" visibilityLevel="3" brickClass=" " isAbstract="false" typeId="0">
          <UUID>c5b037d4-1a3e-466b-bfe3-feace34ad409</UUID>
          <SortOrder>20</SortOrder>
          <MinimumUsage>1</MinimumUsage>
          <MaximumUsage>1</MaximumUsage>
          <InitialUsage>1</InitialUsage>
          <PredecessorBrickUUID>bed81fe6-116b-45f2-ae8a-f09cc451a995</PredecessorBrickUUID>
          <PredecessorBrickName>PanelGroup1</PredecessorBrickName>
          <ProductTextRelation>
            <ProductTextUUID>c9dce51c-23bd-4bd7-8452-84c8c9db691e</ProductTextUUID>
          </ProductTextRelation>
          <ProductBackendInfo name="Skye.StyleClass">
            <UUID>26960614-3f39-4d3a-b978-61f715f3efbd</UUID>
            <Info />
          </ProductBackendInfo>
          <ProductBackendInfo name="Skye.DisplayControlWithEmptyContent">
            <UUID>aa341fdc-3f91-4c05-9b23-35946f190254</UUID>
            <Info>True</Info>
          </ProductBackendInfo>
          <ProductBackendInfo name="Skye.MultibrickType">
            <UUID>d347c3a8-9de4-4f02-b13b-04a8006dcc41</UUID>
            <Info />
          </ProductBackendInfo>
          <ProductBackendInfo name="Skye.NumberOfColumns">
            <UUID>dc741f8c-f35d-4753-ac1d-4ffc1d49b55d</UUID>
            <Info>2</Info>
          </ProductBackendInfo>
        </ProductBrick>
        <ProductBackendInfo name="Skye.MultibrickType">
          <UUID>6ff3cd05-07be-4fc5-b641-0f46e353d346</UUID>
          <Info />
        </ProductBackendInfo>
        <ProductBackendInfo name="Skye.ProcessStepUIType">
          <UUID>89238b50-5364-4e2e-aace-cd53a8c5270f</UUID>
          <Info>PanelGroup</Info>
        </ProductBackendInfo>
        <ProductBackendInfo name="Skye.StyleClass">
          <UUID>97b7c0aa-25e8-4f86-982b-61e34045abc1</UUID>
          <Info />
        </ProductBackendInfo>
      </ProductBrick>
      <ProductBackendInfo name="Skye.DisplayControlWithEmptyContent">
        <UUID>2496e794-b89e-4ab6-938c-f51a4e73fd99</UUID>
        <Info>True</Info>
      </ProductBackendInfo>
      <ProductBackendInfo name="Skye.NumberOfColumns">
        <UUID>2d9c27c2-1884-4243-8a3a-37e854e309ac</UUID>
        <Info>2</Info>
      </ProductBackendInfo>
      <ProductBackendInfo name="Skye.StyleClass">
        <UUID>6da3e89f-8755-43d9-a175-2945ed975059</UUID>
        <Info />
      </ProductBackendInfo>
      <ProductBackendInfo name="Skye.MultibrickType">
        <UUID>c9fce20e-6716-47b3-a392-a2e265f94050</UUID>
        <Info />
      </ProductBackendInfo>
    </ProductBrick>
    <ProductBrick name="InsuranceDetails" visibilityLevel="3" brickClass=" " isAbstract="false" typeId="0">
      <UUID>91c785e0-b945-4f6f-8bf7-849927e8c241</UUID>
      <SortOrder>20</SortOrder>
      <MinimumUsage>1</MinimumUsage>
      <MaximumUsage>1</MaximumUsage>
      <InitialUsage>1</InitialUsage>
      <PredecessorBrickUUID>9025f0ad-b388-4f65-86e3-b3d63c2670fd</PredecessorBrickUUID>
      <PredecessorBrickName>TabGroup</PredecessorBrickName>
      <ProductTextRelation>
        <ProductTextUUID>b94a5e22-665b-4c46-a55a-64e8e2cca73c</ProductTextUUID>
      </ProductTextRelation>
      <ProductBrick name="PanelGroup2" visibilityLevel="3" brickClass=" " isAbstract="false" typeId="0">
        <UUID>3f41ca97-e635-48b0-98ed-bc0fe63008fc</UUID>
        <SortOrder>10</SortOrder>
        <MinimumUsage>1</MinimumUsage>
        <MaximumUsage>1</MaximumUsage>
        <InitialUsage>1</InitialUsage>
        <PredecessorBrickUUID>91c785e0-b945-4f6f-8bf7-849927e8c241</PredecessorBrickUUID>
        <PredecessorBrickName>InsuranceDetails</PredecessorBrickName>
        <ProductBrick name="SumInsuredExcess" visibilityLevel="3" brickClass=" " isAbstract="false" typeId="0">
          <UUID>37f96d00-8ca5-48a6-9668-106b358b6559</UUID>
          <SortOrder>10</SortOrder>
          <MinimumUsage>1</MinimumUsage>
          <MaximumUsage>1</MaximumUsage>
          <InitialUsage>1</InitialUsage>
          <PredecessorBrickUUID>3f41ca97-e635-48b0-98ed-bc0fe63008fc</PredecessorBrickUUID>
          <PredecessorBrickName>PanelGroup2</PredecessorBrickName>
          <ProductTextRelation>
            <ProductTextUUID>7ec84eb6-0236-4907-a4d0-b7beaaea8f65</ProductTextUUID>
          </ProductTextRelation>
          <ProductBackendInfo name="Skye.StyleClass">
            <UUID>6788c1e6-278d-4d62-a2f2-1df4165c9a69</UUID>
            <Info />
          </ProductBackendInfo>
          <ProductBackendInfo name="Skye.DisplayControlWithEmptyContent">
            <UUID>7012384b-bad5-4640-bae3-ba070c31de7a</UUID>
            <Info>False</Info>
          </ProductBackendInfo>
          <ProductBackendInfo name="Skye.MultibrickType">
            <UUID>79c0ace3-5d4a-4076-8076-2a608029e6b9</UUID>
            <Info />
          </ProductBackendInfo>
          <ProductBackendInfo name="Skye.NumberOfColumns">
            <UUID>bac4afdb-5ca9-4187-ba1d-5ee24301ab20</UUID>
            <Info>2</Info>
          </ProductBackendInfo>
        </ProductBrick>
        <ProductBrick name="Premium" visibilityLevel="3" brickClass=" " isAbstract="false" typeId="0">
          <UUID>100842db-3e91-472e-847c-4b3ef75d3501</UUID>
          <SortOrder>15</SortOrder>
          <MinimumUsage>1</MinimumUsage>
          <MaximumUsage>1</MaximumUsage>
          <InitialUsage>1</InitialUsage>
          <PredecessorBrickUUID>3f41ca97-e635-48b0-98ed-bc0fe63008fc</PredecessorBrickUUID>
          <PredecessorBrickName>PanelGroup2</PredecessorBrickName>
          <ProductTextRelation>
            <ProductTextUUID>092b732a-58cf-4f46-aa4e-1a6258f064a7</ProductTextUUID>
          </ProductTextRelation>
          <ProductBackendInfo name="Skye.MultibrickType">
            <UUID>82598c84-c132-4634-a873-d4c582da63d6</UUID>
            <Info />
          </ProductBackendInfo>
          <ProductBackendInfo name="Skye.NumberOfColumns">
            <UUID>f3f9a261-bfd8-40a1-b3f2-363566f161a9</UUID>
            <Info>2</Info>
          </ProductBackendInfo>
          <ProductBackendInfo name="Skye.StyleClass">
            <UUID>f7549437-9c0f-4459-b6aa-d36c15ee2efa</UUID>
            <Info />
          </ProductBackendInfo>
          <ProductBackendInfo name="Skye.DisplayControlWithEmptyContent">
            <UUID>f9c7926e-f963-4456-8e21-0e2763b4d2aa</UUID>
            <Info>False</Info>
          </ProductBackendInfo>
        </ProductBrick>
        <ProductBrick name="LocationDetails" visibilityLevel="3" brickClass=" " isAbstract="false" typeId="0">
          <UUID>5fc773b8-7625-47b1-8010-b14d232c718e</UUID>
          <SortOrder>20</SortOrder>
          <MinimumUsage>1</MinimumUsage>
          <MaximumUsage>1</MaximumUsage>
          <InitialUsage>1</InitialUsage>
          <PredecessorBrickUUID>3f41ca97-e635-48b0-98ed-bc0fe63008fc</PredecessorBrickUUID>
          <PredecessorBrickName>PanelGroup2</PredecessorBrickName>
          <ProductTextRelation>
            <ProductTextUUID>d3c7a80a-378c-4abd-9fce-f791e956e01c</ProductTextUUID>
          </ProductTextRelation>
          <ProductBackendInfo name="Skye.NumberOfColumns">
            <UUID>1da4242a-b6b5-412f-a8bd-1ba4586b0149</UUID>
            <Info>2</Info>
          </ProductBackendInfo>
          <ProductBackendInfo name="Skye.StyleClass">
            <UUID>26b4de89-e53f-47f2-8362-c491fcc458b5</UUID>
            <Info />
          </ProductBackendInfo>
          <ProductBackendInfo name="Skye.MultibrickType">
            <UUID>ad39a418-cd29-4445-b062-7f712e310a9a</UUID>
            <Info />
          </ProductBackendInfo>
          <ProductBackendInfo name="Skye.DisplayControlWithEmptyContent">
            <UUID>de3dfa66-8fe5-4193-9a88-37d0f0124901</UUID>
            <Info>False</Info>
          </ProductBackendInfo>
        </ProductBrick>
        <ProductBrick name="Valuables" visibilityLevel="3" brickClass=" " isAbstract="false" typeId="0">
          <UUID>029c3b00-8db6-4325-9397-61355835901e</UUID>
          <SortOrder>30</SortOrder>
          <MinimumUsage>1</MinimumUsage>
          <MaximumUsage>1</MaximumUsage>
          <InitialUsage>1</InitialUsage>
          <PredecessorBrickUUID>3f41ca97-e635-48b0-98ed-bc0fe63008fc</PredecessorBrickUUID>
          <PredecessorBrickName>PanelGroup2</PredecessorBrickName>
          <ProductTextRelation>
            <ProductTextUUID>63accf2f-f0b4-4eff-9c2f-a37c905665ad</ProductTextUUID>
          </ProductTextRelation>
          <ProductBrick name="ValuableMultibrick" visibilityLevel="3" brickClass=" " isAbstract="false" typeId="0">
            <UUID>7b49a418-bfea-43d2-aa2a-76e7694d0e4b</UUID>
            <SortOrder>10</SortOrder>
            <MinimumUsage>1</MinimumUsage>
            <MaximumUsage>1</MaximumUsage>
            <InitialUsage>1</InitialUsage>
            <PredecessorBrickUUID>029c3b00-8db6-4325-9397-61355835901e</PredecessorBrickUUID>
            <PredecessorBrickName>Valuables</PredecessorBrickName>
            <ProductTextRelation>
              <ProductTextUUID>11b26c52-5962-4637-a49b-3035bce05f08</ProductTextUUID>
            </ProductTextRelation>
            <ProductTextRelation>
              <ProductTextUUID>f63da17a-5b79-431e-9001-b4ee80e42540</ProductTextUUID>
            </ProductTextRelation>
            <ProductTextRelation>
              <ProductTextUUID>6dd03753-9d4b-442e-9bcb-5b6b5d891297</ProductTextUUID>
            </ProductTextRelation>
            <ProductBackendInfo name="Skye.StyleClass">
              <UUID>59ca564b-ff94-454e-b8a5-96c867a1410b</UUID>
              <Info />
            </ProductBackendInfo>
            <ProductBackendInfo name="Skye.MultibrickType">
              <UUID>78d7bd6f-112f-46be-8163-281e50a74684</UUID>
              <Info />
            </ProductBackendInfo>
            <ProductBackendInfo name="Skye.ProcessStepUIType">
              <UUID>7a7d8c34-eae5-471c-92ae-9419f839adc0</UUID>
              <Info>MultibrickGroupAddRemove</Info>
            </ProductBackendInfo>
            <ProductBackendInfo name="Skye.MultiBrickTextId">
              <UUID>944f307e-d8bb-4c5c-8104-db992fc4b273</UUID>
              <Info>Valuable</Info>
            </ProductBackendInfo>
            <ProductBackendInfo name="Skye.DisplayControlWithEmptyContent">
              <UUID>9a16ae61-8686-4f3b-9676-72568d66d0d1</UUID>
              <Info>True</Info>
            </ProductBackendInfo>
          </ProductBrick>
          <ProductBackendInfo name="Skye.NumberOfColumns">
            <UUID>28f86658-b96e-4505-9bcb-afab5b799d7e</UUID>
            <Info>2</Info>
          </ProductBackendInfo>
          <ProductBackendInfo name="Skye.DisplayControlWithEmptyContent">
            <UUID>52218331-fdb3-4263-bf14-1a36bebffa36</UUID>
            <Info>True</Info>
          </ProductBackendInfo>
          <ProductBackendInfo name="Skye.StyleClass">
            <UUID>ba19b3a7-0421-403a-9443-343ca1902a6e</UUID>
            <Info />
          </ProductBackendInfo>
          <ProductBackendInfo name="Skye.MultibrickType">
            <UUID>eb006076-c201-40ea-a889-5f8e03dbc609</UUID>
            <Info />
          </ProductBackendInfo>
        </ProductBrick>
        <ProductBackendInfo name="Skye.StyleClass">
          <UUID>030854cc-966c-416e-8dc5-bd3b7f612b59</UUID>
          <Info />
        </ProductBackendInfo>
        <ProductBackendInfo name="Skye.MultibrickType">
          <UUID>b7526d7d-82bc-4cfa-a8db-eec8615e2bc8</UUID>
          <Info />
        </ProductBackendInfo>
        <ProductBackendInfo name="Skye.ProcessStepUIType">
          <UUID>bd925ade-1cd2-4a2e-bf1a-5cb1699213e8</UUID>
          <Info>PanelGroup</Info>
        </ProductBackendInfo>
      </ProductBrick>
      <ProductBackendInfo name="Skye.NumberOfColumns">
        <UUID>2ef2deaf-5ee6-43ab-8470-611f3b058b77</UUID>
        <Info>2</Info>
      </ProductBackendInfo>
      <ProductBackendInfo name="Skye.MultibrickType">
        <UUID>3d5bd531-efb7-4f7f-bd97-e1219bd2fbc1</UUID>
        <Info />
      </ProductBackendInfo>
      <ProductBackendInfo name="Skye.DisplayControlWithEmptyContent">
        <UUID>44aa68d5-65dd-43d5-a946-fe5a188a953b</UUID>
        <Info>True</Info>
      </ProductBackendInfo>
      <ProductBackendInfo name="Skye.StyleClass">
        <UUID>e95cbc98-02f1-4179-ad84-e91bcb7778ad</UUID>
        <Info />
      </ProductBackendInfo>
    </ProductBrick>
    <ProductBrick name="PolicyDetails" visibilityLevel="3" brickClass=" " isAbstract="false" typeId="0">
      <UUID>103e5ae5-20a2-4176-934f-9440effce47d</UUID>
      <SortOrder>30</SortOrder>
      <MinimumUsage>1</MinimumUsage>
      <MaximumUsage>1</MaximumUsage>
      <InitialUsage>1</InitialUsage>
      <PredecessorBrickUUID>9025f0ad-b388-4f65-86e3-b3d63c2670fd</PredecessorBrickUUID>
      <PredecessorBrickName>TabGroup</PredecessorBrickName>
      <ProductTextRelation>
        <ProductTextUUID>ff05b7a4-f8e0-4365-95c4-3efc246f67d2</ProductTextUUID>
      </ProductTextRelation>
      <ProductBackendInfo name="Skye.StyleClass">
        <UUID>0fc528ba-60d0-47a2-98c3-a0f85b41c8f4</UUID>
        <Info />
      </ProductBackendInfo>
      <ProductBackendInfo name="Skye.MultibrickType">
        <UUID>27ce1618-c80a-4578-9dee-42a25053c12c</UUID>
        <Info />
      </ProductBackendInfo>
      <ProductBackendInfo name="Skye.NumberOfColumns">
        <UUID>e6a6f881-4749-4140-9f23-a5ee9b1fb723</UUID>
        <Info>2</Info>
      </ProductBackendInfo>
      <ProductBackendInfo name="Skye.DisplayControlWithEmptyContent">
        <UUID>fe38a35d-01d1-4bc4-bc54-e4478fd186ea</UUID>
        <Info>True</Info>
      </ProductBackendInfo>
    </ProductBrick>
    <ProductBackendInfo name="Skye.MultibrickType">
      <UUID>52734e8f-fc28-45aa-be22-5930af8b34dc</UUID>
      <Info />
    </ProductBackendInfo>
    <ProductBackendInfo name="Skye.ProcessStepUIType">
      <UUID>7548b008-7f56-4ec6-bea5-5736ef8ca461</UUID>
      <Info>TabGroup</Info>
    </ProductBackendInfo>
    <ProductBackendInfo name="Skye.StyleClass">
      <UUID>b75f3e1a-d7a5-49c0-a0f7-3da43917687a</UUID>
      <Info />
    </ProductBackendInfo>
  </ProductBrick>
  <DefinitionDependentLists>
    <DefinitionDependencyDefaultValueList />
    <DefinitionDependencyValueRangeList />
    <DefinitionDependencyVisibilityList />
    <DefinitionDependencyMandatoryList />
    <DefinitionDependencyToDependencyList />
    <DefinitionDependencyValueRangeFilterValuesList />
    <DefinitionDependencyDataSourceAttributeList />
  </DefinitionDependentLists>
</Product>