﻿<?xml version="1.0" encoding="utf-8"?>
<Product xmlns:xsd="http://www.w3.org/2001/XMLSchema" xmlns:xsi="http://www.w3.org/2001/XMLSchema-instance" name="ProductCategorization" lastChanged="2019-10-09T08:36:01Z" implementationClass=" " versionUuid=" " modelType="productcategorization" subModelType="" skyeEditorVersion="7.15.0.16">
  <UUID>c709c728-28d4-4353-a323-5f272f5c42ac</UUID>
  <SortOrder>0</SortOrder>
  <BusinessUnit> </BusinessUnit>
  <Section> </Section>
  <ProductTextList>
    <ProductText name="short" language="en" country="US">
      <UUID>66377793-b78c-4bba-8723-5beb166319af</UUID>
      <Text>channel</Text>
    </ProductText>
  </ProductTextList>
  <ProductValueRangeList>
    <ProductValueRange name="Reference.referencedModelsVR" type="fix">
      <UUID>22b87777-fea3-4c1a-a671-49412315be27</UUID>
      <DefinitionValueRelation>
        <UUID>11e9ee75-3cce-54dc-ace9-5ff23aa7cc38</UUID>
        <DefinitionValueUUID>d462221a-1c8f-4393-b33b-0e609133618e</DefinitionValueUUID>
      </DefinitionValueRelation>
    </ProductValueRange>
    <ProductValueRange name="Reference.referencedModelsVR" type="fix">
      <UUID>c213f83a-b015-4106-aa90-814f3ebf343d</UUID>
      <DefinitionValueRelation>
        <UUID>11e9ee75-3cce-54d8-ace9-5ff23aa7cc38</UUID>
        <DefinitionValueUUID>c0627193-bfdf-46b8-acdc-62bcba2f4c6c</DefinitionValueUUID>
      </DefinitionValueRelation>
    </ProductValueRange>
  </ProductValueRangeList>
  <DefinitionBusinessObjectContextList>
    <DefinitionBusinessObjectContext name="Zone-callcenter-callcenter">
      <UUID>399fd355-0241-4601-bbb2-d7ce494e910b</UUID>
      <SubclassId>visibilityLevelContext</SubclassId>
      <ValueField>4</ValueField>
    </DefinitionBusinessObjectContext>
    <DefinitionBusinessObjectContext name="en_us-callcenter-callcenter">
      <UUID>91ef318b-eba1-4df1-9d0b-5e69c017cefc</UUID>
      <SubclassId>visibilityLevelContext</SubclassId>
      <ValueField>4</ValueField>
    </DefinitionBusinessObjectContext>
    <DefinitionBusinessObjectContext name="Product-callcenter-callcenter">
      <UUID>a0d9c911-f640-42f6-9d05-1fc8ce31695f</UUID>
      <SubclassId>visibilityLevelContext</SubclassId>
      <ValueField>4</ValueField>
    </DefinitionBusinessObjectContext>
  </DefinitionBusinessObjectContextList>
  <DefinitionResourceList />
  <AbstractProductBrickList />
  <ProductValueList>
    <ProductValue name="%{SkyeContext['channel']}" type="value">
      <UUID>824d4ef6-df5f-4c58-8322-539ff7e540f8</UUID>
      <SortOrder>0</SortOrder>
      <Value>%{SkyeContext['channel']}</Value>
    </ProductValue>
    <ProductValue name=" " type="value">
      <UUID>b8d9819d-c61a-47b3-a588-8451ab27b6b9</UUID>
      <SortOrder>0</SortOrder>
      <Value />
    </ProductValue>
    <ProductValue name="Home" type="value">
      <UUID>c0627193-bfdf-46b8-acdc-62bcba2f4c6c</UUID>
      <SortOrder>0</SortOrder>
      <Value />
    </ProductValue>
    <ProductValue name="FamilyInsurance" type="value">
      <UUID>d462221a-1c8f-4393-b33b-0e609133618e</UUID>
      <SortOrder>0</SortOrder>
      <Value />
    </ProductValue>
    <ProductValue name=" " type="value">
      <UUID>d7d01a11-0c45-4b48-b3f5-3f93a15d1969</UUID>
      <SortOrder>0</SortOrder>
      <Value />
    </ProductValue>
  </ProductValueList>
  <ProductPolicyAttribute name="channel" visibilityLevel="0" mandatory="false" unit="" format="" numberOfDecimals="0" attributeClass=" " type="Standard">
    <UUID>a3ec0b19-dd44-41cc-aa5e-a834f2f3305d</UUID>
    <SortOrder>99</SortOrder>
    <InputType>Textbox</InputType>
    <DataType>String</DataType>
    <MaxLength>4000</MaxLength>
    <MinLength>0</MinLength>
    <ProductTextRelation>
      <ProductTextUUID>66377793-b78c-4bba-8723-5beb166319af</ProductTextUUID>
    </ProductTextRelation>
    <ProductBackendInfo name="Skye.Core.DataSecurity">
      <UUID>236c049a-9f16-48d3-9a77-631cededc26b</UUID>
      <Info>Standard</Info>
    </ProductBackendInfo>
    <ProductBackendInfo name="Skye.AttributeAlias">
      <UUID>8add15bd-b727-4131-ad89-dbd813a6cc69</UUID>
      <Info />
    </ProductBackendInfo>
    <ProductBackendInfo name="Skye.AllowValueSetViaUnencryptedURL">
      <UUID>b9646bc9-997b-4a52-83b5-3c6eee0f0e8e</UUID>
      <Info>False</Info>
    </ProductBackendInfo>
    <DefinitionValueRelation>
      <UUID>11e9ee75-3cce-54da-ace9-5ff23aa7cc38</UUID>
      <DefinitionValueUUID>824d4ef6-df5f-4c58-8322-539ff7e540f8</DefinitionValueUUID>
    </DefinitionValueRelation>
  </ProductPolicyAttribute>
  <ProductBrick name="default" visibilityLevel="3" brickClass=" " isAbstract="false" typeId="0">
    <UUID>48234d77-1d79-4e6e-94b4-b68a5f4cd26d</UUID>
    <SortOrder>99</SortOrder>
    <MinimumUsage>1</MinimumUsage>
    <MaximumUsage>1</MaximumUsage>
    <InitialUsage>1</InitialUsage>
    <PredecessorBrickUUID />
    <PredecessorBrickName />
    <ProductPolicyAttribute name="HomeDefRef" visibilityLevel="2" mandatory="false" unit="" format="" numberOfDecimals="0" attributeClass=" " type="DefinitionReference">
      <UUID>b5fd8059-8cb3-4263-8af9-15be0c0e4628</UUID>
      <SortOrder>2</SortOrder>
      <InputType>ReferenceAutoComplete</InputType>
      <DataType>product</DataType>
      <MaxLength>4000</MaxLength>
      <MinLength>0</MinLength>
      <ProductValueRangeRelation>
        <UUID>b0d7a975-ef6e-43a1-b963-5e097b73e9cc</UUID>
        <SortOrder>99</SortOrder>
        <ProductValueRangeUUID>c213f83a-b015-4106-aa90-814f3ebf343d</ProductValueRangeUUID>
      </ProductValueRangeRelation>
      <ProductBackendInfo name="Skye.AllowValueSetViaUnencryptedURL">
        <UUID>185830fb-8a83-4866-87ca-ca854f3c7010</UUID>
        <Info>False</Info>
      </ProductBackendInfo>
      <ProductBackendInfo name="Skye.Core.DataSecurity">
        <UUID>20fddaea-581e-4eda-bf0d-27c6d4aca30f</UUID>
        <Info>Standard</Info>
      </ProductBackendInfo>
      <ProductBackendInfo name="Skye.AttributeAlias">
        <UUID>8364e49b-8593-402c-a831-39fc6aa1743d</UUID>
        <Info />
      </ProductBackendInfo>
      <DefinitionValueRelation>
        <UUID>11e9ee75-3cce-54d9-ace9-5ff23aa7cc38</UUID>
        <DefinitionValueUUID>b8d9819d-c61a-47b3-a588-8451ab27b6b9</DefinitionValueUUID>
      </DefinitionValueRelation>
    </ProductPolicyAttribute>
    <ProductPolicyAttribute name="FamilyInsuranceDefRef" visibilityLevel="0" mandatory="false" unit="" format="" numberOfDecimals="0" attributeClass=" " type="DefinitionReference">
      <UUID>d2b359fb-34f8-4db6-909a-6522b4a2ac50</UUID>
      <SortOrder>99</SortOrder>
      <InputType>ReferenceAutoComplete</InputType>
      <DataType>product</DataType>
      <MaxLength>4000</MaxLength>
      <MinLength>0</MinLength>
      <ProductValueRangeRelation>
        <UUID>c963d8be-2de3-419c-9e9e-d4ab221cf7ac</UUID>
        <SortOrder>99</SortOrder>
        <ProductValueRangeUUID>22b87777-fea3-4c1a-a671-49412315be27</ProductValueRangeUUID>
      </ProductValueRangeRelation>
      <ProductBackendInfo name="Skye.Core.DataSecurity">
        <UUID>397c6924-b2f8-4353-b1cd-34008dc41f23</UUID>
        <Info>Standard</Info>
      </ProductBackendInfo>
      <ProductBackendInfo name="Skye.AllowValueSetViaUnencryptedURL">
        <UUID>75ae04b3-af2a-486d-b4e8-428dc8848d1d</UUID>
        <Info>False</Info>
      </ProductBackendInfo>
      <ProductBackendInfo name="Skye.AttributeAlias">
        <UUID>c2b6c308-53fa-4eda-ac9f-59cfc0aa3a3e</UUID>
        <Info />
      </ProductBackendInfo>
      <DefinitionValueRelation>
        <UUID>11e9ee75-3cce-54db-ace9-5ff23aa7cc38</UUID>
        <DefinitionValueUUID>d7d01a11-0c45-4b48-b3f5-3f93a15d1969</DefinitionValueUUID>
      </DefinitionValueRelation>
      <DefinitionBusinessObjectContextRelation>
        <ContextUUID>a0d9c911-f640-42f6-9d05-1fc8ce31695f</ContextUUID>
        <DefinitionObjectUUID>d2b359fb-34f8-4db6-909a-6522b4a2ac50</DefinitionObjectUUID>
        <ValueField>4</ValueField>
      </DefinitionBusinessObjectContextRelation>
      <DefinitionBusinessObjectContextRelation>
        <ContextUUID>399fd355-0241-4601-bbb2-d7ce494e910b</ContextUUID>
        <DefinitionObjectUUID>d2b359fb-34f8-4db6-909a-6522b4a2ac50</DefinitionObjectUUID>
        <ValueField>4</ValueField>
      </DefinitionBusinessObjectContextRelation>
      <DefinitionBusinessObjectContextRelation>
        <ContextUUID>91ef318b-eba1-4df1-9d0b-5e69c017cefc</ContextUUID>
        <DefinitionObjectUUID>d2b359fb-34f8-4db6-909a-6522b4a2ac50</DefinitionObjectUUID>
        <ValueField>4</ValueField>
      </DefinitionBusinessObjectContextRelation>
    </ProductPolicyAttribute>
    <ProductBackendInfo name="Skye.MultibrickType">
      <UUID>4a16e716-5dbc-48c7-a93e-d3a03a41fa50</UUID>
      <Info />
    </ProductBackendInfo>
  </ProductBrick>
  <DefinitionDependentLists>
    <DefinitionDependencyDefaultValueList />
    <DefinitionDependencyValueRangeList />
    <DefinitionDependencyVisibilityList />
    <DefinitionDependencyMandatoryList />
    <DefinitionDependencyToDependencyList />
    <DefinitionDependencyValueRangeFilterValuesList />
    <DefinitionDependencyDataSourceAttributeList />
  </DefinitionDependentLists>
</Product>