﻿<?xml version="1.0" encoding="utf-8"?>
<Product xmlns:xsd="http://www.w3.org/2001/XMLSchema" xmlns:xsi="http://www.w3.org/2001/XMLSchema-instance" name="EmailEvent" lastChanged="2019-10-25T13:11:48.5464761Z" implementationClass="" modelType="event" subModelType="" skyeEditorVersion="7.15.0.16">
  <UUID>7510c139-2b77-4226-b5d2-a56cc7840aba</UUID>
  <BusinessUnit> </BusinessUnit>
  <Section> </Section>
  <ProductTextList>
    <ProductText name="short" language="en" country="US">
      <UUID>6d1e3944-b3ab-483d-8fb7-a8dbdeee5d11</UUID>
      <Text />
    </ProductText>
    <ProductText name="short" language="en" country="US">
      <UUID>445ec403-3ae8-490f-b430-e540554af597</UUID>
      <Text />
    </ProductText>
    <ProductText name="short" language="en" country="US">
      <UUID>b74156e8-b558-44ec-a36a-d2ea555e63c9</UUID>
      <Text />
    </ProductText>
    <ProductText name="short" language="en" country="US">
      <UUID>345aab43-8fd9-494a-b91d-32899eeface2</UUID>
      <Text />
    </ProductText>
    <ProductText name="short" language="en" country="US">
      <UUID>e3476427-e458-461b-b965-c968e13bf347</UUID>
      <Text />
    </ProductText>
    <ProductText name="short" language="en" country="US">
      <UUID>2548c051-6dc3-4fb3-9e71-94af7adaec22</UUID>
      <Text />
    </ProductText>
    <ProductText name="short" language="en" country="US">
      <UUID>e4c7fdcb-2075-48f2-87e3-f8d11706adac</UUID>
      <Text />
    </ProductText>
  </ProductTextList>
  <ProductValueRangeList />
  <DefinitionBusinessObjectContextList />
  <DefinitionResourceList />
  <ProductValueList>
    <ProductValue name="SendEmailMessageEvent" type="value">
      <UUID>a56e87e7-ee07-4deb-9a8a-62904c241ccc</UUID>
      <SortOrder>0</SortOrder>
      <Value>SendEmailMessageEvent</Value>
    </ProductValue>
    <ProductValue name="new" type="value">
      <UUID>c38fd8ce-360e-410f-8df8-e3753c553ec5</UUID>
      <SortOrder>0</SortOrder>
      <Value>new</Value>
    </ProductValue>
    <ProductValue name="%{TODAY+TIME(NOW)}" type="value">
      <UUID>996e4aac-fa2c-4afb-a14d-1ec0020277e5</UUID>
      <SortOrder>0</SortOrder>
      <Value>%{TODAY+TIME(NOW)}</Value>
    </ProductValue>
    <ProductValue name="en_US" type="value">
      <UUID>bf73da7c-a4df-47f3-831c-a7320a52e079</UUID>
      <SortOrder>0</SortOrder>
      <Value>en_US</Value>
    </ProductValue>
    <ProductValue name="callcenter" type="value">
      <UUID>b459b9bd-a177-4603-a5fe-fadd982374f0</UUID>
      <SortOrder>0</SortOrder>
      <Value>callcenter</Value>
    </ProductValue>
    <ProductValue name="callcenter" type="value">
      <UUID>d3d37635-91ad-4a0f-aac6-756d4869a22e</UUID>
      <SortOrder>0</SortOrder>
      <Value>callcenter</Value>
    </ProductValue>
    <ProductValue name="SendEmail" type="value">
      <UUID>1bbdfe08-efd9-4b8c-8367-1829a1dd20ed</UUID>
      <SortOrder>0</SortOrder>
      <Value>SendEmail</Value>
    </ProductValue>
  </ProductValueList>
  <ProductPolicyAttribute name="@EventHandlerService" visibilityLevel="0" mandatory="false" unit="" format="" numberOfDecimals="0" attributeClass="" type="Standard">
    <UUID>d0148944-9a1c-4863-9395-53399233899d</UUID>
    <SortOrder>99</SortOrder>
    <InputType>Textbox</InputType>
    <DataType>String</DataType>
    <MaxLength>4000</MaxLength>
    <MinLength>0</MinLength>
    <ProductTextRelation>
      <UUID>9ccf525f-3673-42dc-ab1e-a927b9709d75</UUID>
      <ProductTextUUID>6d1e3944-b3ab-483d-8fb7-a8dbdeee5d11</ProductTextUUID>
    </ProductTextRelation>
    <ProductBackendInfo name="Skye.AttributeAlias">
      <UUID>7e95a3ec-5a69-4f4e-a3b7-0103d175dd11</UUID>
      <Info />
    </ProductBackendInfo>
    <ProductBackendInfo name="Skye.Core.DataSecurity">
      <UUID>5f0243eb-dc5a-41d1-b8ef-5b654c8eed4c</UUID>
      <Info>Standard</Info>
    </ProductBackendInfo>
    <ProductBackendInfo name="Skye.AllowValueSetViaUnencryptedURL">
      <UUID>9e22de0b-a6c1-4b96-92a8-35f22404258e</UUID>
      <Info>False</Info>
    </ProductBackendInfo>
    <DefinitionValueRelation>
      <DefinitionValueUUID>a56e87e7-ee07-4deb-9a8a-62904c241ccc</DefinitionValueUUID>
    </DefinitionValueRelation>
  </ProductPolicyAttribute>
  <ProductPolicyAttribute name="@EventTriggerStatus" visibilityLevel="0" mandatory="false" unit="" format="" numberOfDecimals="0" attributeClass="" type="Standard">
    <UUID>38ee6431-21f9-4e12-9063-7e3c230b333e</UUID>
    <SortOrder>99</SortOrder>
    <InputType>Textbox</InputType>
    <DataType>String</DataType>
    <MaxLength>4000</MaxLength>
    <MinLength>0</MinLength>
    <ProductTextRelation>
      <UUID>f716ea7c-cae8-4955-bef3-bc39d0944d95</UUID>
      <ProductTextUUID>445ec403-3ae8-490f-b430-e540554af597</ProductTextUUID>
    </ProductTextRelation>
    <ProductBackendInfo name="Skye.AttributeAlias">
      <UUID>a560b8a4-7a06-4f2d-a1b8-5ddbf9a5c492</UUID>
      <Info />
    </ProductBackendInfo>
    <ProductBackendInfo name="Skye.Core.DataSecurity">
      <UUID>3da94a4d-d85a-4ed2-a614-a6caa1f22eea</UUID>
      <Info>Standard</Info>
    </ProductBackendInfo>
    <ProductBackendInfo name="Skye.AllowValueSetViaUnencryptedURL">
      <UUID>2be7bc32-a05f-4039-b3fb-c0cfdaad7efc</UUID>
      <Info>False</Info>
    </ProductBackendInfo>
    <DefinitionValueRelation>
      <DefinitionValueUUID>c38fd8ce-360e-410f-8df8-e3753c553ec5</DefinitionValueUUID>
    </DefinitionValueRelation>
  </ProductPolicyAttribute>
  <ProductPolicyAttribute name="@EventTriggerTime" visibilityLevel="0" mandatory="false" unit="" format="" numberOfDecimals="0" attributeClass="" type="Standard">
    <UUID>93bda293-38a5-4694-8a84-d7f9c7eb95f7</UUID>
    <SortOrder>99</SortOrder>
    <InputType>Textbox</InputType>
    <DataType>String</DataType>
    <MaxLength>4000</MaxLength>
    <MinLength>0</MinLength>
    <ProductTextRelation>
      <UUID>2beb07df-78b2-45db-8318-9d0ec6f8206c</UUID>
      <ProductTextUUID>b74156e8-b558-44ec-a36a-d2ea555e63c9</ProductTextUUID>
    </ProductTextRelation>
    <ProductBackendInfo name="Skye.AttributeAlias">
      <UUID>a21f5f7e-b0ea-4f0a-b70f-58588cdb4c53</UUID>
      <Info />
    </ProductBackendInfo>
    <ProductBackendInfo name="Skye.Core.DataSecurity">
      <UUID>0eacf8bd-ee11-4b83-9be8-72a4ec56f8be</UUID>
      <Info>Standard</Info>
    </ProductBackendInfo>
    <ProductBackendInfo name="Skye.AllowValueSetViaUnencryptedURL">
      <UUID>94713d12-f0bc-4bd2-b66d-e12a5e02a917</UUID>
      <Info>False</Info>
    </ProductBackendInfo>
    <DefinitionValueRelation>
      <DefinitionValueUUID>996e4aac-fa2c-4afb-a14d-1ec0020277e5</DefinitionValueUUID>
    </DefinitionValueRelation>
  </ProductPolicyAttribute>
  <ProductPolicyAttribute name="@Locale" visibilityLevel="0" mandatory="false" unit="" format="" numberOfDecimals="0" attributeClass="" type="Standard">
    <UUID>f4484d1a-6672-4996-af66-e3f95f5583e9</UUID>
    <SortOrder>99</SortOrder>
    <InputType>Textbox</InputType>
    <DataType>String</DataType>
    <MaxLength>4000</MaxLength>
    <MinLength>0</MinLength>
    <ProductTextRelation>
      <UUID>ceb0c56d-f776-447b-82e5-4d836ef317c3</UUID>
      <ProductTextUUID>345aab43-8fd9-494a-b91d-32899eeface2</ProductTextUUID>
    </ProductTextRelation>
    <ProductBackendInfo name="Skye.AttributeAlias">
      <UUID>da8b6146-4de3-4c67-ab45-305780834f0b</UUID>
      <Info />
    </ProductBackendInfo>
    <ProductBackendInfo name="Skye.Core.DataSecurity">
      <UUID>4f75a810-5096-486f-aea6-757f8f0bb31a</UUID>
      <Info>Standard</Info>
    </ProductBackendInfo>
    <ProductBackendInfo name="Skye.AllowValueSetViaUnencryptedURL">
      <UUID>49f1df8a-4f10-4d8b-811f-304b1cf1d37a</UUID>
      <Info>False</Info>
    </ProductBackendInfo>
    <DefinitionValueRelation>
      <DefinitionValueUUID>bf73da7c-a4df-47f3-831c-a7320a52e079</DefinitionValueUUID>
    </DefinitionValueRelation>
  </ProductPolicyAttribute>
  <ProductPolicyAttribute name="@Channel" visibilityLevel="0" mandatory="false" unit="" format="" numberOfDecimals="0" attributeClass="" type="Standard">
    <UUID>de477a4e-e79f-4c57-ab38-b0a54da34e34</UUID>
    <SortOrder>99</SortOrder>
    <InputType>Textbox</InputType>
    <DataType>String</DataType>
    <MaxLength>4000</MaxLength>
    <MinLength>0</MinLength>
    <ProductTextRelation>
      <UUID>fcb51e0b-035f-4b6d-9905-4a25dc93b29d</UUID>
      <ProductTextUUID>e3476427-e458-461b-b965-c968e13bf347</ProductTextUUID>
    </ProductTextRelation>
    <ProductBackendInfo name="Skye.AttributeAlias">
      <UUID>13384e42-a551-4cc3-be33-f0ccfd582a65</UUID>
      <Info />
    </ProductBackendInfo>
    <ProductBackendInfo name="Skye.Core.DataSecurity">
      <UUID>6e8a6509-3f72-4b26-835d-94deb05493a2</UUID>
      <Info>Standard</Info>
    </ProductBackendInfo>
    <ProductBackendInfo name="Skye.AllowValueSetViaUnencryptedURL">
      <UUID>f20d47b5-f038-483a-9f28-2f5725faf8eb</UUID>
      <Info>False</Info>
    </ProductBackendInfo>
    <DefinitionValueRelation>
      <DefinitionValueUUID>b459b9bd-a177-4603-a5fe-fadd982374f0</DefinitionValueUUID>
    </DefinitionValueRelation>
  </ProductPolicyAttribute>
  <ProductPolicyAttribute name="@Role" visibilityLevel="0" mandatory="false" unit="" format="" numberOfDecimals="0" attributeClass="" type="Standard">
    <UUID>584541c3-4c0b-4872-a69e-db4e588506ee</UUID>
    <SortOrder>99</SortOrder>
    <InputType>Textbox</InputType>
    <DataType>String</DataType>
    <MaxLength>4000</MaxLength>
    <MinLength>0</MinLength>
    <ProductTextRelation>
      <UUID>42071c86-596a-4368-94da-6b8921b8b7e9</UUID>
      <ProductTextUUID>2548c051-6dc3-4fb3-9e71-94af7adaec22</ProductTextUUID>
    </ProductTextRelation>
    <ProductBackendInfo name="Skye.AttributeAlias">
      <UUID>1226b15d-71b3-4f9e-92e4-8c6c085adfb7</UUID>
      <Info />
    </ProductBackendInfo>
    <ProductBackendInfo name="Skye.Core.DataSecurity">
      <UUID>bd480563-c9dd-4047-822e-9dc77566199e</UUID>
      <Info>Standard</Info>
    </ProductBackendInfo>
    <ProductBackendInfo name="Skye.AllowValueSetViaUnencryptedURL">
      <UUID>9d7a47e4-94a6-4817-a1f9-952b2b2cd947</UUID>
      <Info>False</Info>
    </ProductBackendInfo>
    <DefinitionValueRelation>
      <DefinitionValueUUID>d3d37635-91ad-4a0f-aac6-756d4869a22e</DefinitionValueUUID>
    </DefinitionValueRelation>
  </ProductPolicyAttribute>
  <ProductPolicyAttribute name="@EventTriggerTypeId" visibilityLevel="0" mandatory="false" unit="" format="" numberOfDecimals="0" attributeClass="" type="Standard">
    <UUID>eb775a9c-dc7d-4231-afd3-14292ee3e5b4</UUID>
    <SortOrder>99</SortOrder>
    <InputType>Textbox</InputType>
    <DataType>String</DataType>
    <MaxLength>4000</MaxLength>
    <MinLength>0</MinLength>
    <ProductTextRelation>
      <UUID>885a3e52-c732-499c-9fc7-6f42128dcccc</UUID>
      <ProductTextUUID>e4c7fdcb-2075-48f2-87e3-f8d11706adac</ProductTextUUID>
    </ProductTextRelation>
    <ProductBackendInfo name="Skye.AttributeAlias">
      <UUID>3b347841-e240-41a2-a273-c4b698c9eec7</UUID>
      <Info />
    </ProductBackendInfo>
    <ProductBackendInfo name="Skye.Core.DataSecurity">
      <UUID>538b5735-e98a-4720-b29e-07adf3e07ad8</UUID>
      <Info>Standard</Info>
    </ProductBackendInfo>
    <ProductBackendInfo name="Skye.AllowValueSetViaUnencryptedURL">
      <UUID>cba25a23-0331-4e88-95f3-9f296d820ae1</UUID>
      <Info>False</Info>
    </ProductBackendInfo>
    <DefinitionValueRelation>
      <DefinitionValueUUID>1bbdfe08-efd9-4b8c-8367-1829a1dd20ed</DefinitionValueUUID>
    </DefinitionValueRelation>
  </ProductPolicyAttribute>
  <DefinitionDependentLists>
    <DefinitionDependencyDefaultValueList />
    <DefinitionDependencyValueRangeList />
    <DefinitionDependencyVisibilityList />
    <DefinitionDependencyMandatoryList />
    <DefinitionDependencyToDependencyList />
    <DefinitionDependencyValueRangeFilterValuesList />
    <DefinitionDependencyDataSourceAttributeList />
  </DefinitionDependentLists>
</Product>