﻿<?xml version="1.0" encoding="utf-8"?>
<Product xmlns:xsd="http://www.w3.org/2001/XMLSchema" xmlns:xsi="http://www.w3.org/2001/XMLSchema-instance" name="ProductCategorization" lastChanged="2019-10-21T11:42:56.1178752Z" implementationClass=" " versionUuid=" " modelType="productcategorization" subModelType="" skyeEditorVersion="7.15.0.16">
  <UUID>c709c728-28d4-4353-a323-5f272f5c42ac</UUID>
  <SortOrder>0</SortOrder>
  <BusinessUnit> </BusinessUnit>
  <Section> </Section>
  <ProductTextList>
    <ProductText name="short" language="en" country="US">
      <UUID>66377793-b78c-4bba-8723-5beb166319af</UUID>
      <Text>channel</Text>
    </ProductText>
  </ProductTextList>
  <ProductValueRangeList>
    <ProductValueRange name="Reference.referencedModelsVR" type="fix">
      <UUID>22b87777-fea3-4c1a-a671-49412315be27</UUID>
      <DefinitionValueRelation>
        <UUID>11e9e9c5-1768-6f2d-8104-ab8dde4e730f</UUID>
        <DefinitionValueUUID>d462221a-1c8f-4393-b33b-0e609133618e</DefinitionValueUUID>
      </DefinitionValueRelation>
    </ProductValueRange>
    <ProductValueRange name="Reference.referencedModelsVR" type="fix">
      <UUID>d6aa0c85-13e9-47c4-8409-bf7a7b4bab71</UUID>
      <DefinitionValueRelation>
        <UUID>15ad2c41-0b96-440e-9d64-62e479566a34</UUID>
        <DefinitionValueUUID>f6e48203-f2f2-4521-b8a2-fa2f439cdfdf</DefinitionValueUUID>
      </DefinitionValueRelation>
    </ProductValueRange>
    <ProductValueRange name="Reference.referencedModelsVR" type="fix">
      <UUID>204245fb-aa58-4d2e-aed7-38e228ca73f0</UUID>
      <DefinitionValueRelation>
        <UUID>8a853438-c7eb-4663-95f7-c2409f301e17</UUID>
        <DefinitionValueUUID>879c791a-3ded-48cf-b833-87ff07adf7dc</DefinitionValueUUID>
      </DefinitionValueRelation>
    </ProductValueRange>
  </ProductValueRangeList>
  <DefinitionBusinessObjectContextList />
  <DefinitionResourceList />
  <AbstractProductBrickList />
  <ProductValueList>
    <ProductValue name="%{SkyeContext['channel']}" type="value">
      <UUID>824d4ef6-df5f-4c58-8322-539ff7e540f8</UUID>
      <SortOrder>0</SortOrder>
      <Value>%{SkyeContext['channel']}</Value>
    </ProductValue>
    <ProductValue name="FamilyInsurance" type="value">
      <UUID>d462221a-1c8f-4393-b33b-0e609133618e</UUID>
      <SortOrder>0</SortOrder>
      <Value />
    </ProductValue>
    <ProductValue name=" " type="value">
      <UUID>d7d01a11-0c45-4b48-b3f5-3f93a15d1969</UUID>
      <SortOrder>0</SortOrder>
      <Value />
    </ProductValue>
    <ProductValue name="" type="value">
      <UUID>786e315a-fa07-43fc-98a7-6b57449b205c</UUID>
      <SortOrder>0</SortOrder>
      <Value />
    </ProductValue>
    <ProductValue name="Home" type="value">
      <UUID>f6e48203-f2f2-4521-b8a2-fa2f439cdfdf</UUID>
      <SortOrder>0</SortOrder>
      <Value />
    </ProductValue>
    <ProductValue name="" type="value">
      <UUID>fd6bd241-8e9c-4c9f-b1a4-cbe9660ebc74</UUID>
      <SortOrder>0</SortOrder>
      <Value />
    </ProductValue>
    <ProductValue name="Motor" type="value">
      <UUID>879c791a-3ded-48cf-b833-87ff07adf7dc</UUID>
      <SortOrder>0</SortOrder>
      <Value />
    </ProductValue>
  </ProductValueList>
  <ProductPolicyAttribute name="channel" visibilityLevel="0" mandatory="false" unit="" format="" numberOfDecimals="0" attributeClass=" " type="Standard">
    <UUID>a3ec0b19-dd44-41cc-aa5e-a834f2f3305d</UUID>
    <SortOrder>99</SortOrder>
    <InputType>Textbox</InputType>
    <DataType>String</DataType>
    <MaxLength>4000</MaxLength>
    <MinLength>0</MinLength>
    <ProductTextRelation>
      <ProductTextUUID>66377793-b78c-4bba-8723-5beb166319af</ProductTextUUID>
    </ProductTextRelation>
    <ProductBackendInfo name="Skye.Core.DataSecurity">
      <UUID>236c049a-9f16-48d3-9a77-631cededc26b</UUID>
      <Info>Standard</Info>
    </ProductBackendInfo>
    <ProductBackendInfo name="Skye.AttributeAlias">
      <UUID>8add15bd-b727-4131-ad89-dbd813a6cc69</UUID>
      <Info />
    </ProductBackendInfo>
    <ProductBackendInfo name="Skye.AllowValueSetViaUnencryptedURL">
      <UUID>b9646bc9-997b-4a52-83b5-3c6eee0f0e8e</UUID>
      <Info>False</Info>
    </ProductBackendInfo>
    <DefinitionValueRelation>
      <UUID>11e9e9c5-1768-6f2b-8104-ab8dde4e730f</UUID>
      <DefinitionValueUUID>824d4ef6-df5f-4c58-8322-539ff7e540f8</DefinitionValueUUID>
    </DefinitionValueRelation>
  </ProductPolicyAttribute>
  <ProductBrick name="default" visibilityLevel="3" brickClass=" " isAbstract="false" typeId="0">
    <UUID>48234d77-1d79-4e6e-94b4-b68a5f4cd26d</UUID>
    <SortOrder>99</SortOrder>
    <MinimumUsage>1</MinimumUsage>
    <MaximumUsage>1</MaximumUsage>
    <InitialUsage>1</InitialUsage>
    <PredecessorBrickUUID />
    <PredecessorBrickName />
    <ProductPolicyAttribute name="FamilyInsuranceDefRef" visibilityLevel="0" mandatory="false" unit="" format="" numberOfDecimals="0" attributeClass=" " type="DefinitionReference">
      <UUID>d2b359fb-34f8-4db6-909a-6522b4a2ac50</UUID>
      <SortOrder>99</SortOrder>
      <InputType>ReferenceAutoComplete</InputType>
      <DataType>product</DataType>
      <MaxLength>4000</MaxLength>
      <MinLength>0</MinLength>
      <ProductValueRangeRelation>
        <UUID>c963d8be-2de3-419c-9e9e-d4ab221cf7ac</UUID>
        <SortOrder>99</SortOrder>
        <ProductValueRangeUUID>22b87777-fea3-4c1a-a671-49412315be27</ProductValueRangeUUID>
      </ProductValueRangeRelation>
      <ProductBackendInfo name="Skye.Core.DataSecurity">
        <UUID>397c6924-b2f8-4353-b1cd-34008dc41f23</UUID>
        <Info>Standard</Info>
      </ProductBackendInfo>
      <ProductBackendInfo name="Skye.AllowValueSetViaUnencryptedURL">
        <UUID>75ae04b3-af2a-486d-b4e8-428dc8848d1d</UUID>
        <Info>False</Info>
      </ProductBackendInfo>
      <ProductBackendInfo name="Skye.AttributeAlias">
        <UUID>c2b6c308-53fa-4eda-ac9f-59cfc0aa3a3e</UUID>
        <Info />
      </ProductBackendInfo>
      <DefinitionValueRelation>
        <UUID>11e9e9c5-1768-6f2c-8104-ab8dde4e730f</UUID>
        <DefinitionValueUUID>d7d01a11-0c45-4b48-b3f5-3f93a15d1969</DefinitionValueUUID>
      </DefinitionValueRelation>
    </ProductPolicyAttribute>
    <ProductPolicyAttribute name="HomeDefRef" visibilityLevel="0" mandatory="false" unit="" format="" numberOfDecimals="0" attributeClass="" type="DefinitionReference">
      <UUID>b0c1e9f1-ff4d-46c8-b2c8-cd047ef388a6</UUID>
      <SortOrder>2</SortOrder>
      <InputType>ReferenceAutoComplete</InputType>
      <DataType>product</DataType>
      <MaxLength>4000</MaxLength>
      <MinLength>0</MinLength>
      <ProductValueRangeRelation>
        <UUID>392269c6-2021-4227-b446-cb1452ee8bd6</UUID>
        <SortOrder>99</SortOrder>
        <ProductValueRangeUUID>d6aa0c85-13e9-47c4-8409-bf7a7b4bab71</ProductValueRangeUUID>
      </ProductValueRangeRelation>
      <ProductBackendInfo name="Skye.AttributeAlias">
        <UUID>fd724974-2ac6-4848-bf04-4a8c4d74aa1f</UUID>
        <Info />
      </ProductBackendInfo>
      <ProductBackendInfo name="Skye.Core.DataSecurity">
        <UUID>c1f4d292-6ae4-4079-b086-b0f9ea59699c</UUID>
        <Info>Standard</Info>
      </ProductBackendInfo>
      <ProductBackendInfo name="Skye.AllowValueSetViaUnencryptedURL">
        <UUID>852b6ecb-373d-4ddd-b22f-a9cfa83e38f6</UUID>
        <Info>False</Info>
      </ProductBackendInfo>
      <DefinitionValueRelation>
        <DefinitionValueUUID>786e315a-fa07-43fc-98a7-6b57449b205c</DefinitionValueUUID>
      </DefinitionValueRelation>
    </ProductPolicyAttribute>
    <ProductPolicyAttribute name="MotorDefRef" visibilityLevel="2" mandatory="false" unit="" format="" numberOfDecimals="0" attributeClass="" type="DefinitionReference">
      <UUID>04e39892-4b73-4e17-9d35-8749a2c33903</UUID>
      <SortOrder>3</SortOrder>
      <InputType>ReferenceAutoComplete</InputType>
      <DataType>product</DataType>
      <MaxLength>4000</MaxLength>
      <MinLength>0</MinLength>
      <ProductValueRangeRelation>
        <UUID>d4154794-912f-4017-a66a-932d08f41aaf</UUID>
        <SortOrder>99</SortOrder>
        <ProductValueRangeUUID>204245fb-aa58-4d2e-aed7-38e228ca73f0</ProductValueRangeUUID>
      </ProductValueRangeRelation>
      <ProductBackendInfo name="Skye.AttributeAlias">
        <UUID>829417ad-3750-4ab7-9ca2-675fdef2336e</UUID>
        <Info />
      </ProductBackendInfo>
      <ProductBackendInfo name="Skye.Core.DataSecurity">
        <UUID>fb985183-37a8-44c6-929e-94bdc2b7ba57</UUID>
        <Info>Standard</Info>
      </ProductBackendInfo>
      <ProductBackendInfo name="Skye.AllowValueSetViaUnencryptedURL">
        <UUID>842a308c-17b9-4007-a69b-3f2406f162be</UUID>
        <Info>False</Info>
      </ProductBackendInfo>
      <DefinitionValueRelation>
        <DefinitionValueUUID>fd6bd241-8e9c-4c9f-b1a4-cbe9660ebc74</DefinitionValueUUID>
      </DefinitionValueRelation>
    </ProductPolicyAttribute>
    <ProductBackendInfo name="Skye.MultibrickType">
      <UUID>4a16e716-5dbc-48c7-a93e-d3a03a41fa50</UUID>
      <Info />
    </ProductBackendInfo>
  </ProductBrick>
  <DefinitionDependentLists>
    <DefinitionDependencyDefaultValueList />
    <DefinitionDependencyValueRangeList />
    <DefinitionDependencyVisibilityList />
    <DefinitionDependencyMandatoryList />
    <DefinitionDependencyToDependencyList />
    <DefinitionDependencyValueRangeFilterValuesList />
    <DefinitionDependencyDataSourceAttributeList />
  </DefinitionDependentLists>
</Product>