﻿<?xml version="1.0" encoding="utf-8"?>
<Product xmlns:xsd="http://www.w3.org/2001/XMLSchema" xmlns:xsi="http://www.w3.org/2001/XMLSchema-instance" name="ZonePublicDefinition" lastChanged="2019-10-15T13:57:04.8511214Z" implementationClass="" modelType="zonedefinition" subModelType="ZonePublic" skyeEditorVersion="7.15.0.16">
  <UUID>f3b9d839-84ad-4e34-a287-ee3f45e15446</UUID>
  <BusinessUnit> </BusinessUnit>
  <Section> </Section>
  <ProductTextList>
    <ProductText name="leftZoneMenuCollapsedImage" language="en" country="US">
      <UUID>eb9c55b7-35cf-47dc-87ae-6aeb375966cb</UUID>
      <Text />
    </ProductText>
    <ProductText name="leftZoneMenuExpandedImage" language="en" country="US">
      <UUID>4b24c62e-f939-42a2-b28f-0c2a47d0b3ee</UUID>
      <Text />
    </ProductText>
    <ProductText name="header" language="en" country="US">
      <UUID>1e7fe320-edb9-4ff0-9e01-fbfb7043ebfa</UUID>
      <Text>My zone</Text>
    </ProductText>
    <ProductText name="icon" language="en" country="US">
      <UUID>48d57199-a50a-4b24-8ba8-5243ca186e59</UUID>
      <Text />
    </ProductText>
    <ProductText name="zoneMenuHeader" language="en" country="US">
      <UUID>63adb5b6-8b5c-453d-9901-46e5a786501a</UUID>
      <Text />
    </ProductText>
  </ProductTextList>
  <ProductValueRangeList />
  <DefinitionBusinessObjectContextList />
  <DefinitionResourceList />
  <ProductValueList>
    <ProductValue name="MyZone" type="value">
      <UUID>2621a3f0-a042-4173-946a-c6467b861537</UUID>
      <SortOrder>0</SortOrder>
      <Value>MyZone</Value>
    </ProductValue>
    <ProductValue name="/componentZone" type="value">
      <UUID>f6846039-3173-4f07-88d2-24294beb6a1b</UUID>
      <SortOrder>0</SortOrder>
      <Value>/componentZone</Value>
    </ProductValue>
    <ProductValue name="true" type="value">
      <UUID>048fb435-622f-4e31-9298-59d3208ffa8e</UUID>
      <SortOrder>0</SortOrder>
      <Value>true</Value>
    </ProductValue>
    <ProductValue name="" type="value">
      <UUID>f3725e5f-48ea-43f0-a9d6-d02dedac9730</UUID>
      <SortOrder>0</SortOrder>
      <Value />
    </ProductValue>
  </ProductValueList>
  <ProductPolicyAttribute name="@DefaultZone" visibilityLevel="0" mandatory="false" unit="" format="" numberOfDecimals="0" attributeClass="" type="Standard">
    <UUID>c38e00e4-5ec8-4701-9928-cac4bbb1bf6c</UUID>
    <SortOrder>99</SortOrder>
    <InputType>Textbox</InputType>
    <DataType>String</DataType>
    <MaxLength>4000</MaxLength>
    <MinLength>0</MinLength>
    <ProductBackendInfo name="Skye.AttributeAlias">
      <UUID>9fa9806f-0c38-426d-91a7-46dc0e25476f</UUID>
      <Info />
    </ProductBackendInfo>
    <ProductBackendInfo name="Skye.Core.DataSecurity">
      <UUID>ca136d6a-9101-42f5-af86-bc8b3ec5a203</UUID>
      <Info>Standard</Info>
    </ProductBackendInfo>
    <ProductBackendInfo name="Skye.AllowValueSetViaUnencryptedURL">
      <UUID>c648c574-d7f1-4bbf-8354-caefa630f7a7</UUID>
      <Info>False</Info>
    </ProductBackendInfo>
    <DefinitionValueRelation>
      <DefinitionValueUUID>2621a3f0-a042-4173-946a-c6467b861537</DefinitionValueUUID>
    </DefinitionValueRelation>
  </ProductPolicyAttribute>
  <ProductTextRelation>
    <UUID>a6616a55-0ceb-4d9e-9ef6-07d7834d2a85</UUID>
    <ProductTextUUID>eb9c55b7-35cf-47dc-87ae-6aeb375966cb</ProductTextUUID>
  </ProductTextRelation>
  <ProductTextRelation>
    <UUID>cbeea49f-1630-4e32-a223-3af741bdaa84</UUID>
    <ProductTextUUID>4b24c62e-f939-42a2-b28f-0c2a47d0b3ee</ProductTextUUID>
  </ProductTextRelation>
  <ProductBrick name="MyZone" visibilityLevel="4" brickClass="" isAbstract="false" typeId="0">
    <UUID>1c40a459-a964-463d-9811-481caf193ce5</UUID>
    <SortOrder>1</SortOrder>
    <MinimumUsage>1</MinimumUsage>
    <MaximumUsage>1</MaximumUsage>
    <InitialUsage>1</InitialUsage>
    <ProductTextRelation>
      <UUID>74f8730d-bdca-4b0c-ae6f-e585f7ae954b</UUID>
      <ProductTextUUID>1e7fe320-edb9-4ff0-9e01-fbfb7043ebfa</ProductTextUUID>
    </ProductTextRelation>
    <ProductTextRelation>
      <UUID>93c2aa22-4052-4507-8975-99063450be60</UUID>
      <ProductTextUUID>48d57199-a50a-4b24-8ba8-5243ca186e59</ProductTextUUID>
    </ProductTextRelation>
    <ProductPolicyAttribute name="@ZoneContentUrl" visibilityLevel="0" mandatory="false" unit="" format="" numberOfDecimals="0" attributeClass="" type="Standard">
      <UUID>ef74e1b7-d2b8-4021-a4e1-a32682ae85ec</UUID>
      <SortOrder>99</SortOrder>
      <InputType>Textbox</InputType>
      <DataType>String</DataType>
      <MaxLength>4000</MaxLength>
      <MinLength>0</MinLength>
      <ProductBackendInfo name="Skye.AttributeAlias">
        <UUID>309f48a1-a88e-4b5f-bdf8-ee609d8174b4</UUID>
        <Info />
      </ProductBackendInfo>
      <ProductBackendInfo name="Skye.Core.DataSecurity">
        <UUID>e0bde1f2-2761-42aa-9ce0-07ee2ea1c183</UUID>
        <Info>Standard</Info>
      </ProductBackendInfo>
      <ProductBackendInfo name="Skye.AllowValueSetViaUnencryptedURL">
        <UUID>4bc6f2ae-87b6-49a0-a312-73a4dd8b8f1c</UUID>
        <Info>False</Info>
      </ProductBackendInfo>
      <DefinitionValueRelation>
        <DefinitionValueUUID>f6846039-3173-4f07-88d2-24294beb6a1b</DefinitionValueUUID>
      </DefinitionValueRelation>
    </ProductPolicyAttribute>
    <ProductPolicyAttribute name="@RefreshZoneOnSwitch" visibilityLevel="0" mandatory="false" unit="" format="" numberOfDecimals="0" attributeClass="" type="Standard">
      <UUID>63fe492b-cc66-4349-8a78-3daeb3619794</UUID>
      <SortOrder>99</SortOrder>
      <InputType>Textbox</InputType>
      <DataType>String</DataType>
      <MaxLength>4000</MaxLength>
      <MinLength>0</MinLength>
      <ProductBackendInfo name="Skye.AttributeAlias">
        <UUID>166f5e83-be21-4f92-81ed-952e92b7eb81</UUID>
        <Info />
      </ProductBackendInfo>
      <ProductBackendInfo name="Skye.Core.DataSecurity">
        <UUID>48773950-091e-4303-9e34-edf4183ba095</UUID>
        <Info>Standard</Info>
      </ProductBackendInfo>
      <ProductBackendInfo name="Skye.AllowValueSetViaUnencryptedURL">
        <UUID>899f2f64-e242-472b-a233-74fd19c6f3e8</UUID>
        <Info>False</Info>
      </ProductBackendInfo>
      <DefinitionValueRelation>
        <DefinitionValueUUID>048fb435-622f-4e31-9298-59d3208ffa8e</DefinitionValueUUID>
      </DefinitionValueRelation>
    </ProductPolicyAttribute>
    <ProductPolicyAttribute name="ProductSelectorComponent" visibilityLevel="4" mandatory="false" unit="" format="" numberOfDecimals="0" attributeClass="" type="UIComponent">
      <UUID>652d5cdb-1b44-4ac8-aef6-4f63de965779</UUID>
      <SortOrder>99</SortOrder>
      <InputType>Textbox</InputType>
      <DataType>String</DataType>
      <MaxLength>4000</MaxLength>
      <MinLength>0</MinLength>
      <ProductTextRelation>
        <UUID>fc2e4a1a-32a3-40f5-809c-dc44bc5a946a</UUID>
        <ProductTextUUID>63adb5b6-8b5c-453d-9901-46e5a786501a</ProductTextUUID>
      </ProductTextRelation>
      <ProductBackendInfo name="Skye.AttributeAlias">
        <UUID>fa7a385e-9adf-477b-8f35-8ee3381b53bf</UUID>
        <Info />
      </ProductBackendInfo>
      <ProductBackendInfo name="Skye.Core.DataSecurity">
        <UUID>eed0fb8d-2153-4e84-ae9b-49f09f587ec3</UUID>
        <Info>Standard</Info>
      </ProductBackendInfo>
      <ProductBackendInfo name="Skye.AllowValueSetViaUnencryptedURL">
        <UUID>9f1696ca-95bc-4dd1-93b3-e62e07da704c</UUID>
        <Info>False</Info>
      </ProductBackendInfo>
      <ProductBackendInfo name="Skye.Component.ModelType">
        <UUID>ee2c6d48-d96e-4224-a1e9-075cd59621aa</UUID>
        <Info>modelselectorcomponent</Info>
      </ProductBackendInfo>
      <ProductBackendInfo name="Skye.Component.ModelTextId">
        <UUID>5cf0241e-241c-4943-a55d-735817849a82</UUID>
        <Info>MyProductSelectorProductComponent</Info>
      </ProductBackendInfo>
      <ProductBackendInfo name="Skye.Component.ContextPage">
        <UUID>40e0ba3a-f187-483e-9a21-bd0710e83a3d</UUID>
        <Info>Product</Info>
      </ProductBackendInfo>
      <DefinitionValueRelation>
        <DefinitionValueUUID>f3725e5f-48ea-43f0-a9d6-d02dedac9730</DefinitionValueUUID>
      </DefinitionValueRelation>
    </ProductPolicyAttribute>
    <ProductBackendInfo name="Skye.MultibrickType">
      <UUID>7c631849-96ce-448e-b21a-af941bee4e97</UUID>
      <Info />
    </ProductBackendInfo>
  </ProductBrick>
  <DefinitionDependentLists>
    <DefinitionDependencyDefaultValueList />
    <DefinitionDependencyValueRangeList />
    <DefinitionDependencyVisibilityList />
    <DefinitionDependencyMandatoryList />
    <DefinitionDependencyToDependencyList />
    <DefinitionDependencyValueRangeFilterValuesList />
    <DefinitionDependencyDataSourceAttributeList />
  </DefinitionDependentLists>
</Product>